"Saison_Hydro","Categorie","Remplissage_20Mars","Remplissage_1Sept","Pluie_Totale_mm","Vol_Pluie_BV_m3","Coef_Écoulement","Coef_Évaporation","Coef_Captage","Scenario","Modele_Meteo","Modele_Meteo_Desc"
2026,"1. Étang de Tête",95.17463533389399,78.87207748670018,982.67904,9551640.2688,0.08082654347315896,0.19025233762504318,0.38560864183272353,"1. Aléatoire (Taille)","CNRM-CM5  ALADIN63","CNRM-CM5 (Modéré)"
2026,"2. Étang de Milieu",87.14832030390322,82.9114778400016,982.67904,9551640.2688,0.08082654347315896,0.19025233762504318,0.38560864183272353,"1. Aléatoire (Taille)","CNRM-CM5  ALADIN63","CNRM-CM5 (Modéré)"
2026,"3. Étang Exutoire",100,81.13235952006771,982.67904,9551640.2688,0.08082654347315896,0.19025233762504318,0.38560864183272353,"1. Aléatoire (Taille)","CNRM-CM5  ALADIN63","CNRM-CM5 (Modéré)"
2027,"1. Étang de Tête",18.62680711634702,0,965.68416,9386450.0352,0.1238475893261326,0.2048086109504788,0.33315602531691285,"1. Aléatoire (Taille)","CNRM-CM5  ALADIN63","CNRM-CM5 (Modéré)"
2027,"2. Étang de Milieu",47.483997056255554,16.728390179390303,965.68416,9386450.0352,0.1238475893261326,0.2048086109504788,0.33315602531691285,"1. Aléatoire (Taille)","CNRM-CM5  ALADIN63","CNRM-CM5 (Modéré)"
2027,"3. Étang Exutoire",33.336504575799616,2.4265479613224494,965.68416,9386450.0352,0.1238475893261326,0.2048086109504788,0.33315602531691285,"1. Aléatoire (Taille)","CNRM-CM5  ALADIN63","CNRM-CM5 (Modéré)"
2028,"1. Étang de Tête",33.208378193065684,37.724457293829,1124.6515200000001,10931612.774400001,0.08421989499596524,0.160743536045745,0.3646149723519125,"1. Aléatoire (Taille)","CNRM-CM5  ALADIN63","CNRM-CM5 (Modéré)"
2028,"2. Étang de Milieu",57.046094825156054,55.862147500162465,1124.6515200000001,10931612.774400001,0.08421989499596524,0.160743536045745,0.3646149723519125,"1. Aléatoire (Taille)","CNRM-CM5  ALADIN63","CNRM-CM5 (Modéré)"
2028,"3. Étang Exutoire",97.54640189378027,85.42402861897858,1124.6515200000001,10931612.774400001,0.08421989499596524,0.160743536045745,0.3646149723519125,"1. Aléatoire (Taille)","CNRM-CM5  ALADIN63","CNRM-CM5 (Modéré)"
2029,"1. Étang de Tête",27.830489262190817,10.793642930818326,966.384,9393252.48,0.14117337645645345,0.13471435261522902,0.3638796547646788,"1. Aléatoire (Taille)","CNRM-CM5  ALADIN63","CNRM-CM5 (Modéré)"
2029,"2. Étang de Milieu",47.6704921612363,32.08053106078659,966.384,9393252.48,0.14117337645645345,0.13471435261522902,0.3638796547646788,"1. Aléatoire (Taille)","CNRM-CM5  ALADIN63","CNRM-CM5 (Modéré)"
2029,"3. Étang Exutoire",99.45961978214555,71.20582413311475,966.384,9393252.48,0.14117337645645345,0.13471435261522902,0.3638796547646788,"1. Aléatoire (Taille)","CNRM-CM5  ALADIN63","CNRM-CM5 (Modéré)"
2030,"1. Étang de Tête",55.1082601291387,33.50102240237295,1098.99936,10682273.7792,0.12161599505417867,0.12083828855873298,0.3772735661759633,"1. Aléatoire (Taille)","CNRM-CM5  ALADIN63","CNRM-CM5 (Modéré)"
2030,"2. Étang de Milieu",58.05719020038309,41.95215425777793,1098.99936,10682273.7792,0.12161599505417867,0.12083828855873298,0.3772735661759633,"1. Aléatoire (Taille)","CNRM-CM5  ALADIN63","CNRM-CM5 (Modéré)"
2030,"3. Étang Exutoire",99.51501152691358,74.58273926402698,1098.99936,10682273.7792,0.12161599505417867,0.12083828855873298,0.3772735661759633,"1. Aléatoire (Taille)","CNRM-CM5  ALADIN63","CNRM-CM5 (Modéré)"
2031,"1. Étang de Tête",59.43149853900056,64.02499589773967,1544.7456,15014927.231999999,0.1137294029398514,0.09601600541947906,0.3811531159973804,"1. Aléatoire (Taille)","CNRM-CM5  ALADIN63","CNRM-CM5 (Modéré)"
2031,"2. Étang de Milieu",71.72006410885966,70.59881673397756,1544.7456,15014927.231999999,0.1137294029398514,0.09601600541947906,0.3811531159973804,"1. Aléatoire (Taille)","CNRM-CM5  ALADIN63","CNRM-CM5 (Modéré)"
2031,"3. Étang Exutoire",0,0,1544.7456,15014927.231999999,0.1137294029398514,0.09601600541947906,0.3811531159973804,"1. Aléatoire (Taille)","CNRM-CM5  ALADIN63","CNRM-CM5 (Modéré)"
2032,"1. Étang de Tête",24.931559971040382,22.88314620421665,954.77184,9280382.2848,0.193205524527882,0.1570547497860559,0.37568780801547597,"1. Aléatoire (Taille)","CNRM-CM5  ALADIN63","CNRM-CM5 (Modéré)"
2032,"2. Étang de Milieu",68.6176400020642,55.85596741865938,954.77184,9280382.2848,0.193205524527882,0.1570547497860559,0.37568780801547597,"1. Aléatoire (Taille)","CNRM-CM5  ALADIN63","CNRM-CM5 (Modéré)"
2032,"3. Étang Exutoire",99.6306355446518,76.44919973707326,954.77184,9280382.2848,0.193205524527882,0.1570547497860559,0.37568780801547597,"1. Aléatoire (Taille)","CNRM-CM5  ALADIN63","CNRM-CM5 (Modéré)"
2033,"1. Étang de Tête",35.8013103386245,31.466048095692567,1207.01664,11732201.7408,0.1127830450484678,0.11738907153936765,0.3573566408959991,"1. Aléatoire (Taille)","CNRM-CM5  ALADIN63","CNRM-CM5 (Modéré)"
2033,"2. Étang de Milieu",45.77531917830258,37.66705516048219,1207.01664,11732201.7408,0.1127830450484678,0.11738907153936765,0.3573566408959991,"1. Aléatoire (Taille)","CNRM-CM5  ALADIN63","CNRM-CM5 (Modéré)"
2033,"3. Étang Exutoire",100,72.02599170071937,1207.01664,11732201.7408,0.1127830450484678,0.11738907153936765,0.3573566408959991,"1. Aléatoire (Taille)","CNRM-CM5  ALADIN63","CNRM-CM5 (Modéré)"
2034,"1. Étang de Tête",37.7686227111242,5.830647311256611,1036.42848,10074084.8256,0.1411614614627372,0.18212566378464912,0.3776990613518465,"1. Aléatoire (Taille)","CNRM-CM5  ALADIN63","CNRM-CM5 (Modéré)"
2034,"2. Étang de Milieu",58.86787875062774,26.229434422422237,1036.42848,10074084.8256,0.1411614614627372,0.18212566378464912,0.3776990613518465,"1. Aléatoire (Taille)","CNRM-CM5  ALADIN63","CNRM-CM5 (Modéré)"
2034,"3. Étang Exutoire",94.49741210522721,44.49220289008184,1036.42848,10074084.8256,0.1411614614627372,0.18212566378464912,0.3776990613518465,"1. Aléatoire (Taille)","CNRM-CM5  ALADIN63","CNRM-CM5 (Modéré)"
2035,"1. Étang de Tête",64.59709286775927,51.88470087260452,1441.52352,14011608.6144,0.12013520504193431,0.10702655487350035,0.3789198209929483,"1. Aléatoire (Taille)","CNRM-CM5  ALADIN63","CNRM-CM5 (Modéré)"
2035,"2. Étang de Milieu",75.22545598529102,66.69399188298432,1441.52352,14011608.6144,0.12013520504193431,0.10702655487350035,0.3789198209929483,"1. Aléatoire (Taille)","CNRM-CM5  ALADIN63","CNRM-CM5 (Modéré)"
2035,"3. Étang Exutoire",0,0,1441.52352,14011608.6144,0.12013520504193431,0.10702655487350035,0.3789198209929483,"1. Aléatoire (Taille)","CNRM-CM5  ALADIN63","CNRM-CM5 (Modéré)"
2036,"1. Étang de Tête",43.957167497958125,40.74571461003201,1179.80064,11467662.2208,0.18025996093657223,0.14016246370934995,0.37992205452108263,"1. Aléatoire (Taille)","CNRM-CM5  ALADIN63","CNRM-CM5 (Modéré)"
2036,"2. Étang de Milieu",77.15654385658816,62.97646561801366,1179.80064,11467662.2208,0.18025996093657223,0.14016246370934995,0.37992205452108263,"1. Aléatoire (Taille)","CNRM-CM5  ALADIN63","CNRM-CM5 (Modéré)"
2036,"3. Étang Exutoire",99.54309603278074,75.84344661219126,1179.80064,11467662.2208,0.18025996093657223,0.14016246370934995,0.37992205452108263,"1. Aléatoire (Taille)","CNRM-CM5  ALADIN63","CNRM-CM5 (Modéré)"
2037,"1. Étang de Tête",34.24739448525018,9.64809877131955,1039.79808,10106837.3376,0.10907276408008143,0.17573283226728573,0.3627279752221287,"1. Aléatoire (Taille)","CNRM-CM5  ALADIN63","CNRM-CM5 (Modéré)"
2037,"2. Étang de Milieu",53.0169971225817,27.08287833113943,1039.79808,10106837.3376,0.10907276408008143,0.17573283226728573,0.3627279752221287,"1. Aléatoire (Taille)","CNRM-CM5  ALADIN63","CNRM-CM5 (Modéré)"
2037,"3. Étang Exutoire",95.77854798221193,53.93797741508647,1039.79808,10106837.3376,0.10907276408008143,0.17573283226728573,0.3627279752221287,"1. Aléatoire (Taille)","CNRM-CM5  ALADIN63","CNRM-CM5 (Modéré)"
2038,"1. Étang de Tête",41.04417657888788,29.100586260663825,1276.88832,12411354.4704,0.1258895110484009,0.12204619481328169,0.3818044961631507,"1. Aléatoire (Taille)","CNRM-CM5  ALADIN63","CNRM-CM5 (Modéré)"
2038,"2. Étang de Milieu",67.55887320827895,56.10007604465973,1276.88832,12411354.4704,0.1258895110484009,0.12204619481328169,0.3818044961631507,"1. Aléatoire (Taille)","CNRM-CM5  ALADIN63","CNRM-CM5 (Modéré)"
2038,"3. Étang Exutoire",100,66.9862385595812,1276.88832,12411354.4704,0.1258895110484009,0.12204619481328169,0.3818044961631507,"1. Aléatoire (Taille)","CNRM-CM5  ALADIN63","CNRM-CM5 (Modéré)"
2039,"1. Étang de Tête",59.303454107797165,34.045702814729594,1260.16128,12248767.6416,0.14001795086087693,0.12811735883451691,0.3740339363460515,"1. Aléatoire (Taille)","CNRM-CM5  ALADIN63","CNRM-CM5 (Modéré)"
2039,"2. Étang de Milieu",70.03809363590172,50.635830850521685,1260.16128,12248767.6416,0.14001795086087693,0.12811735883451691,0.3740339363460515,"1. Aléatoire (Taille)","CNRM-CM5  ALADIN63","CNRM-CM5 (Modéré)"
2039,"3. Étang Exutoire",98.76958566571294,67.53719536218733,1260.16128,12248767.6416,0.14001795086087693,0.12811735883451691,0.3740339363460515,"1. Aléatoire (Taille)","CNRM-CM5  ALADIN63","CNRM-CM5 (Modéré)"
2040,"1. Étang de Tête",41.03610659232597,24.59006154196369,964.58688,9375784.4736,0.13220569396109466,0.1791450709463071,0.3553046426448037,"1. Aléatoire (Taille)","CNRM-CM5  ALADIN63","CNRM-CM5 (Modéré)"
2040,"2. Étang de Milieu",53.287342547907336,42.866051035748455,964.58688,9375784.4736,0.13220569396109466,0.1791450709463071,0.3553046426448037,"1. Aléatoire (Taille)","CNRM-CM5  ALADIN63","CNRM-CM5 (Modéré)"
2040,"3. Étang Exutoire",100,84.14743754049175,964.58688,9375784.4736,0.13220569396109466,0.1791450709463071,0.3553046426448037,"1. Aléatoire (Taille)","CNRM-CM5  ALADIN63","CNRM-CM5 (Modéré)"
2041,"1. Étang de Tête",51.36242195017393,13.436724545553867,1007.95968,9797368.0896,0.0867466945259594,0.17154685553517163,0.3734172790912835,"1. Aléatoire (Taille)","CNRM-CM5  ALADIN63","CNRM-CM5 (Modéré)"
2041,"2. Étang de Milieu",63.66333952933559,34.68669213581249,1007.95968,9797368.0896,0.0867466945259594,0.17154685553517163,0.3734172790912835,"1. Aléatoire (Taille)","CNRM-CM5  ALADIN63","CNRM-CM5 (Modéré)"
2041,"3. Étang Exutoire",99.65862390153426,54.21744244832026,1007.95968,9797368.0896,0.0867466945259594,0.17154685553517163,0.3734172790912835,"1. Aléatoire (Taille)","CNRM-CM5  ALADIN63","CNRM-CM5 (Modéré)"
2042,"1. Étang de Tête",20.814831501205326,3.65323502612645,848.49984,8247418.4448,0.07424335633016793,0.17468873301097324,0.3489654589832374,"1. Aléatoire (Taille)","CNRM-CM5  ALADIN63","CNRM-CM5 (Modéré)"
2042,"2. Étang de Milieu",51.101671745863825,24.06218807185435,848.49984,8247418.4448,0.07424335633016793,0.17468873301097324,0.3489654589832374,"1. Aléatoire (Taille)","CNRM-CM5  ALADIN63","CNRM-CM5 (Modéré)"
2042,"3. Étang Exutoire",0,0,848.49984,8247418.4448,0.07424335633016793,0.17468873301097324,0.3489654589832374,"1. Aléatoire (Taille)","CNRM-CM5  ALADIN63","CNRM-CM5 (Modéré)"
2043,"1. Étang de Tête",46.58095367450969,46.119358274058065,1177.48512,11445155.3664,0.0590407077019143,0.1159635531681089,0.36074351082332556,"1. Aléatoire (Taille)","CNRM-CM5  ALADIN63","CNRM-CM5 (Modéré)"
2043,"2. Étang de Milieu",56.46748785150006,51.48569307057856,1177.48512,11445155.3664,0.0590407077019143,0.1159635531681089,0.36074351082332556,"1. Aléatoire (Taille)","CNRM-CM5  ALADIN63","CNRM-CM5 (Modéré)"
2043,"3. Étang Exutoire",99.2794141909029,82.73036796721915,1177.48512,11445155.3664,0.0590407077019143,0.1159635531681089,0.36074351082332556,"1. Aléatoire (Taille)","CNRM-CM5  ALADIN63","CNRM-CM5 (Modéré)"
2044,"1. Étang de Tête",56.48989434312932,71.16954069843574,1405.75392,13663928.102400001,0.13934054973226714,0.11094058743301628,0.38448268808091673,"1. Aléatoire (Taille)","CNRM-CM5  ALADIN63","CNRM-CM5 (Modéré)"
2044,"2. Étang de Milieu",60.344379972868445,66.85910425127689,1405.75392,13663928.102400001,0.13934054973226714,0.11094058743301628,0.38448268808091673,"1. Aléatoire (Taille)","CNRM-CM5  ALADIN63","CNRM-CM5 (Modéré)"
2044,"3. Étang Exutoire",98.27630648239861,91.05835552543418,1405.75392,13663928.102400001,0.13934054973226714,0.11094058743301628,0.38448268808091673,"1. Aléatoire (Taille)","CNRM-CM5  ALADIN63","CNRM-CM5 (Modéré)"
2045,"1. Étang de Tête",64.16595171436036,85.03331398983534,1388.22336,13493531.0592,0.18710249698699047,0.09792419840175456,0.3800412344021049,"1. Aléatoire (Taille)","CNRM-CM5  ALADIN63","CNRM-CM5 (Modéré)"
2045,"2. Étang de Milieu",65.60008582694374,72.60616252471172,1388.22336,13493531.0592,0.18710249698699047,0.09792419840175456,0.3800412344021049,"1. Aléatoire (Taille)","CNRM-CM5  ALADIN63","CNRM-CM5 (Modéré)"
2045,"3. Étang Exutoire",100,95.30149712635622,1388.22336,13493531.0592,0.18710249698699047,0.09792419840175456,0.3800412344021049,"1. Aléatoire (Taille)","CNRM-CM5  ALADIN63","CNRM-CM5 (Modéré)"
2046,"1. Étang de Tête",36.46541193753382,10.634232820143954,1230.23232,11957858.1504,0.16225926723393203,0.1544669731396492,0.374734720093045,"1. Aléatoire (Taille)","CNRM-CM5  ALADIN63","CNRM-CM5 (Modéré)"
2046,"2. Étang de Milieu",70.77897454534825,43.04710757330955,1230.23232,11957858.1504,0.16225926723393203,0.1544669731396492,0.374734720093045,"1. Aléatoire (Taille)","CNRM-CM5  ALADIN63","CNRM-CM5 (Modéré)"
2046,"3. Étang Exutoire",96.33104023604444,63.955274062309684,1230.23232,11957858.1504,0.16225926723393203,0.1544669731396492,0.374734720093045,"1. Aléatoire (Taille)","CNRM-CM5  ALADIN63","CNRM-CM5 (Modéré)"
2047,"1. Étang de Tête",57.75122082174633,25.255231279766402,1169.3808,11366381.376,0.15782838403444174,0.12410090152327015,0.38515109186573676,"1. Aléatoire (Taille)","CNRM-CM5  ALADIN63","CNRM-CM5 (Modéré)"
2047,"2. Étang de Milieu",69.47563434358509,43.16940053462676,1169.3808,11366381.376,0.15782838403444174,0.12410090152327015,0.38515109186573676,"1. Aléatoire (Taille)","CNRM-CM5  ALADIN63","CNRM-CM5 (Modéré)"
2047,"3. Étang Exutoire",100,60.25401714645723,1169.3808,11366381.376,0.15782838403444174,0.12410090152327015,0.38515109186573676,"1. Aléatoire (Taille)","CNRM-CM5  ALADIN63","CNRM-CM5 (Modéré)"
2048,"1. Étang de Tête",27.5932992705916,37.82948311629965,1132.20288,11005011.9936,0.12174800679841706,0.12066748974303725,0.38444106782941145,"1. Aléatoire (Taille)","CNRM-CM5  ALADIN63","CNRM-CM5 (Modéré)"
2048,"2. Étang de Milieu",54.34416650718463,48.02710719958393,1132.20288,11005011.9936,0.12174800679841706,0.12066748974303725,0.38444106782941145,"1. Aléatoire (Taille)","CNRM-CM5  ALADIN63","CNRM-CM5 (Modéré)"
2048,"3. Étang Exutoire",0,0,1132.20288,11005011.9936,0.12174800679841706,0.12066748974303725,0.38444106782941145,"1. Aléatoire (Taille)","CNRM-CM5  ALADIN63","CNRM-CM5 (Modéré)"
2049,"1. Étang de Tête",32.48569828173157,6.855379782724663,887.2416,8623988.352,0.1178356957017202,0.185218652026836,0.3485905801586977,"1. Aléatoire (Taille)","CNRM-CM5  ALADIN63","CNRM-CM5 (Modéré)"
2049,"2. Étang de Milieu",50.15288180581625,25.557915891230902,887.2416,8623988.352,0.1178356957017202,0.185218652026836,0.3485905801586977,"1. Aléatoire (Taille)","CNRM-CM5  ALADIN63","CNRM-CM5 (Modéré)"
2049,"3. Étang Exutoire",97.6128086914701,63.249107101612935,887.2416,8623988.352,0.1178356957017202,0.185218652026836,0.3485905801586977,"1. Aléatoire (Taille)","CNRM-CM5  ALADIN63","CNRM-CM5 (Modéré)"
2050,"1. Étang de Tête",44.7868900649117,4.366334867758088,882.76608,8580486.297600001,0.05985591868501355,0.20552763278249975,0.3585965842255697,"1. Aléatoire (Taille)","CNRM-CM5  ALADIN63","CNRM-CM5 (Modéré)"
2050,"2. Étang de Milieu",55.63556186261446,19.119592257248947,882.76608,8580486.297600001,0.05985591868501355,0.20552763278249975,0.3585965842255697,"1. Aléatoire (Taille)","CNRM-CM5  ALADIN63","CNRM-CM5 (Modéré)"
2050,"3. Étang Exutoire",100,45.43697230955149,882.76608,8580486.297600001,0.05985591868501355,0.20552763278249975,0.3585965842255697,"1. Aléatoire (Taille)","CNRM-CM5  ALADIN63","CNRM-CM5 (Modéré)"
2051,"1. Étang de Tête",64.51530047695104,32.15111915278608,1110.40416,10793128.435200002,0.055560720422212,0.1673586307261817,0.370074011907063,"1. Aléatoire (Taille)","CNRM-CM5  ALADIN63","CNRM-CM5 (Modéré)"
2051,"2. Étang de Milieu",59.91524032201652,37.0933805971863,1110.40416,10793128.435200002,0.055560720422212,0.1673586307261817,0.370074011907063,"1. Aléatoire (Taille)","CNRM-CM5  ALADIN63","CNRM-CM5 (Modéré)"
2051,"3. Étang Exutoire",99.49483546135215,55.033146908580356,1110.40416,10793128.435200002,0.055560720422212,0.1673586307261817,0.370074011907063,"1. Aléatoire (Taille)","CNRM-CM5  ALADIN63","CNRM-CM5 (Modéré)"
2052,"1. Étang de Tête",15.50584343347613,7.918034751605535,913.40352,8878282.2144,0.08156138987067511,0.17353735133181444,0.3573176069975988,"1. Aléatoire (Taille)","CNRM-CM5  ALADIN63","CNRM-CM5 (Modéré)"
2052,"2. Étang de Milieu",55.68986447276039,41.31262770589635,913.40352,8878282.2144,0.08156138987067511,0.17353735133181444,0.3573176069975988,"1. Aléatoire (Taille)","CNRM-CM5  ALADIN63","CNRM-CM5 (Modéré)"
2052,"3. Étang Exutoire",97.07727765944404,67.83727501321015,913.40352,8878282.2144,0.08156138987067511,0.17353735133181444,0.3573176069975988,"1. Aléatoire (Taille)","CNRM-CM5  ALADIN63","CNRM-CM5 (Modéré)"
2053,"1. Étang de Tête",14.631778931396841,0,983.32704,9557938.8288,0.07333187206801106,0.17391819791901136,0.33452251955637097,"1. Aléatoire (Taille)","CNRM-CM5  ALADIN63","CNRM-CM5 (Modéré)"
2053,"2. Étang de Milieu",30.942965955389454,12.717429948034244,983.32704,9557938.8288,0.07333187206801106,0.17391819791901136,0.33452251955637097,"1. Aléatoire (Taille)","CNRM-CM5  ALADIN63","CNRM-CM5 (Modéré)"
2053,"3. Étang Exutoire",98.83785074130454,62.22115402000307,983.32704,9557938.8288,0.07333187206801106,0.17391819791901136,0.33452251955637097,"1. Aléatoire (Taille)","CNRM-CM5  ALADIN63","CNRM-CM5 (Modéré)"
2054,"1. Étang de Tête",42.130670190417995,8.283581432085136,989.66016,9619496.7552,0.1310213409604923,0.16027679483075177,0.39681238751358383,"1. Aléatoire (Taille)","CNRM-CM5  ALADIN63","CNRM-CM5 (Modéré)"
2054,"2. Étang de Milieu",58.63057443312117,27.915101101794313,989.66016,9619496.7552,0.1310213409604923,0.16027679483075177,0.39681238751358383,"1. Aléatoire (Taille)","CNRM-CM5  ALADIN63","CNRM-CM5 (Modéré)"
2054,"3. Étang Exutoire",100,40.757541623725636,989.66016,9619496.7552,0.1310213409604923,0.16027679483075177,0.39681238751358383,"1. Aléatoire (Taille)","CNRM-CM5  ALADIN63","CNRM-CM5 (Modéré)"
2055,"1. Étang de Tête",55.92539135325289,37.3660675918623,1070.35776,10403877.4272,0.05649402530643102,0.17385598301196836,0.36470021179959616,"1. Aléatoire (Taille)","CNRM-CM5  ALADIN63","CNRM-CM5 (Modéré)"
2055,"2. Étang de Milieu",60.748620934774586,43.000809706407146,1070.35776,10403877.4272,0.05649402530643102,0.17385598301196836,0.36470021179959616,"1. Aléatoire (Taille)","CNRM-CM5  ALADIN63","CNRM-CM5 (Modéré)"
2055,"3. Étang Exutoire",0,0,1070.35776,10403877.4272,0.05649402530643102,0.17385598301196836,0.36470021179959616,"1. Aléatoire (Taille)","CNRM-CM5  ALADIN63","CNRM-CM5 (Modéré)"
2056,"1. Étang de Tête",21.809621169909583,3.6399659930968977,850.12416,8263206.8352,0.03912833211550846,0.2267160588188233,0.33248802047538,"1. Aléatoire (Taille)","CNRM-CM5  ALADIN63","CNRM-CM5 (Modéré)"
2056,"2. Étang de Milieu",41.849974226053405,14.356844247056907,850.12416,8263206.8352,0.03912833211550846,0.2267160588188233,0.33248802047538,"1. Aléatoire (Taille)","CNRM-CM5  ALADIN63","CNRM-CM5 (Modéré)"
2056,"3. Étang Exutoire",96.69668132287674,47.15322044194934,850.12416,8263206.8352,0.03912833211550846,0.2267160588188233,0.33248802047538,"1. Aléatoire (Taille)","CNRM-CM5  ALADIN63","CNRM-CM5 (Modéré)"
2057,"1. Étang de Tête",71.79209582719105,53.35769273523829,1336.64256,12992165.683200002,0.09310354122583182,0.11044293474143847,0.37888529960457284,"1. Aléatoire (Taille)","CNRM-CM5  ALADIN63","CNRM-CM5 (Modéré)"
2057,"2. Étang de Milieu",74.03026195815625,58.496466584330086,1336.64256,12992165.683200002,0.09310354122583182,0.11044293474143847,0.37888529960457284,"1. Aléatoire (Taille)","CNRM-CM5  ALADIN63","CNRM-CM5 (Modéré)"
2057,"3. Étang Exutoire",100,76.61524747380321,1336.64256,12992165.683200002,0.09310354122583182,0.11044293474143847,0.37888529960457284,"1. Aléatoire (Taille)","CNRM-CM5  ALADIN63","CNRM-CM5 (Modéré)"
2058,"1. Étang de Tête",26.53821652836229,11.325096392063182,1055.81664,10262537.7408,0.17933447189329518,0.152238367192218,0.377767385256532,"1. Aléatoire (Taille)","CNRM-CM5  ALADIN63","CNRM-CM5 (Modéré)"
2058,"2. Étang de Milieu",43.77293786093488,32.12411787587136,1055.81664,10262537.7408,0.17933447189329518,0.152238367192218,0.377767385256532,"1. Aléatoire (Taille)","CNRM-CM5  ALADIN63","CNRM-CM5 (Modéré)"
2058,"3. Étang Exutoire",98.74426921055148,74.01396955470231,1055.81664,10262537.7408,0.17933447189329518,0.152238367192218,0.377767385256532,"1. Aléatoire (Taille)","CNRM-CM5  ALADIN63","CNRM-CM5 (Modéré)"
2059,"1. Étang de Tête",53.78684418317033,41.342510425917816,1135.57248,11037764.5056,0.059666636805330346,0.16198297420982183,0.34676921872084787,"1. Aléatoire (Taille)","CNRM-CM5  ALADIN63","CNRM-CM5 (Modéré)"
2059,"2. Étang de Milieu",56.243208757034814,46.232285937859906,1135.57248,11037764.5056,0.059666636805330346,0.16198297420982183,0.34676921872084787,"1. Aléatoire (Taille)","CNRM-CM5  ALADIN63","CNRM-CM5 (Modéré)"
2059,"3. Étang Exutoire",99.75025658781892,84.66019665519303,1135.57248,11037764.5056,0.059666636805330346,0.16198297420982183,0.34676921872084787,"1. Aléatoire (Taille)","CNRM-CM5  ALADIN63","CNRM-CM5 (Modéré)"
2060,"1. Étang de Tête",16.364781993763867,0,815.4518400000001,7926191.8848,0.13666996217501456,0.19442423046228882,0.3703061475627691,"1. Aléatoire (Taille)","CNRM-CM5  ALADIN63","CNRM-CM5 (Modéré)"
2060,"2. Étang de Milieu",62.458844541348874,29.552171576809926,815.4518400000001,7926191.8848,0.13666996217501456,0.19442423046228882,0.3703061475627691,"1. Aléatoire (Taille)","CNRM-CM5  ALADIN63","CNRM-CM5 (Modéré)"
2060,"3. Étang Exutoire",97.68313737232218,54.63110891289735,815.4518400000001,7926191.8848,0.13666996217501456,0.19442423046228882,0.3703061475627691,"1. Aléatoire (Taille)","CNRM-CM5  ALADIN63","CNRM-CM5 (Modéré)"
2061,"1. Étang de Tête",37.8832940826889,27.077857941852407,1309.50432,12728381.990400001,0.08492111655815619,0.09810503864566139,0.3611002185000772,"1. Aléatoire (Taille)","CNRM-CM5  ALADIN63","CNRM-CM5 (Modéré)"
2061,"2. Étang de Milieu",53.413741361333656,45.79746255065028,1309.50432,12728381.990400001,0.08492111655815619,0.09810503864566139,0.3611002185000772,"1. Aléatoire (Taille)","CNRM-CM5  ALADIN63","CNRM-CM5 (Modéré)"
2061,"3. Étang Exutoire",0,0,1309.50432,12728381.990400001,0.08492111655815619,0.09810503864566139,0.3611002185000772,"1. Aléatoire (Taille)","CNRM-CM5  ALADIN63","CNRM-CM5 (Modéré)"
2062,"1. Étang de Tête",64.6594116918485,46.50625471762026,1214.84448,11808288.345599998,0.10628487041442032,0.15322883729595307,0.3839495896169955,"1. Aléatoire (Taille)","CNRM-CM5  ALADIN63","CNRM-CM5 (Modéré)"
2062,"2. Étang de Milieu",81.377656184336,62.07834068213565,1214.84448,11808288.345599998,0.10628487041442032,0.15322883729595307,0.3839495896169955,"1. Aléatoire (Taille)","CNRM-CM5  ALADIN63","CNRM-CM5 (Modéré)"
2062,"3. Étang Exutoire",99.3260483458516,69.87002548396995,1214.84448,11808288.345599998,0.10628487041442032,0.15322883729595307,0.3839495896169955,"1. Aléatoire (Taille)","CNRM-CM5  ALADIN63","CNRM-CM5 (Modéré)"
2063,"1. Étang de Tête",67.97932590117728,26.567346051374674,1323.80352,12867370.2144,0.1372447222888419,0.16119492826441723,0.36761144018597697,"1. Aléatoire (Taille)","CNRM-CM5  ALADIN63","CNRM-CM5 (Modéré)"
2063,"2. Étang de Milieu",80.54902169716979,50.438383455879546,1323.80352,12867370.2144,0.1372447222888419,0.16119492826441723,0.36761144018597697,"1. Aléatoire (Taille)","CNRM-CM5  ALADIN63","CNRM-CM5 (Modéré)"
2063,"3. Étang Exutoire",96.22205285617859,59.58652841467232,1323.80352,12867370.2144,0.1372447222888419,0.16119492826441723,0.36761144018597697,"1. Aléatoire (Taille)","CNRM-CM5  ALADIN63","CNRM-CM5 (Modéré)"
2064,"1. Étang de Tête",37.0070573660908,68.27051727481667,1358.06112,13200354.0864,0.16520261477691062,0.11230947294452202,0.3796398347043099,"1. Aléatoire (Taille)","CNRM-CM5  ALADIN63","CNRM-CM5 (Modéré)"
2064,"2. Étang de Milieu",53.36071051817477,66.78472417035876,1358.06112,13200354.0864,0.16520261477691062,0.11230947294452202,0.3796398347043099,"1. Aléatoire (Taille)","CNRM-CM5  ALADIN63","CNRM-CM5 (Modéré)"
2064,"3. Étang Exutoire",96.91905232956512,94.27989478223022,1358.06112,13200354.0864,0.16520261477691062,0.11230947294452202,0.3796398347043099,"1. Aléatoire (Taille)","CNRM-CM5  ALADIN63","CNRM-CM5 (Modéré)"
2065,"1. Étang de Tête",44.8017815325607,2.4028808502282724,976.35456,9490166.3232,0.18209550866622543,0.19747580133627649,0.38940456158758857,"1. Aléatoire (Taille)","CNRM-CM5  ALADIN63","CNRM-CM5 (Modéré)"
2065,"2. Étang de Milieu",62.46595752854987,20.69760051061208,976.35456,9490166.3232,0.18209550866622543,0.19747580133627649,0.38940456158758857,"1. Aléatoire (Taille)","CNRM-CM5  ALADIN63","CNRM-CM5 (Modéré)"
2065,"3. Étang Exutoire",99.98379707456465,30.29874057141655,976.35456,9490166.3232,0.18209550866622543,0.19747580133627649,0.38940456158758857,"1. Aléatoire (Taille)","CNRM-CM5  ALADIN63","CNRM-CM5 (Modéré)"
2066,"1. Étang de Tête",43.334449984161424,7.417812553337763,857.44224,8334338.5728,0.0703575970130813,0.1909071000178762,0.3554051474817023,"1. Aléatoire (Taille)","CNRM-CM5  ALADIN63","CNRM-CM5 (Modéré)"
2066,"2. Étang de Milieu",59.970715998156926,24.615130726064454,857.44224,8334338.5728,0.0703575970130813,0.1909071000178762,0.3554051474817023,"1. Aléatoire (Taille)","CNRM-CM5  ALADIN63","CNRM-CM5 (Modéré)"
2066,"3. Étang Exutoire",97.9378793118074,49.66644494178146,857.44224,8334338.5728,0.0703575970130813,0.1909071000178762,0.3554051474817023,"1. Aléatoire (Taille)","CNRM-CM5  ALADIN63","CNRM-CM5 (Modéré)"
2067,"1. Étang de Tête",36.02548871373992,8.325412186567865,907.33824,8819327.6928,0.01990782013033483,0.19862243179684316,0.34755387881759564,"1. Aléatoire (Taille)","CNRM-CM5  ALADIN63","CNRM-CM5 (Modéré)"
2067,"2. Étang de Milieu",44.12062212862108,16.576837775153976,907.33824,8819327.6928,0.01990782013033483,0.19862243179684316,0.34755387881759564,"1. Aléatoire (Taille)","CNRM-CM5  ALADIN63","CNRM-CM5 (Modéré)"
2067,"3. Étang Exutoire",51.891388458408514,45.353748196475316,907.33824,8819327.6928,0.01990782013033483,0.19862243179684316,0.34755387881759564,"1. Aléatoire (Taille)","CNRM-CM5  ALADIN63","CNRM-CM5 (Modéré)"
2068,"1. Étang de Tête",25.031339888610006,6.831048120809417,1004.79744,9766631.1168,0.0636585036862294,0.11113163417527407,0.36028534682159513,"1. Aléatoire (Taille)","CNRM-CM5  ALADIN63","CNRM-CM5 (Modéré)"
2068,"2. Étang de Milieu",38.04419985308588,16.567065251310773,1004.79744,9766631.1168,0.0636585036862294,0.11113163417527407,0.36028534682159513,"1. Aléatoire (Taille)","CNRM-CM5  ALADIN63","CNRM-CM5 (Modéré)"
2068,"3. Étang Exutoire",0,0,1004.79744,9766631.1168,0.0636585036862294,0.11113163417527407,0.36028534682159513,"1. Aléatoire (Taille)","CNRM-CM5  ALADIN63","CNRM-CM5 (Modéré)"
2069,"1. Étang de Tête",48.5827592380576,20.34162554562708,1126.67328,10951264.281599998,0.04747786332933538,0.1883079357063291,0.3649914861319014,"1. Aléatoire (Taille)","CNRM-CM5  ALADIN63","CNRM-CM5 (Modéré)"
2069,"2. Étang de Milieu",63.63885771170569,34.506133456057725,1126.67328,10951264.281599998,0.04747786332933538,0.1883079357063291,0.3649914861319014,"1. Aléatoire (Taille)","CNRM-CM5  ALADIN63","CNRM-CM5 (Modéré)"
2069,"3. Étang Exutoire",98.29384899483954,63.99826336490938,1126.67328,10951264.281599998,0.04747786332933538,0.1883079357063291,0.3649914861319014,"1. Aléatoire (Taille)","CNRM-CM5  ALADIN63","CNRM-CM5 (Modéré)"
2070,"1. Étang de Tête",36.82382695492138,9.531299356890813,993.56544,9657456.0768,0.1267735482850075,0.19526632574665057,0.3723704147778721,"1. Aléatoire (Taille)","CNRM-CM5  ALADIN63","CNRM-CM5 (Modéré)"
2070,"2. Étang de Milieu",52.353191439102574,32.04660115533424,993.56544,9657456.0768,0.1267735482850075,0.19526632574665057,0.3723704147778721,"1. Aléatoire (Taille)","CNRM-CM5  ALADIN63","CNRM-CM5 (Modéré)"
2070,"3. Étang Exutoire",93.8365840593467,60.57607745282583,993.56544,9657456.0768,0.1267735482850075,0.19526632574665057,0.3723704147778721,"1. Aléatoire (Taille)","CNRM-CM5  ALADIN63","CNRM-CM5 (Modéré)"
2026,"1. Étang de Tête",87.41426645620399,37.97927219696775,814.29408,7914938.4576,0.05624180677524075,0.24801018901366279,0.3804042287775456,"1. Aléatoire (Taille)","HadGEM2  CCLM4-8-17","HadGEM2 (Extrême sec)"
2026,"2. Étang de Milieu",79.31031793017158,47.589624945739665,814.29408,7914938.4576,0.05624180677524075,0.24801018901366279,0.3804042287775456,"1. Aléatoire (Taille)","HadGEM2  CCLM4-8-17","HadGEM2 (Extrême sec)"
2026,"3. Étang Exutoire",97.08238810636304,43.773159110117305,814.29408,7914938.4576,0.05624180677524075,0.24801018901366279,0.3804042287775456,"1. Aléatoire (Taille)","HadGEM2  CCLM4-8-17","HadGEM2 (Extrême sec)"
2027,"1. Étang de Tête",75.36113848055427,10.553296961808957,865.84032,8415967.9104,0.1198162971846298,0.25988669444998685,0.3636096350525291,"1. Aléatoire (Taille)","HadGEM2  CCLM4-8-17","HadGEM2 (Extrême sec)"
2027,"2. Étang de Milieu",77.07548861386374,24.387400431659746,865.84032,8415967.9104,0.1198162971846298,0.25988669444998685,0.3636096350525291,"1. Aléatoire (Taille)","HadGEM2  CCLM4-8-17","HadGEM2 (Extrême sec)"
2027,"3. Étang Exutoire",100,39.788585655097904,865.84032,8415967.9104,0.1198162971846298,0.25988669444998685,0.3636096350525291,"1. Aléatoire (Taille)","HadGEM2  CCLM4-8-17","HadGEM2 (Extrême sec)"
2028,"1. Étang de Tête",37.15621289268066,10.996460835484946,809.04096,7863878.131200001,0.04078024998333302,0.2546419311827315,0.3598318997021808,"1. Aléatoire (Taille)","HadGEM2  CCLM4-8-17","HadGEM2 (Extrême sec)"
2028,"2. Étang de Milieu",57.369763918585505,24.515576329747745,809.04096,7863878.131200001,0.04078024998333302,0.2546419311827315,0.3598318997021808,"1. Aléatoire (Taille)","HadGEM2  CCLM4-8-17","HadGEM2 (Extrême sec)"
2028,"3. Étang Exutoire",95.10427179562787,51.23659303045181,809.04096,7863878.131200001,0.04078024998333302,0.2546419311827315,0.3598318997021808,"1. Aléatoire (Taille)","HadGEM2  CCLM4-8-17","HadGEM2 (Extrême sec)"
2029,"1. Étang de Tête",22.351789490952495,2.108935914819712,910.75104,8852500.1088,0.04579437260779716,0.14788375017155117,0.34971754349660505,"1. Aléatoire (Taille)","HadGEM2  CCLM4-8-17","HadGEM2 (Extrême sec)"
2029,"2. Étang de Milieu",39.04785471301662,16.85461304044201,910.75104,8852500.1088,0.04579437260779716,0.14788375017155117,0.34971754349660505,"1. Aléatoire (Taille)","HadGEM2  CCLM4-8-17","HadGEM2 (Extrême sec)"
2029,"3. Étang Exutoire",100,53.15163939756502,910.75104,8852500.1088,0.04579437260779716,0.14788375017155117,0.34971754349660505,"1. Aléatoire (Taille)","HadGEM2  CCLM4-8-17","HadGEM2 (Extrême sec)"
2030,"1. Étang de Tête",43.404051851941645,0.28809957996318075,754.82496,7336898.6112,0.07595867648344828,0.18877514329388606,0.37726446146573656,"1. Aléatoire (Taille)","HadGEM2  CCLM4-8-17","HadGEM2 (Extrême sec)"
2030,"2. Étang de Milieu",47.261865858017416,7.095768984961464,754.82496,7336898.6112,0.07595867648344828,0.18877514329388606,0.37726446146573656,"1. Aléatoire (Taille)","HadGEM2  CCLM4-8-17","HadGEM2 (Extrême sec)"
2030,"3. Étang Exutoire",100,26.589303809990618,754.82496,7336898.6112,0.07595867648344828,0.18877514329388606,0.37726446146573656,"1. Aléatoire (Taille)","HadGEM2  CCLM4-8-17","HadGEM2 (Extrême sec)"
2031,"1. Étang de Tête",62.43227779452928,49.241420444904655,1225.22976,11909233.2672,0.08512207960848137,0.14099110312910063,0.39167071967817957,"1. Aléatoire (Taille)","HadGEM2  CCLM4-8-17","HadGEM2 (Extrême sec)"
2031,"2. Étang de Milieu",67.67549715489689,54.521067420641515,1225.22976,11909233.2672,0.08512207960848137,0.14099110312910063,0.39167071967817957,"1. Aléatoire (Taille)","HadGEM2  CCLM4-8-17","HadGEM2 (Extrême sec)"
2031,"3. Étang Exutoire",0,0,1225.22976,11909233.2672,0.08512207960848137,0.14099110312910063,0.39167071967817957,"1. Aléatoire (Taille)","HadGEM2  CCLM4-8-17","HadGEM2 (Extrême sec)"
2032,"1. Étang de Tête",29.321882044091605,40.22092190800098,1162.24416,11297013.235199999,0.12377379718264525,0.09488135507776434,0.36955683842398224,"1. Aléatoire (Taille)","HadGEM2  CCLM4-8-17","HadGEM2 (Extrême sec)"
2032,"2. Étang de Milieu",71.62637363338658,70.40273082519042,1162.24416,11297013.235199999,0.12377379718264525,0.09488135507776434,0.36955683842398224,"1. Aléatoire (Taille)","HadGEM2  CCLM4-8-17","HadGEM2 (Extrême sec)"
2032,"3. Étang Exutoire",99.85245544496179,87.1091460180483,1162.24416,11297013.235199999,0.12377379718264525,0.09488135507776434,0.36955683842398224,"1. Aléatoire (Taille)","HadGEM2  CCLM4-8-17","HadGEM2 (Extrême sec)"
2033,"1. Étang de Tête",50.569375940055636,34.631939133427665,1205.97984,11722124.0448,0.15275679435881523,0.11460190591007884,0.37153690248869736,"1. Aléatoire (Taille)","HadGEM2  CCLM4-8-17","HadGEM2 (Extrême sec)"
2033,"2. Étang de Milieu",54.5779230220454,40.91029997343941,1205.97984,11722124.0448,0.15275679435881523,0.11460190591007884,0.37153690248869736,"1. Aléatoire (Taille)","HadGEM2  CCLM4-8-17","HadGEM2 (Extrême sec)"
2033,"3. Étang Exutoire",100,67.8185660260796,1205.97984,11722124.0448,0.15275679435881523,0.11460190591007884,0.37153690248869736,"1. Aléatoire (Taille)","HadGEM2  CCLM4-8-17","HadGEM2 (Extrême sec)"
2034,"1. Étang de Tête",50.84273045450111,6.896892453365921,833.27616,8099444.2752,0.13545953726718252,0.2312891102392389,0.38776378649746795,"1. Aléatoire (Taille)","HadGEM2  CCLM4-8-17","HadGEM2 (Extrême sec)"
2034,"2. Étang de Milieu",67.57044666429799,25.91013321495398,833.27616,8099444.2752,0.13545953726718252,0.2312891102392389,0.38776378649746795,"1. Aléatoire (Taille)","HadGEM2  CCLM4-8-17","HadGEM2 (Extrême sec)"
2034,"3. Étang Exutoire",99.27823696537466,42.61752630055592,833.27616,8099444.2752,0.13545953726718252,0.2312891102392389,0.38776378649746795,"1. Aléatoire (Taille)","HadGEM2  CCLM4-8-17","HadGEM2 (Extrême sec)"
2035,"1. Étang de Tête",44.02330196826383,3.6222244131223738,864.84672,8406310.1184,0.0714278677716773,0.2028423618561478,0.35804415353107627,"1. Aléatoire (Taille)","HadGEM2  CCLM4-8-17","HadGEM2 (Extrême sec)"
2035,"2. Étang de Milieu",58.613134938399654,20.87541749068706,864.84672,8406310.1184,0.0714278677716773,0.2028423618561478,0.35804415353107627,"1. Aléatoire (Taille)","HadGEM2  CCLM4-8-17","HadGEM2 (Extrême sec)"
2035,"3. Étang Exutoire",0,0,864.84672,8406310.1184,0.0714278677716773,0.2028423618561478,0.35804415353107627,"1. Aléatoire (Taille)","HadGEM2  CCLM4-8-17","HadGEM2 (Extrême sec)"
2036,"1. Étang de Tête",42.464088593432535,18.591521373208842,936.45504,9102342.9888,0.06711197888061568,0.20565119964247708,0.3725501100862906,"1. Aléatoire (Taille)","HadGEM2  CCLM4-8-17","HadGEM2 (Extrême sec)"
2036,"2. Étang de Milieu",66.13192447565498,32.57083677657894,936.45504,9102342.9888,0.06711197888061568,0.20565119964247708,0.3725501100862906,"1. Aléatoire (Taille)","HadGEM2  CCLM4-8-17","HadGEM2 (Extrême sec)"
2036,"3. Étang Exutoire",98.50133544609437,45.18535976199637,936.45504,9102342.9888,0.06711197888061568,0.20565119964247708,0.3725501100862906,"1. Aléatoire (Taille)","HadGEM2  CCLM4-8-17","HadGEM2 (Extrême sec)"
2037,"1. Étang de Tête",25.841657077282157,32.37904905370634,912.66048,8871059.8656,0.04753963379195938,0.1774197635274614,0.3631336303310887,"1. Aléatoire (Taille)","HadGEM2  CCLM4-8-17","HadGEM2 (Extrême sec)"
2037,"2. Étang de Milieu",31.029061793011717,32.26176954957193,912.66048,8871059.8656,0.04753963379195938,0.1774197635274614,0.3631336303310887,"1. Aléatoire (Taille)","HadGEM2  CCLM4-8-17","HadGEM2 (Extrême sec)"
2037,"3. Étang Exutoire",99.50380813112288,71.05559910296482,912.66048,8871059.8656,0.04753963379195938,0.1774197635274614,0.3631336303310887,"1. Aléatoire (Taille)","HadGEM2  CCLM4-8-17","HadGEM2 (Extrême sec)"
2038,"1. Étang de Tête",23.41392611009997,10.572204469549423,1104.08832,10731738.470400002,0.06957802559710914,0.16183486294287633,0.35210913177688485,"1. Aléatoire (Taille)","HadGEM2  CCLM4-8-17","HadGEM2 (Extrême sec)"
2038,"2. Étang de Milieu",48.381658902856536,27.39243213714443,1104.08832,10731738.470400002,0.06957802559710914,0.16183486294287633,0.35210913177688485,"1. Aléatoire (Taille)","HadGEM2  CCLM4-8-17","HadGEM2 (Extrême sec)"
2038,"3. Étang Exutoire",100,56.67377221179998,1104.08832,10731738.470400002,0.06957802559710914,0.16183486294287633,0.35210913177688485,"1. Aléatoire (Taille)","HadGEM2  CCLM4-8-17","HadGEM2 (Extrême sec)"
2039,"1. Étang de Tête",71.40309215342046,45.67154980281135,1387.43712,13485888.806400001,0.13616868695948897,0.10530256266980977,0.39793012968397945,"1. Aléatoire (Taille)","HadGEM2  CCLM4-8-17","HadGEM2 (Extrême sec)"
2039,"2. Étang de Milieu",75.54004166834046,54.25001717900653,1387.43712,13485888.806400001,0.13616868695948897,0.10530256266980977,0.39793012968397945,"1. Aléatoire (Taille)","HadGEM2  CCLM4-8-17","HadGEM2 (Extrême sec)"
2039,"3. Étang Exutoire",99.59561488992358,67.06654190676204,1387.43712,13485888.806400001,0.13616868695948897,0.10530256266980977,0.39793012968397945,"1. Aléatoire (Taille)","HadGEM2  CCLM4-8-17","HadGEM2 (Extrême sec)"
2040,"1. Étang de Tête",51.559454805004705,34.99225695319847,1140.06528,11081434.5216,0.2035383573717942,0.15489374167767603,0.3897180308771888,"1. Aléatoire (Taille)","HadGEM2  CCLM4-8-17","HadGEM2 (Extrême sec)"
2040,"2. Étang de Milieu",58.10959968587599,30.781596291168853,1140.06528,11081434.5216,0.2035383573717942,0.15489374167767603,0.3897180308771888,"1. Aléatoire (Taille)","HadGEM2  CCLM4-8-17","HadGEM2 (Extrême sec)"
2040,"3. Étang Exutoire",100,43.73336077635086,1140.06528,11081434.5216,0.2035383573717942,0.15489374167767603,0.3897180308771888,"1. Aléatoire (Taille)","HadGEM2  CCLM4-8-17","HadGEM2 (Extrême sec)"
2041,"1. Étang de Tête",22.94698007574479,0,635.35968,6175696.0896,0.12147696819542506,0.23484183138878997,0.37395720307447283,"1. Aléatoire (Taille)","HadGEM2  CCLM4-8-17","HadGEM2 (Extrême sec)"
2041,"2. Étang de Milieu",49.9611271289614,8.19447377311701,635.35968,6175696.0896,0.12147696819542506,0.23484183138878997,0.37395720307447283,"1. Aléatoire (Taille)","HadGEM2  CCLM4-8-17","HadGEM2 (Extrême sec)"
2041,"3. Étang Exutoire",100,15.072116315319478,635.35968,6175696.0896,0.12147696819542506,0.23484183138878997,0.37395720307447283,"1. Aléatoire (Taille)","HadGEM2  CCLM4-8-17","HadGEM2 (Extrême sec)"
2042,"1. Étang de Tête",45.604311918495284,18.413298710603225,1183.04064,11499155.0208,0.07976831243681119,0.13654196742431557,0.38935160695518395,"1. Aléatoire (Taille)","HadGEM2  CCLM4-8-17","HadGEM2 (Extrême sec)"
2042,"2. Étang de Milieu",77.75936201072716,41.25017785752382,1183.04064,11499155.0208,0.07976831243681119,0.13654196742431557,0.38935160695518395,"1. Aléatoire (Taille)","HadGEM2  CCLM4-8-17","HadGEM2 (Extrême sec)"
2042,"3. Étang Exutoire",0,0,1183.04064,11499155.0208,0.07976831243681119,0.13654196742431557,0.38935160695518395,"1. Aléatoire (Taille)","HadGEM2  CCLM4-8-17","HadGEM2 (Extrême sec)"
2043,"1. Étang de Tête",28.174239529739367,13.597556107613789,893.82528,8687981.7216,0.08423114635687055,0.1842462193787701,0.35063604418385436,"1. Aléatoire (Taille)","HadGEM2  CCLM4-8-17","HadGEM2 (Extrême sec)"
2043,"2. Étang de Milieu",47.318910792563415,26.221837896005894,893.82528,8687981.7216,0.08423114635687055,0.1842462193787701,0.35063604418385436,"1. Aléatoire (Taille)","HadGEM2  CCLM4-8-17","HadGEM2 (Extrême sec)"
2043,"3. Étang Exutoire",98.68882808195181,49.699267112423854,893.82528,8687981.7216,0.08423114635687055,0.1842462193787701,0.35063604418385436,"1. Aléatoire (Taille)","HadGEM2  CCLM4-8-17","HadGEM2 (Extrême sec)"
2044,"1. Étang de Tête",57.10283765909776,26.867167512462824,1284.01632,12480638.6304,0.1445434163828395,0.14841542450104186,0.39735401131658127,"1. Aléatoire (Taille)","HadGEM2  CCLM4-8-17","HadGEM2 (Extrême sec)"
2044,"2. Étang de Milieu",60.21699107835369,33.41127122670228,1284.01632,12480638.6304,0.1445434163828395,0.14841542450104186,0.39735401131658127,"1. Aléatoire (Taille)","HadGEM2  CCLM4-8-17","HadGEM2 (Extrême sec)"
2044,"3. Étang Exutoire",100,57.42076656938547,1284.01632,12480638.6304,0.1445434163828395,0.14841542450104186,0.39735401131658127,"1. Aléatoire (Taille)","HadGEM2  CCLM4-8-17","HadGEM2 (Extrême sec)"
2045,"1. Étang de Tête",65.95288470237581,35.95415475119924,924.15168,8982754.3296,0.12358538606648994,0.19273065647947826,0.38293893086709724,"1. Aléatoire (Taille)","HadGEM2  CCLM4-8-17","HadGEM2 (Extrême sec)"
2045,"2. Étang de Milieu",63.8129393668275,36.72959353716259,924.15168,8982754.3296,0.12358538606648994,0.19273065647947826,0.38293893086709724,"1. Aléatoire (Taille)","HadGEM2  CCLM4-8-17","HadGEM2 (Extrême sec)"
2045,"3. Étang Exutoire",98.91901319542832,53.60651230875505,924.15168,8982754.3296,0.12358538606648994,0.19273065647947826,0.38293893086709724,"1. Aléatoire (Taille)","HadGEM2  CCLM4-8-17","HadGEM2 (Extrême sec)"
2046,"1. Étang de Tête",42.220163182152135,58.01191791832365,1106.68032,10756932.7104,0.07631322899152732,0.13524357684732483,0.37313526491519394,"1. Aléatoire (Taille)","HadGEM2  CCLM4-8-17","HadGEM2 (Extrême sec)"
2046,"2. Étang de Milieu",61.072908894760076,77.8860835590329,1106.68032,10756932.7104,0.07631322899152732,0.13524357684732483,0.37313526491519394,"1. Aléatoire (Taille)","HadGEM2  CCLM4-8-17","HadGEM2 (Extrême sec)"
2046,"3. Étang Exutoire",100,86.71381313920318,1106.68032,10756932.7104,0.07631322899152732,0.13524357684732483,0.37313526491519394,"1. Aléatoire (Taille)","HadGEM2  CCLM4-8-17","HadGEM2 (Extrême sec)"
2047,"1. Étang de Tête",47.2059486810016,14.608152936506013,987.5692799999999,9599173.4016,0.16628006423091388,0.188675887740058,0.37443638082602543,"1. Aléatoire (Taille)","HadGEM2  CCLM4-8-17","HadGEM2 (Extrême sec)"
2047,"2. Étang de Milieu",58.97165933910205,28.173639616500278,987.5692799999999,9599173.4016,0.16628006423091388,0.188675887740058,0.37443638082602543,"1. Aléatoire (Taille)","HadGEM2  CCLM4-8-17","HadGEM2 (Extrême sec)"
2047,"3. Étang Exutoire",99.38695888992358,37.93681242874945,987.5692799999999,9599173.4016,0.16628006423091388,0.188675887740058,0.37443638082602543,"1. Aléatoire (Taille)","HadGEM2  CCLM4-8-17","HadGEM2 (Extrême sec)"
2048,"1. Étang de Tête",55.62704007583923,20.43232613450889,1133.24832,11015173.6704,0.11467630209324733,0.1464184576816384,0.4023697124854706,"1. Aléatoire (Taille)","HadGEM2  CCLM4-8-17","HadGEM2 (Extrême sec)"
2048,"2. Étang de Milieu",67.91463313375894,31.080624736055896,1133.24832,11015173.6704,0.11467630209324733,0.1464184576816384,0.4023697124854706,"1. Aléatoire (Taille)","HadGEM2  CCLM4-8-17","HadGEM2 (Extrême sec)"
2048,"3. Étang Exutoire",0,0,1133.24832,11015173.6704,0.11467630209324733,0.1464184576816384,0.4023697124854706,"1. Aléatoire (Taille)","HadGEM2  CCLM4-8-17","HadGEM2 (Extrême sec)"
2049,"1. Étang de Tête",53.3727527461628,5.900403975085736,830.736,8074753.92,0.08513940358630039,0.24554755700767436,0.364021609506046,"1. Aléatoire (Taille)","HadGEM2  CCLM4-8-17","HadGEM2 (Extrême sec)"
2049,"2. Étang de Milieu",59.27066673442281,13.846678088244552,830.736,8074753.92,0.08513940358630039,0.24554755700767436,0.364021609506046,"1. Aléatoire (Taille)","HadGEM2  CCLM4-8-17","HadGEM2 (Extrême sec)"
2049,"3. Étang Exutoire",100,35.967431565420995,830.736,8074753.92,0.08513940358630039,0.24554755700767436,0.364021609506046,"1. Aléatoire (Taille)","HadGEM2  CCLM4-8-17","HadGEM2 (Extrême sec)"
2050,"1. Étang de Tête",58.141255605663154,46.98428836648522,1135.35648,11035664.9856,0.03463962675166001,0.16358550125406685,0.3672590596259939,"1. Aléatoire (Taille)","HadGEM2  CCLM4-8-17","HadGEM2 (Extrême sec)"
2050,"2. Étang de Milieu",61.428282095514966,45.698184702921125,1135.35648,11035664.9856,0.03463962675166001,0.16358550125406685,0.3672590596259939,"1. Aléatoire (Taille)","HadGEM2  CCLM4-8-17","HadGEM2 (Extrême sec)"
2050,"3. Étang Exutoire",100,64.7740740982693,1135.35648,11035664.9856,0.03463962675166001,0.16358550125406685,0.3672590596259939,"1. Aléatoire (Taille)","HadGEM2  CCLM4-8-17","HadGEM2 (Extrême sec)"
2051,"1. Étang de Tête",35.91843901214176,38.48118207472094,1150.85664,11186326.5408,0.07768060463331848,0.14974436071033917,0.36182391351447524,"1. Aléatoire (Taille)","HadGEM2  CCLM4-8-17","HadGEM2 (Extrême sec)"
2051,"2. Étang de Milieu",52.71729449402408,46.29339309023328,1150.85664,11186326.5408,0.07768060463331848,0.14974436071033917,0.36182391351447524,"1. Aléatoire (Taille)","HadGEM2  CCLM4-8-17","HadGEM2 (Extrême sec)"
2051,"3. Étang Exutoire",100,68.9840672873268,1150.85664,11186326.5408,0.07768060463331848,0.14974436071033917,0.36182391351447524,"1. Aléatoire (Taille)","HadGEM2  CCLM4-8-17","HadGEM2 (Extrême sec)"
2052,"1. Étang de Tête",29.90509077985972,1.0773707027471857,823.85856,8007905.2032,0.18957800533464989,0.2579199250805037,0.39620747880706864,"1. Aléatoire (Taille)","HadGEM2  CCLM4-8-17","HadGEM2 (Extrême sec)"
2052,"2. Étang de Milieu",73.44340102456306,18.517801317700503,823.85856,8007905.2032,0.18957800533464989,0.2579199250805037,0.39620747880706864,"1. Aléatoire (Taille)","HadGEM2  CCLM4-8-17","HadGEM2 (Extrême sec)"
2052,"3. Étang Exutoire",100,21.865630384017923,823.85856,8007905.2032,0.18957800533464989,0.2579199250805037,0.39620747880706864,"1. Aléatoire (Taille)","HadGEM2  CCLM4-8-17","HadGEM2 (Extrême sec)"
2053,"1. Étang de Tête",53.75694261239471,11.271366920692058,946.19232,9196989.3504,0.06003221556436657,0.2283665588085792,0.378991669569039,"1. Aléatoire (Taille)","HadGEM2  CCLM4-8-17","HadGEM2 (Extrême sec)"
2053,"2. Étang de Milieu",60.74956232224362,21.377663983067286,946.19232,9196989.3504,0.06003221556436657,0.2283665588085792,0.378991669569039,"1. Aléatoire (Taille)","HadGEM2  CCLM4-8-17","HadGEM2 (Extrême sec)"
2053,"3. Étang Exutoire",99.68227604917108,37.40821084115151,946.19232,9196989.3504,0.06003221556436657,0.2283665588085792,0.378991669569039,"1. Aléatoire (Taille)","HadGEM2  CCLM4-8-17","HadGEM2 (Extrême sec)"
2054,"1. Étang de Tête",32.49213690703108,1.0515217733854152,1010.80224,9824997.7728,0.07489476405145717,0.1767894899947135,0.37523872023051597,"1. Aléatoire (Taille)","HadGEM2  CCLM4-8-17","HadGEM2 (Extrême sec)"
2054,"2. Étang de Milieu",52.39904676711597,16.645594384567907,1010.80224,9824997.7728,0.07489476405145717,0.1767894899947135,0.37523872023051597,"1. Aléatoire (Taille)","HadGEM2  CCLM4-8-17","HadGEM2 (Extrême sec)"
2054,"3. Étang Exutoire",97.64144182901823,25.90404088219834,1010.80224,9824997.7728,0.07489476405145717,0.1767894899947135,0.37523872023051597,"1. Aléatoire (Taille)","HadGEM2  CCLM4-8-17","HadGEM2 (Extrême sec)"
2055,"1. Étang de Tête",35.76171675714519,16.272517825312722,883.53504,8587960.5888,0.04804015791467727,0.2036986418691442,0.35968143520079576,"1. Aléatoire (Taille)","HadGEM2  CCLM4-8-17","HadGEM2 (Extrême sec)"
2055,"2. Étang de Milieu",42.859926081291846,21.29761970797727,883.53504,8587960.5888,0.04804015791467727,0.2036986418691442,0.35968143520079576,"1. Aléatoire (Taille)","HadGEM2  CCLM4-8-17","HadGEM2 (Extrême sec)"
2055,"3. Étang Exutoire",0,0,883.53504,8587960.5888,0.04804015791467727,0.2036986418691442,0.35968143520079576,"1. Aléatoire (Taille)","HadGEM2  CCLM4-8-17","HadGEM2 (Extrême sec)"
2056,"1. Étang de Tête",44.66985057663464,43.540076732350066,1065.75264,10359115.660799999,0.06332749206869441,0.14565777637948465,0.38965895060612615,"1. Aléatoire (Taille)","HadGEM2  CCLM4-8-17","HadGEM2 (Extrême sec)"
2056,"2. Étang de Milieu",51.538476650008455,59.23867641840381,1065.75264,10359115.660799999,0.06332749206869441,0.14565777637948465,0.38965895060612615,"1. Aléatoire (Taille)","HadGEM2  CCLM4-8-17","HadGEM2 (Extrême sec)"
2056,"3. Étang Exutoire",98.72759283110636,70.41889208494364,1065.75264,10359115.660799999,0.06332749206869441,0.14565777637948465,0.38965895060612615,"1. Aléatoire (Taille)","HadGEM2  CCLM4-8-17","HadGEM2 (Extrême sec)"
2057,"1. Étang de Tête",26.19541965525643,26.1971175031108,1047.01248,10176961.3056,0.12340043716458517,0.16087612400326717,0.3541019143591829,"1. Aléatoire (Taille)","HadGEM2  CCLM4-8-17","HadGEM2 (Extrême sec)"
2057,"2. Étang de Milieu",54.779349303014506,47.25346781194813,1047.01248,10176961.3056,0.12340043716458517,0.16087612400326717,0.3541019143591829,"1. Aléatoire (Taille)","HadGEM2  CCLM4-8-17","HadGEM2 (Extrême sec)"
2057,"3. Étang Exutoire",100,78.61595269933217,1047.01248,10176961.3056,0.12340043716458517,0.16087612400326717,0.3541019143591829,"1. Aléatoire (Taille)","HadGEM2  CCLM4-8-17","HadGEM2 (Extrême sec)"
2058,"1. Étang de Tête",39.22264295563812,0,736.87104,7162386.5088,0.1793981207601715,0.2173346323919125,0.38619248341211915,"1. Aléatoire (Taille)","HadGEM2  CCLM4-8-17","HadGEM2 (Extrême sec)"
2058,"2. Étang de Milieu",48.35733195755772,4.271383174212517,736.87104,7162386.5088,0.1793981207601715,0.2173346323919125,0.38619248341211915,"1. Aléatoire (Taille)","HadGEM2  CCLM4-8-17","HadGEM2 (Extrême sec)"
2058,"3. Étang Exutoire",99.08664924158069,0,736.87104,7162386.5088,0.1793981207601715,0.2173346323919125,0.38619248341211915,"1. Aléatoire (Taille)","HadGEM2  CCLM4-8-17","HadGEM2 (Extrême sec)"
2059,"1. Étang de Tête",53.42113703413959,8.318488982661888,904.80672,8794721.318400001,0.03152939139936973,0.2523735567556692,0.36631206038433256,"1. Aléatoire (Taille)","HadGEM2  CCLM4-8-17","HadGEM2 (Extrême sec)"
2059,"2. Étang de Milieu",50.268646777889956,10.145081113867034,904.80672,8794721.318400001,0.03152939139936973,0.2523735567556692,0.36631206038433256,"1. Aléatoire (Taille)","HadGEM2  CCLM4-8-17","HadGEM2 (Extrême sec)"
2059,"3. Étang Exutoire",87.8938797835842,26.753306387751945,904.80672,8794721.318400001,0.03152939139936973,0.2523735567556692,0.36631206038433256,"1. Aléatoire (Taille)","HadGEM2  CCLM4-8-17","HadGEM2 (Extrême sec)"
2060,"1. Étang de Tête",13.888256932106088,0,810.61344,7879162.6367999995,0.051122994049340086,0.2158490982306424,0.3571328543956491,"1. Aléatoire (Taille)","HadGEM2  CCLM4-8-17","HadGEM2 (Extrême sec)"
2060,"2. Étang de Milieu",44.49606423984122,12.21539814965316,810.61344,7879162.6367999995,0.051122994049340086,0.2158490982306424,0.3571328543956491,"1. Aléatoire (Taille)","HadGEM2  CCLM4-8-17","HadGEM2 (Extrême sec)"
2060,"3. Étang Exutoire",99.43974203190265,44.74265429412848,810.61344,7879162.6367999995,0.051122994049340086,0.2158490982306424,0.3571328543956491,"1. Aléatoire (Taille)","HadGEM2  CCLM4-8-17","HadGEM2 (Extrême sec)"
2061,"1. Étang de Tête",25.610209147787195,0,714.55392,6945464.1024,0.05261050510562473,0.17459684530067837,0.3489509853793112,"1. Aléatoire (Taille)","HadGEM2  CCLM4-8-17","HadGEM2 (Extrême sec)"
2061,"2. Étang de Milieu",38.06422248471664,1.06735327653436,714.55392,6945464.1024,0.05261050510562473,0.17459684530067837,0.3489509853793112,"1. Aléatoire (Taille)","HadGEM2  CCLM4-8-17","HadGEM2 (Extrême sec)"
2061,"3. Étang Exutoire",0,0,714.55392,6945464.1024,0.05261050510562473,0.17459684530067837,0.3489509853793112,"1. Aléatoire (Taille)","HadGEM2  CCLM4-8-17","HadGEM2 (Extrême sec)"
2062,"1. Étang de Tête",61.13143329546926,16.741556314310717,1118.81952,10874925.7344,0.06216975049192092,0.20337754158874333,0.39045546580805013,"1. Aléatoire (Taille)","HadGEM2  CCLM4-8-17","HadGEM2 (Extrême sec)"
2062,"2. Étang de Milieu",71.97047255550174,28.698089189242477,1118.81952,10874925.7344,0.06216975049192092,0.20337754158874333,0.39045546580805013,"1. Aléatoire (Taille)","HadGEM2  CCLM4-8-17","HadGEM2 (Extrême sec)"
2062,"3. Étang Exutoire",100,28.597246875125965,1118.81952,10874925.7344,0.06216975049192092,0.20337754158874333,0.39045546580805013,"1. Aléatoire (Taille)","HadGEM2  CCLM4-8-17","HadGEM2 (Extrême sec)"
2063,"1. Étang de Tête",58.59811297144355,3.166375248788663,924.90336,8990060.6592,0.0682281146229987,0.2555692905679447,0.35552968964533793,"1. Aléatoire (Taille)","HadGEM2  CCLM4-8-17","HadGEM2 (Extrême sec)"
2063,"2. Étang de Milieu",61.910623323673725,9.514318802286155,924.90336,8990060.6592,0.0682281146229987,0.2555692905679447,0.35552968964533793,"1. Aléatoire (Taille)","HadGEM2  CCLM4-8-17","HadGEM2 (Extrême sec)"
2063,"3. Étang Exutoire",100,24.62222678439431,924.90336,8990060.6592,0.0682281146229987,0.2555692905679447,0.35552968964533793,"1. Aléatoire (Taille)","HadGEM2  CCLM4-8-17","HadGEM2 (Extrême sec)"
2064,"1. Étang de Tête",32.362520275909475,18.29116508331295,895.12992,8700662.8224,0.06572751938902746,0.20176519676855517,0.3821566791947914,"1. Aléatoire (Taille)","HadGEM2  CCLM4-8-17","HadGEM2 (Extrême sec)"
2064,"2. Étang de Milieu",45.227071484774136,26.494889775403824,895.12992,8700662.8224,0.06572751938902746,0.20176519676855517,0.3821566791947914,"1. Aléatoire (Taille)","HadGEM2  CCLM4-8-17","HadGEM2 (Extrême sec)"
2064,"3. Étang Exutoire",96.7306493170414,47.92483018110375,895.12992,8700662.8224,0.06572751938902746,0.20176519676855517,0.3821566791947914,"1. Aléatoire (Taille)","HadGEM2  CCLM4-8-17","HadGEM2 (Extrême sec)"
2065,"1. Étang de Tête",31.283814581313248,27.946588978340472,1222.05888,11878412.3136,0.05244433940365944,0.12465148677394229,0.37096746477537096,"1. Aléatoire (Taille)","HadGEM2  CCLM4-8-17","HadGEM2 (Extrême sec)"
2065,"2. Étang de Milieu",42.20986238697946,36.248357793327884,1222.05888,11878412.3136,0.05244433940365944,0.12465148677394229,0.37096746477537096,"1. Aléatoire (Taille)","HadGEM2  CCLM4-8-17","HadGEM2 (Extrême sec)"
2065,"3. Étang Exutoire",100,58.11508661765124,1222.05888,11878412.3136,0.05244433940365944,0.12465148677394229,0.37096746477537096,"1. Aléatoire (Taille)","HadGEM2  CCLM4-8-17","HadGEM2 (Extrême sec)"
2066,"1. Étang de Tête",61.590367792209875,12.958615346601869,1148.2128,11160628.416,0.17127209607459673,0.1746325602438641,0.3957934405983125,"1. Aléatoire (Taille)","HadGEM2  CCLM4-8-17","HadGEM2 (Extrême sec)"
2066,"2. Étang de Milieu",83.69864577986567,33.872965186920375,1148.2128,11160628.416,0.17127209607459673,0.1746325602438641,0.3957934405983125,"1. Aléatoire (Taille)","HadGEM2  CCLM4-8-17","HadGEM2 (Extrême sec)"
2066,"3. Étang Exutoire",99.80135601639036,35.571661826571464,1148.2128,11160628.416,0.17127209607459673,0.1746325602438641,0.3957934405983125,"1. Aléatoire (Taille)","HadGEM2  CCLM4-8-17","HadGEM2 (Extrême sec)"
2067,"1. Étang de Tête",83.28830864635243,42.36910771222346,1154.09664,11217819.3408,0.13040822025023266,0.16478049707063075,0.3930418287028032,"1. Aléatoire (Taille)","HadGEM2  CCLM4-8-17","HadGEM2 (Extrême sec)"
2067,"2. Étang de Milieu",76.3854630303686,45.050433526930206,1154.09664,11217819.3408,0.13040822025023266,0.16478049707063075,0.3930418287028032,"1. Aléatoire (Taille)","HadGEM2  CCLM4-8-17","HadGEM2 (Extrême sec)"
2067,"3. Étang Exutoire",99.21670347774251,57.72329739826239,1154.09664,11217819.3408,0.13040822025023266,0.16478049707063075,0.3930418287028032,"1. Aléatoire (Taille)","HadGEM2  CCLM4-8-17","HadGEM2 (Extrême sec)"
2068,"1. Étang de Tête",41.100108136500474,6.906449978056101,994.02336,9661907.0592,0.15524372797910663,0.15785617983839698,0.3837371474530447,"1. Aléatoire (Taille)","HadGEM2  CCLM4-8-17","HadGEM2 (Extrême sec)"
2068,"2. Étang de Milieu",48.83000895715974,14.474013644819895,994.02336,9661907.0592,0.15524372797910663,0.15785617983839698,0.3837371474530447,"1. Aléatoire (Taille)","HadGEM2  CCLM4-8-17","HadGEM2 (Extrême sec)"
2068,"3. Étang Exutoire",0,0,994.02336,9661907.0592,0.15524372797910663,0.15785617983839698,0.3837371474530447,"1. Aléatoire (Taille)","HadGEM2  CCLM4-8-17","HadGEM2 (Extrême sec)"
2069,"1. Étang de Tête",53.246612151311304,22.027040917902777,1026.2592,9975239.423999999,0.04382441197381295,0.20120582967894912,0.3724751799314699,"1. Aléatoire (Taille)","HadGEM2  CCLM4-8-17","HadGEM2 (Extrême sec)"
2069,"2. Étang de Milieu",59.90019484320228,35.65438390525706,1026.2592,9975239.423999999,0.04382441197381295,0.20120582967894912,0.3724751799314699,"1. Aléatoire (Taille)","HadGEM2  CCLM4-8-17","HadGEM2 (Extrême sec)"
2069,"3. Étang Exutoire",100,47.73833045404265,1026.2592,9975239.423999999,0.04382441197381295,0.20120582967894912,0.3724751799314699,"1. Aléatoire (Taille)","HadGEM2  CCLM4-8-17","HadGEM2 (Extrême sec)"
2070,"1. Étang de Tête",57.59401108302357,13.910395991098243,861.65856,8375321.203199999,0.09017975121013556,0.2506695665082129,0.38022397077418235,"1. Aléatoire (Taille)","HadGEM2  CCLM4-8-17","HadGEM2 (Extrême sec)"
2070,"2. Étang de Milieu",59.67291136157989,22.711055377324975,861.65856,8375321.203199999,0.09017975121013556,0.2506695665082129,0.38022397077418235,"1. Aléatoire (Taille)","HadGEM2  CCLM4-8-17","HadGEM2 (Extrême sec)"
2070,"3. Étang Exutoire",97.27852421307466,30.476422875894194,861.65856,8375321.203199999,0.09017975121013556,0.2506695665082129,0.38022397077418235,"1. Aléatoire (Taille)","HadGEM2  CCLM4-8-17","HadGEM2 (Extrême sec)"
2026,"1. Étang de Tête",92.16182884176474,69.32295873171947,1157.30208,11248976.2176,0.06948784825191293,0.1490800684893956,0.3727712866851932,"1. Aléatoire (Taille)","HadGEM2  RegCM4-6","HadGEM2 (Chaud/Sec modéré)"
2026,"2. Étang de Milieu",83.42415708945927,73.47153603373293,1157.30208,11248976.2176,0.06948784825191293,0.1490800684893956,0.3727712866851932,"1. Aléatoire (Taille)","HadGEM2  RegCM4-6","HadGEM2 (Chaud/Sec modéré)"
2026,"3. Étang Exutoire",99.77580630210464,74.02241946253073,1157.30208,11248976.2176,0.06948784825191293,0.1490800684893956,0.3727712866851932,"1. Aléatoire (Taille)","HadGEM2  RegCM4-6","HadGEM2 (Chaud/Sec modéré)"
2027,"1. Étang de Tête",67.90472383240683,73.45178155095282,1218.11904,11840117.068799999,0.22300259982035756,0.1519306913089284,0.3946252806098479,"1. Aléatoire (Taille)","HadGEM2  RegCM4-6","HadGEM2 (Chaud/Sec modéré)"
2027,"2. Étang de Milieu",80.61009101053229,80.26476945356363,1218.11904,11840117.068799999,0.22300259982035756,0.1519306913089284,0.3946252806098479,"1. Aléatoire (Taille)","HadGEM2  RegCM4-6","HadGEM2 (Chaud/Sec modéré)"
2027,"3. Étang Exutoire",100,78.78585168382857,1218.11904,11840117.068799999,0.22300259982035756,0.1519306913089284,0.3946252806098479,"1. Aléatoire (Taille)","HadGEM2  RegCM4-6","HadGEM2 (Chaud/Sec modéré)"
2028,"1. Étang de Tête",36.78562011025351,24.268720730030985,1092.36384,10617776.524799999,0.19913527560877345,0.1734012974174169,0.37182908501140255,"1. Aléatoire (Taille)","HadGEM2  RegCM4-6","HadGEM2 (Chaud/Sec modéré)"
2028,"2. Étang de Milieu",68.38196173708967,50.666476137662116,1092.36384,10617776.524799999,0.19913527560877345,0.1734012974174169,0.37182908501140255,"1. Aléatoire (Taille)","HadGEM2  RegCM4-6","HadGEM2 (Chaud/Sec modéré)"
2028,"3. Étang Exutoire",95.70399863622026,69.95557826875746,1092.36384,10617776.524799999,0.19913527560877345,0.1734012974174169,0.37182908501140255,"1. Aléatoire (Taille)","HadGEM2  RegCM4-6","HadGEM2 (Chaud/Sec modéré)"
2029,"1. Étang de Tête",19.74384236808664,15.778157594441078,964.4832,9374776.704,0.09908936656560051,0.13822084552228278,0.3482105283947292,"1. Aléatoire (Taille)","HadGEM2  RegCM4-6","HadGEM2 (Chaud/Sec modéré)"
2029,"2. Étang de Milieu",41.560344548594685,36.8398353453841,964.4832,9374776.704,0.09908936656560051,0.13822084552228278,0.3482105283947292,"1. Aléatoire (Taille)","HadGEM2  RegCM4-6","HadGEM2 (Chaud/Sec modéré)"
2029,"3. Étang Exutoire",97.35948579265276,84.11122678491394,964.4832,9374776.704,0.09908936656560051,0.13822084552228278,0.3482105283947292,"1. Aléatoire (Taille)","HadGEM2  RegCM4-6","HadGEM2 (Chaud/Sec modéré)"
2030,"1. Étang de Tête",66.27455665746845,22.331808554339084,1075.68,10455609.600000001,0.10663778479792259,0.16061952065677682,0.3785096533722049,"1. Aléatoire (Taille)","HadGEM2  RegCM4-6","HadGEM2 (Chaud/Sec modéré)"
2030,"2. Étang de Milieu",62.39910407417446,29.9221280612698,1075.68,10455609.600000001,0.10663778479792259,0.16061952065677682,0.3785096533722049,"1. Aléatoire (Taille)","HadGEM2  RegCM4-6","HadGEM2 (Chaud/Sec modéré)"
2030,"3. Étang Exutoire",99.68937319202821,51.35060229091826,1075.68,10455609.600000001,0.10663778479792259,0.16061952065677682,0.3785096533722049,"1. Aléatoire (Taille)","HadGEM2  RegCM4-6","HadGEM2 (Chaud/Sec modéré)"
2031,"1. Étang de Tête",71.17402079381331,55.2489789196655,1354.45824,13165334.0928,0.08554417082564285,0.128615545079162,0.38221237247652967,"1. Aléatoire (Taille)","HadGEM2  RegCM4-6","HadGEM2 (Chaud/Sec modéré)"
2031,"2. Étang de Milieu",71.99569065007643,59.36077657695866,1354.45824,13165334.0928,0.08554417082564285,0.128615545079162,0.38221237247652967,"1. Aléatoire (Taille)","HadGEM2  RegCM4-6","HadGEM2 (Chaud/Sec modéré)"
2031,"3. Étang Exutoire",0,0,1354.45824,13165334.0928,0.08554417082564285,0.128615545079162,0.38221237247652967,"1. Aléatoire (Taille)","HadGEM2  RegCM4-6","HadGEM2 (Chaud/Sec modéré)"
2032,"1. Étang de Tête",42.05371542149264,25.357650970514676,1256.00544,12208372.876799999,0.17441478145042302,0.10868156432453228,0.37845217591181085,"1. Aléatoire (Taille)","HadGEM2  RegCM4-6","HadGEM2 (Chaud/Sec modéré)"
2032,"2. Étang de Milieu",80.87942915562236,59.54747553552036,1256.00544,12208372.876799999,0.17441478145042302,0.10868156432453228,0.37845217591181085,"1. Aléatoire (Taille)","HadGEM2  RegCM4-6","HadGEM2 (Chaud/Sec modéré)"
2032,"3. Étang Exutoire",99.74128870346208,73.9940858547191,1256.00544,12208372.876799999,0.17441478145042302,0.10868156432453228,0.37845217591181085,"1. Aléatoire (Taille)","HadGEM2  RegCM4-6","HadGEM2 (Chaud/Sec modéré)"
2033,"1. Étang de Tête",40.30717604950489,24.82715650964131,922.07808,8962598.9376,0.15857360425655037,0.1696359016902818,0.3718315386891024,"1. Aléatoire (Taille)","HadGEM2  RegCM4-6","HadGEM2 (Chaud/Sec modéré)"
2033,"2. Étang de Milieu",50.084777966693665,31.60999387492817,922.07808,8962598.9376,0.15857360425655037,0.1696359016902818,0.3718315386891024,"1. Aléatoire (Taille)","HadGEM2  RegCM4-6","HadGEM2 (Chaud/Sec modéré)"
2033,"3. Étang Exutoire",98.91620652894917,57.820290488382476,922.07808,8962598.9376,0.15857360425655037,0.1696359016902818,0.3718315386891024,"1. Aléatoire (Taille)","HadGEM2  RegCM4-6","HadGEM2 (Chaud/Sec modéré)"
2034,"1. Étang de Tête",26.51453855394914,0.6805099027128126,892.92672,8679247.718400002,0.047042350736071666,0.2020269713554928,0.34145326665279324,"1. Aléatoire (Taille)","HadGEM2  RegCM4-6","HadGEM2 (Chaud/Sec modéré)"
2034,"2. Étang de Milieu",46.188177667938355,18.50250490120416,892.92672,8679247.718400002,0.047042350736071666,0.2020269713554928,0.34145326665279324,"1. Aléatoire (Taille)","HadGEM2  RegCM4-6","HadGEM2 (Chaud/Sec modéré)"
2034,"3. Étang Exutoire",97.68431714550991,51.96069910431973,892.92672,8679247.718400002,0.047042350736071666,0.2020269713554928,0.34145326665279324,"1. Aléatoire (Taille)","HadGEM2  RegCM4-6","HadGEM2 (Chaud/Sec modéré)"
2035,"1. Étang de Tête",54.519323360922904,20.37192318378812,1077.30432,10471397.9904,0.07736876324686245,0.15416515291512595,0.3601431029614858,"1. Aléatoire (Taille)","HadGEM2  RegCM4-6","HadGEM2 (Chaud/Sec modéré)"
2035,"2. Étang de Milieu",64.80591976011999,38.28558107139839,1077.30432,10471397.9904,0.07736876324686245,0.15416515291512595,0.3601431029614858,"1. Aléatoire (Taille)","HadGEM2  RegCM4-6","HadGEM2 (Chaud/Sec modéré)"
2035,"3. Étang Exutoire",0,0,1077.30432,10471397.9904,0.07736876324686245,0.15416515291512595,0.3601431029614858,"1. Aléatoire (Taille)","HadGEM2  RegCM4-6","HadGEM2 (Chaud/Sec modéré)"
2036,"1. Étang de Tête",47.55313799005653,31.92195619764057,986.28192,9586660.262400001,0.09670040870533704,0.16716587315139253,0.37397578693133626,"1. Aléatoire (Taille)","HadGEM2  RegCM4-6","HadGEM2 (Chaud/Sec modéré)"
2036,"2. Étang de Milieu",66.97969266940018,45.921315565750966,986.28192,9586660.262400001,0.09670040870533704,0.16716587315139253,0.37397578693133626,"1. Aléatoire (Taille)","HadGEM2  RegCM4-6","HadGEM2 (Chaud/Sec modéré)"
2036,"3. Étang Exutoire",98.79579155726674,62.99583423301639,986.28192,9586660.262400001,0.09670040870533704,0.16716587315139253,0.37397578693133626,"1. Aléatoire (Taille)","HadGEM2  RegCM4-6","HadGEM2 (Chaud/Sec modéré)"
2037,"1. Étang de Tête",24.015136499028692,11.008850072110267,901.53216,8762892.5952,0.08391542470242973,0.18073800537884385,0.3522326024091943,"1. Aléatoire (Taille)","HadGEM2  RegCM4-6","HadGEM2 (Chaud/Sec modéré)"
2037,"2. Étang de Milieu",38.377782589517814,25.330655276073742,901.53216,8762892.5952,0.08391542470242973,0.18073800537884385,0.3522326024091943,"1. Aléatoire (Taille)","HadGEM2  RegCM4-6","HadGEM2 (Chaud/Sec modéré)"
2037,"3. Étang Exutoire",99.6653189227043,72.87168948543628,901.53216,8762892.5952,0.08391542470242973,0.18073800537884385,0.3522326024091943,"1. Aléatoire (Taille)","HadGEM2  RegCM4-6","HadGEM2 (Chaud/Sec modéré)"
2038,"1. Étang de Tête",39.49502662259233,42.98970873496086,1505.54592,14633906.3424,0.10851984676527089,0.08487802381154118,0.37826009620831835,"1. Aléatoire (Taille)","HadGEM2  RegCM4-6","HadGEM2 (Chaud/Sec modéré)"
2038,"2. Étang de Milieu",63.94244021143783,66.48176602600597,1505.54592,14633906.3424,0.10851984676527089,0.08487802381154118,0.37826009620831835,"1. Aléatoire (Taille)","HadGEM2  RegCM4-6","HadGEM2 (Chaud/Sec modéré)"
2038,"3. Étang Exutoire",100,85.34226412256157,1505.54592,14633906.3424,0.10851984676527089,0.08487802381154118,0.37826009620831835,"1. Aléatoire (Taille)","HadGEM2  RegCM4-6","HadGEM2 (Chaud/Sec modéré)"
2039,"1. Étang de Tête",63.62656968087864,50.443909925144794,1118.30976,10869970.8672,0.19322532982674695,0.13879986693991386,0.3909585326242157,"1. Aléatoire (Taille)","HadGEM2  RegCM4-6","HadGEM2 (Chaud/Sec modéré)"
2039,"2. Étang de Milieu",71.85614069911816,60.04316213514799,1118.30976,10869970.8672,0.19322532982674695,0.13879986693991386,0.3909585326242157,"1. Aléatoire (Taille)","HadGEM2  RegCM4-6","HadGEM2 (Chaud/Sec modéré)"
2039,"3. Étang Exutoire",100,78.86250711414135,1118.30976,10869970.8672,0.19322532982674695,0.13879986693991386,0.3909585326242157,"1. Aléatoire (Taille)","HadGEM2  RegCM4-6","HadGEM2 (Chaud/Sec modéré)"
2040,"1. Étang de Tête",41.62142392907668,92.34239028030241,1373.44032,13349839.9104,0.1549377317063071,0.08932224030783027,0.3756518235328351,"1. Aléatoire (Taille)","HadGEM2  RegCM4-6","HadGEM2 (Chaud/Sec modéré)"
2040,"2. Étang de Milieu",54.002829034454,69.6212419943277,1373.44032,13349839.9104,0.1549377317063071,0.08932224030783027,0.3756518235328351,"1. Aléatoire (Taille)","HadGEM2  RegCM4-6","HadGEM2 (Chaud/Sec modéré)"
2040,"3. Étang Exutoire",100,98.92501234273433,1373.44032,13349839.9104,0.1549377317063071,0.08932224030783027,0.3756518235328351,"1. Aléatoire (Taille)","HadGEM2  RegCM4-6","HadGEM2 (Chaud/Sec modéré)"
2041,"1. Étang de Tête",10.54237237810063,9.689800556054326,880.5542399999999,8558987.2128,0.1397240592787618,0.18446227421313807,0.3555531842866421,"1. Aléatoire (Taille)","HadGEM2  RegCM4-6","HadGEM2 (Chaud/Sec modéré)"
2041,"2. Étang de Milieu",50.02048467230051,46.04637622393798,880.5542399999999,8558987.2128,0.1397240592787618,0.18446227421313807,0.3555531842866421,"1. Aléatoire (Taille)","HadGEM2  RegCM4-6","HadGEM2 (Chaud/Sec modéré)"
2041,"3. Étang Exutoire",99.5120166558762,86.22813223885633,880.5542399999999,8558987.2128,0.1397240592787618,0.18446227421313807,0.3555531842866421,"1. Aléatoire (Taille)","HadGEM2  RegCM4-6","HadGEM2 (Chaud/Sec modéré)"
2042,"1. Étang de Tête",26.92450198711063,5.14965140617635,1132.13376,11004340.1472,0.08184993406942796,0.15427052571734262,0.36443751095274574,"1. Aléatoire (Taille)","HadGEM2  RegCM4-6","HadGEM2 (Chaud/Sec modéré)"
2042,"2. Étang de Milieu",59.77792528904279,20.519141150363023,1132.13376,11004340.1472,0.08184993406942796,0.15427052571734262,0.36443751095274574,"1. Aléatoire (Taille)","HadGEM2  RegCM4-6","HadGEM2 (Chaud/Sec modéré)"
2042,"3. Étang Exutoire",0,0,1132.13376,11004340.1472,0.08184993406942796,0.15427052571734262,0.36443751095274574,"1. Aléatoire (Taille)","HadGEM2  RegCM4-6","HadGEM2 (Chaud/Sec modéré)"
2043,"1. Étang de Tête",28.937153394474002,21.849609122917876,1003.104,9750170.879999999,0.07967606536142474,0.16750849452979244,0.3715701310027552,"1. Aléatoire (Taille)","HadGEM2  RegCM4-6","HadGEM2 (Chaud/Sec modéré)"
2043,"2. Étang de Milieu",48.011133365540324,38.53054381492465,1003.104,9750170.879999999,0.07967606536142474,0.16750849452979244,0.3715701310027552,"1. Aléatoire (Taille)","HadGEM2  RegCM4-6","HadGEM2 (Chaud/Sec modéré)"
2043,"3. Étang Exutoire",98.286135075568,69.52767745384959,1003.104,9750170.879999999,0.07967606536142474,0.16750849452979244,0.3715701310027552,"1. Aléatoire (Taille)","HadGEM2  RegCM4-6","HadGEM2 (Chaud/Sec modéré)"
2044,"1. Étang de Tête",57.30245775154666,48.42294000915041,1499.67072,14576799.398400001,0.14998859994577515,0.12748218338338724,0.39159694073562434,"1. Aléatoire (Taille)","HadGEM2  RegCM4-6","HadGEM2 (Chaud/Sec modéré)"
2044,"2. Étang de Milieu",59.49529989582828,50.33524556170171,1499.67072,14576799.398400001,0.14998859994577515,0.12748218338338724,0.39159694073562434,"1. Aléatoire (Taille)","HadGEM2  RegCM4-6","HadGEM2 (Chaud/Sec modéré)"
2044,"3. Étang Exutoire",96.39039497344103,63.70542096478597,1499.67072,14576799.398400001,0.14998859994577515,0.12748218338338724,0.39159694073562434,"1. Aléatoire (Taille)","HadGEM2  RegCM4-6","HadGEM2 (Chaud/Sec modéré)"
2045,"1. Étang de Tête",62.486888760397925,41.86551123304619,1016.08128,9876310.0416,0.16507801042078804,0.16525683706257732,0.378121671715607,"1. Aléatoire (Taille)","HadGEM2  RegCM4-6","HadGEM2 (Chaud/Sec modéré)"
2045,"2. Étang de Milieu",62.92275607593019,42.8019328005892,1016.08128,9876310.0416,0.16507801042078804,0.16525683706257732,0.378121671715607,"1. Aléatoire (Taille)","HadGEM2  RegCM4-6","HadGEM2 (Chaud/Sec modéré)"
2045,"3. Étang Exutoire",95.76133985167179,56.82915227504341,1016.08128,9876310.0416,0.16507801042078804,0.16525683706257732,0.378121671715607,"1. Aléatoire (Taille)","HadGEM2  RegCM4-6","HadGEM2 (Chaud/Sec modéré)"
2046,"1. Étang de Tête",25.995949303166686,26.993895146569503,877.36608,8527998.2976,0.0753886233204886,0.18955218718239245,0.34621516441847977,"1. Aléatoire (Taille)","HadGEM2  RegCM4-6","HadGEM2 (Chaud/Sec modéré)"
2046,"2. Étang de Milieu",51.050742312244694,52.26101755657379,877.36608,8527998.2976,0.0753886233204886,0.18955218718239245,0.34621516441847977,"1. Aléatoire (Taille)","HadGEM2  RegCM4-6","HadGEM2 (Chaud/Sec modéré)"
2046,"3. Étang Exutoire",96.97202671106902,98.1534748861622,877.36608,8527998.2976,0.0753886233204886,0.18955218718239245,0.34621516441847977,"1. Aléatoire (Taille)","HadGEM2  RegCM4-6","HadGEM2 (Chaud/Sec modéré)"
2047,"1. Étang de Tête",51.79625480554233,6.954345608050561,899.9856,8747860.032,0.09956018193028832,0.19083129552615258,0.3638864059752371,"1. Aléatoire (Taille)","HadGEM2  RegCM4-6","HadGEM2 (Chaud/Sec modéré)"
2047,"2. Étang de Milieu",55.734226380470304,16.798803254167183,899.9856,8747860.032,0.09956018193028832,0.19083129552615258,0.3638864059752371,"1. Aléatoire (Taille)","HadGEM2  RegCM4-6","HadGEM2 (Chaud/Sec modéré)"
2047,"3. Étang Exutoire",96.55525958053879,40.08811972796577,899.9856,8747860.032,0.09956018193028832,0.19083129552615258,0.3638864059752371,"1. Aléatoire (Taille)","HadGEM2  RegCM4-6","HadGEM2 (Chaud/Sec modéré)"
2048,"1. Étang de Tête",60.79781428957869,56.48222628762509,1477.28448,14359205.1456,0.10392405810044573,0.08801375058697626,0.3920333692483135,"1. Aléatoire (Taille)","HadGEM2  RegCM4-6","HadGEM2 (Chaud/Sec modéré)"
2048,"2. Étang de Milieu",69.7527469312998,63.8915616702748,1477.28448,14359205.1456,0.10392405810044573,0.08801375058697626,0.3920333692483135,"1. Aléatoire (Taille)","HadGEM2  RegCM4-6","HadGEM2 (Chaud/Sec modéré)"
2048,"3. Étang Exutoire",0,0,1477.28448,14359205.1456,0.10392405810044573,0.08801375058697626,0.3920333692483135,"1. Aléatoire (Taille)","HadGEM2  RegCM4-6","HadGEM2 (Chaud/Sec modéré)"
2049,"1. Étang de Tête",55.77230326027906,9.728473877843529,949.02624,9224535.0528,0.1525261730985054,0.1933063009680069,0.35931470961172124,"1. Aléatoire (Taille)","HadGEM2  RegCM4-6","HadGEM2 (Chaud/Sec modéré)"
2049,"2. Étang de Milieu",63.36784126045522,23.93454425250252,949.02624,9224535.0528,0.1525261730985054,0.1933063009680069,0.35931470961172124,"1. Aléatoire (Taille)","HadGEM2  RegCM4-6","HadGEM2 (Chaud/Sec modéré)"
2049,"3. Étang Exutoire",99.53893671286775,46.99661980100435,949.02624,9224535.0528,0.1525261730985054,0.1933063009680069,0.35931470961172124,"1. Aléatoire (Taille)","HadGEM2  RegCM4-6","HadGEM2 (Chaud/Sec modéré)"
2050,"1. Étang de Tête",63.76400261133649,70.76196765986239,1365.37056,13271401.8432,0.09100641256601255,0.10806531317927241,0.37954397246875043,"1. Aléatoire (Taille)","HadGEM2  RegCM4-6","HadGEM2 (Chaud/Sec modéré)"
2050,"2. Étang de Milieu",66.58540658412751,69.87580515068265,1365.37056,13271401.8432,0.09100641256601255,0.10806531317927241,0.37954397246875043,"1. Aléatoire (Taille)","HadGEM2  RegCM4-6","HadGEM2 (Chaud/Sec modéré)"
2050,"3. Étang Exutoire",99.08026572935046,83.23330508533094,1365.37056,13271401.8432,0.09100641256601255,0.10806531317927241,0.37954397246875043,"1. Aléatoire (Taille)","HadGEM2  RegCM4-6","HadGEM2 (Chaud/Sec modéré)"
2051,"1. Étang de Tête",55.41786242960882,50.57646311275119,1305.6336,12690758.591999998,0.17476233630619897,0.13980758535656881,0.3874155896306425,"1. Aléatoire (Taille)","HadGEM2  RegCM4-6","HadGEM2 (Chaud/Sec modéré)"
2051,"2. Étang de Milieu",71.00385579320114,52.18384494504853,1305.6336,12690758.591999998,0.17476233630619897,0.13980758535656881,0.3874155896306425,"1. Aléatoire (Taille)","HadGEM2  RegCM4-6","HadGEM2 (Chaud/Sec modéré)"
2051,"3. Étang Exutoire",100,61.09245644296774,1305.6336,12690758.591999998,0.17476233630619897,0.13980758535656881,0.3874155896306425,"1. Aléatoire (Taille)","HadGEM2  RegCM4-6","HadGEM2 (Chaud/Sec modéré)"
2052,"1. Étang de Tête",29.933284859165557,12.614865659907563,846.97056,8232553.8432,0.12830076768290255,0.21306132757843105,0.3654593133055812,"1. Aléatoire (Taille)","HadGEM2  RegCM4-6","HadGEM2 (Chaud/Sec modéré)"
2052,"2. Étang de Milieu",67.63753602570945,42.215257362938374,846.97056,8232553.8432,0.12830076768290255,0.21306132757843105,0.3654593133055812,"1. Aléatoire (Taille)","HadGEM2  RegCM4-6","HadGEM2 (Chaud/Sec modéré)"
2052,"3. Étang Exutoire",100,61.124124054597075,846.97056,8232553.8432,0.12830076768290255,0.21306132757843105,0.3654593133055812,"1. Aléatoire (Taille)","HadGEM2  RegCM4-6","HadGEM2 (Chaud/Sec modéré)"
2053,"1. Étang de Tête",31.472028876457326,15.671131500137935,1124.94528,10934468.1216,0.09356733226662692,0.16504622189777912,0.35698160010764024,"1. Aléatoire (Taille)","HadGEM2  RegCM4-6","HadGEM2 (Chaud/Sec modéré)"
2053,"2. Étang de Milieu",44.13930155963503,28.399432077875005,1124.94528,10934468.1216,0.09356733226662692,0.16504622189777912,0.35698160010764024,"1. Aléatoire (Taille)","HadGEM2  RegCM4-6","HadGEM2 (Chaud/Sec modéré)"
2053,"3. Étang Exutoire",97.98660282300227,62.333821764318245,1124.94528,10934468.1216,0.09356733226662692,0.16504622189777912,0.35698160010764024,"1. Aléatoire (Taille)","HadGEM2  RegCM4-6","HadGEM2 (Chaud/Sec modéré)"
2054,"1. Étang de Tête",45.76774730236,9.322251619010911,1140.23808,11083114.137600001,0.13390006162608234,0.12888351861439598,0.3827825150064062,"1. Aléatoire (Taille)","HadGEM2  RegCM4-6","HadGEM2 (Chaud/Sec modéré)"
2054,"2. Étang de Milieu",61.33299086046718,32.50263803558853,1140.23808,11083114.137600001,0.13390006162608234,0.12888351861439598,0.3827825150064062,"1. Aléatoire (Taille)","HadGEM2  RegCM4-6","HadGEM2 (Chaud/Sec modéré)"
2054,"3. Étang Exutoire",97.87238651082349,50.845148918324625,1140.23808,11083114.137600001,0.13390006162608234,0.12888351861439598,0.3827825150064062,"1. Aléatoire (Taille)","HadGEM2  RegCM4-6","HadGEM2 (Chaud/Sec modéré)"
2055,"1. Étang de Tête",32.22488718640963,5.374256435006799,826.39008,8032511.5775999995,0.07978173079082543,0.23188068455798103,0.36154245403963253,"1. Aléatoire (Taille)","HadGEM2  RegCM4-6","HadGEM2 (Chaud/Sec modéré)"
2055,"2. Étang de Milieu",42.884477478306536,10.309116131423366,826.39008,8032511.5775999995,0.07978173079082543,0.23188068455798103,0.36154245403963253,"1. Aléatoire (Taille)","HadGEM2  RegCM4-6","HadGEM2 (Chaud/Sec modéré)"
2055,"3. Étang Exutoire",0,0,826.39008,8032511.5775999995,0.07978173079082543,0.23188068455798103,0.36154245403963253,"1. Aléatoire (Taille)","HadGEM2  RegCM4-6","HadGEM2 (Chaud/Sec modéré)"
2056,"1. Étang de Tête",20.612975977503595,37.118231207817956,976.67424,9493273.6128,0.009380819286856272,0.1641655490439111,0.35406467349340787,"1. Aléatoire (Taille)","HadGEM2  RegCM4-6","HadGEM2 (Chaud/Sec modéré)"
2056,"2. Étang de Milieu",28.45699981477293,39.86073603183287,976.67424,9493273.6128,0.009380819286856272,0.1641655490439111,0.35406467349340787,"1. Aléatoire (Taille)","HadGEM2  RegCM4-6","HadGEM2 (Chaud/Sec modéré)"
2056,"3. Étang Exutoire",97.60260390597828,83.19004008744729,976.67424,9493273.6128,0.009380819286856272,0.1641655490439111,0.35406467349340787,"1. Aléatoire (Taille)","HadGEM2  RegCM4-6","HadGEM2 (Chaud/Sec modéré)"
2057,"1. Étang de Tête",16.97166374947662,15.807390624767736,956.04192,9292727.4624,0.09237090518788994,0.1759202348210073,0.3510327857250592,"1. Aléatoire (Taille)","HadGEM2  RegCM4-6","HadGEM2 (Chaud/Sec modéré)"
2057,"2. Étang de Milieu",44.91524067310769,35.90151559295631,956.04192,9292727.4624,0.09237090518788994,0.1759202348210073,0.3510327857250592,"1. Aléatoire (Taille)","HadGEM2  RegCM4-6","HadGEM2 (Chaud/Sec modéré)"
2057,"3. Étang Exutoire",100,72.73088429024426,956.04192,9292727.4624,0.09237090518788994,0.1759202348210073,0.3510327857250592,"1. Aléatoire (Taille)","HadGEM2  RegCM4-6","HadGEM2 (Chaud/Sec modéré)"
2058,"1. Étang de Tête",43.59002355855993,0.7449860228973046,835.75584,8123546.7648,0.11245293296394968,0.1958436217123686,0.37085061930433116,"1. Aléatoire (Taille)","HadGEM2  RegCM4-6","HadGEM2 (Chaud/Sec modéré)"
2058,"2. Étang de Milieu",44.80113595210695,9.49262380591033,835.75584,8123546.7648,0.11245293296394968,0.1958436217123686,0.37085061930433116,"1. Aléatoire (Taille)","HadGEM2  RegCM4-6","HadGEM2 (Chaud/Sec modéré)"
2058,"3. Étang Exutoire",97.51532754288533,29.307981496904755,835.75584,8123546.7648,0.11245293296394968,0.1958436217123686,0.37085061930433116,"1. Aléatoire (Taille)","HadGEM2  RegCM4-6","HadGEM2 (Chaud/Sec modéré)"
2059,"1. Étang de Tête",53.991391980023934,27.619740060015484,1080.70848,10504486.4256,0.04175884810389182,0.2026189135120604,0.36910462823276097,"1. Aléatoire (Taille)","HadGEM2  RegCM4-6","HadGEM2 (Chaud/Sec modéré)"
2059,"2. Étang de Milieu",51.48343151155489,29.676245921205936,1080.70848,10504486.4256,0.04175884810389182,0.2026189135120604,0.36910462823276097,"1. Aléatoire (Taille)","HadGEM2  RegCM4-6","HadGEM2 (Chaud/Sec modéré)"
2059,"3. Étang Exutoire",85.38608042834636,38.40331816798818,1080.70848,10504486.4256,0.04175884810389182,0.2026189135120604,0.36910462823276097,"1. Aléatoire (Taille)","HadGEM2  RegCM4-6","HadGEM2 (Chaud/Sec modéré)"
2060,"1. Étang de Tête",25.451616657755377,35.51028878218203,1197.2102399999999,11636883.5328,0.07866002481878272,0.15605473851451945,0.3761732166300535,"1. Aléatoire (Taille)","HadGEM2  RegCM4-6","HadGEM2 (Chaud/Sec modéré)"
2060,"2. Étang de Milieu",60.53498800635687,60.548493977878955,1197.2102399999999,11636883.5328,0.07866002481878272,0.15605473851451945,0.3761732166300535,"1. Aléatoire (Taille)","HadGEM2  RegCM4-6","HadGEM2 (Chaud/Sec modéré)"
2060,"3. Étang Exutoire",99.23112581262788,69.09277607318863,1197.2102399999999,11636883.5328,0.07866002481878272,0.15605473851451945,0.3761732166300535,"1. Aléatoire (Taille)","HadGEM2  RegCM4-6","HadGEM2 (Chaud/Sec modéré)"
2061,"1. Étang de Tête",17.795312112141215,0.09140770750346874,873.39168,8489367.1296,0.1636746725457696,0.15657500256529422,0.34380869888432725,"1. Aléatoire (Taille)","HadGEM2  RegCM4-6","HadGEM2 (Chaud/Sec modéré)"
2061,"2. Étang de Milieu",40.762417795027865,10.016011786222537,873.39168,8489367.1296,0.1636746725457696,0.15657500256529422,0.34380869888432725,"1. Aléatoire (Taille)","HadGEM2  RegCM4-6","HadGEM2 (Chaud/Sec modéré)"
2061,"3. Étang Exutoire",0,0,873.39168,8489367.1296,0.1636746725457696,0.15657500256529422,0.34380869888432725,"1. Aléatoire (Taille)","HadGEM2  RegCM4-6","HadGEM2 (Chaud/Sec modéré)"
2062,"1. Étang de Tête",56.424441970750166,43.274786551079536,1260.63648,12253386.5856,0.05321080283407125,0.15258875944217332,0.3808334420536693,"1. Aléatoire (Taille)","HadGEM2  RegCM4-6","HadGEM2 (Chaud/Sec modéré)"
2062,"2. Étang de Milieu",66.75991610806463,52.207510419196986,1260.63648,12253386.5856,0.05321080283407125,0.15258875944217332,0.3808334420536693,"1. Aléatoire (Taille)","HadGEM2  RegCM4-6","HadGEM2 (Chaud/Sec modéré)"
2062,"3. Étang Exutoire",100,59.14068880597413,1260.63648,12253386.5856,0.05321080283407125,0.15258875944217332,0.3808334420536693,"1. Aléatoire (Taille)","HadGEM2  RegCM4-6","HadGEM2 (Chaud/Sec modéré)"
2063,"1. Étang de Tête",54.81860614620878,44.35378645909769,1150.848,11186242.56,0.10701044924100664,0.18006838094994518,0.3590522152309336,"1. Aléatoire (Taille)","HadGEM2  RegCM4-6","HadGEM2 (Chaud/Sec modéré)"
2063,"2. Étang de Milieu",64.77050281903698,48.96212851837211,1150.848,11186242.56,0.10701044924100664,0.18006838094994518,0.3590522152309336,"1. Aléatoire (Taille)","HadGEM2  RegCM4-6","HadGEM2 (Chaud/Sec modéré)"
2063,"3. Étang Exutoire",99.70013053335018,68.24773096936205,1150.848,11186242.56,0.10701044924100664,0.18006838094994518,0.3590522152309336,"1. Aléatoire (Taille)","HadGEM2  RegCM4-6","HadGEM2 (Chaud/Sec modéré)"
2064,"1. Étang de Tête",49.85697374843079,42.613267860323695,1102.97376,10720904.9472,0.12555487602656618,0.13670372696083732,0.3601695883795053,"1. Aléatoire (Taille)","HadGEM2  RegCM4-6","HadGEM2 (Chaud/Sec modéré)"
2064,"2. Étang de Milieu",54.64725598705056,49.47206341012363,1102.97376,10720904.9472,0.12555487602656618,0.13670372696083732,0.3601695883795053,"1. Aléatoire (Taille)","HadGEM2  RegCM4-6","HadGEM2 (Chaud/Sec modéré)"
2064,"3. Étang Exutoire",97.82807111938862,89.49837041184232,1102.97376,10720904.9472,0.12555487602656618,0.13670372696083732,0.3601695883795053,"1. Aléatoire (Taille)","HadGEM2  RegCM4-6","HadGEM2 (Chaud/Sec modéré)"
2065,"1. Étang de Tête",31.707541658267804,37.10180289980154,1477.5696,14361976.512,0.12224525659979951,0.10793240589612264,0.38880821294026807,"1. Aléatoire (Taille)","HadGEM2  RegCM4-6","HadGEM2 (Chaud/Sec modéré)"
2065,"2. Étang de Milieu",51.40397493234986,43.47003417029916,1477.5696,14361976.512,0.12224525659979951,0.10793240589612264,0.38880821294026807,"1. Aléatoire (Taille)","HadGEM2  RegCM4-6","HadGEM2 (Chaud/Sec modéré)"
2065,"3. Étang Exutoire",100,58.75886333335424,1477.5696,14361976.512,0.12224525659979951,0.10793240589612264,0.38880821294026807,"1. Aléatoire (Taille)","HadGEM2  RegCM4-6","HadGEM2 (Chaud/Sec modéré)"
2066,"1. Étang de Tête",58.284642963502776,23.23422782254695,1309.85856,12731825.2032,0.20319386304906187,0.14008272373664563,0.3972792299461946,"1. Aléatoire (Taille)","HadGEM2  RegCM4-6","HadGEM2 (Chaud/Sec modéré)"
2066,"2. Étang de Milieu",83.57653718847295,43.600808796252785,1309.85856,12731825.2032,0.20319386304906187,0.14008272373664563,0.3972792299461946,"1. Aléatoire (Taille)","HadGEM2  RegCM4-6","HadGEM2 (Chaud/Sec modéré)"
2066,"3. Étang Exutoire",100,48.7224806715656,1309.85856,12731825.2032,0.20319386304906187,0.14008272373664563,0.3972792299461946,"1. Aléatoire (Taille)","HadGEM2  RegCM4-6","HadGEM2 (Chaud/Sec modéré)"
2067,"1. Étang de Tête",53.16146930156219,27.96668684933425,971.28288,9440869.5936,0.11685608699638039,0.182113319283872,0.36259532519790993,"1. Aléatoire (Taille)","HadGEM2  RegCM4-6","HadGEM2 (Chaud/Sec modéré)"
2067,"2. Étang de Milieu",55.56493029104579,35.91243251563854,971.28288,9440869.5936,0.11685608699638039,0.182113319283872,0.36259532519790993,"1. Aléatoire (Taille)","HadGEM2  RegCM4-6","HadGEM2 (Chaud/Sec modéré)"
2067,"3. Étang Exutoire",96.94865843521497,68.53338439858133,971.28288,9440869.5936,0.11685608699638039,0.182113319283872,0.36259532519790993,"1. Aléatoire (Taille)","HadGEM2  RegCM4-6","HadGEM2 (Chaud/Sec modéré)"
2068,"1. Étang de Tête",14.929067507603623,17.612415089665785,1022.30208,9936776.2176,0.11099699280069736,0.1260022245074915,0.36976811386924996,"1. Aléatoire (Taille)","HadGEM2  RegCM4-6","HadGEM2 (Chaud/Sec modéré)"
2068,"2. Étang de Milieu",35.467120179270864,28.134873513009108,1022.30208,9936776.2176,0.11099699280069736,0.1260022245074915,0.36976811386924996,"1. Aléatoire (Taille)","HadGEM2  RegCM4-6","HadGEM2 (Chaud/Sec modéré)"
2068,"3. Étang Exutoire",0,0,1022.30208,9936776.2176,0.11099699280069736,0.1260022245074915,0.36976811386924996,"1. Aléatoire (Taille)","HadGEM2  RegCM4-6","HadGEM2 (Chaud/Sec modéré)"
2069,"1. Étang de Tête",49.66076200764415,31.93054628147683,1200.3552,11667452.544,0.044560947357854264,0.1639362646260284,0.35870781491109427,"1. Aléatoire (Taille)","HadGEM2  RegCM4-6","HadGEM2 (Chaud/Sec modéré)"
2069,"2. Étang de Milieu",55.77218863943307,40.344585123534095,1200.3552,11667452.544,0.044560947357854264,0.1639362646260284,0.35870781491109427,"1. Aléatoire (Taille)","HadGEM2  RegCM4-6","HadGEM2 (Chaud/Sec modéré)"
2069,"3. Étang Exutoire",100,57.279806058623606,1200.3552,11667452.544,0.044560947357854264,0.1639362646260284,0.35870781491109427,"1. Aléatoire (Taille)","HadGEM2  RegCM4-6","HadGEM2 (Chaud/Sec modéré)"
2070,"1. Étang de Tête",56.09296046373945,32.088845124865564,992.15712,9643767.2064,0.11252677816135265,0.19853442469197344,0.3742273582649362,"1. Aléatoire (Taille)","HadGEM2  RegCM4-6","HadGEM2 (Chaud/Sec modéré)"
2070,"2. Étang de Milieu",60.278559463325685,40.36393597867952,992.15712,9643767.2064,0.11252677816135265,0.19853442469197344,0.3742273582649362,"1. Aléatoire (Taille)","HadGEM2  RegCM4-6","HadGEM2 (Chaud/Sec modéré)"
2070,"3. Étang Exutoire",97.15914018029396,59.5196292724382,992.15712,9643767.2064,0.11252677816135265,0.19853442469197344,0.3742273582649362,"1. Aléatoire (Taille)","HadGEM2  RegCM4-6","HadGEM2 (Chaud/Sec modéré)"
2026,"1. Étang de Tête",91.58503260379126,59.96290328016726,699.58944,6800009.3568,0.024478613665761245,0.2555407846374963,0.3623081154674087,"1. Aléatoire (Taille)","IPSL-CM5A  RCA4","IPSL-CM5A (Hiver humide/Été extrême)"
2026,"2. Étang de Milieu",82.8436686059961,57.79665904483888,699.58944,6800009.3568,0.024478613665761245,0.2555407846374963,0.3623081154674087,"1. Aléatoire (Taille)","IPSL-CM5A  RCA4","IPSL-CM5A (Hiver humide/Été extrême)"
2026,"3. Étang Exutoire",99.54018115924751,73.21814337664338,699.58944,6800009.3568,0.024478613665761245,0.2555407846374963,0.3623081154674087,"1. Aléatoire (Taille)","IPSL-CM5A  RCA4","IPSL-CM5A (Hiver humide/Été extrême)"
2027,"1. Étang de Tête",10.902003458670793,0.057028936959772805,712.48032,6925308.7104,0.11668774267382155,0.20115367739887885,0.3213429392459623,"1. Aléatoire (Taille)","IPSL-CM5A  RCA4","IPSL-CM5A (Hiver humide/Été extrême)"
2027,"2. Étang de Milieu",40.65826203997537,14.88502343106226,712.48032,6925308.7104,0.11668774267382155,0.20115367739887885,0.3213429392459623,"1. Aléatoire (Taille)","IPSL-CM5A  RCA4","IPSL-CM5A (Hiver humide/Été extrême)"
2027,"3. Étang Exutoire",17.661817775690878,0.06364173067607554,712.48032,6925308.7104,0.11668774267382155,0.20115367739887885,0.3213429392459623,"1. Aléatoire (Taille)","IPSL-CM5A  RCA4","IPSL-CM5A (Hiver humide/Été extrême)"
2028,"1. Étang de Tête",69.26673709607064,18.305523873052202,1062.58176,10328294.7072,0.040406860620657896,0.20258957141097123,0.36389366599809086,"1. Aléatoire (Taille)","IPSL-CM5A  RCA4","IPSL-CM5A (Hiver humide/Été extrême)"
2028,"2. Étang de Milieu",74.12079031918014,26.979214821614036,1062.58176,10328294.7072,0.040406860620657896,0.20258957141097123,0.36389366599809086,"1. Aléatoire (Taille)","IPSL-CM5A  RCA4","IPSL-CM5A (Hiver humide/Été extrême)"
2028,"3. Étang Exutoire",97.82335673533218,45.690155103578576,1062.58176,10328294.7072,0.040406860620657896,0.20258957141097123,0.36389366599809086,"1. Aléatoire (Taille)","IPSL-CM5A  RCA4","IPSL-CM5A (Hiver humide/Été extrême)"
2029,"1. Étang de Tête",24.1896343629582,5.7437627065997425,869.28768,8449476.2496,0.1378596430335974,0.14453972462664058,0.3745574653808802,"1. Aléatoire (Taille)","IPSL-CM5A  RCA4","IPSL-CM5A (Hiver humide/Été extrême)"
2029,"2. Étang de Milieu",46.1766389585894,29.031287863166526,869.28768,8449476.2496,0.1378596430335974,0.14453972462664058,0.3745574653808802,"1. Aléatoire (Taille)","IPSL-CM5A  RCA4","IPSL-CM5A (Hiver humide/Été extrême)"
2029,"3. Étang Exutoire",99.47590159971269,67.15148342381858,869.28768,8449476.2496,0.1378596430335974,0.14453972462664058,0.3745574653808802,"1. Aléatoire (Taille)","IPSL-CM5A  RCA4","IPSL-CM5A (Hiver humide/Été extrême)"
2030,"1. Étang de Tête",32.61077550152943,9.105527412283655,993.4099199999999,9655944.4224,0.06810967641621989,0.14023646228234507,0.34333749519217577,"1. Aléatoire (Taille)","IPSL-CM5A  RCA4","IPSL-CM5A (Hiver humide/Été extrême)"
2030,"2. Étang de Milieu",38.180632683870805,22.074046513016373,993.4099199999999,9655944.4224,0.06810967641621989,0.14023646228234507,0.34333749519217577,"1. Aléatoire (Taille)","IPSL-CM5A  RCA4","IPSL-CM5A (Hiver humide/Été extrême)"
2030,"3. Étang Exutoire",97.99723187091777,76.51263900386238,993.4099199999999,9655944.4224,0.06810967641621989,0.14023646228234507,0.34333749519217577,"1. Aléatoire (Taille)","IPSL-CM5A  RCA4","IPSL-CM5A (Hiver humide/Été extrême)"
2031,"1. Étang de Tête",38.247001771868646,12.04512225970799,980.73504,9532744.5888,0.052526853565298834,0.16794418482852067,0.3639994389772691,"1. Aléatoire (Taille)","IPSL-CM5A  RCA4","IPSL-CM5A (Hiver humide/Été extrême)"
2031,"2. Étang de Milieu",60.40054189240808,32.40748702874304,980.73504,9532744.5888,0.052526853565298834,0.16794418482852067,0.3639994389772691,"1. Aléatoire (Taille)","IPSL-CM5A  RCA4","IPSL-CM5A (Hiver humide/Été extrême)"
2031,"3. Étang Exutoire",0,0,980.73504,9532744.5888,0.052526853565298834,0.16794418482852067,0.3639994389772691,"1. Aléatoire (Taille)","IPSL-CM5A  RCA4","IPSL-CM5A (Hiver humide/Été extrême)"
2032,"1. Étang de Tête",26.662170348841403,1.461136832029027,933.74208,9075973.0176,0.08897796495700112,0.1856064820032789,0.37298615817930675,"1. Aléatoire (Taille)","IPSL-CM5A  RCA4","IPSL-CM5A (Hiver humide/Été extrême)"
2032,"2. Étang de Milieu",66.42772379875258,19.62353756009134,933.74208,9075973.0176,0.08897796495700112,0.1856064820032789,0.37298615817930675,"1. Aléatoire (Taille)","IPSL-CM5A  RCA4","IPSL-CM5A (Hiver humide/Été extrême)"
2032,"3. Étang Exutoire",98.38361756617005,32.101755217647685,933.74208,9075973.0176,0.08897796495700112,0.1856064820032789,0.37298615817930675,"1. Aléatoire (Taille)","IPSL-CM5A  RCA4","IPSL-CM5A (Hiver humide/Été extrême)"
2033,"1. Étang de Tête",46.95818382470163,32.06504721252983,959.85216,9329762.9952,0.08113208880779776,0.15635566330865167,0.3680126319275078,"1. Aléatoire (Taille)","IPSL-CM5A  RCA4","IPSL-CM5A (Hiver humide/Été extrême)"
2033,"2. Étang de Milieu",47.10299725941718,32.829367054884564,959.85216,9329762.9952,0.08113208880779776,0.15635566330865167,0.3680126319275078,"1. Aléatoire (Taille)","IPSL-CM5A  RCA4","IPSL-CM5A (Hiver humide/Été extrême)"
2033,"3. Étang Exutoire",100,63.31814387297411,959.85216,9329762.9952,0.08113208880779776,0.15635566330865167,0.3680126319275078,"1. Aléatoire (Taille)","IPSL-CM5A  RCA4","IPSL-CM5A (Hiver humide/Été extrême)"
2034,"1. Étang de Tête",56.63080958762221,50.386577556797164,1219.97664,11858172.940800002,0.06920870790133174,0.1382540859156614,0.367158443761275,"1. Aléatoire (Taille)","IPSL-CM5A  RCA4","IPSL-CM5A (Hiver humide/Été extrême)"
2034,"2. Étang de Milieu",63.55942271308257,60.194849334935085,1219.97664,11858172.940800002,0.06920870790133174,0.1382540859156614,0.367158443761275,"1. Aléatoire (Taille)","IPSL-CM5A  RCA4","IPSL-CM5A (Hiver humide/Été extrême)"
2034,"3. Étang Exutoire",95.69695036840315,89.33502148028029,1219.97664,11858172.940800002,0.06920870790133174,0.1382540859156614,0.367158443761275,"1. Aléatoire (Taille)","IPSL-CM5A  RCA4","IPSL-CM5A (Hiver humide/Été extrême)"
2035,"1. Étang de Tête",71.7092035877669,38.56296800675196,1179.7056,11466738.432,0.18681852963184795,0.13869976490770577,0.3896945426798078,"1. Aléatoire (Taille)","IPSL-CM5A  RCA4","IPSL-CM5A (Hiver humide/Été extrême)"
2035,"2. Étang de Milieu",76.23791489284373,49.164307169988824,1179.7056,11466738.432,0.18681852963184795,0.13869976490770577,0.3896945426798078,"1. Aléatoire (Taille)","IPSL-CM5A  RCA4","IPSL-CM5A (Hiver humide/Été extrême)"
2035,"3. Étang Exutoire",0,0,1179.7056,11466738.432,0.18681852963184795,0.13869976490770577,0.3896945426798078,"1. Aléatoire (Taille)","IPSL-CM5A  RCA4","IPSL-CM5A (Hiver humide/Été extrême)"
2036,"1. Étang de Tête",11.848727670373632,6.112945429522977,895.98528,8708976.9216,0.07544167457907569,0.1726997166306531,0.33608298996165475,"1. Aléatoire (Taille)","IPSL-CM5A  RCA4","IPSL-CM5A (Hiver humide/Été extrême)"
2036,"2. Étang de Milieu",54.95206388401488,40.05991343963994,895.98528,8708976.9216,0.07544167457907569,0.1726997166306531,0.33608298996165475,"1. Aléatoire (Taille)","IPSL-CM5A  RCA4","IPSL-CM5A (Hiver humide/Été extrême)"
2036,"3. Étang Exutoire",98.8437939836128,73.67470205431223,895.98528,8708976.9216,0.07544167457907569,0.1726997166306531,0.33608298996165475,"1. Aléatoire (Taille)","IPSL-CM5A  RCA4","IPSL-CM5A (Hiver humide/Été extrême)"
2037,"1. Étang de Tête",19.931353874881744,0.8192929696840615,920.16864,8944039.1808,0.09155737493407518,0.16956127150851372,0.3591352986665775,"1. Aléatoire (Taille)","IPSL-CM5A  RCA4","IPSL-CM5A (Hiver humide/Été extrême)"
2037,"2. Étang de Milieu",37.9003066647111,14.75470671877162,920.16864,8944039.1808,0.09155737493407518,0.16956127150851372,0.3591352986665775,"1. Aléatoire (Taille)","IPSL-CM5A  RCA4","IPSL-CM5A (Hiver humide/Été extrême)"
2037,"3. Étang Exutoire",98.01660884505117,55.673393702964404,920.16864,8944039.1808,0.09155737493407518,0.16956127150851372,0.3591352986665775,"1. Aléatoire (Taille)","IPSL-CM5A  RCA4","IPSL-CM5A (Hiver humide/Été extrême)"
2038,"1. Étang de Tête",32.413528442138045,18.28371893196601,1095.32736,10646581.939199999,0.09815138050785638,0.16661142239270482,0.373368667300474,"1. Aléatoire (Taille)","IPSL-CM5A  RCA4","IPSL-CM5A (Hiver humide/Été extrême)"
2038,"2. Étang de Milieu",64.75415635278152,40.263459296324044,1095.32736,10646581.939199999,0.09815138050785638,0.16661142239270482,0.373368667300474,"1. Aléatoire (Taille)","IPSL-CM5A  RCA4","IPSL-CM5A (Hiver humide/Été extrême)"
2038,"3. Étang Exutoire",96.51542175320095,64.93248994407816,1095.32736,10646581.939199999,0.09815138050785638,0.16661142239270482,0.373368667300474,"1. Aléatoire (Taille)","IPSL-CM5A  RCA4","IPSL-CM5A (Hiver humide/Été extrême)"
2039,"1. Étang de Tête",44.49818861570332,31.693754254274662,1110.69792,10795983.7824,0.07856473581953065,0.12406780136773507,0.36461019386233307,"1. Aléatoire (Taille)","IPSL-CM5A  RCA4","IPSL-CM5A (Hiver humide/Été extrême)"
2039,"2. Étang de Milieu",55.57619542199661,44.34128901368768,1110.69792,10795983.7824,0.07856473581953065,0.12406780136773507,0.36461019386233307,"1. Aléatoire (Taille)","IPSL-CM5A  RCA4","IPSL-CM5A (Hiver humide/Été extrême)"
2039,"3. Étang Exutoire",97.60618416390362,75.8253080256621,1110.69792,10795983.7824,0.07856473581953065,0.12406780136773507,0.36461019386233307,"1. Aléatoire (Taille)","IPSL-CM5A  RCA4","IPSL-CM5A (Hiver humide/Été extrême)"
2040,"1. Étang de Tête",31.56625874973275,9.032788417688284,932.80032,9066819.1104,0.13576713867691642,0.18500672912667834,0.3553368592132096,"1. Aléatoire (Taille)","IPSL-CM5A  RCA4","IPSL-CM5A (Hiver humide/Été extrême)"
2040,"2. Étang de Milieu",48.25011918810873,26.047707509681377,932.80032,9066819.1104,0.13576713867691642,0.18500672912667834,0.3553368592132096,"1. Aléatoire (Taille)","IPSL-CM5A  RCA4","IPSL-CM5A (Hiver humide/Été extrême)"
2040,"3. Étang Exutoire",97.60173328406793,55.57958731361595,932.80032,9066819.1104,0.13576713867691642,0.18500672912667834,0.3553368592132096,"1. Aléatoire (Taille)","IPSL-CM5A  RCA4","IPSL-CM5A (Hiver humide/Été extrême)"
2041,"1. Étang de Tête",54.24240728713917,0,821.67264,7986658.0608,0.09005000008251726,0.21657219612387543,0.3849088574257601,"1. Aléatoire (Taille)","IPSL-CM5A  RCA4","IPSL-CM5A (Hiver humide/Été extrême)"
2041,"2. Étang de Milieu",62.188884982100014,12.96138275719277,821.67264,7986658.0608,0.09005000008251726,0.21657219612387543,0.3849088574257601,"1. Aléatoire (Taille)","IPSL-CM5A  RCA4","IPSL-CM5A (Hiver humide/Été extrême)"
2041,"3. Étang Exutoire",99.77028062059965,22.823844874852988,821.67264,7986658.0608,0.09005000008251726,0.21657219612387543,0.3849088574257601,"1. Aléatoire (Taille)","IPSL-CM5A  RCA4","IPSL-CM5A (Hiver humide/Été extrême)"
2042,"1. Étang de Tête",6.204890564240569,0,704.98944,6852497.356799999,0.04640906513626837,0.18679440331589217,0.34847738468628786,"1. Aléatoire (Taille)","IPSL-CM5A  RCA4","IPSL-CM5A (Hiver humide/Été extrême)"
2042,"2. Étang de Milieu",40.96998475389195,16.537241383694674,704.98944,6852497.356799999,0.04640906513626837,0.18679440331589217,0.34847738468628786,"1. Aléatoire (Taille)","IPSL-CM5A  RCA4","IPSL-CM5A (Hiver humide/Été extrême)"
2042,"3. Étang Exutoire",0,0,704.98944,6852497.356799999,0.04640906513626837,0.18679440331589217,0.34847738468628786,"1. Aléatoire (Taille)","IPSL-CM5A  RCA4","IPSL-CM5A (Hiver humide/Été extrême)"
2043,"1. Étang de Tête",42.62731052896829,25.005904862279426,998.80992,9708432.422400001,0.033577231143676216,0.1831388238928613,0.3713693788290472,"1. Aléatoire (Taille)","IPSL-CM5A  RCA4","IPSL-CM5A (Hiver humide/Été extrême)"
2043,"2. Étang de Milieu",54.31193619525104,34.872109909457215,998.80992,9708432.422400001,0.033577231143676216,0.1831388238928613,0.3713693788290472,"1. Aléatoire (Taille)","IPSL-CM5A  RCA4","IPSL-CM5A (Hiver humide/Été extrême)"
2043,"3. Étang Exutoire",100,51.96891042869417,998.80992,9708432.422400001,0.033577231143676216,0.1831388238928613,0.3713693788290472,"1. Aléatoire (Taille)","IPSL-CM5A  RCA4","IPSL-CM5A (Hiver humide/Été extrême)"
2044,"1. Étang de Tête",53.14374119633685,35.072068406076056,1140.03936,11081182.5792,0.049247132814318244,0.18529047591766248,0.3631384957201074,"1. Aléatoire (Taille)","IPSL-CM5A  RCA4","IPSL-CM5A (Hiver humide/Été extrême)"
2044,"2. Étang de Milieu",53.52785422123068,37.117700593268644,1140.03936,11081182.5792,0.049247132814318244,0.18529047591766248,0.3631384957201074,"1. Aléatoire (Taille)","IPSL-CM5A  RCA4","IPSL-CM5A (Hiver humide/Été extrême)"
2044,"3. Étang Exutoire",99.79575431849501,53.712634373267875,1140.03936,11081182.5792,0.049247132814318244,0.18529047591766248,0.3631384957201074,"1. Aléatoire (Taille)","IPSL-CM5A  RCA4","IPSL-CM5A (Hiver humide/Été extrême)"
2045,"1. Étang de Tête",85.54433111453633,35.35458383325858,1223.19936,11889497.7792,0.1400298341823726,0.1473935816991792,0.3768579608070959,"1. Aléatoire (Taille)","IPSL-CM5A  RCA4","IPSL-CM5A (Hiver humide/Été extrême)"
2045,"2. Étang de Milieu",76.01534269924484,41.159833394164295,1223.19936,11889497.7792,0.1400298341823726,0.1473935816991792,0.3768579608070959,"1. Aléatoire (Taille)","IPSL-CM5A  RCA4","IPSL-CM5A (Hiver humide/Été extrême)"
2045,"3. Étang Exutoire",99.71477087353321,54.16403401222071,1223.19936,11889497.7792,0.1400298341823726,0.1473935816991792,0.3768579608070959,"1. Aléatoire (Taille)","IPSL-CM5A  RCA4","IPSL-CM5A (Hiver humide/Été extrême)"
2046,"1. Étang de Tête",18.387735601258612,0.764738217370163,852.43968,8285713.6896,0.06563541934590493,0.20232788625421336,0.33417059004864774,"1. Aléatoire (Taille)","IPSL-CM5A  RCA4","IPSL-CM5A (Hiver humide/Été extrême)"
2046,"2. Étang de Milieu",45.16745673920082,23.679810962863318,852.43968,8285713.6896,0.06563541934590493,0.20232788625421336,0.33417059004864774,"1. Aléatoire (Taille)","IPSL-CM5A  RCA4","IPSL-CM5A (Hiver humide/Été extrême)"
2046,"3. Étang Exutoire",82.45245510343605,66.7691422773035,852.43968,8285713.6896,0.06563541934590493,0.20232788625421336,0.33417059004864774,"1. Aléatoire (Taille)","IPSL-CM5A  RCA4","IPSL-CM5A (Hiver humide/Été extrême)"
2047,"1. Étang de Tête",42.417347961102536,32.26540689389208,992.96064,9651577.4208,0.07535236597442903,0.14048625769100778,0.3698594451980354,"1. Aléatoire (Taille)","IPSL-CM5A  RCA4","IPSL-CM5A (Hiver humide/Été extrême)"
2047,"2. Étang de Milieu",53.72454707036265,45.32372115962007,992.96064,9651577.4208,0.07535236597442903,0.14048625769100778,0.3698594451980354,"1. Aléatoire (Taille)","IPSL-CM5A  RCA4","IPSL-CM5A (Hiver humide/Été extrême)"
2047,"3. Étang Exutoire",100,77.46209486346193,992.96064,9651577.4208,0.07535236597442903,0.14048625769100778,0.3698594451980354,"1. Aléatoire (Taille)","IPSL-CM5A  RCA4","IPSL-CM5A (Hiver humide/Été extrême)"
2048,"1. Étang de Tête",21.43941883323737,1.4583211006275834,882.47232,8577630.950399999,0.07244305959871779,0.1816706450497197,0.3457219640621659,"1. Aléatoire (Taille)","IPSL-CM5A  RCA4","IPSL-CM5A (Hiver humide/Été extrême)"
2048,"2. Étang de Milieu",47.157656323573306,20.962640386801834,882.47232,8577630.950399999,0.07244305959871779,0.1816706450497197,0.3457219640621659,"1. Aléatoire (Taille)","IPSL-CM5A  RCA4","IPSL-CM5A (Hiver humide/Été extrême)"
2048,"3. Étang Exutoire",0,0,882.47232,8577630.950399999,0.07244305959871779,0.1816706450497197,0.3457219640621659,"1. Aléatoire (Taille)","IPSL-CM5A  RCA4","IPSL-CM5A (Hiver humide/Été extrême)"
2049,"1. Étang de Tête",42.42497439281388,9.691914965347927,1039.608,10104989.76,0.0683385040216451,0.17861302055870765,0.36379604395757476,"1. Aléatoire (Taille)","IPSL-CM5A  RCA4","IPSL-CM5A (Hiver humide/Été extrême)"
2049,"2. Étang de Milieu",58.90538532800368,18.559073890526147,1039.608,10104989.76,0.0683385040216451,0.17861302055870765,0.36379604395757476,"1. Aléatoire (Taille)","IPSL-CM5A  RCA4","IPSL-CM5A (Hiver humide/Été extrême)"
2049,"3. Étang Exutoire",100,42.57471466028308,1039.608,10104989.76,0.0683385040216451,0.17861302055870765,0.36379604395757476,"1. Aléatoire (Taille)","IPSL-CM5A  RCA4","IPSL-CM5A (Hiver humide/Été extrême)"
2050,"1. Étang de Tête",48.128960406063385,17.97042958287833,933.10272,9069758.4384,0.062490649490103876,0.21315991081605698,0.37370626052624417,"1. Aléatoire (Taille)","IPSL-CM5A  RCA4","IPSL-CM5A (Hiver humide/Été extrême)"
2050,"2. Étang de Milieu",60.887439288444114,27.52096278751083,933.10272,9069758.4384,0.062490649490103876,0.21315991081605698,0.37370626052624417,"1. Aléatoire (Taille)","IPSL-CM5A  RCA4","IPSL-CM5A (Hiver humide/Été extrême)"
2050,"3. Étang Exutoire",100,44.78307974018284,933.10272,9069758.4384,0.062490649490103876,0.21315991081605698,0.37370626052624417,"1. Aléatoire (Taille)","IPSL-CM5A  RCA4","IPSL-CM5A (Hiver humide/Été extrême)"
2051,"1. Étang de Tête",62.12350277944062,9.0683700513341,1129.30848,10976878.4256,0.045415639091246414,0.19274634492173934,0.3595836774746869,"1. Aléatoire (Taille)","IPSL-CM5A  RCA4","IPSL-CM5A (Hiver humide/Été extrême)"
2051,"2. Étang de Milieu",61.87587003568074,20.584033951565612,1129.30848,10976878.4256,0.045415639091246414,0.19274634492173934,0.3595836774746869,"1. Aléatoire (Taille)","IPSL-CM5A  RCA4","IPSL-CM5A (Hiver humide/Été extrême)"
2051,"3. Étang Exutoire",97.42935691286459,38.44508001445707,1129.30848,10976878.4256,0.045415639091246414,0.19274634492173934,0.3595836774746869,"1. Aléatoire (Taille)","IPSL-CM5A  RCA4","IPSL-CM5A (Hiver humide/Été extrême)"
2052,"1. Étang de Tête",44.94472573855287,22.64675399834783,1451.3212800000001,14106842.8416,0.14611395008631634,0.12049036268217152,0.39670959111320026,"1. Aléatoire (Taille)","IPSL-CM5A  RCA4","IPSL-CM5A (Hiver humide/Été extrême)"
2052,"2. Étang de Milieu",82.23224202670355,47.88595361616216,1451.3212800000001,14106842.8416,0.14611395008631634,0.12049036268217152,0.39670959111320026,"1. Aléatoire (Taille)","IPSL-CM5A  RCA4","IPSL-CM5A (Hiver humide/Été extrême)"
2052,"3. Étang Exutoire",99.84886381091803,52.00928302261551,1451.3212800000001,14106842.8416,0.14611395008631634,0.12049036268217152,0.39670959111320026,"1. Aléatoire (Taille)","IPSL-CM5A  RCA4","IPSL-CM5A (Hiver humide/Été extrême)"
2053,"1. Étang de Tête",65.37708044622663,51.58343841290838,1295.33472,12590653.4784,0.1683905016188714,0.1278248814019786,0.3930705166513171,"1. Aléatoire (Taille)","IPSL-CM5A  RCA4","IPSL-CM5A (Hiver humide/Été extrême)"
2053,"2. Étang de Milieu",73.18432781775462,61.80804203934941,1295.33472,12590653.4784,0.1683905016188714,0.1278248814019786,0.3930705166513171,"1. Aléatoire (Taille)","IPSL-CM5A  RCA4","IPSL-CM5A (Hiver humide/Été extrême)"
2053,"3. Étang Exutoire",100,83.25613996905284,1295.33472,12590653.4784,0.1683905016188714,0.1278248814019786,0.3930705166513171,"1. Aléatoire (Taille)","IPSL-CM5A  RCA4","IPSL-CM5A (Hiver humide/Été extrême)"
2054,"1. Étang de Tête",46.74672490032378,4.501629375038981,969.77952,9426256.9344,0.12497147694940734,0.16043789888051302,0.35083180686811205,"1. Aléatoire (Taille)","IPSL-CM5A  RCA4","IPSL-CM5A (Hiver humide/Été extrême)"
2054,"2. Étang de Milieu",58.52860749584738,26.459229022978256,969.77952,9426256.9344,0.12497147694940734,0.16043789888051302,0.35083180686811205,"1. Aléatoire (Taille)","IPSL-CM5A  RCA4","IPSL-CM5A (Hiver humide/Été extrême)"
2054,"3. Étang Exutoire",99.09447228014034,47.57862270457908,969.77952,9426256.9344,0.12497147694940734,0.16043789888051302,0.35083180686811205,"1. Aléatoire (Taille)","IPSL-CM5A  RCA4","IPSL-CM5A (Hiver humide/Été extrême)"
2055,"1. Étang de Tête",65.483680733182,26.931855623282452,1071.94752,10419329.894399999,0.08833402227486403,0.17240186669164898,0.3783565331295393,"1. Aléatoire (Taille)","IPSL-CM5A  RCA4","IPSL-CM5A (Hiver humide/Été extrême)"
2055,"2. Étang de Milieu",71.72452751721052,37.77131161458294,1071.94752,10419329.894399999,0.08833402227486403,0.17240186669164898,0.3783565331295393,"1. Aléatoire (Taille)","IPSL-CM5A  RCA4","IPSL-CM5A (Hiver humide/Été extrême)"
2055,"3. Étang Exutoire",0,0,1071.94752,10419329.894399999,0.08833402227486403,0.17240186669164898,0.3783565331295393,"1. Aléatoire (Taille)","IPSL-CM5A  RCA4","IPSL-CM5A (Hiver humide/Été extrême)"
2056,"1. Étang de Tête",55.05558089688635,12.190796182670367,1067.24736,10373644.339200001,0.06386769721950836,0.20495384181257034,0.35882439421733164,"1. Aléatoire (Taille)","IPSL-CM5A  RCA4","IPSL-CM5A (Hiver humide/Été extrême)"
2056,"2. Étang de Milieu",63.96267172389859,21.431786104953037,1067.24736,10373644.339200001,0.06386769721950836,0.20495384181257034,0.35882439421733164,"1. Aléatoire (Taille)","IPSL-CM5A  RCA4","IPSL-CM5A (Hiver humide/Été extrême)"
2056,"3. Étang Exutoire",98.97226453397607,45.27621070449026,1067.24736,10373644.339200001,0.06386769721950836,0.20495384181257034,0.35882439421733164,"1. Aléatoire (Taille)","IPSL-CM5A  RCA4","IPSL-CM5A (Hiver humide/Été extrême)"
2057,"1. Étang de Tête",70.93140422068666,2.8178526622566786,977.59872,9502259.5584,0.11177476040872127,0.21842063299419653,0.381258633495801,"1. Aléatoire (Taille)","IPSL-CM5A  RCA4","IPSL-CM5A (Hiver humide/Été extrême)"
2057,"2. Étang de Milieu",74.63003398994182,9.796330867982714,977.59872,9502259.5584,0.11177476040872127,0.21842063299419653,0.381258633495801,"1. Aléatoire (Taille)","IPSL-CM5A  RCA4","IPSL-CM5A (Hiver humide/Été extrême)"
2057,"3. Étang Exutoire",100,10.795546165574686,977.59872,9502259.5584,0.11177476040872127,0.21842063299419653,0.381258633495801,"1. Aléatoire (Taille)","IPSL-CM5A  RCA4","IPSL-CM5A (Hiver humide/Été extrême)"
2058,"1. Étang de Tête",32.387500859001285,10.614898344342725,1078.6176,10484163.072,0.045980501358448826,0.1454765257357471,0.34585742070679437,"1. Aléatoire (Taille)","IPSL-CM5A  RCA4","IPSL-CM5A (Hiver humide/Été extrême)"
2058,"2. Étang de Milieu",33.76410792141054,19.90537633885301,1078.6176,10484163.072,0.045980501358448826,0.1454765257357471,0.34585742070679437,"1. Aléatoire (Taille)","IPSL-CM5A  RCA4","IPSL-CM5A (Hiver humide/Été extrême)"
2058,"3. Étang Exutoire",99.72904117563786,76.4063271410245,1078.6176,10484163.072,0.045980501358448826,0.1454765257357471,0.34585742070679437,"1. Aléatoire (Taille)","IPSL-CM5A  RCA4","IPSL-CM5A (Hiver humide/Été extrême)"
2059,"1. Étang de Tête",58.76117151280422,25.92553659636435,1034.8992,10059220.224,0.07262489530009683,0.23980827415581454,0.38026746575616716,"1. Aléatoire (Taille)","IPSL-CM5A  RCA4","IPSL-CM5A (Hiver humide/Été extrême)"
2059,"2. Étang de Milieu",64.00563446624275,33.215499098131936,1034.8992,10059220.224,0.07262489530009683,0.23980827415581454,0.38026746575616716,"1. Aléatoire (Taille)","IPSL-CM5A  RCA4","IPSL-CM5A (Hiver humide/Été extrême)"
2059,"3. Étang Exutoire",98.75830406556146,46.42374296454452,1034.8992,10059220.224,0.07262489530009683,0.23980827415581454,0.38026746575616716,"1. Aléatoire (Taille)","IPSL-CM5A  RCA4","IPSL-CM5A (Hiver humide/Été extrême)"
2060,"1. Étang de Tête",26.113623112684703,0,814.89024,7920733.1328,0.05188470565444492,0.2524001584685384,0.36207801655460997,"1. Aléatoire (Taille)","IPSL-CM5A  RCA4","IPSL-CM5A (Hiver humide/Été extrême)"
2060,"2. Étang de Milieu",56.829885837699116,10.05037520303535,814.89024,7920733.1328,0.05188470565444492,0.2524001584685384,0.36207801655460997,"1. Aléatoire (Taille)","IPSL-CM5A  RCA4","IPSL-CM5A (Hiver humide/Été extrême)"
2060,"3. Étang Exutoire",99.88212211061754,12.738171660386085,814.89024,7920733.1328,0.05188470565444492,0.2524001584685384,0.36207801655460997,"1. Aléatoire (Taille)","IPSL-CM5A  RCA4","IPSL-CM5A (Hiver humide/Été extrême)"
2061,"1. Étang de Tête",46.85626919136018,18.04008418142028,976.3977600000001,9490586.227200001,0.05997040841837999,0.1485060665056889,0.37113279983357256,"1. Aléatoire (Taille)","IPSL-CM5A  RCA4","IPSL-CM5A (Hiver humide/Été extrême)"
2061,"2. Étang de Milieu",52.62024762806935,25.40610190925121,976.3977600000001,9490586.227200001,0.05997040841837999,0.1485060665056889,0.37113279983357256,"1. Aléatoire (Taille)","IPSL-CM5A  RCA4","IPSL-CM5A (Hiver humide/Été extrême)"
2061,"3. Étang Exutoire",0,0,976.3977600000001,9490586.227200001,0.05997040841837999,0.1485060665056889,0.37113279983357256,"1. Aléatoire (Taille)","IPSL-CM5A  RCA4","IPSL-CM5A (Hiver humide/Été extrême)"
2062,"1. Étang de Tête",60.52910824790916,35.9294393567577,1212.39072,11784437.798400002,0.038377878914496295,0.15287008894447374,0.36469755520360947,"1. Aléatoire (Taille)","IPSL-CM5A  RCA4","IPSL-CM5A (Hiver humide/Été extrême)"
2062,"2. Étang de Milieu",74.86688817685288,50.9790696706415,1212.39072,11784437.798400002,0.038377878914496295,0.15287008894447374,0.36469755520360947,"1. Aléatoire (Taille)","IPSL-CM5A  RCA4","IPSL-CM5A (Hiver humide/Été extrême)"
2062,"3. Étang Exutoire",100,62.713687283462605,1212.39072,11784437.798400002,0.038377878914496295,0.15287008894447374,0.36469755520360947,"1. Aléatoire (Taille)","IPSL-CM5A  RCA4","IPSL-CM5A (Hiver humide/Été extrême)"
2063,"1. Étang de Tête",32.79290694436434,7.721049519318365,908.1936000000001,8827641.792,0.11639884556268,0.23803385478586514,0.34514696880679335,"1. Aléatoire (Taille)","IPSL-CM5A  RCA4","IPSL-CM5A (Hiver humide/Été extrême)"
2063,"2. Étang de Milieu",53.983026110177455,35.46790259746082,908.1936000000001,8827641.792,0.11639884556268,0.23803385478586514,0.34514696880679335,"1. Aléatoire (Taille)","IPSL-CM5A  RCA4","IPSL-CM5A (Hiver humide/Été extrême)"
2063,"3. Étang Exutoire",98.53248711288913,76.39520126493579,908.1936000000001,8827641.792,0.11639884556268,0.23803385478586514,0.34514696880679335,"1. Aléatoire (Taille)","IPSL-CM5A  RCA4","IPSL-CM5A (Hiver humide/Été extrême)"
2064,"1. Étang de Tête",51.0771154236071,29.965693416699622,1113.0912,10819246.464,0.06905915207794242,0.15611497034946165,0.36026175295277585,"1. Aléatoire (Taille)","IPSL-CM5A  RCA4","IPSL-CM5A (Hiver humide/Été extrême)"
2064,"2. Étang de Milieu",55.814538889253456,38.06643593206038,1113.0912,10819246.464,0.06905915207794242,0.15611497034946165,0.36026175295277585,"1. Aléatoire (Taille)","IPSL-CM5A  RCA4","IPSL-CM5A (Hiver humide/Été extrême)"
2064,"3. Étang Exutoire",99.5240041414114,67.28346987663612,1113.0912,10819246.464,0.06905915207794242,0.15611497034946165,0.36026175295277585,"1. Aléatoire (Taille)","IPSL-CM5A  RCA4","IPSL-CM5A (Hiver humide/Été extrême)"
2065,"1. Étang de Tête",43.48994616371484,3.4792916754207166,1067.79168,10378935.129600001,0.0822709174310531,0.16796023368011412,0.367119062816412,"1. Aléatoire (Taille)","IPSL-CM5A  RCA4","IPSL-CM5A (Hiver humide/Été extrême)"
2065,"2. Étang de Milieu",54.83732868112091,19.74882618542493,1067.79168,10378935.129600001,0.0822709174310531,0.16796023368011412,0.367119062816412,"1. Aléatoire (Taille)","IPSL-CM5A  RCA4","IPSL-CM5A (Hiver humide/Été extrême)"
2065,"3. Étang Exutoire",100,39.031449580099626,1067.79168,10378935.129600001,0.0822709174310531,0.16796023368011412,0.367119062816412,"1. Aléatoire (Taille)","IPSL-CM5A  RCA4","IPSL-CM5A (Hiver humide/Été extrême)"
2066,"1. Étang de Tête",53.2919119523067,32.272676092028895,1196.10432,11626133.990399998,0.09381290423001294,0.1494533162594919,0.37712032532333273,"1. Aléatoire (Taille)","IPSL-CM5A  RCA4","IPSL-CM5A (Hiver humide/Été extrême)"
2066,"2. Étang de Milieu",67.33787791057624,45.4883420755628,1196.10432,11626133.990399998,0.09381290423001294,0.1494533162594919,0.37712032532333273,"1. Aléatoire (Taille)","IPSL-CM5A  RCA4","IPSL-CM5A (Hiver humide/Été extrême)"
2066,"3. Étang Exutoire",99.75342447656902,58.034626984667256,1196.10432,11626133.990399998,0.09381290423001294,0.1494533162594919,0.37712032532333273,"1. Aléatoire (Taille)","IPSL-CM5A  RCA4","IPSL-CM5A (Hiver humide/Été extrême)"
2067,"1. Étang de Tête",58.70951957454123,48.44193953927512,1085.15808,10547736.5376,0.10957636596451345,0.19331771647835722,0.3748631883238549,"1. Aléatoire (Taille)","IPSL-CM5A  RCA4","IPSL-CM5A (Hiver humide/Été extrême)"
2067,"2. Étang de Milieu",59.596995703429364,51.599960827880096,1085.15808,10547736.5376,0.10957636596451345,0.19331771647835722,0.3748631883238549,"1. Aléatoire (Taille)","IPSL-CM5A  RCA4","IPSL-CM5A (Hiver humide/Été extrême)"
2067,"3. Étang Exutoire",98.37939265338038,67.3466856435748,1085.15808,10547736.5376,0.10957636596451345,0.19331771647835722,0.3748631883238549,"1. Aléatoire (Taille)","IPSL-CM5A  RCA4","IPSL-CM5A (Hiver humide/Été extrême)"
2068,"1. Étang de Tête",32.68746559423174,5.341105011509714,984.08736,9565329.1392,0.14632368695342066,0.14600060174050325,0.3770666748601587,"1. Aléatoire (Taille)","IPSL-CM5A  RCA4","IPSL-CM5A (Hiver humide/Été extrême)"
2068,"2. Étang de Milieu",51.081249981828286,14.633801975235775,984.08736,9565329.1392,0.14632368695342066,0.14600060174050325,0.3770666748601587,"1. Aléatoire (Taille)","IPSL-CM5A  RCA4","IPSL-CM5A (Hiver humide/Été extrême)"
2068,"3. Étang Exutoire",0,0,984.08736,9565329.1392,0.14632368695342066,0.14600060174050325,0.3770666748601587,"1. Aléatoire (Taille)","IPSL-CM5A  RCA4","IPSL-CM5A (Hiver humide/Été extrême)"
2069,"1. Étang de Tête",58.72587355254479,9.953011609855247,1153.3968,11211016.896,0.03959536674891785,0.20445364999539137,0.3616012042691583,"1. Aléatoire (Taille)","IPSL-CM5A  RCA4","IPSL-CM5A (Hiver humide/Été extrême)"
2069,"2. Étang de Milieu",77.26816933938933,25.855056510057153,1153.3968,11211016.896,0.03959536674891785,0.20445364999539137,0.3616012042691583,"1. Aléatoire (Taille)","IPSL-CM5A  RCA4","IPSL-CM5A (Hiver humide/Été extrême)"
2069,"3. Étang Exutoire",100,43.1640879263363,1153.3968,11211016.896,0.03959536674891785,0.20445364999539137,0.3616012042691583,"1. Aléatoire (Taille)","IPSL-CM5A  RCA4","IPSL-CM5A (Hiver humide/Été extrême)"
2070,"1. Étang de Tête",43.16386412291068,23.71119749790134,1046.5632,10172594.304000001,0.07863753894845255,0.19024535303760923,0.37054812106002333,"1. Aléatoire (Taille)","IPSL-CM5A  RCA4","IPSL-CM5A (Hiver humide/Été extrême)"
2070,"2. Étang de Milieu",52.38274056978863,34.45179798320061,1046.5632,10172594.304000001,0.07863753894845255,0.19024535303760923,0.37054812106002333,"1. Aléatoire (Taille)","IPSL-CM5A  RCA4","IPSL-CM5A (Hiver humide/Été extrême)"
2070,"3. Étang Exutoire",97.71195127430542,57.70422729745126,1046.5632,10172594.304000001,0.07863753894845255,0.19024535303760923,0.37054812106002333,"1. Aléatoire (Taille)","IPSL-CM5A  RCA4","IPSL-CM5A (Hiver humide/Été extrême)"
2026,"1. Étang de Tête",86.77979458201855,34.39129729730906,756.5184,7353358.848,0.021307924074728302,0.24690458027218723,0.35177853855994934,"1. Aléatoire (Taille)","IPSL-CM5A  WRF381P","IPSL-CM5A (Humide)"
2026,"2. Étang de Milieu",78.52102768616425,36.55945817547534,756.5184,7353358.848,0.021307924074728302,0.24690458027218723,0.35177853855994934,"1. Aléatoire (Taille)","IPSL-CM5A  WRF381P","IPSL-CM5A (Humide)"
2026,"3. Étang Exutoire",91.39648444518699,45.5523593903996,756.5184,7353358.848,0.021307924074728302,0.24690458027218723,0.35177853855994934,"1. Aléatoire (Taille)","IPSL-CM5A  WRF381P","IPSL-CM5A (Humide)"
2027,"1. Étang de Tête",46.666859112466724,38.26954352251964,1085.10624,10547232.652800001,0.11469936013888161,0.16677826343843377,0.37288871287946984,"1. Aléatoire (Taille)","IPSL-CM5A  WRF381P","IPSL-CM5A (Humide)"
2027,"2. Étang de Milieu",65.46850896416892,54.35693796069291,1085.10624,10547232.652800001,0.11469936013888161,0.16677826343843377,0.37288871287946984,"1. Aléatoire (Taille)","IPSL-CM5A  WRF381P","IPSL-CM5A (Humide)"
2027,"3. Étang Exutoire",99.53316003278073,76.62616977908937,1085.10624,10547232.652800001,0.11469936013888161,0.16677826343843377,0.37288871287946984,"1. Aléatoire (Taille)","IPSL-CM5A  WRF381P","IPSL-CM5A (Humide)"
2028,"1. Étang de Tête",38.71939885641956,20.300862546970702,977.63328,9502595.4816,0.09678228194466564,0.18078833445906164,0.3473327329494117,"1. Aléatoire (Taille)","IPSL-CM5A  WRF381P","IPSL-CM5A (Humide)"
2028,"2. Étang de Milieu",61.605515280691456,45.377883166771184,977.63328,9502595.4816,0.09678228194466564,0.18078833445906164,0.3473327329494117,"1. Aléatoire (Taille)","IPSL-CM5A  WRF381P","IPSL-CM5A (Humide)"
2028,"3. Étang Exutoire",99.16843702336054,78.836655244497,977.63328,9502595.4816,0.09678228194466564,0.18078833445906164,0.3473327329494117,"1. Aléatoire (Taille)","IPSL-CM5A  WRF381P","IPSL-CM5A (Humide)"
2029,"1. Étang de Tête",27.221361441526412,10.282590094655479,877.81536,8532365.2992,0.128610057288075,0.14183119109618555,0.36759949328327773,"1. Aléatoire (Taille)","IPSL-CM5A  WRF381P","IPSL-CM5A (Humide)"
2029,"2. Étang de Milieu",45.70546679809583,29.6968320414377,877.81536,8532365.2992,0.128610057288075,0.14183119109618555,0.36759949328327773,"1. Aléatoire (Taille)","IPSL-CM5A  WRF381P","IPSL-CM5A (Humide)"
2029,"3. Étang Exutoire",99.69540046273055,65.6165314890016,877.81536,8532365.2992,0.128610057288075,0.14183119109618555,0.36759949328327773,"1. Aléatoire (Taille)","IPSL-CM5A  WRF381P","IPSL-CM5A (Humide)"
2030,"1. Étang de Tête",68.3789585597175,33.66559371772062,1121.96448,10905494.7456,0.0961900983351876,0.12070124629733331,0.3683036858634558,"1. Aléatoire (Taille)","IPSL-CM5A  WRF381P","IPSL-CM5A (Humide)"
2030,"2. Étang de Milieu",58.25309786847425,33.6649653068397,1121.96448,10905494.7456,0.0961900983351876,0.12070124629733331,0.3683036858634558,"1. Aléatoire (Taille)","IPSL-CM5A  WRF381P","IPSL-CM5A (Humide)"
2030,"3. Étang Exutoire",97.86064196014112,59.85316790701688,1121.96448,10905494.7456,0.0961900983351876,0.12070124629733331,0.3683036858634558,"1. Aléatoire (Taille)","IPSL-CM5A  WRF381P","IPSL-CM5A (Humide)"
2031,"1. Étang de Tête",54.0933624303664,78.08704941128457,1361.17152,13230587.1744,0.09083963083983916,0.09238851846839093,0.3796754681030283,"1. Aléatoire (Taille)","IPSL-CM5A  WRF381P","IPSL-CM5A (Humide)"
2031,"2. Étang de Milieu",66.99915826235326,77.7096909595176,1361.17152,13230587.1744,0.09083963083983916,0.09238851846839093,0.3796754681030283,"1. Aléatoire (Taille)","IPSL-CM5A  WRF381P","IPSL-CM5A (Humide)"
2031,"3. Étang Exutoire",0,0,1361.17152,13230587.1744,0.09083963083983916,0.09238851846839093,0.3796754681030283,"1. Aléatoire (Taille)","IPSL-CM5A  WRF381P","IPSL-CM5A (Humide)"
2032,"1. Étang de Tête",34.52475705365308,18.58692287087371,1021.8096,9931989.311999999,0.2053882860568827,0.1549022542117636,0.38528830139635717,"1. Aléatoire (Taille)","IPSL-CM5A  WRF381P","IPSL-CM5A (Humide)"
2032,"2. Étang de Milieu",73.51721403451363,49.53478356278275,1021.8096,9931989.311999999,0.2053882860568827,0.1549022542117636,0.38528830139635717,"1. Aléatoire (Taille)","IPSL-CM5A  WRF381P","IPSL-CM5A (Humide)"
2032,"3. Étang Exutoire",98.95192741422211,64.54767524635395,1021.8096,9931989.311999999,0.2053882860568827,0.1549022542117636,0.38528830139635717,"1. Aléatoire (Taille)","IPSL-CM5A  WRF381P","IPSL-CM5A (Humide)"
2033,"1. Étang de Tête",45.16969411332926,50.15568875529445,1157.7168,11253007.296,0.10924813002196966,0.11378901268491715,0.36310421096460815,"1. Aléatoire (Taille)","IPSL-CM5A  WRF381P","IPSL-CM5A (Humide)"
2033,"2. Étang de Milieu",50.18598420369805,49.81579052244036,1157.7168,11253007.296,0.10924813002196966,0.11378901268491715,0.36310421096460815,"1. Aléatoire (Taille)","IPSL-CM5A  WRF381P","IPSL-CM5A (Humide)"
2033,"3. Étang Exutoire",99.19505984491771,83.03996474953928,1157.7168,11253007.296,0.10924813002196966,0.11378901268491715,0.36310421096460815,"1. Aléatoire (Taille)","IPSL-CM5A  WRF381P","IPSL-CM5A (Humide)"
2034,"1. Étang de Tête",46.16469542954595,51.953633763371855,1261.31904,12260021.0688,0.10587791349512536,0.11955490028953498,0.3719024047794633,"1. Aléatoire (Taille)","IPSL-CM5A  WRF381P","IPSL-CM5A (Humide)"
2034,"2. Étang de Milieu",65.80287402994472,67.04148468134773,1261.31904,12260021.0688,0.10587791349512536,0.11955490028953498,0.3719024047794633,"1. Aléatoire (Taille)","IPSL-CM5A  WRF381P","IPSL-CM5A (Humide)"
2034,"3. Étang Exutoire",99.7658663278617,88.93569277847408,1261.31904,12260021.0688,0.10587791349512536,0.11955490028953498,0.3719024047794633,"1. Aléatoire (Taille)","IPSL-CM5A  WRF381P","IPSL-CM5A (Humide)"
2035,"1. Étang de Tête",57.69819846617228,62.15837522991041,1182.27168,11491680.729600001,0.22219132190006274,0.109725757815304,0.39587989075664104,"1. Aléatoire (Taille)","IPSL-CM5A  WRF381P","IPSL-CM5A (Humide)"
2035,"2. Étang de Milieu",71.89261737459242,65.85974704359,1182.27168,11491680.729600001,0.22219132190006274,0.109725757815304,0.39587989075664104,"1. Aléatoire (Taille)","IPSL-CM5A  WRF381P","IPSL-CM5A (Humide)"
2035,"3. Étang Exutoire",0,0,1182.27168,11491680.729600001,0.22219132190006274,0.109725757815304,0.39587989075664104,"1. Aléatoire (Taille)","IPSL-CM5A  WRF381P","IPSL-CM5A (Humide)"
2036,"1. Étang de Tête",44.4541689355911,0.5543401013324015,776.87424,7551217.6128,0.13851109411940282,0.21990456487185753,0.3543550664529244,"1. Aléatoire (Taille)","IPSL-CM5A  WRF381P","IPSL-CM5A (Humide)"
2036,"2. Étang de Milieu",71.43939610812302,21.60847334071137,776.87424,7551217.6128,0.13851109411940282,0.21990456487185753,0.3543550664529244,"1. Aléatoire (Taille)","IPSL-CM5A  WRF381P","IPSL-CM5A (Humide)"
2036,"3. Étang Exutoire",99.28352989491599,34.99124637344382,776.87424,7551217.6128,0.13851109411940282,0.21990456487185753,0.3543550664529244,"1. Aléatoire (Taille)","IPSL-CM5A  WRF381P","IPSL-CM5A (Humide)"
2037,"1. Étang de Tête",31.253611158950672,39.73424076498459,1176.18048,11432474.2656,0.0457045008949447,0.11899717490222401,0.36077643880187593,"1. Aléatoire (Taille)","IPSL-CM5A  WRF381P","IPSL-CM5A (Humide)"
2037,"2. Étang de Milieu",38.096350738111255,41.4367930909504,1176.18048,11432474.2656,0.0457045008949447,0.11899717490222401,0.36077643880187593,"1. Aléatoire (Taille)","IPSL-CM5A  WRF381P","IPSL-CM5A (Humide)"
2037,"3. Étang Exutoire",99.98797380128308,82.41462273255036,1176.18048,11432474.2656,0.0457045008949447,0.11899717490222401,0.36077643880187593,"1. Aléatoire (Taille)","IPSL-CM5A  WRF381P","IPSL-CM5A (Humide)"
2038,"1. Étang de Tête",36.569991191784105,20.977687002174584,1275.41088,12396993.7536,0.16361616820051023,0.14344381675155984,0.3855303637828055,"1. Aléatoire (Taille)","IPSL-CM5A  WRF381P","IPSL-CM5A (Humide)"
2038,"2. Étang de Milieu",77.01994892414875,55.98886643664501,1275.41088,12396993.7536,0.16361616820051023,0.14344381675155984,0.3855303637828055,"1. Aléatoire (Taille)","IPSL-CM5A  WRF381P","IPSL-CM5A (Humide)"
2038,"3. Étang Exutoire",95.18517113577902,67.637903660189,1275.41088,12396993.7536,0.16361616820051023,0.14344381675155984,0.3855303637828055,"1. Aléatoire (Taille)","IPSL-CM5A  WRF381P","IPSL-CM5A (Humide)"
2039,"1. Étang de Tête",54.37976076310959,40.63891562764957,1175.50656,11425923.7632,0.11752462072214072,0.11883248751069424,0.3625931926088836,"1. Aléatoire (Taille)","IPSL-CM5A  WRF381P","IPSL-CM5A (Humide)"
2039,"2. Étang de Milieu",63.60225087366809,52.60451135343283,1175.50656,11425923.7632,0.11752462072214072,0.11883248751069424,0.3625931926088836,"1. Aléatoire (Taille)","IPSL-CM5A  WRF381P","IPSL-CM5A (Humide)"
2039,"3. Étang Exutoire",98.66496794160801,81.80768983173196,1175.50656,11425923.7632,0.11752462072214072,0.11883248751069424,0.3625931926088836,"1. Aléatoire (Taille)","IPSL-CM5A  WRF381P","IPSL-CM5A (Humide)"
2040,"1. Étang de Tête",48.44592786151283,40.28602653508554,1002.21408,9741520.8576,0.15257567578519443,0.13980068311838276,0.3649999544573233,"1. Aléatoire (Taille)","IPSL-CM5A  WRF381P","IPSL-CM5A (Humide)"
2040,"2. Étang de Milieu",54.890454788289595,41.21534346921507,1002.21408,9741520.8576,0.15257567578519443,0.13980068311838276,0.3649999544573233,"1. Aléatoire (Taille)","IPSL-CM5A  WRF381P","IPSL-CM5A (Humide)"
2040,"3. Étang Exutoire",98.50138749413287,71.22639798416144,1002.21408,9741520.8576,0.15257567578519443,0.13980068311838276,0.3649999544573233,"1. Aléatoire (Taille)","IPSL-CM5A  WRF381P","IPSL-CM5A (Humide)"
2041,"1. Étang de Tête",41.31653722792622,11.198228285190684,941.18112,9148280.486399999,0.10861215918870487,0.1763049569560191,0.3732875505413898,"1. Aléatoire (Taille)","IPSL-CM5A  WRF381P","IPSL-CM5A (Humide)"
2041,"2. Étang de Milieu",60.777391388306256,33.64440821584613,941.18112,9148280.486399999,0.10861215918870487,0.1763049569560191,0.3732875505413898,"1. Aléatoire (Taille)","IPSL-CM5A  WRF381P","IPSL-CM5A (Humide)"
2041,"3. Étang Exutoire",100,55.05392729366862,941.18112,9148280.486399999,0.10861215918870487,0.1763049569560191,0.3732875505413898,"1. Aléatoire (Taille)","IPSL-CM5A  WRF381P","IPSL-CM5A (Humide)"
2042,"1. Étang de Tête",9.409640444217649,4.132948429737906,823.54752,8004881.8944,0.09572598423809274,0.1451700537414609,0.3524259702693625,"1. Aléatoire (Taille)","IPSL-CM5A  WRF381P","IPSL-CM5A (Humide)"
2042,"2. Étang de Milieu",49.45624720348698,24.477277717355783,823.54752,8004881.8944,0.09572598423809274,0.1451700537414609,0.3524259702693625,"1. Aléatoire (Taille)","IPSL-CM5A  WRF381P","IPSL-CM5A (Humide)"
2042,"3. Étang Exutoire",0,0,823.54752,8004881.8944,0.09572598423809274,0.1451700537414609,0.3524259702693625,"1. Aléatoire (Taille)","IPSL-CM5A  WRF381P","IPSL-CM5A (Humide)"
2043,"1. Étang de Tête",32.55051389450127,58.79365210620903,1140.3072,11083785.984000001,0.06051513822672061,0.1108555635250102,0.36472612719687425,"1. Aléatoire (Taille)","IPSL-CM5A  WRF381P","IPSL-CM5A (Humide)"
2043,"2. Étang de Milieu",46.5226258383758,63.03557938832758,1140.3072,11083785.984000001,0.06051513822672061,0.1108555635250102,0.36472612719687425,"1. Aléatoire (Taille)","IPSL-CM5A  WRF381P","IPSL-CM5A (Humide)"
2043,"3. Étang Exutoire",99.34571791734756,97.97199403976576,1140.3072,11083785.984000001,0.06051513822672061,0.1108555635250102,0.36472612719687425,"1. Aléatoire (Taille)","IPSL-CM5A  WRF381P","IPSL-CM5A (Humide)"
2044,"1. Étang de Tête",65.11048119179448,46.3712864050376,1264.56768,12291597.8496,0.13859565501335344,0.12243986256077748,0.38054902526851914,"1. Aléatoire (Taille)","IPSL-CM5A  WRF381P","IPSL-CM5A (Humide)"
2044,"2. Étang de Milieu",64.70196811572445,48.08364842115462,1264.56768,12291597.8496,0.13859565501335344,0.12243986256077748,0.38054902526851914,"1. Aléatoire (Taille)","IPSL-CM5A  WRF381P","IPSL-CM5A (Humide)"
2044,"3. Étang Exutoire",100,70.9486156371926,1264.56768,12291597.8496,0.13859565501335344,0.12243986256077748,0.38054902526851914,"1. Aléatoire (Taille)","IPSL-CM5A  WRF381P","IPSL-CM5A (Humide)"
2045,"1. Étang de Tête",74.53200286439858,21.63789186903148,1144.10016,11120653.5552,0.15962650665260805,0.14945187189075596,0.3792957159692878,"1. Aléatoire (Taille)","IPSL-CM5A  WRF381P","IPSL-CM5A (Humide)"
2045,"2. Étang de Milieu",71.05126029516734,32.53098716978506,1144.10016,11120653.5552,0.15962650665260805,0.14945187189075596,0.3792957159692878,"1. Aléatoire (Taille)","IPSL-CM5A  WRF381P","IPSL-CM5A (Humide)"
2045,"3. Étang Exutoire",100,46.89873413050179,1144.10016,11120653.5552,0.15962650665260805,0.14945187189075596,0.3792957159692878,"1. Aléatoire (Taille)","IPSL-CM5A  WRF381P","IPSL-CM5A (Humide)"
2046,"1. Étang de Tête",46.84368640920893,49.209852082083735,1335.96864,12985615.1808,0.11525538650500294,0.11543017842210838,0.3763133150954397,"1. Aléatoire (Taille)","IPSL-CM5A  WRF381P","IPSL-CM5A (Humide)"
2046,"2. Étang de Milieu",74.15164142620017,73.55897181832646,1335.96864,12985615.1808,0.11525538650500294,0.11543017842210838,0.3763133150954397,"1. Aléatoire (Taille)","IPSL-CM5A  WRF381P","IPSL-CM5A (Humide)"
2046,"3. Étang Exutoire",100,86.55418313629399,1335.96864,12985615.1808,0.11525538650500294,0.11543017842210838,0.3763133150954397,"1. Aléatoire (Taille)","IPSL-CM5A  WRF381P","IPSL-CM5A (Humide)"
2047,"1. Étang de Tête",51.08435783003378,61.00368977412868,1391.10912,13521580.6464,0.1952489326854717,0.08651629750136844,0.3885993955604738,"1. Aléatoire (Taille)","IPSL-CM5A  WRF381P","IPSL-CM5A (Humide)"
2047,"2. Étang de Milieu",67.87772755771387,70.72787748397128,1391.10912,13521580.6464,0.1952489326854717,0.08651629750136844,0.3885993955604738,"1. Aléatoire (Taille)","IPSL-CM5A  WRF381P","IPSL-CM5A (Humide)"
2047,"3. Étang Exutoire",99.12241504019461,96.69820537835022,1391.10912,13521580.6464,0.1952489326854717,0.08651629750136844,0.3885993955604738,"1. Aléatoire (Taille)","IPSL-CM5A  WRF381P","IPSL-CM5A (Humide)"
2048,"1. Étang de Tête",44.4951623000394,20.70906077165764,1217.15136,11830711.2192,0.15287826084994482,0.10891053089458196,0.376882758765244,"1. Aléatoire (Taille)","IPSL-CM5A  WRF381P","IPSL-CM5A (Humide)"
2048,"2. Étang de Milieu",70.08088126911576,51.899090686801706,1217.15136,11830711.2192,0.15287826084994482,0.10891053089458196,0.376882758765244,"1. Aléatoire (Taille)","IPSL-CM5A  WRF381P","IPSL-CM5A (Humide)"
2048,"3. Étang Exutoire",0,0,1217.15136,11830711.2192,0.15287826084994482,0.10891053089458196,0.376882758765244,"1. Aléatoire (Taille)","IPSL-CM5A  WRF381P","IPSL-CM5A (Humide)"
2049,"1. Étang de Tête",50.485106964747054,70.1202571492437,1318.67136,12817485.6192,0.16100951847483522,0.10030376428408158,0.3872090439963265,"1. Aléatoire (Taille)","IPSL-CM5A  WRF381P","IPSL-CM5A (Humide)"
2049,"2. Étang de Milieu",65.55568687008643,74.18868295150362,1318.67136,12817485.6192,0.16100951847483522,0.10030376428408158,0.3872090439963265,"1. Aléatoire (Taille)","IPSL-CM5A  WRF381P","IPSL-CM5A (Humide)"
2049,"3. Étang Exutoire",99.54691935371525,98.0377079071453,1318.67136,12817485.6192,0.16100951847483522,0.10030376428408158,0.3872090439963265,"1. Aléatoire (Taille)","IPSL-CM5A  WRF381P","IPSL-CM5A (Humide)"
2050,"1. Étang de Tête",76.11886194812524,78.083186082291,1585.19808,15408125.337599998,0.18266802393609793,0.08819761869362291,0.3902160347465183,"1. Aléatoire (Taille)","IPSL-CM5A  WRF381P","IPSL-CM5A (Humide)"
2050,"2. Étang de Milieu",76.76894965694119,79.19659692903973,1585.19808,15408125.337599998,0.18266802393609793,0.08819761869362291,0.3902160347465183,"1. Aléatoire (Taille)","IPSL-CM5A  WRF381P","IPSL-CM5A (Humide)"
2050,"3. Étang Exutoire",100,89.76658688859315,1585.19808,15408125.337599998,0.18266802393609793,0.08819761869362291,0.3902160347465183,"1. Aléatoire (Taille)","IPSL-CM5A  WRF381P","IPSL-CM5A (Humide)"
2051,"1. Étang de Tête",57.47498068592683,38.21577951742674,1250.66592,12156472.7424,0.17968063143247145,0.1420342927369641,0.37996101915446684,"1. Aléatoire (Taille)","IPSL-CM5A  WRF381P","IPSL-CM5A (Humide)"
2051,"2. Étang de Milieu",67.94092016305248,51.90571691645409,1250.66592,12156472.7424,0.17968063143247145,0.1420342927369641,0.37996101915446684,"1. Aléatoire (Taille)","IPSL-CM5A  WRF381P","IPSL-CM5A (Humide)"
2051,"3. Étang Exutoire",93.43738335819486,69.98751114070723,1250.66592,12156472.7424,0.17968063143247145,0.1420342927369641,0.37996101915446684,"1. Aléatoire (Taille)","IPSL-CM5A  WRF381P","IPSL-CM5A (Humide)"
2052,"1. Étang de Tête",45.64767573136444,43.538700236258045,1309.96224,12732832.972800002,0.1823600019132883,0.10472615036802192,0.39278393618460106,"1. Aléatoire (Taille)","IPSL-CM5A  WRF381P","IPSL-CM5A (Humide)"
2052,"2. Étang de Milieu",80.96477866567523,72.74862485758577,1309.96224,12732832.972800002,0.1823600019132883,0.10472615036802192,0.39278393618460106,"1. Aléatoire (Taille)","IPSL-CM5A  WRF381P","IPSL-CM5A (Humide)"
2052,"3. Étang Exutoire",99.71702627376237,84.04058282359885,1309.96224,12732832.972800002,0.1823600019132883,0.10472615036802192,0.39278393618460106,"1. Aléatoire (Taille)","IPSL-CM5A  WRF381P","IPSL-CM5A (Humide)"
2053,"1. Étang de Tête",60.80478245870132,19.57001000409106,994.43808,9665938.137600001,0.17971379889832223,0.17679886226842004,0.37794774334205283,"1. Aléatoire (Taille)","IPSL-CM5A  WRF381P","IPSL-CM5A (Humide)"
2053,"2. Étang de Milieu",67.40145708626748,32.337783146180556,994.43808,9665938.137600001,0.17971379889832223,0.17679886226842004,0.37794774334205283,"1. Aléatoire (Taille)","IPSL-CM5A  WRF381P","IPSL-CM5A (Humide)"
2053,"3. Étang Exutoire",99.892104676918,51.80481556506925,994.43808,9665938.137600001,0.17971379889832223,0.17679886226842004,0.37794774334205283,"1. Aléatoire (Taille)","IPSL-CM5A  WRF381P","IPSL-CM5A (Humide)"
2054,"1. Étang de Tête",63.073417113085924,26.711515389932355,1115.61408,10843768.8576,0.09222075993815226,0.12239657747670536,0.3675369670850733,"1. Aléatoire (Taille)","IPSL-CM5A  WRF381P","IPSL-CM5A (Humide)"
2054,"2. Étang de Milieu",65.3539510054995,38.32545604145525,1115.61408,10843768.8576,0.09222075993815226,0.12239657747670536,0.3675369670850733,"1. Aléatoire (Taille)","IPSL-CM5A  WRF381P","IPSL-CM5A (Humide)"
2054,"3. Étang Exutoire",99.72612630210465,57.32686667382202,1115.61408,10843768.8576,0.09222075993815226,0.12239657747670536,0.3675369670850733,"1. Aléatoire (Taille)","IPSL-CM5A  WRF381P","IPSL-CM5A (Humide)"
2055,"1. Étang de Tête",59.0969623429708,26.803049760813252,1070.6515200000001,10406732.774400001,0.0976160095581106,0.16503680605823895,0.3663584148575241,"1. Aléatoire (Taille)","IPSL-CM5A  WRF381P","IPSL-CM5A (Humide)"
2055,"2. Étang de Milieu",70.32123698865398,43.23738130651635,1070.6515200000001,10406732.774400001,0.0976160095581106,0.16503680605823895,0.3663584148575241,"1. Aléatoire (Taille)","IPSL-CM5A  WRF381P","IPSL-CM5A (Humide)"
2055,"3. Étang Exutoire",0,0,1070.6515200000001,10406732.774400001,0.0976160095581106,0.16503680605823895,0.3663584148575241,"1. Aléatoire (Taille)","IPSL-CM5A  WRF381P","IPSL-CM5A (Humide)"
2056,"1. Étang de Tête",63.09276381277519,22.764253245582484,1394.6256,13555760.832,0.10259027856721453,0.1318329410396917,0.38068071698864764,"1. Aléatoire (Taille)","IPSL-CM5A  WRF381P","IPSL-CM5A (Humide)"
2056,"2. Étang de Milieu",77.71972312145675,38.82668791375403,1394.6256,13555760.832,0.10259027856721453,0.1318329410396917,0.38068071698864764,"1. Aléatoire (Taille)","IPSL-CM5A  WRF381P","IPSL-CM5A (Humide)"
2056,"3. Étang Exutoire",97.96054483699406,50.24284680359491,1394.6256,13555760.832,0.10259027856721453,0.1318329410396917,0.38068071698864764,"1. Aléatoire (Taille)","IPSL-CM5A  WRF381P","IPSL-CM5A (Humide)"
2057,"1. Étang de Tête",69.16050002450069,42.454256893606896,1362.06144,13239237.1968,0.17318990851776878,0.12458113077638241,0.38526839514841216,"1. Aléatoire (Taille)","IPSL-CM5A  WRF381P","IPSL-CM5A (Humide)"
2057,"2. Étang de Milieu",78.33540951945969,56.706271239999204,1362.06144,13239237.1968,0.17318990851776878,0.12458113077638241,0.38526839514841216,"1. Aléatoire (Taille)","IPSL-CM5A  WRF381P","IPSL-CM5A (Humide)"
2057,"3. Étang Exutoire",99.7785042547093,71.05922851044055,1362.06144,13239237.1968,0.17318990851776878,0.12458113077638241,0.38526839514841216,"1. Aléatoire (Taille)","IPSL-CM5A  WRF381P","IPSL-CM5A (Humide)"
2058,"1. Étang de Tête",62.63867990522909,27.372234781208405,1201.89312,11682401.1264,0.15618323297326334,0.11230140081244464,0.3787740708431237,"1. Aléatoire (Taille)","IPSL-CM5A  WRF381P","IPSL-CM5A (Humide)"
2058,"2. Étang de Milieu",58.35658596080561,34.24860744304337,1201.89312,11682401.1264,0.15618323297326334,0.11230140081244464,0.3787740708431237,"1. Aléatoire (Taille)","IPSL-CM5A  WRF381P","IPSL-CM5A (Humide)"
2058,"3. Étang Exutoire",99.64387546135217,63.20939073713569,1201.89312,11682401.1264,0.15618323297326334,0.11230140081244464,0.3787740708431237,"1. Aléatoire (Taille)","IPSL-CM5A  WRF381P","IPSL-CM5A (Humide)"
2059,"1. Étang de Tête",78.97179707676294,28.401382546898876,1109.808,10787333.76,0.1426134063216929,0.1855375843140526,0.38732187414086966,"1. Aléatoire (Taille)","IPSL-CM5A  WRF381P","IPSL-CM5A (Humide)"
2059,"2. Étang de Milieu",79.98955717791574,39.204011916744754,1109.808,10787333.76,0.1426134063216929,0.1855375843140526,0.38732187414086966,"1. Aléatoire (Taille)","IPSL-CM5A  WRF381P","IPSL-CM5A (Humide)"
2059,"3. Étang Exutoire",99.16268917563787,48.331525749879624,1109.808,10787333.76,0.1426134063216929,0.1855375843140526,0.38732187414086966,"1. Aléatoire (Taille)","IPSL-CM5A  WRF381P","IPSL-CM5A (Humide)"
2060,"1. Étang de Tête",25.681053952597235,42.97298582783219,1285.0704,12490884.288,0.11513182973352173,0.10439432610514028,0.3726773742264518,"1. Aléatoire (Taille)","IPSL-CM5A  WRF381P","IPSL-CM5A (Humide)"
2060,"2. Étang de Milieu",71.27288208190271,77.16678310095855,1285.0704,12490884.288,0.11513182973352173,0.10439432610514028,0.3726773742264518,"1. Aléatoire (Taille)","IPSL-CM5A  WRF381P","IPSL-CM5A (Humide)"
2060,"3. Étang Exutoire",99.76026860420929,93.93206699017814,1285.0704,12490884.288,0.11513182973352173,0.10439432610514028,0.3726773742264518,"1. Aléatoire (Taille)","IPSL-CM5A  WRF381P","IPSL-CM5A (Humide)"
2061,"1. Étang de Tête",57.09474084142221,33.64069564059446,1215.15552,11811311.654400002,0.21350237828462787,0.101907928465423,0.39128989093221156,"1. Aléatoire (Taille)","IPSL-CM5A  WRF381P","IPSL-CM5A (Humide)"
2061,"2. Étang de Milieu",63.10278868841314,37.17144426840028,1215.15552,11811311.654400002,0.21350237828462787,0.101907928465423,0.39128989093221156,"1. Aléatoire (Taille)","IPSL-CM5A  WRF381P","IPSL-CM5A (Humide)"
2061,"3. Étang Exutoire",0,0,1215.15552,11811311.654400002,0.21350237828462787,0.101907928465423,0.39128989093221156,"1. Aléatoire (Taille)","IPSL-CM5A  WRF381P","IPSL-CM5A (Humide)"
2062,"1. Étang de Tête",50.60615393103755,36.88582769088324,1210.54176,11766465.9072,0.06063183288013491,0.13808847201179417,0.3635706340935776,"1. Aléatoire (Taille)","IPSL-CM5A  WRF381P","IPSL-CM5A (Humide)"
2062,"2. Étang de Milieu",74.61391371911418,58.6636451658978,1210.54176,11766465.9072,0.06063183288013491,0.13808847201179417,0.3635706340935776,"1. Aléatoire (Taille)","IPSL-CM5A  WRF381P","IPSL-CM5A (Humide)"
2062,"3. Étang Exutoire",100,73.40184218671918,1210.54176,11766465.9072,0.06063183288013491,0.13808847201179417,0.3635706340935776,"1. Aléatoire (Taille)","IPSL-CM5A  WRF381P","IPSL-CM5A (Humide)"
2063,"1. Étang de Tête",53.71079523409807,44.413486624710416,1287.0576,12510199.872000001,0.13489679238764102,0.13999905270623095,0.36922645548323774,"1. Aléatoire (Taille)","IPSL-CM5A  WRF381P","IPSL-CM5A (Humide)"
2063,"2. Étang de Milieu",71.81251585751312,60.891986192682054,1287.0576,12510199.872000001,0.13489679238764102,0.13999905270623095,0.36922645548323774,"1. Aléatoire (Taille)","IPSL-CM5A  WRF381P","IPSL-CM5A (Humide)"
2063,"3. Étang Exutoire",97.22603179637986,79.9653266252967,1287.0576,12510199.872000001,0.13489679238764102,0.13999905270623095,0.36922645548323774,"1. Aléatoire (Taille)","IPSL-CM5A  WRF381P","IPSL-CM5A (Humide)"
2064,"1. Étang de Tête",62.0462591385613,38.26456333090242,1232.0208,11975242.176,0.2004170595360984,0.1199636073807779,0.37935312848478553,"1. Aléatoire (Taille)","IPSL-CM5A  WRF381P","IPSL-CM5A (Humide)"
2064,"2. Étang de Milieu",69.31329552463247,52.44179493479973,1232.0208,11975242.176,0.2004170595360984,0.1199636073807779,0.37935312848478553,"1. Aléatoire (Taille)","IPSL-CM5A  WRF381P","IPSL-CM5A (Humide)"
2064,"3. Étang Exutoire",100,79.81949447815038,1232.0208,11975242.176,0.2004170595360984,0.1199636073807779,0.37935312848478553,"1. Aléatoire (Taille)","IPSL-CM5A  WRF381P","IPSL-CM5A (Humide)"
2065,"1. Étang de Tête",44.12059470304984,59.26553931104487,1378.52928,13399304.6016,0.1502543408400557,0.09028627723037455,0.38878499803369687,"1. Aléatoire (Taille)","IPSL-CM5A  WRF381P","IPSL-CM5A (Humide)"
2065,"2. Étang de Milieu",61.93266674256644,63.36118681464872,1378.52928,13399304.6016,0.1502543408400557,0.09028627723037455,0.38878499803369687,"1. Aléatoire (Taille)","IPSL-CM5A  WRF381P","IPSL-CM5A (Humide)"
2065,"3. Étang Exutoire",100,96.5682256947579,1378.52928,13399304.6016,0.1502543408400557,0.09028627723037455,0.38878499803369687,"1. Aléatoire (Taille)","IPSL-CM5A  WRF381P","IPSL-CM5A (Humide)"
2066,"1. Étang de Tête",68.13867028386822,51.46991309958633,1542.18816,14990068.915199999,0.21569576797151044,0.0956446761068944,0.3998204868448272,"1. Aléatoire (Taille)","IPSL-CM5A  WRF381P","IPSL-CM5A (Humide)"
2066,"2. Étang de Milieu",84.4344040722916,67.42957493170293,1542.18816,14990068.915199999,0.21569576797151044,0.0956446761068944,0.3998204868448272,"1. Aléatoire (Taille)","IPSL-CM5A  WRF381P","IPSL-CM5A (Humide)"
2066,"3. Étang Exutoire",99.4742884855313,74.51515010965214,1542.18816,14990068.915199999,0.21569576797151044,0.0956446761068944,0.3998204868448272,"1. Aléatoire (Taille)","IPSL-CM5A  WRF381P","IPSL-CM5A (Humide)"
2067,"1. Étang de Tête",49.51130642898412,51.44024555833491,1022.69088,9940555.3536,0.14757816604009075,0.1633728434768045,0.36674383232719815,"1. Aléatoire (Taille)","IPSL-CM5A  WRF381P","IPSL-CM5A (Humide)"
2067,"2. Étang de Milieu",56.47706949398733,54.86630855419104,1022.69088,9940555.3536,0.14757816604009075,0.1633728434768045,0.36674383232719815,"1. Aléatoire (Taille)","IPSL-CM5A  WRF381P","IPSL-CM5A (Humide)"
2067,"3. Étang Exutoire",98.4446863676661,80.06268340607477,1022.69088,9940555.3536,0.14757816604009075,0.1633728434768045,0.36674383232719815,"1. Aléatoire (Taille)","IPSL-CM5A  WRF381P","IPSL-CM5A (Humide)"
2068,"1. Étang de Tête",43.703572145916866,21.220591100427033,1368.91296,13305833.9712,0.1656547266604279,0.09407226585858362,0.3895025873933851,"1. Aléatoire (Taille)","IPSL-CM5A  WRF381P","IPSL-CM5A (Humide)"
2068,"2. Étang de Milieu",57.266211375845415,33.968201473380056,1368.91296,13305833.9712,0.1656547266604279,0.09407226585858362,0.3895025873933851,"1. Aléatoire (Taille)","IPSL-CM5A  WRF381P","IPSL-CM5A (Humide)"
2068,"3. Étang Exutoire",0,0,1368.91296,13305833.9712,0.1656547266604279,0.09407226585858362,0.3895025873933851,"1. Aléatoire (Taille)","IPSL-CM5A  WRF381P","IPSL-CM5A (Humide)"
2069,"1. Étang de Tête",54.34147260524787,53.108014641713204,1296.55296,12602494.7712,0.06571265321861249,0.1439058960758471,0.3590190806949846,"1. Aléatoire (Taille)","IPSL-CM5A  WRF381P","IPSL-CM5A (Humide)"
2069,"2. Étang de Milieu",71.16045338945159,72.94778817747473,1296.55296,12602494.7712,0.06571265321861249,0.1439058960758471,0.3590190806949846,"1. Aléatoire (Taille)","IPSL-CM5A  WRF381P","IPSL-CM5A (Humide)"
2069,"3. Étang Exutoire",100,97.26197001009812,1296.55296,12602494.7712,0.06571265321861249,0.1439058960758471,0.3590190806949846,"1. Aléatoire (Taille)","IPSL-CM5A  WRF381P","IPSL-CM5A (Humide)"
2070,"1. Étang de Tête",41.24914537594418,67.13251203814347,1369.99296,13316331.571200002,0.15719786474541023,0.10725331765862475,0.3799860150654924,"1. Aléatoire (Taille)","IPSL-CM5A  WRF381P","IPSL-CM5A (Humide)"
2070,"2. Étang de Milieu",54.77050118090269,65.22718293898427,1369.99296,13316331.571200002,0.15719786474541023,0.10725331765862475,0.3799860150654924,"1. Aléatoire (Taille)","IPSL-CM5A  WRF381P","IPSL-CM5A (Humide)"
2070,"3. Étang Exutoire",99.20527203278073,82.31182856757819,1369.99296,13316331.571200002,0.15719786474541023,0.10725331765862475,0.3799860150654924,"1. Aléatoire (Taille)","IPSL-CM5A  WRF381P","IPSL-CM5A (Humide)"
2026,"1. Étang de Tête",76.56364420730904,71.57150597546806,741.93408,7211599.2576,0.025341597189866102,0.24747374727900354,0.3570042532776808,"1. Aléatoire (Taille)","MPI-ESM  REMO2009","MPI-ESM (Intermédiaire)"
2026,"2. Étang de Milieu",70.91239260305719,67.5481921203813,741.93408,7211599.2576,0.025341597189866102,0.24747374727900354,0.3570042532776808,"1. Aléatoire (Taille)","MPI-ESM  REMO2009","MPI-ESM (Intermédiaire)"
2026,"3. Étang Exutoire",72.59546044666307,84.71832763804362,741.93408,7211599.2576,0.025341597189866102,0.24747374727900354,0.3570042532776808,"1. Aléatoire (Taille)","MPI-ESM  REMO2009","MPI-ESM (Intermédiaire)"
2027,"1. Étang de Tête",70.6652657642337,11.376965802352675,883.94976,8591991.6672,0.14181494845705547,0.23803275495701023,0.3726011894249894,"1. Aléatoire (Taille)","MPI-ESM  REMO2009","MPI-ESM (Intermédiaire)"
2027,"2. Étang de Milieu",77.41037406932818,27.792701690428757,883.94976,8591991.6672,0.14181494845705547,0.23803275495701023,0.3726011894249894,"1. Aléatoire (Taille)","MPI-ESM  REMO2009","MPI-ESM (Intermédiaire)"
2027,"3. Étang Exutoire",99.76272485306066,39.180968392726385,883.94976,8591991.6672,0.14181494845705547,0.23803275495701023,0.3726011894249894,"1. Aléatoire (Taille)","MPI-ESM  REMO2009","MPI-ESM (Intermédiaire)"
2028,"1. Étang de Tête",7.700515871751816,7.756912418259177,977.78016,9504023.1552,0.055783282517692774,0.18459982097351185,0.33336395312017564,"1. Aléatoire (Taille)","MPI-ESM  REMO2009","MPI-ESM (Intermédiaire)"
2028,"2. Étang de Milieu",38.70176398201113,29.11446493862832,977.78016,9504023.1552,0.055783282517692774,0.18459982097351185,0.33336395312017564,"1. Aléatoire (Taille)","MPI-ESM  REMO2009","MPI-ESM (Intermédiaire)"
2028,"3. Étang Exutoire",98.6755847555101,75.3375849136251,977.78016,9504023.1552,0.055783282517692774,0.18459982097351185,0.33336395312017564,"1. Aléatoire (Taille)","MPI-ESM  REMO2009","MPI-ESM (Intermédiaire)"
2029,"1. Étang de Tête",29.137691802494395,6.574083103186792,879.6470400000001,8550169.2288,0.09176551962300818,0.15392333947845188,0.36497093290912125,"1. Aléatoire (Taille)","MPI-ESM  REMO2009","MPI-ESM (Intermédiaire)"
2029,"2. Étang de Milieu",44.71535158355856,24.389452373298237,879.6470400000001,8550169.2288,0.09176551962300818,0.15392333947845188,0.36497093290912125,"1. Aléatoire (Taille)","MPI-ESM  REMO2009","MPI-ESM (Intermédiaire)"
2029,"3. Étang Exutoire",98.40359895548502,62.396978587564774,879.6470400000001,8550169.2288,0.09176551962300818,0.15392333947845188,0.36497093290912125,"1. Aléatoire (Taille)","MPI-ESM  REMO2009","MPI-ESM (Intermédiaire)"
2030,"1. Étang de Tête",47.40846142130165,35.82907152025617,1079.6112,10493820.864000002,0.10062273227951925,0.13769312834416367,0.3740690654251181,"1. Aléatoire (Taille)","MPI-ESM  REMO2009","MPI-ESM (Intermédiaire)"
2030,"2. Étang de Milieu",49.72217251991205,37.15201335949558,1079.6112,10493820.864000002,0.10062273227951925,0.13769312834416367,0.3740690654251181,"1. Aléatoire (Taille)","MPI-ESM  REMO2009","MPI-ESM (Intermédiaire)"
2030,"3. Étang Exutoire",100,67.84035897202911,1079.6112,10493820.864000002,0.10062273227951925,0.13769312834416367,0.3740690654251181,"1. Aléatoire (Taille)","MPI-ESM  REMO2009","MPI-ESM (Intermédiaire)"
2031,"1. Étang de Tête",35.16783994937881,16.244625127641065,934.416,9082523.520000001,0.061355787416792,0.1889166238497972,0.3636441653826462,"1. Aléatoire (Taille)","MPI-ESM  REMO2009","MPI-ESM (Intermédiaire)"
2031,"2. Étang de Milieu",53.452679411273124,32.55820057225558,934.416,9082523.520000001,0.061355787416792,0.1889166238497972,0.3636441653826462,"1. Aléatoire (Taille)","MPI-ESM  REMO2009","MPI-ESM (Intermédiaire)"
2031,"3. Étang Exutoire",0,0,934.416,9082523.520000001,0.061355787416792,0.1889166238497972,0.3636441653826462,"1. Aléatoire (Taille)","MPI-ESM  REMO2009","MPI-ESM (Intermédiaire)"
2032,"1. Étang de Tête",17.34357858022251,6.546349574846231,1027.65888,9988844.3136,0.06654643428446978,0.14957859175127017,0.3549839573170315,"1. Aléatoire (Taille)","MPI-ESM  REMO2009","MPI-ESM (Intermédiaire)"
2032,"2. Étang de Milieu",57.7992967288716,40.218303311360245,1027.65888,9988844.3136,0.06654643428446978,0.14957859175127017,0.3549839573170315,"1. Aléatoire (Taille)","MPI-ESM  REMO2009","MPI-ESM (Intermédiaire)"
2032,"3. Étang Exutoire",96.46767494640535,69.45071893421614,1027.65888,9988844.3136,0.06654643428446978,0.14957859175127017,0.3549839573170315,"1. Aléatoire (Taille)","MPI-ESM  REMO2009","MPI-ESM (Intermédiaire)"
2033,"1. Étang de Tête",60.87901705564611,72.8021457479335,1267.8768,12323762.496,0.13736260372151293,0.08970158184993085,0.38708407329154876,"1. Aléatoire (Taille)","MPI-ESM  REMO2009","MPI-ESM (Intermédiaire)"
2033,"2. Étang de Milieu",56.07534830218632,68.24661492171232,1267.8768,12323762.496,0.13736260372151293,0.08970158184993085,0.38708407329154876,"1. Aléatoire (Taille)","MPI-ESM  REMO2009","MPI-ESM (Intermédiaire)"
2033,"3. Étang Exutoire",100,93.7944300113121,1267.8768,12323762.496,0.13736260372151293,0.08970158184993085,0.38708407329154876,"1. Aléatoire (Taille)","MPI-ESM  REMO2009","MPI-ESM (Intermédiaire)"
2034,"1. Étang de Tête",68.88738275902304,36.34274348689272,1187.60256,11543496.8832,0.15561302474850228,0.1534256790102563,0.3840648583539455,"1. Aléatoire (Taille)","MPI-ESM  REMO2009","MPI-ESM (Intermédiaire)"
2034,"2. Étang de Milieu",77.95187483445004,49.53759972988124,1187.60256,11543496.8832,0.15561302474850228,0.1534256790102563,0.3840648583539455,"1. Aléatoire (Taille)","MPI-ESM  REMO2009","MPI-ESM (Intermédiaire)"
2034,"3. Étang Exutoire",99.58271841639085,54.7113666411479,1187.60256,11543496.8832,0.15561302474850228,0.1534256790102563,0.3840648583539455,"1. Aléatoire (Taille)","MPI-ESM  REMO2009","MPI-ESM (Intermédiaire)"
2035,"1. Étang de Tête",56.41302735193034,64.3045751109669,1170.53856,11377634.803199999,0.17779608192270446,0.126568612782494,0.38949956458098267,"1. Aléatoire (Taille)","MPI-ESM  REMO2009","MPI-ESM (Intermédiaire)"
2035,"2. Étang de Milieu",71.413756225648,66.36809966696956,1170.53856,11377634.803199999,0.17779608192270446,0.126568612782494,0.38949956458098267,"1. Aléatoire (Taille)","MPI-ESM  REMO2009","MPI-ESM (Intermédiaire)"
2035,"3. Étang Exutoire",0,0,1170.53856,11377634.803199999,0.17779608192270446,0.126568612782494,0.38949956458098267,"1. Aléatoire (Taille)","MPI-ESM  REMO2009","MPI-ESM (Intermédiaire)"
2036,"1. Étang de Tête",0.9177044963494628,0,542.16864,5269879.1808,0.08688140832574358,0.256804123395206,0.3155119822520065,"1. Aléatoire (Taille)","MPI-ESM  REMO2009","MPI-ESM (Intermédiaire)"
2036,"2. Étang de Milieu",41.31576162502031,11.650916479475411,542.16864,5269879.1808,0.08688140832574358,0.256804123395206,0.3155119822520065,"1. Aléatoire (Taille)","MPI-ESM  REMO2009","MPI-ESM (Intermédiaire)"
2036,"3. Étang Exutoire",97.1558618241972,42.03477627139088,542.16864,5269879.1808,0.08688140832574358,0.256804123395206,0.3155119822520065,"1. Aléatoire (Taille)","MPI-ESM  REMO2009","MPI-ESM (Intermédiaire)"
2037,"1. Étang de Tête",6.588419269568232,7.776637233241881,923.79744,8979311.1168,0.036677806529912954,0.1477965095987672,0.33380868948163445,"1. Aléatoire (Taille)","MPI-ESM  REMO2009","MPI-ESM (Intermédiaire)"
2037,"2. Étang de Milieu",10.777523771465956,10.172724968984047,923.79744,8979311.1168,0.036677806529912954,0.1477965095987672,0.33380868948163445,"1. Aléatoire (Taille)","MPI-ESM  REMO2009","MPI-ESM (Intermédiaire)"
2037,"3. Étang Exutoire",97.64242566298488,97.84253061560496,923.79744,8979311.1168,0.036677806529912954,0.1477965095987672,0.33380868948163445,"1. Aléatoire (Taille)","MPI-ESM  REMO2009","MPI-ESM (Intermédiaire)"
2038,"1. Étang de Tête",24.938131537449728,9.940306429263325,877.8672,8532869.184,0.1274079219072233,0.19220335849569045,0.38336793653088935,"1. Aléatoire (Taille)","MPI-ESM  REMO2009","MPI-ESM (Intermédiaire)"
2038,"2. Étang de Milieu",53.46535908521287,21.714401186809795,877.8672,8532869.184,0.1274079219072233,0.19220335849569045,0.38336793653088935,"1. Aléatoire (Taille)","MPI-ESM  REMO2009","MPI-ESM (Intermédiaire)"
2038,"3. Étang Exutoire",97.60905758424259,45.879337450582995,877.8672,8532869.184,0.1274079219072233,0.19220335849569045,0.38336793653088935,"1. Aléatoire (Taille)","MPI-ESM  REMO2009","MPI-ESM (Intermédiaire)"
2039,"1. Étang de Tête",59.93925587840621,38.89372077355002,1157.30208,11248976.2176,0.11009656923826854,0.1219284448673173,0.39691815256013474,"1. Aléatoire (Taille)","MPI-ESM  REMO2009","MPI-ESM (Intermédiaire)"
2039,"2. Étang de Milieu",63.46754831715189,48.59842680615739,1157.30208,11248976.2176,0.11009656923826854,0.1219284448673173,0.39691815256013474,"1. Aléatoire (Taille)","MPI-ESM  REMO2009","MPI-ESM (Intermédiaire)"
2039,"3. Étang Exutoire",99.79142001639036,58.57506963927004,1157.30208,11248976.2176,0.11009656923826854,0.1219284448673173,0.39691815256013474,"1. Aléatoire (Taille)","MPI-ESM  REMO2009","MPI-ESM (Intermédiaire)"
2040,"1. Étang de Tête",37.27786339491912,1.0575926851889708,697.032,6775151.040000001,0.1534871944614766,0.2275035192527747,0.34760424152229064,"1. Aléatoire (Taille)","MPI-ESM  REMO2009","MPI-ESM (Intermédiaire)"
2040,"2. Étang de Milieu",51.30868562724295,12.438755528152475,697.032,6775151.040000001,0.1534871944614766,0.2275035192527747,0.34760424152229064,"1. Aléatoire (Taille)","MPI-ESM  REMO2009","MPI-ESM (Intermédiaire)"
2040,"3. Étang Exutoire",99.20412118697764,34.06599465283922,697.032,6775151.040000001,0.1534871944614766,0.2275035192527747,0.34760424152229064,"1. Aléatoire (Taille)","MPI-ESM  REMO2009","MPI-ESM (Intermédiaire)"
2041,"1. Étang de Tête",44.71433500442095,22.277141206374132,935.24544,9090585.6768,0.04512075554155097,0.1606788021826347,0.368230633059879,"1. Aléatoire (Taille)","MPI-ESM  REMO2009","MPI-ESM (Intermédiaire)"
2041,"2. Étang de Milieu",52.14958435967837,34.002620454878155,935.24544,9090585.6768,0.04512075554155097,0.1606788021826347,0.368230633059879,"1. Aléatoire (Taille)","MPI-ESM  REMO2009","MPI-ESM (Intermédiaire)"
2041,"3. Étang Exutoire",100,66.1210776386692,935.24544,9090585.6768,0.04512075554155097,0.1606788021826347,0.368230633059879,"1. Aléatoire (Taille)","MPI-ESM  REMO2009","MPI-ESM (Intermédiaire)"
2042,"1. Étang de Tête",14.369020026495658,1.0531172492943648,969.2352,9420966.144,0.05072242289078691,0.1466693823239559,0.3407942882671925,"1. Aléatoire (Taille)","MPI-ESM  REMO2009","MPI-ESM (Intermédiaire)"
2042,"2. Étang de Milieu",44.96463267445813,19.460579400594323,969.2352,9420966.144,0.05072242289078691,0.1466693823239559,0.3407942882671925,"1. Aléatoire (Taille)","MPI-ESM  REMO2009","MPI-ESM (Intermédiaire)"
2042,"3. Étang Exutoire",0,0,969.2352,9420966.144,0.05072242289078691,0.1466693823239559,0.3407942882671925,"1. Aléatoire (Taille)","MPI-ESM  REMO2009","MPI-ESM (Intermédiaire)"
2043,"1. Étang de Tête",70.11533404548629,36.94072143465418,1260.63648,12253386.5856,0.1329285687079654,0.12383540986017959,0.40488810293767946,"1. Aléatoire (Taille)","MPI-ESM  REMO2009","MPI-ESM (Intermédiaire)"
2043,"2. Étang de Milieu",85.43334494514606,52.274062087429535,1260.63648,12253386.5856,0.1329285687079654,0.12383540986017959,0.40488810293767946,"1. Aléatoire (Taille)","MPI-ESM  REMO2009","MPI-ESM (Intermédiaire)"
2043,"3. Étang Exutoire",100,53.96059728793746,1260.63648,12253386.5856,0.1329285687079654,0.12383540986017959,0.40488810293767946,"1. Aléatoire (Taille)","MPI-ESM  REMO2009","MPI-ESM (Intermédiaire)"
2044,"1. Étang de Tête",43.023268967448395,19.3107112003386,1020.30624,9917376.6528,0.15090946230064428,0.18082118475036849,0.3819119284590245,"1. Aléatoire (Taille)","MPI-ESM  REMO2009","MPI-ESM (Intermédiaire)"
2044,"2. Étang de Milieu",51.84167641742136,27.519951455979104,1020.30624,9917376.6528,0.15090946230064428,0.18082118475036849,0.3819119284590245,"1. Aléatoire (Taille)","MPI-ESM  REMO2009","MPI-ESM (Intermédiaire)"
2044,"3. Étang Exutoire",100,47.2703580144628,1020.30624,9917376.6528,0.15090946230064428,0.18082118475036849,0.3819119284590245,"1. Aléatoire (Taille)","MPI-ESM  REMO2009","MPI-ESM (Intermédiaire)"
2045,"1. Étang de Tête",35.87706020089977,14.110406004445805,1041.56064,10123969.4208,0.10085275208423318,0.15003786027292254,0.3515561416692367,"1. Aléatoire (Taille)","MPI-ESM  REMO2009","MPI-ESM (Intermédiaire)"
2045,"2. Étang de Milieu",49.74721634031621,30.309848433251144,1041.56064,10123969.4208,0.10085275208423318,0.15003786027292254,0.3515561416692367,"1. Aléatoire (Taille)","MPI-ESM  REMO2009","MPI-ESM (Intermédiaire)"
2045,"3. Étang Exutoire",89.3360801364047,63.49890407584249,1041.56064,10123969.4208,0.10085275208423318,0.15003786027292254,0.3515561416692367,"1. Aléatoire (Taille)","MPI-ESM  REMO2009","MPI-ESM (Intermédiaire)"
2046,"1. Étang de Tête",58.716604473065665,45.26277585790094,1293.26112,12570498.086399999,0.11672247937507407,0.1304398905560995,0.38447117048020785,"1. Aléatoire (Taille)","MPI-ESM  REMO2009","MPI-ESM (Intermédiaire)"
2046,"2. Étang de Milieu",83.5340325691082,66.72865701918835,1293.26112,12570498.086399999,0.11672247937507407,0.1304398905560995,0.38447117048020785,"1. Aléatoire (Taille)","MPI-ESM  REMO2009","MPI-ESM (Intermédiaire)"
2046,"3. Étang Exutoire",100,71.81686012407563,1293.26112,12570498.086399999,0.11672247937507407,0.1304398905560995,0.38447117048020785,"1. Aléatoire (Taille)","MPI-ESM  REMO2009","MPI-ESM (Intermédiaire)"
2047,"1. Étang de Tête",42.261597789066805,8.458225096912708,822.13056,7991109.043199999,0.1947626752271309,0.17729131299831105,0.3655891999452883,"1. Aléatoire (Taille)","MPI-ESM  REMO2009","MPI-ESM (Intermédiaire)"
2047,"2. Étang de Milieu",58.22146421247774,28.095831323864637,822.13056,7991109.043199999,0.1947626752271309,0.17729131299831105,0.3655891999452883,"1. Aléatoire (Taille)","MPI-ESM  REMO2009","MPI-ESM (Intermédiaire)"
2047,"3. Étang Exutoire",99.0328145305877,56.93171121940872,822.13056,7991109.043199999,0.1947626752271309,0.17729131299831105,0.3655891999452883,"1. Aléatoire (Taille)","MPI-ESM  REMO2009","MPI-ESM (Intermédiaire)"
2048,"1. Étang de Tête",28.230393176655856,12.002910240952632,866.1168,8418655.296,0.06192011290059109,0.14514226031132355,0.35623012890017886,"1. Aléatoire (Taille)","MPI-ESM  REMO2009","MPI-ESM (Intermédiaire)"
2048,"2. Étang de Milieu",49.44040750436088,34.3943783547163,866.1168,8418655.296,0.06192011290059109,0.14514226031132355,0.35623012890017886,"1. Aléatoire (Taille)","MPI-ESM  REMO2009","MPI-ESM (Intermédiaire)"
2048,"3. Étang Exutoire",0,0,866.1168,8418655.296,0.06192011290059109,0.14514226031132355,0.35623012890017886,"1. Aléatoire (Taille)","MPI-ESM  REMO2009","MPI-ESM (Intermédiaire)"
2049,"1. Étang de Tête",13.512358393736358,0.45808097548468785,747.00576,7260895.9872,0.07086124693993863,0.19201482313080312,0.33108525795071714,"1. Aléatoire (Taille)","MPI-ESM  REMO2009","MPI-ESM (Intermédiaire)"
2049,"2. Étang de Milieu",29.805233638424735,4.316970694122665,747.00576,7260895.9872,0.07086124693993863,0.19201482313080312,0.33108525795071714,"1. Aléatoire (Taille)","MPI-ESM  REMO2009","MPI-ESM (Intermédiaire)"
2049,"3. Étang Exutoire",93.95657900689015,33.917793989784656,747.00576,7260895.9872,0.07086124693993863,0.19201482313080312,0.33108525795071714,"1. Aléatoire (Taille)","MPI-ESM  REMO2009","MPI-ESM (Intermédiaire)"
2050,"1. Étang de Tête",76.0510446820276,62.76483829933392,1513.46016,14710832.755200002,0.09648932675197211,0.09086617310408629,0.3894814805646773,"1. Aléatoire (Taille)","MPI-ESM  REMO2009","MPI-ESM (Intermédiaire)"
2050,"2. Étang de Milieu",75.19326916102712,65.85035028376679,1513.46016,14710832.755200002,0.09648932675197211,0.09086617310408629,0.3894814805646773,"1. Aléatoire (Taille)","MPI-ESM  REMO2009","MPI-ESM (Intermédiaire)"
2050,"3. Étang Exutoire",100,75.01385670044436,1513.46016,14710832.755200002,0.09648932675197211,0.09086617310408629,0.3894814805646773,"1. Aléatoire (Taille)","MPI-ESM  REMO2009","MPI-ESM (Intermédiaire)"
2051,"1. Étang de Tête",54.932804883453656,35.18658207131462,1061.35488,10316369.433600001,0.18504249960597358,0.1601289329274131,0.38420501567687676,"1. Aléatoire (Taille)","MPI-ESM  REMO2009","MPI-ESM (Intermédiaire)"
2051,"2. Étang de Milieu",70.49299996690965,50.321798645864824,1061.35488,10316369.433600001,0.18504249960597358,0.1601289329274131,0.38420501567687676,"1. Aléatoire (Taille)","MPI-ESM  REMO2009","MPI-ESM (Intermédiaire)"
2051,"3. Étang Exutoire",99.80987258781893,69.10075018909842,1061.35488,10316369.433600001,0.18504249960597358,0.1601289329274131,0.38420501567687676,"1. Aléatoire (Taille)","MPI-ESM  REMO2009","MPI-ESM (Intermédiaire)"
2052,"1. Étang de Tête",44.30567310270866,49.43587904582126,1443.81312,14033863.5264,0.1699436549043016,0.08952080856647975,0.38586898630355454,"1. Aléatoire (Taille)","MPI-ESM  REMO2009","MPI-ESM (Intermédiaire)"
2052,"2. Étang de Milieu",79.02464731424378,75.4816227012425,1443.81312,14033863.5264,0.1699436549043016,0.08952080856647975,0.38586898630355454,"1. Aléatoire (Taille)","MPI-ESM  REMO2009","MPI-ESM (Intermédiaire)"
2052,"3. Étang Exutoire",99.7389011592475,85.87589510188522,1443.81312,14033863.5264,0.1699436549043016,0.08952080856647975,0.38586898630355454,"1. Aléatoire (Taille)","MPI-ESM  REMO2009","MPI-ESM (Intermédiaire)"
2053,"1. Étang de Tête",24.93269152037252,0,681.08256,6620122.483199999,0.20739328096928983,0.2419892328243348,0.3563039425091408,"1. Aléatoire (Taille)","MPI-ESM  REMO2009","MPI-ESM (Intermédiaire)"
2053,"2. Étang de Milieu",46.48244093639745,12.805912017911153,681.08256,6620122.483199999,0.20739328096928983,0.2419892328243348,0.3563039425091408,"1. Aléatoire (Taille)","MPI-ESM  REMO2009","MPI-ESM (Intermédiaire)"
2053,"3. Étang Exutoire",99.6978897634568,35.87472796601207,681.08256,6620122.483199999,0.20739328096928983,0.2419892328243348,0.3563039425091408,"1. Aléatoire (Taille)","MPI-ESM  REMO2009","MPI-ESM (Intermédiaire)"
2054,"1. Étang de Tête",63.98835804709879,43.792378935033184,1324.27872,12871989.1584,0.08662946947927443,0.10516603779256758,0.38052137659236596,"1. Aléatoire (Taille)","MPI-ESM  REMO2009","MPI-ESM (Intermédiaire)"
2054,"2. Étang de Milieu",65.32641941197198,43.99217025990283,1324.27872,12871989.1584,0.08662946947927443,0.10516603779256758,0.38052137659236596,"1. Aléatoire (Taille)","MPI-ESM  REMO2009","MPI-ESM (Intermédiaire)"
2054,"3. Étang Exutoire",99.61505115885012,61.061111856858005,1324.27872,12871989.1584,0.08662946947927443,0.10516603779256758,0.38052137659236596,"1. Aléatoire (Taille)","MPI-ESM  REMO2009","MPI-ESM (Intermédiaire)"
2055,"1. Étang de Tête",69.7092091242001,19.482721804135203,958.42656,9315906.1632,0.11705756449115035,0.20869395768079144,0.3769493868181356,"1. Aléatoire (Taille)","MPI-ESM  REMO2009","MPI-ESM (Intermédiaire)"
2055,"2. Étang de Milieu",78.22650922383076,34.79565263631273,958.42656,9315906.1632,0.11705756449115035,0.20869395768079144,0.3769493868181356,"1. Aléatoire (Taille)","MPI-ESM  REMO2009","MPI-ESM (Intermédiaire)"
2055,"3. Étang Exutoire",0,0,958.42656,9315906.1632,0.11705756449115035,0.20869395768079144,0.3769493868181356,"1. Aléatoire (Taille)","MPI-ESM  REMO2009","MPI-ESM (Intermédiaire)"
2056,"1. Étang de Tête",66.22703104667394,38.835884088228234,1492.35264,14505667.660799999,0.11905113837142295,0.11279347932758965,0.3839173819423896,"1. Aléatoire (Taille)","MPI-ESM  REMO2009","MPI-ESM (Intermédiaire)"
2056,"2. Étang de Milieu",83.02349965780311,57.70553111767875,1492.35264,14505667.660799999,0.11905113837142295,0.11279347932758965,0.3839173819423896,"1. Aléatoire (Taille)","MPI-ESM  REMO2009","MPI-ESM (Intermédiaire)"
2056,"3. Étang Exutoire",99.7801406042093,63.87865026347869,1492.35264,14505667.660799999,0.11905113837142295,0.11279347932758965,0.3839173819423896,"1. Aléatoire (Taille)","MPI-ESM  REMO2009","MPI-ESM (Intermédiaire)"
2057,"1. Étang de Tête",44.14266373006555,13.695947413834995,969.69312,9425417.126400001,0.1942638288271361,0.17753839207628797,0.3749065777621543,"1. Aléatoire (Taille)","MPI-ESM  REMO2009","MPI-ESM (Intermédiaire)"
2057,"2. Étang de Milieu",69.84510889083347,42.018638174538935,969.69312,9425417.126400001,0.1942638288271361,0.17753839207628797,0.3749065777621543,"1. Aléatoire (Taille)","MPI-ESM  REMO2009","MPI-ESM (Intermédiaire)"
2057,"3. Étang Exutoire",98.36737461827124,62.47862003531749,969.69312,9425417.126400001,0.1942638288271361,0.17753839207628797,0.3749065777621543,"1. Aléatoire (Taille)","MPI-ESM  REMO2009","MPI-ESM (Intermédiaire)"
2058,"1. Étang de Tête",32.56656086067009,15.34643858225182,875.34432,8508346.7904,0.1092519977474945,0.16663028508004638,0.35744529730559216,"1. Aléatoire (Taille)","MPI-ESM  REMO2009","MPI-ESM (Intermédiaire)"
2058,"2. Étang de Milieu",35.71580593813531,21.790312624711888,875.34432,8508346.7904,0.1092519977474945,0.16663028508004638,0.35744529730559216,"1. Aléatoire (Taille)","MPI-ESM  REMO2009","MPI-ESM (Intermédiaire)"
2058,"3. Étang Exutoire",95.04292805352429,66.2147436154076,875.34432,8508346.7904,0.1092519977474945,0.16663028508004638,0.35744529730559216,"1. Aléatoire (Taille)","MPI-ESM  REMO2009","MPI-ESM (Intermédiaire)"
2059,"1. Étang de Tête",61.81012738578065,3.8175869989455564,991.17216,9634193.3952,0.047703520970985104,0.2286590848732393,0.3592031847173884,"1. Aléatoire (Taille)","MPI-ESM  REMO2009","MPI-ESM (Intermédiaire)"
2059,"2. Étang de Milieu",68.64654109922384,18.3971091418494,991.17216,9634193.3952,0.047703520970985104,0.2286590848732393,0.3592031847173884,"1. Aléatoire (Taille)","MPI-ESM  REMO2009","MPI-ESM (Intermédiaire)"
2059,"3. Étang Exutoire",99.43832856447325,34.20127773756828,991.17216,9634193.3952,0.047703520970985104,0.2286590848732393,0.3592031847173884,"1. Aléatoire (Taille)","MPI-ESM  REMO2009","MPI-ESM (Intermédiaire)"
2060,"1. Étang de Tête",46.320907164973875,11.473360381855933,947.23776,9207151.0272,0.07532863592292784,0.21283202476639915,0.3883676175689914,"1. Aléatoire (Taille)","MPI-ESM  REMO2009","MPI-ESM (Intermédiaire)"
2060,"2. Étang de Milieu",77.43858069321345,40.07038917276953,947.23776,9207151.0272,0.07532863592292784,0.21283202476639915,0.3883676175689914,"1. Aléatoire (Taille)","MPI-ESM  REMO2009","MPI-ESM (Intermédiaire)"
2060,"3. Étang Exutoire",99.10621609834216,47.17550258567218,947.23776,9207151.0272,0.07532863592292784,0.21283202476639915,0.3883676175689914,"1. Aléatoire (Taille)","MPI-ESM  REMO2009","MPI-ESM (Intermédiaire)"
2061,"1. Étang de Tête",38.23179919892615,21.51188698730354,1026.53568,9977926.8096,0.11332091893363967,0.12534103718255643,0.37296164955331035,"1. Aléatoire (Taille)","MPI-ESM  REMO2009","MPI-ESM (Intermédiaire)"
2061,"2. Étang de Milieu",52.256779236098915,31.578355971221118,1026.53568,9977926.8096,0.11332091893363967,0.12534103718255643,0.37296164955331035,"1. Aléatoire (Taille)","MPI-ESM  REMO2009","MPI-ESM (Intermédiaire)"
2061,"3. Étang Exutoire",0,0,1026.53568,9977926.8096,0.11332091893363967,0.12534103718255643,0.37296164955331035,"1. Aléatoire (Taille)","MPI-ESM  REMO2009","MPI-ESM (Intermédiaire)"
2062,"1. Étang de Tête",64.07181701882088,38.44599612944204,1090.24704,10597201.228799999,0.0390825525811397,0.15609557100916738,0.36162906207418516,"1. Aléatoire (Taille)","MPI-ESM  REMO2009","MPI-ESM (Intermédiaire)"
2062,"2. Étang de Milieu",76.34426176278629,53.99152416140859,1090.24704,10597201.228799999,0.0390825525811397,0.15609557100916738,0.36162906207418516,"1. Aléatoire (Taille)","MPI-ESM  REMO2009","MPI-ESM (Intermédiaire)"
2062,"3. Étang Exutoire",99.05212577984716,69.11548574074436,1090.24704,10597201.228799999,0.0390825525811397,0.15609557100916738,0.36162906207418516,"1. Aléatoire (Taille)","MPI-ESM  REMO2009","MPI-ESM (Intermédiaire)"
2063,"1. Étang de Tête",73.56255271082094,57.89990453138548,1179.32544,11463043.276800001,0.12360278868871294,0.16817281316722618,0.3663471216419336,"1. Aléatoire (Taille)","MPI-ESM  REMO2009","MPI-ESM (Intermédiaire)"
2063,"2. Étang de Milieu",77.13766357631977,62.336114041272154,1179.32544,11463043.276800001,0.12360278868871294,0.16817281316722618,0.3663471216419336,"1. Aléatoire (Taille)","MPI-ESM  REMO2009","MPI-ESM (Intermédiaire)"
2063,"3. Étang Exutoire",100,77.98128007538033,1179.32544,11463043.276800001,0.12360278868871294,0.16817281316722618,0.3663471216419336,"1. Aléatoire (Taille)","MPI-ESM  REMO2009","MPI-ESM (Intermédiaire)"
2064,"1. Étang de Tête",43.68302266073193,9.662041567762541,907.74432,8823274.7904,0.1584746535609985,0.20203127504289142,0.37071198549928297,"1. Aléatoire (Taille)","MPI-ESM  REMO2009","MPI-ESM (Intermédiaire)"
2064,"2. Étang de Milieu",59.95929261574498,25.48379384417157,907.74432,8823274.7904,0.1584746535609985,0.20203127504289142,0.37071198549928297,"1. Aléatoire (Taille)","MPI-ESM  REMO2009","MPI-ESM (Intermédiaire)"
2064,"3. Étang Exutoire",96.93571254241816,41.047005862973066,907.74432,8823274.7904,0.1584746535609985,0.20203127504289142,0.37071198549928297,"1. Aléatoire (Taille)","MPI-ESM  REMO2009","MPI-ESM (Intermédiaire)"
2065,"1. Étang de Tête",50.53215247715033,40.887247076057214,1143.42624,11114103.0528,0.08746566288957922,0.13603130959023035,0.3841686592736317,"1. Aléatoire (Taille)","MPI-ESM  REMO2009","MPI-ESM (Intermédiaire)"
2065,"2. Étang de Milieu",58.54448751735541,46.58115558145756,1143.42624,11114103.0528,0.08746566288957922,0.13603130959023035,0.3841686592736317,"1. Aléatoire (Taille)","MPI-ESM  REMO2009","MPI-ESM (Intermédiaire)"
2065,"3. Étang Exutoire",99.03696816390361,70.36083413589881,1143.42624,11114103.0528,0.08746566288957922,0.13603130959023035,0.3841686592736317,"1. Aléatoire (Taille)","MPI-ESM  REMO2009","MPI-ESM (Intermédiaire)"
2066,"1. Étang de Tête",34.78101677278085,8.452790840788582,824.02272,8009500.838400001,0.11994070062077321,0.19208572423929704,0.3500481125123588,"1. Aléatoire (Taille)","MPI-ESM  REMO2009","MPI-ESM (Intermédiaire)"
2066,"2. Étang de Milieu",57.28641416738853,28.096251940494117,824.02272,8009500.838400001,0.11994070062077321,0.19208572423929704,0.3500481125123588,"1. Aléatoire (Taille)","MPI-ESM  REMO2009","MPI-ESM (Intermédiaire)"
2066,"3. Étang Exutoire",100,56.6776149946433,824.02272,8009500.838400001,0.11994070062077321,0.19208572423929704,0.3500481125123588,"1. Aléatoire (Taille)","MPI-ESM  REMO2009","MPI-ESM (Intermédiaire)"
2067,"1. Étang de Tête",24.18928811105574,2.955661629638599,822.54528,7995140.1216,0.03669956912321912,0.22237446880526485,0.3424435383445501,"1. Aléatoire (Taille)","MPI-ESM  REMO2009","MPI-ESM (Intermédiaire)"
2067,"2. Étang de Milieu",41.95803418325557,22.077398616618094,822.54528,7995140.1216,0.03669956912321912,0.22237446880526485,0.3424435383445501,"1. Aléatoire (Taille)","MPI-ESM  REMO2009","MPI-ESM (Intermédiaire)"
2067,"3. Étang Exutoire",99.3554833828722,62.883219389189904,822.54528,7995140.1216,0.03669956912321912,0.22237446880526485,0.3424435383445501,"1. Aléatoire (Taille)","MPI-ESM  REMO2009","MPI-ESM (Intermédiaire)"
2068,"1. Étang de Tête",32.32036069677434,22.412471207011478,1037.34432,10082986.7904,0.066311403640360575,0.10710303362456668,0.36244707664468107,"1. Aléatoire (Taille)","MPI-ESM  REMO2009","MPI-ESM (Intermédiaire)"
2068,"2. Étang de Milieu",43.75877861533151,35.02789029006295,1037.34432,10082986.7904,0.066311403640360575,0.10710303362456668,0.36244707664468107,"1. Aléatoire (Taille)","MPI-ESM  REMO2009","MPI-ESM (Intermédiaire)"
2068,"3. Étang Exutoire",0,0,1037.34432,10082986.7904,0.066311403640360575,0.10710303362456668,0.36244707664468107,"1. Aléatoire (Taille)","MPI-ESM  REMO2009","MPI-ESM (Intermédiaire)"
2069,"1. Étang de Tête",60.74528971677577,37.37903561768706,1222.05024,11878328.3328,0.09767124525005096,0.16468697806906524,0.38143814788090924,"1. Aléatoire (Taille)","MPI-ESM  REMO2009","MPI-ESM (Intermédiaire)"
2069,"2. Étang de Milieu",75.90341565466571,49.417145678191055,1222.05024,11878328.3328,0.09767124525005096,0.16468697806906524,0.38143814788090924,"1. Aléatoire (Taille)","MPI-ESM  REMO2009","MPI-ESM (Intermédiaire)"
2069,"3. Étang Exutoire",100,56.4564989809194,1222.05024,11878328.3328,0.09767124525005096,0.16468697806906524,0.38143814788090924,"1. Aléatoire (Taille)","MPI-ESM  REMO2009","MPI-ESM (Intermédiaire)"
2070,"1. Étang de Tête",59.14697189903768,6.758126943021596,979.46496,9520399.4112,0.12098315644381523,0.19995305504696098,0.3626339564841438,"1. Aléatoire (Taille)","MPI-ESM  REMO2009","MPI-ESM (Intermédiaire)"
2070,"2. Étang de Milieu",61.88934211947877,21.741460837157074,979.46496,9520399.4112,0.12098315644381523,0.19995305504696098,0.3626339564841438,"1. Aléatoire (Taille)","MPI-ESM  REMO2009","MPI-ESM (Intermédiaire)"
2070,"3. Étang Exutoire",100,37.774393447270526,979.46496,9520399.4112,0.12098315644381523,0.19995305504696098,0.3626339564841438,"1. Aléatoire (Taille)","MPI-ESM  REMO2009","MPI-ESM (Intermédiaire)"
2026,"1. Étang de Tête",95.17463533389399,78.87207748670018,982.67904,9551640.2688,0.06486961580372265,0.19025233762504318,0.38560864183272353,"2. Aléatoire (Fixe)","CNRM-CM5  ALADIN63","CNRM-CM5 (Modéré)"
2026,"2. Étang de Milieu",87.14832030390322,82.9114778400016,982.67904,9551640.2688,0.06486961580372265,0.19025233762504318,0.38560864183272353,"2. Aléatoire (Fixe)","CNRM-CM5  ALADIN63","CNRM-CM5 (Modéré)"
2026,"3. Étang Exutoire",100,81.13235952006771,982.67904,9551640.2688,0.06486961580372265,0.19025233762504318,0.38560864183272353,"2. Aléatoire (Fixe)","CNRM-CM5  ALADIN63","CNRM-CM5 (Modéré)"
2027,"1. Étang de Tête",19.507813295307955,0,965.68416,9386450.0352,0.13367067328124937,0.2033059522910523,0.33315602531691285,"2. Aléatoire (Fixe)","CNRM-CM5  ALADIN63","CNRM-CM5 (Modéré)"
2027,"2. Étang de Milieu",52.4276195018211,20.954066394982913,965.68416,9386450.0352,0.13367067328124937,0.2033059522910523,0.33315602531691285,"2. Aléatoire (Fixe)","CNRM-CM5  ALADIN63","CNRM-CM5 (Modéré)"
2027,"3. Étang Exutoire",96.20518349138905,48.4112691695391,965.68416,9386450.0352,0.13367067328124937,0.2033059522910523,0.33315602531691285,"2. Aléatoire (Fixe)","CNRM-CM5  ALADIN63","CNRM-CM5 (Modéré)"
2028,"1. Étang de Tête",41.72491992514256,44.77556796463192,1124.6515200000001,10931612.774400001,0.09420853573005675,0.161030105847098,0.3646149723519125,"2. Aléatoire (Fixe)","CNRM-CM5  ALADIN63","CNRM-CM5 (Modéré)"
2028,"2. Étang de Milieu",55.068217770525834,55.630972347477716,1124.6515200000001,10931612.774400001,0.09420853573005675,0.161030105847098,0.3646149723519125,"2. Aléatoire (Fixe)","CNRM-CM5  ALADIN63","CNRM-CM5 (Modéré)"
2028,"3. Étang Exutoire",97.54640189378027,85.42402861897858,1124.6515200000001,10931612.774400001,0.09420853573005675,0.161030105847098,0.3646149723519125,"2. Aléatoire (Fixe)","CNRM-CM5  ALADIN63","CNRM-CM5 (Modéré)"
2029,"1. Étang de Tête",34.87922358387404,15.443999326911477,966.384,9393252.48,0.1433056938144163,0.13539452856461515,0.3636990188907985,"2. Aléatoire (Fixe)","CNRM-CM5  ALADIN63","CNRM-CM5 (Modéré)"
2029,"2. Étang de Milieu",44.46782381202287,29.957180613090514,966.384,9393252.48,0.1433056938144163,0.13539452856461515,0.3636990188907985,"2. Aléatoire (Fixe)","CNRM-CM5  ALADIN63","CNRM-CM5 (Modéré)"
2029,"3. Étang Exutoire",99.26899614613588,70.24629075998998,966.384,9393252.48,0.1433056938144163,0.13539452856461515,0.3636990188907985,"2. Aléatoire (Fixe)","CNRM-CM5  ALADIN63","CNRM-CM5 (Modéré)"
2030,"1. Étang de Tête",65.26694245358296,43.039772739752884,1098.99936,10682273.7792,0.09485307043528841,0.12198621072922744,0.3755919143149331,"2. Aléatoire (Fixe)","CNRM-CM5  ALADIN63","CNRM-CM5 (Modéré)"
2030,"2. Étang de Milieu",63.389119556511396,46.630178274872065,1098.99936,10682273.7792,0.09485307043528841,0.12198621072922744,0.3755919143149331,"2. Aléatoire (Fixe)","CNRM-CM5  ALADIN63","CNRM-CM5 (Modéré)"
2030,"3. Étang Exutoire",99.51501152691358,74.65147996657845,1098.99936,10682273.7792,0.09485307043528841,0.12198621072922744,0.3755919143149331,"2. Aléatoire (Fixe)","CNRM-CM5  ALADIN63","CNRM-CM5 (Modéré)"
2031,"1. Étang de Tête",64.09719357687864,71.61180151958432,1544.7456,15014927.231999999,0.12886825892633905,0.09613031484310516,0.381090940439485,"2. Aléatoire (Fixe)","CNRM-CM5  ALADIN63","CNRM-CM5 (Modéré)"
2031,"2. Étang de Milieu",66.003681256178,69.11530996691137,1544.7456,15014927.231999999,0.12886825892633905,0.09613031484310516,0.381090940439485,"2. Aléatoire (Fixe)","CNRM-CM5  ALADIN63","CNRM-CM5 (Modéré)"
2031,"3. Étang Exutoire",0,0,1544.7456,15014927.231999999,0.12886825892633905,0.09613031484310516,0.381090940439485,"2. Aléatoire (Fixe)","CNRM-CM5  ALADIN63","CNRM-CM5 (Modéré)"
2032,"1. Étang de Tête",27.694238153569962,25.645824386746238,954.77184,9280382.2848,0.23268073002128453,0.15711589725572062,0.3758329510528572,"2. Aléatoire (Fixe)","CNRM-CM5  ALADIN63","CNRM-CM5 (Modéré)"
2032,"2. Étang de Milieu",57.093981722928326,47.75268506946735,954.77184,9280382.2848,0.23268073002128453,0.15711589725572062,0.3758329510528572,"2. Aléatoire (Fixe)","CNRM-CM5  ALADIN63","CNRM-CM5 (Modéré)"
2032,"3. Étang Exutoire",99.6306355446518,76.44919973707326,954.77184,9280382.2848,0.23268073002128453,0.15711589725572062,0.3758329510528572,"2. Aléatoire (Fixe)","CNRM-CM5  ALADIN63","CNRM-CM5 (Modéré)"
2033,"1. Étang de Tête",42.22272911853465,37.257778157988234,1207.01664,11732201.7408,0.08662233884251858,0.11743001441834594,0.35721245269423346,"2. Aléatoire (Fixe)","CNRM-CM5  ALADIN63","CNRM-CM5 (Modéré)"
2033,"2. Étang de Milieu",44.20575176095932,40.37616070122375,1207.01664,11732201.7408,0.08662233884251858,0.11743001441834594,0.35721245269423346,"2. Aléatoire (Fixe)","CNRM-CM5  ALADIN63","CNRM-CM5 (Modéré)"
2033,"3. Étang Exutoire",100,72.02599170071937,1207.01664,11732201.7408,0.08662233884251858,0.11743001441834594,0.35721245269423346,"2. Aléatoire (Fixe)","CNRM-CM5  ALADIN63","CNRM-CM5 (Modéré)"
2034,"1. Étang de Tête",55.85448497705387,11.330551201961342,1036.42848,10074084.8256,0.1541430910998487,0.1887906368307798,0.3773778504757557,"2. Aléatoire (Fixe)","CNRM-CM5  ALADIN63","CNRM-CM5 (Modéré)"
2034,"2. Étang de Milieu",69.88787011443651,30.740184870809923,1036.42848,10074084.8256,0.1541430910998487,0.1887906368307798,0.3773778504757557,"2. Aléatoire (Fixe)","CNRM-CM5  ALADIN63","CNRM-CM5 (Modéré)"
2034,"3. Étang Exutoire",94.49741210522721,44.49220289008184,1036.42848,10074084.8256,0.1541430910998487,0.1887906368307798,0.3773778504757557,"2. Aléatoire (Fixe)","CNRM-CM5  ALADIN63","CNRM-CM5 (Modéré)"
2035,"1. Étang de Tête",67.02260765491351,54.48619408097826,1441.52352,14011608.6144,0.10791947616692964,0.10721976223154925,0.3787042364275153,"2. Aléatoire (Fixe)","CNRM-CM5  ALADIN63","CNRM-CM5 (Modéré)"
2035,"2. Étang de Milieu",67.79430269794749,60.6039822341314,1441.52352,14011608.6144,0.10791947616692964,0.10721976223154925,0.3787042364275153,"2. Aléatoire (Fixe)","CNRM-CM5  ALADIN63","CNRM-CM5 (Modéré)"
2035,"3. Étang Exutoire",0,0,1441.52352,14011608.6144,0.10791947616692964,0.10721976223154925,0.3787042364275153,"2. Aléatoire (Fixe)","CNRM-CM5  ALADIN63","CNRM-CM5 (Modéré)"
2036,"1. Étang de Tête",55.33210305559315,50.348135632387056,1179.80064,11467662.2208,0.19355318992194334,0.13996042095871566,0.3807179843716818,"2. Aléatoire (Fixe)","CNRM-CM5  ALADIN63","CNRM-CM5 (Modéré)"
2036,"2. Étang de Milieu",61.18533966687885,54.15776532214571,1179.80064,11467662.2208,0.19355318992194334,0.13996042095871566,0.3807179843716818,"2. Aléatoire (Fixe)","CNRM-CM5  ALADIN63","CNRM-CM5 (Modéré)"
2036,"3. Étang Exutoire",99.54309603278074,75.84344661219126,1179.80064,11467662.2208,0.19355318992194334,0.13996042095871566,0.3807179843716818,"2. Aléatoire (Fixe)","CNRM-CM5  ALADIN63","CNRM-CM5 (Modéré)"
2037,"1. Étang de Tête",45.22098626976387,12.647088827874732,1039.79808,10106837.3376,0.12685550236702664,0.1744796395046997,0.36208507297056547,"2. Aléatoire (Fixe)","CNRM-CM5  ALADIN63","CNRM-CM5 (Modéré)"
2037,"2. Étang de Milieu",52.85862568162988,25.762335040741615,1039.79808,10106837.3376,0.12685550236702664,0.1744796395046997,0.36208507297056547,"2. Aléatoire (Fixe)","CNRM-CM5  ALADIN63","CNRM-CM5 (Modéré)"
2037,"3. Étang Exutoire",95.77854798221193,54.13560693492191,1039.79808,10106837.3376,0.12685550236702664,0.1744796395046997,0.36208507297056547,"2. Aléatoire (Fixe)","CNRM-CM5  ALADIN63","CNRM-CM5 (Modéré)"
2038,"1. Étang de Tête",45.376578694618075,34.8783773833931,1276.88832,12411354.4704,0.1087385906313358,0.12201995222460472,0.3822408513927836,"2. Aléatoire (Fixe)","CNRM-CM5  ALADIN63","CNRM-CM5 (Modéré)"
2038,"2. Étang de Milieu",68.26701816278998,52.065947457138826,1276.88832,12411354.4704,0.1087385906313358,0.12201995222460472,0.3822408513927836,"2. Aléatoire (Fixe)","CNRM-CM5  ALADIN63","CNRM-CM5 (Modéré)"
2038,"3. Étang Exutoire",100,66.9862385595812,1276.88832,12411354.4704,0.1087385906313358,0.12201995222460472,0.3822408513927836,"2. Aléatoire (Fixe)","CNRM-CM5  ALADIN63","CNRM-CM5 (Modéré)"
2039,"1. Étang de Tête",64.0572790127333,38.2423963245425,1260.16128,12248767.6416,0.14251282242330918,0.1285294931033558,0.37377902412060776,"2. Aléatoire (Fixe)","CNRM-CM5  ALADIN63","CNRM-CM5 (Modéré)"
2039,"2. Étang de Milieu",63.837955494142605,44.66250889997303,1260.16128,12248767.6416,0.14251282242330918,0.1285294931033558,0.37377902412060776,"2. Aléatoire (Fixe)","CNRM-CM5  ALADIN63","CNRM-CM5 (Modéré)"
2039,"3. Étang Exutoire",98.76958566571294,67.53719536218733,1260.16128,12248767.6416,0.14251282242330918,0.1285294931033558,0.37377902412060776,"2. Aléatoire (Fixe)","CNRM-CM5  ALADIN63","CNRM-CM5 (Modéré)"
2040,"1. Étang de Tête",42.15253536710433,25.210885206076565,964.58688,9375784.4736,0.1273150071080885,0.17775828559217474,0.3553237584137261,"2. Aléatoire (Fixe)","CNRM-CM5  ALADIN63","CNRM-CM5 (Modéré)"
2040,"2. Étang de Milieu",52.65512519234461,43.217771816592155,964.58688,9375784.4736,0.1273150071080885,0.17775828559217474,0.3553237584137261,"2. Aléatoire (Fixe)","CNRM-CM5  ALADIN63","CNRM-CM5 (Modéré)"
2040,"3. Étang Exutoire",100,84.0513050448102,964.58688,9375784.4736,0.1273150071080885,0.17775828559217474,0.3553237584137261,"2. Aléatoire (Fixe)","CNRM-CM5  ALADIN63","CNRM-CM5 (Modéré)"
2041,"1. Étang de Tête",66.85670967356961,23.573691740935118,1007.95968,9797368.0896,0.09349652768329507,0.1725141426270545,0.37262748695947506,"2. Aléatoire (Fixe)","CNRM-CM5  ALADIN63","CNRM-CM5 (Modéré)"
2041,"2. Étang de Milieu",60.52646668635992,31.62236906174712,1007.95968,9797368.0896,0.09349652768329507,0.1725141426270545,0.37262748695947506,"2. Aléatoire (Fixe)","CNRM-CM5  ALADIN63","CNRM-CM5 (Modéré)"
2041,"3. Étang Exutoire",99.65862390153426,54.21744244832026,1007.95968,9797368.0896,0.09349652768329507,0.1725141426270545,0.37262748695947506,"2. Aléatoire (Fixe)","CNRM-CM5  ALADIN63","CNRM-CM5 (Modéré)"
2042,"1. Étang de Tête",25.963119673976372,4.196680435394449,848.49984,8247418.4448,0.08533107837405113,0.17108935685926663,0.34883738289916544,"2. Aléatoire (Fixe)","CNRM-CM5  ALADIN63","CNRM-CM5 (Modéré)"
2042,"2. Étang de Milieu",55.026195323539326,28.938713771454314,848.49984,8247418.4448,0.08533107837405113,0.17108935685926663,0.34883738289916544,"2. Aléatoire (Fixe)","CNRM-CM5  ALADIN63","CNRM-CM5 (Modéré)"
2042,"3. Étang Exutoire",0,0,848.49984,8247418.4448,0.08533107837405113,0.17108935685926663,0.34883738289916544,"2. Aléatoire (Fixe)","CNRM-CM5  ALADIN63","CNRM-CM5 (Modéré)"
2043,"1. Étang de Tête",50.42147016259666,47.289753317309,1177.48512,11445155.3664,0.042097652771154216,0.11667550874808354,0.3606850029358752,"2. Aléatoire (Fixe)","CNRM-CM5  ALADIN63","CNRM-CM5 (Modéré)"
2043,"2. Étang de Milieu",54.020336191991106,52.69443062245192,1177.48512,11445155.3664,0.042097652771154216,0.11667550874808354,0.3606850029358752,"2. Aléatoire (Fixe)","CNRM-CM5  ALADIN63","CNRM-CM5 (Modéré)"
2043,"3. Étang Exutoire",99.18992039400251,82.73036796721915,1177.48512,11445155.3664,0.042097652771154216,0.11667550874808354,0.3606850029358752,"2. Aléatoire (Fixe)","CNRM-CM5  ALADIN63","CNRM-CM5 (Modéré)"
2044,"1. Étang de Tête",59.113314583898614,72.36526110700859,1405.75392,13663928.102400001,0.1382206085486545,0.11128049991555623,0.384378740201935,"2. Aléatoire (Fixe)","CNRM-CM5  ALADIN63","CNRM-CM5 (Modéré)"
2044,"2. Étang de Milieu",58.136624448772146,65.96292052908146,1405.75392,13663928.102400001,0.1382206085486545,0.11128049991555623,0.384378740201935,"2. Aléatoire (Fixe)","CNRM-CM5  ALADIN63","CNRM-CM5 (Modéré)"
2044,"3. Étang Exutoire",97.86455814994193,91.05835552543418,1405.75392,13663928.102400001,0.1382206085486545,0.11128049991555623,0.384378740201935,"2. Aléatoire (Fixe)","CNRM-CM5  ALADIN63","CNRM-CM5 (Modéré)"
2045,"1. Étang de Tête",62.57102809270857,86.4514670173892,1388.22336,13493531.0592,0.19461414605866673,0.09844640399707369,0.3799773850356518,"2. Aléatoire (Fixe)","CNRM-CM5  ALADIN63","CNRM-CM5 (Modéré)"
2045,"2. Étang de Milieu",58.152328038179775,68.91441379814361,1388.22336,13493531.0592,0.19461414605866673,0.09844640399707369,0.3799773850356518,"2. Aléatoire (Fixe)","CNRM-CM5  ALADIN63","CNRM-CM5 (Modéré)"
2045,"3. Étang Exutoire",100,95.30149712635622,1388.22336,13493531.0592,0.19461414605866673,0.09844640399707369,0.3799773850356518,"2. Aléatoire (Fixe)","CNRM-CM5  ALADIN63","CNRM-CM5 (Modéré)"
2046,"1. Étang de Tête",50.41062480609777,21.223424178990506,1230.23232,11957858.1504,0.15971636323198793,0.15618606233832763,0.3746824374217385,"2. Aléatoire (Fixe)","CNRM-CM5  ALADIN63","CNRM-CM5 (Modéré)"
2046,"2. Étang de Milieu",70.55786644492716,42.5728612689137,1230.23232,11957858.1504,0.15971636323198793,0.15618606233832763,0.3746824374217385,"2. Aléatoire (Fixe)","CNRM-CM5  ALADIN63","CNRM-CM5 (Modéré)"
2046,"3. Étang Exutoire",96.33104023604444,61.91622930562715,1230.23232,11957858.1504,0.15971636323198793,0.15618606233832763,0.3746824374217385,"2. Aléatoire (Fixe)","CNRM-CM5  ALADIN63","CNRM-CM5 (Modéré)"
2047,"1. Étang de Tête",69.88471016191819,34.89510927122828,1169.3808,11366381.376,0.16094486402657515,0.12477776026238246,0.38457654261303115,"2. Aléatoire (Fixe)","CNRM-CM5  ALADIN63","CNRM-CM5 (Modéré)"
2047,"2. Étang de Milieu",64.77296977243329,40.102840751099954,1169.3808,11366381.376,0.16094486402657515,0.12477776026238246,0.38457654261303115,"2. Aléatoire (Fixe)","CNRM-CM5  ALADIN63","CNRM-CM5 (Modéré)"
2047,"3. Étang Exutoire",100,60.25401714645723,1169.3808,11366381.376,0.16094486402657515,0.12477776026238246,0.38457654261303115,"2. Aléatoire (Fixe)","CNRM-CM5  ALADIN63","CNRM-CM5 (Modéré)"
2048,"1. Étang de Tête",33.7670158631086,39.40229636827173,1132.20288,11005011.9936,0.13966454217211738,0.12131893484993599,0.3840981993637618,"2. Aléatoire (Fixe)","CNRM-CM5  ALADIN63","CNRM-CM5 (Modéré)"
2048,"2. Étang de Milieu",48.299201406957195,44.30886243133585,1132.20288,11005011.9936,0.13966454217211738,0.12131893484993599,0.3840981993637618,"2. Aléatoire (Fixe)","CNRM-CM5  ALADIN63","CNRM-CM5 (Modéré)"
2048,"3. Étang Exutoire",0,0,1132.20288,11005011.9936,0.13966454217211738,0.12131893484993599,0.3840981993637618,"2. Aléatoire (Fixe)","CNRM-CM5  ALADIN63","CNRM-CM5 (Modéré)"
2049,"1. Étang de Tête",34.185718276131176,7.043461517458142,887.2416,8623988.352,0.11663700823233632,0.18485463310438496,0.34839403130376423,"2. Aléatoire (Fixe)","CNRM-CM5  ALADIN63","CNRM-CM5 (Modéré)"
2049,"2. Étang de Milieu",49.327465821411465,25.6219757251014,887.2416,8623988.352,0.11663700823233632,0.18485463310438496,0.34839403130376423,"2. Aléatoire (Fixe)","CNRM-CM5  ALADIN63","CNRM-CM5 (Modéré)"
2049,"3. Étang Exutoire",97.46138215631109,63.19713179107338,887.2416,8623988.352,0.11663700823233632,0.18485463310438496,0.34839403130376423,"2. Aléatoire (Fixe)","CNRM-CM5  ALADIN63","CNRM-CM5 (Modéré)"
2050,"1. Étang de Tête",49.847541344323936,5.288957006518653,882.76608,8580486.297600001,0.05879962503319336,0.19959010781153635,0.3588933861820819,"2. Aléatoire (Fixe)","CNRM-CM5  ALADIN63","CNRM-CM5 (Modéré)"
2050,"2. Étang de Milieu",53.10119994438676,18.11426548241665,882.76608,8580486.297600001,0.05879962503319336,0.19959010781153635,0.3588933861820819,"2. Aléatoire (Fixe)","CNRM-CM5  ALADIN63","CNRM-CM5 (Modéré)"
2050,"3. Étang Exutoire",100,44.67124078262532,882.76608,8580486.297600001,0.05879962503319336,0.19959010781153635,0.3588933861820819,"2. Aléatoire (Fixe)","CNRM-CM5  ALADIN63","CNRM-CM5 (Modéré)"
2051,"1. Étang de Tête",67.8383422095681,35.24349340853825,1110.40416,10793128.435200002,0.052955818889786684,0.16787289075072465,0.37007355089989497,"2. Aléatoire (Fixe)","CNRM-CM5  ALADIN63","CNRM-CM5 (Modéré)"
2051,"2. Étang de Milieu",57.82959562696941,35.64464518818444,1110.40416,10793128.435200002,0.052955818889786684,0.16787289075072465,0.37007355089989497,"2. Aléatoire (Fixe)","CNRM-CM5  ALADIN63","CNRM-CM5 (Modéré)"
2051,"3. Étang Exutoire",99.49483546135215,55.033146908580356,1110.40416,10793128.435200002,0.052955818889786684,0.16787289075072465,0.37007355089989497,"2. Aléatoire (Fixe)","CNRM-CM5  ALADIN63","CNRM-CM5 (Modéré)"
2052,"1. Étang de Tête",22.196608812277994,12.059890740005976,913.40352,8878282.2144,0.10143039402010758,0.1693655749374096,0.3574296945965828,"2. Aléatoire (Fixe)","CNRM-CM5  ALADIN63","CNRM-CM5 (Modéré)"
2052,"2. Étang de Milieu",45.83108704567672,32.928129115180575,913.40352,8878282.2144,0.10143039402010758,0.1693655749374096,0.3574296945965828,"2. Aléatoire (Fixe)","CNRM-CM5  ALADIN63","CNRM-CM5 (Modéré)"
2052,"3. Étang Exutoire",97.07727765944404,67.83727501321015,913.40352,8878282.2144,0.10143039402010758,0.1693655749374096,0.3574296945965828,"2. Aléatoire (Fixe)","CNRM-CM5  ALADIN63","CNRM-CM5 (Modéré)"
2053,"1. Étang de Tête",16.285745086641725,0,983.32704,9557938.8288,0.06130367477927952,0.1687206240678684,0.3345159721971283,"2. Aléatoire (Fixe)","CNRM-CM5  ALADIN63","CNRM-CM5 (Modéré)"
2053,"2. Étang de Milieu",29.149745824045894,14.077212061921053,983.32704,9557938.8288,0.06130367477927952,0.1687206240678684,0.3345159721971283,"2. Aléatoire (Fixe)","CNRM-CM5  ALADIN63","CNRM-CM5 (Modéré)"
2053,"3. Étang Exutoire",98.83785074130454,62.19517986239271,983.32704,9557938.8288,0.06130367477927952,0.1687206240678684,0.3345159721971283,"2. Aléatoire (Fixe)","CNRM-CM5  ALADIN63","CNRM-CM5 (Modéré)"
2054,"1. Étang de Tête",59.605759156928535,18.32507594057339,989.66016,9619496.7552,0.13017002539870762,0.16544571823333504,0.39563897726285874,"2. Aléatoire (Fixe)","CNRM-CM5  ALADIN63","CNRM-CM5 (Modéré)"
2054,"2. Étang de Milieu",63.39543654474491,29.7641738954613,989.66016,9619496.7552,0.13017002539870762,0.16544571823333504,0.39563897726285874,"2. Aléatoire (Fixe)","CNRM-CM5  ALADIN63","CNRM-CM5 (Modéré)"
2054,"3. Étang Exutoire",100,40.757541623725636,989.66016,9619496.7552,0.13017002539870762,0.16544571823333504,0.39563897726285874,"2. Aléatoire (Fixe)","CNRM-CM5  ALADIN63","CNRM-CM5 (Modéré)"
2055,"1. Étang de Tête",57.528289102108886,38.058046744276034,1070.35776,10403877.4272,0.0572204743673289,0.174672675269931,0.36470011051880064,"2. Aléatoire (Fixe)","CNRM-CM5  ALADIN63","CNRM-CM5 (Modéré)"
2055,"2. Étang de Milieu",62.5006090827898,46.275270200639184,1070.35776,10403877.4272,0.0572204743673289,0.174672675269931,0.36470011051880064,"2. Aléatoire (Fixe)","CNRM-CM5  ALADIN63","CNRM-CM5 (Modéré)"
2055,"3. Étang Exutoire",0,0,1070.35776,10403877.4272,0.0572204743673289,0.174672675269931,0.36470011051880064,"2. Aléatoire (Fixe)","CNRM-CM5  ALADIN63","CNRM-CM5 (Modéré)"
2056,"1. Étang de Tête",23.376762524424723,3.6399659930968977,850.12416,8263206.8352,0.061710051341432856,0.21407262287276496,0.3324762496045146,"2. Aléatoire (Fixe)","CNRM-CM5  ALADIN63","CNRM-CM5 (Modéré)"
2056,"2. Étang de Milieu",42.75949219759787,16.847439536017042,850.12416,8263206.8352,0.061710051341432856,0.21407262287276496,0.3324762496045146,"2. Aléatoire (Fixe)","CNRM-CM5  ALADIN63","CNRM-CM5 (Modéré)"
2056,"3. Étang Exutoire",96.69668132287674,46.96418350993283,850.12416,8263206.8352,0.061710051341432856,0.21407262287276496,0.3324762496045146,"2. Aléatoire (Fixe)","CNRM-CM5  ALADIN63","CNRM-CM5 (Modéré)"
2057,"1. Étang de Tête",81.16400044890551,60.461560596266665,1336.64256,12992165.683200002,0.08475409468506552,0.1110933080162775,0.3787814708721158,"2. Aléatoire (Fixe)","CNRM-CM5  ALADIN63","CNRM-CM5 (Modéré)"
2057,"2. Étang de Milieu",71.41218870860176,57.049760530226635,1336.64256,12992165.683200002,0.08475409468506552,0.1110933080162775,0.3787814708721158,"2. Aléatoire (Fixe)","CNRM-CM5  ALADIN63","CNRM-CM5 (Modéré)"
2057,"3. Étang Exutoire",100,76.61524747380321,1336.64256,12992165.683200002,0.08475409468506552,0.1110933080162775,0.3787814708721158,"2. Aléatoire (Fixe)","CNRM-CM5  ALADIN63","CNRM-CM5 (Modéré)"
2058,"1. Étang de Tête",32.9586858950076,15.949328547827035,1055.81664,10262537.7408,0.18670081899694962,0.15311797643057112,0.3779780949359326,"2. Aléatoire (Fixe)","CNRM-CM5  ALADIN63","CNRM-CM5 (Modéré)"
2058,"2. Étang de Milieu",48.81840221129393,34.119982907631396,1055.81664,10262537.7408,0.18670081899694962,0.15311797643057112,0.3779780949359326,"2. Aléatoire (Fixe)","CNRM-CM5  ALADIN63","CNRM-CM5 (Modéré)"
2058,"3. Étang Exutoire",98.74426921055148,74.01396955470231,1055.81664,10262537.7408,0.18670081899694962,0.15311797643057112,0.3779780949359326,"2. Aléatoire (Fixe)","CNRM-CM5  ALADIN63","CNRM-CM5 (Modéré)"
2059,"1. Étang de Tête",55.43799924332871,42.993665486076154,1135.57248,11037764.5056,0.058661859795051625,0.16246916106191972,0.3467695452466586,"2. Aléatoire (Fixe)","CNRM-CM5  ALADIN63","CNRM-CM5 (Modéré)"
2059,"2. Étang de Milieu",55.86241822056746,45.89922230827952,1135.57248,11037764.5056,0.058661859795051625,0.16246916106191972,0.3467695452466586,"2. Aléatoire (Fixe)","CNRM-CM5  ALADIN63","CNRM-CM5 (Modéré)"
2059,"3. Étang Exutoire",99.75025658781892,84.66019665519303,1135.57248,11037764.5056,0.058661859795051625,0.16246916106191972,0.3467695452466586,"2. Aléatoire (Fixe)","CNRM-CM5  ALADIN63","CNRM-CM5 (Modéré)"
2060,"1. Étang de Tête",28.65973950136655,2.5723240203078,815.4518400000001,7926191.8848,0.1806358313063238,0.18532209071468694,0.3699270301826789,"2. Aléatoire (Fixe)","CNRM-CM5  ALADIN63","CNRM-CM5 (Modéré)"
2060,"2. Étang de Milieu",54.45898979414343,24.72147758874477,815.4518400000001,7926191.8848,0.1806358313063238,0.18532209071468694,0.3699270301826789,"2. Aléatoire (Fixe)","CNRM-CM5  ALADIN63","CNRM-CM5 (Modéré)"
2060,"3. Étang Exutoire",97.68313737232218,54.63110891289735,815.4518400000001,7926191.8848,0.1806358313063238,0.18532209071468694,0.3699270301826789,"2. Aléatoire (Fixe)","CNRM-CM5  ALADIN63","CNRM-CM5 (Modéré)"
2061,"1. Étang de Tête",42.68898033496099,31.69078344631155,1309.50432,12728381.990400001,0.06716557312782297,0.0991026689109819,0.3608876060636514,"2. Aléatoire (Fixe)","CNRM-CM5  ALADIN63","CNRM-CM5 (Modéré)"
2061,"2. Étang de Milieu",42.440619167794054,35.80208880433606,1309.50432,12728381.990400001,0.06716557312782297,0.0991026689109819,0.3608876060636514,"2. Aléatoire (Fixe)","CNRM-CM5  ALADIN63","CNRM-CM5 (Modéré)"
2061,"3. Étang Exutoire",0,0,1309.50432,12728381.990400001,0.06716557312782297,0.0991026689109819,0.3608876060636514,"2. Aléatoire (Fixe)","CNRM-CM5  ALADIN63","CNRM-CM5 (Modéré)"
2062,"1. Étang de Tête",70.88030689760996,50.05261569765418,1214.84448,11808288.345599998,0.10121407575389428,0.15312769920850242,0.38380762539416746,"2. Aléatoire (Fixe)","CNRM-CM5  ALADIN63","CNRM-CM5 (Modéré)"
2062,"2. Étang de Milieu",83.48009421498423,61.76736336398213,1214.84448,11808288.345599998,0.10121407575389428,0.15312769920850242,0.38380762539416746,"2. Aléatoire (Fixe)","CNRM-CM5  ALADIN63","CNRM-CM5 (Modéré)"
2062,"3. Étang Exutoire",99.3260483458516,69.87002548396995,1214.84448,11808288.345599998,0.10121407575389428,0.15312769920850242,0.38380762539416746,"2. Aléatoire (Fixe)","CNRM-CM5  ALADIN63","CNRM-CM5 (Modéré)"
2063,"1. Étang de Tête",83.67202853341196,43.121958025820135,1323.80352,12867370.2144,0.14108957545158723,0.1611547037103074,0.3677071551038537,"2. Aléatoire (Fixe)","CNRM-CM5  ALADIN63","CNRM-CM5 (Modéré)"
2063,"2. Étang de Milieu",79.60673931178005,48.74078318869693,1323.80352,12867370.2144,0.14108957545158723,0.1611547037103074,0.3677071551038537,"2. Aléatoire (Fixe)","CNRM-CM5  ALADIN63","CNRM-CM5 (Modéré)"
2063,"3. Étang Exutoire",96.22205285617859,58.709279150156576,1323.80352,12867370.2144,0.14108957545158723,0.1611547037103074,0.3677071551038537,"2. Aléatoire (Fixe)","CNRM-CM5  ALADIN63","CNRM-CM5 (Modéré)"
2064,"1. Étang de Tête",45.26185011570395,71.03716075276118,1358.06112,13200354.0864,0.15686000766761876,0.11249223046739323,0.3795241634941614,"2. Aléatoire (Fixe)","CNRM-CM5  ALADIN63","CNRM-CM5 (Modéré)"
2064,"2. Étang de Milieu",51.630580014001495,63.990035968495384,1358.06112,13200354.0864,0.15686000766761876,0.11249223046739323,0.3795241634941614,"2. Aléatoire (Fixe)","CNRM-CM5  ALADIN63","CNRM-CM5 (Modéré)"
2064,"3. Étang Exutoire",96.91905232956512,94.27989478223022,1358.06112,13200354.0864,0.15686000766761876,0.11249223046739323,0.3795241634941614,"2. Aléatoire (Fixe)","CNRM-CM5  ALADIN63","CNRM-CM5 (Modéré)"
2065,"1. Étang de Tête",58.42173404577427,5.356148229776893,976.35456,9490166.3232,0.20959612411490547,0.1946126337594968,0.3894244395766077,"2. Aléatoire (Fixe)","CNRM-CM5  ALADIN63","CNRM-CM5 (Modéré)"
2065,"2. Étang de Milieu",56.69629659343044,14.897047306362467,976.35456,9490166.3232,0.20959612411490547,0.1946126337594968,0.3894244395766077,"2. Aléatoire (Fixe)","CNRM-CM5  ALADIN63","CNRM-CM5 (Modéré)"
2065,"3. Étang Exutoire",99.98379707456465,30.883036543103827,976.35456,9490166.3232,0.20959612411490547,0.1946126337594968,0.3894244395766077,"2. Aléatoire (Fixe)","CNRM-CM5  ALADIN63","CNRM-CM5 (Modéré)"
2066,"1. Étang de Tête",42.292351936027046,5.880287903737877,857.44224,8334338.5728,0.07417519578675405,0.18293131840660828,0.3551980777159292,"2. Aléatoire (Fixe)","CNRM-CM5  ALADIN63","CNRM-CM5 (Modéré)"
2066,"2. Étang de Milieu",54.94929565501465,20.330311510813285,857.44224,8334338.5728,0.07417519578675405,0.18293131840660828,0.3551980777159292,"2. Aléatoire (Fixe)","CNRM-CM5  ALADIN63","CNRM-CM5 (Modéré)"
2066,"3. Étang Exutoire",96.80660650019773,48.496013113172495,857.44224,8334338.5728,0.07417519578675405,0.18293131840660828,0.3551980777159292,"2. Aléatoire (Fixe)","CNRM-CM5  ALADIN63","CNRM-CM5 (Modéré)"
2067,"1. Étang de Tête",36.12838058469713,8.187381124386889,907.33824,8819327.6928,0.014347185010628514,0.19468031559538101,0.3475521506941566,"2. Aléatoire (Fixe)","CNRM-CM5  ALADIN63","CNRM-CM5 (Modéré)"
2067,"2. Étang de Milieu",45.54041712329384,18.86479958043291,907.33824,8819327.6928,0.014347185010628514,0.19468031559538101,0.3475521506941566,"2. Aléatoire (Fixe)","CNRM-CM5  ALADIN63","CNRM-CM5 (Modéré)"
2067,"3. Étang Exutoire",100,45.353748196475316,907.33824,8819327.6928,0.014347185010628514,0.19468031559538101,0.3475521506941566,"2. Aléatoire (Fixe)","CNRM-CM5  ALADIN63","CNRM-CM5 (Modéré)"
2068,"1. Étang de Tête",29.137546521693885,7.58630689252205,1004.79744,9766631.1168,0.0752777770304549,0.10765374934920799,0.3602505265763697,"2. Aléatoire (Fixe)","CNRM-CM5  ALADIN63","CNRM-CM5 (Modéré)"
2068,"2. Étang de Milieu",35.46378599098463,16.536255207051806,1004.79744,9766631.1168,0.0752777770304549,0.10765374934920799,0.3602505265763697,"2. Aléatoire (Fixe)","CNRM-CM5  ALADIN63","CNRM-CM5 (Modéré)"
2068,"3. Étang Exutoire",0,0,1004.79744,9766631.1168,0.0752777770304549,0.10765374934920799,0.3602505265763697,"2. Aléatoire (Fixe)","CNRM-CM5  ALADIN63","CNRM-CM5 (Modéré)"
2069,"1. Étang de Tête",59.24225433295305,25.938245350478507,1126.67328,10951264.281599998,0.05815703678975673,0.18705436441784629,0.3647705205655285,"2. Aléatoire (Fixe)","CNRM-CM5  ALADIN63","CNRM-CM5 (Modéré)"
2069,"2. Étang de Milieu",55.917921287782065,27.564712559442636,1126.67328,10951264.281599998,0.05815703678975673,0.18705436441784629,0.3647705205655285,"2. Aléatoire (Fixe)","CNRM-CM5  ALADIN63","CNRM-CM5 (Modéré)"
2069,"3. Étang Exutoire",98.29384899483954,63.99826336490938,1126.67328,10951264.281599998,0.05815703678975673,0.18705436441784629,0.3647705205655285,"2. Aléatoire (Fixe)","CNRM-CM5  ALADIN63","CNRM-CM5 (Modéré)"
2070,"1. Étang de Tête",54.752826391085264,24.539695185932935,993.56544,9657456.0768,0.11044898876494863,0.20490782039222077,0.37223880163690715,"2. Aléatoire (Fixe)","CNRM-CM5  ALADIN63","CNRM-CM5 (Modéré)"
2070,"2. Étang de Milieu",56.12290886612259,35.50385494028604,993.56544,9657456.0768,0.11044898876494863,0.20490782039222077,0.37223880163690715,"2. Aléatoire (Fixe)","CNRM-CM5  ALADIN63","CNRM-CM5 (Modéré)"
2070,"3. Étang Exutoire",93.8365840593467,60.57607745282583,993.56544,9657456.0768,0.11044898876494863,0.20490782039222077,0.37223880163690715,"2. Aléatoire (Fixe)","CNRM-CM5  ALADIN63","CNRM-CM5 (Modéré)"
2026,"1. Étang de Tête",87.41426645620399,37.97927219696775,814.29408,7914938.4576,0.04223216592569036,0.24801018901366279,0.3804042287775456,"2. Aléatoire (Fixe)","HadGEM2  CCLM4-8-17","HadGEM2 (Extrême sec)"
2026,"2. Étang de Milieu",79.31031793017158,47.589624945739665,814.29408,7914938.4576,0.04223216592569036,0.24801018901366279,0.3804042287775456,"2. Aléatoire (Fixe)","HadGEM2  CCLM4-8-17","HadGEM2 (Extrême sec)"
2026,"3. Étang Exutoire",97.08238810636304,43.773159110117305,814.29408,7914938.4576,0.04223216592569036,0.24801018901366279,0.3804042287775456,"2. Aléatoire (Fixe)","HadGEM2  CCLM4-8-17","HadGEM2 (Extrême sec)"
2027,"1. Étang de Tête",77.71305658436056,12.506808628430651,865.84032,8415967.9104,0.12847150081355632,0.2550935140332055,0.3636096350525291,"2. Aléatoire (Fixe)","HadGEM2  CCLM4-8-17","HadGEM2 (Extrême sec)"
2027,"2. Étang de Milieu",79.92928933793681,27.084830123468855,865.84032,8415967.9104,0.12847150081355632,0.2550935140332055,0.3636096350525291,"2. Aléatoire (Fixe)","HadGEM2  CCLM4-8-17","HadGEM2 (Extrême sec)"
2027,"3. Étang Exutoire",100,39.788585655097904,865.84032,8415967.9104,0.12847150081355632,0.2550935140332055,0.3636096350525291,"2. Aléatoire (Fixe)","HadGEM2  CCLM4-8-17","HadGEM2 (Extrême sec)"
2028,"1. Étang de Tête",50.638569485185506,12.61596440181689,809.04096,7863878.131200001,0.07623900830468555,0.2483728005916027,0.3598318997021808,"2. Aléatoire (Fixe)","HadGEM2  CCLM4-8-17","HadGEM2 (Extrême sec)"
2028,"2. Étang de Milieu",54.60626366561509,24.067274685470554,809.04096,7863878.131200001,0.07623900830468555,0.2483728005916027,0.3598318997021808,"2. Aléatoire (Fixe)","HadGEM2  CCLM4-8-17","HadGEM2 (Extrême sec)"
2028,"3. Étang Exutoire",95.10427179562787,51.16481666480708,809.04096,7863878.131200001,0.07623900830468555,0.2483728005916027,0.3598318997021808,"2. Aléatoire (Fixe)","HadGEM2  CCLM4-8-17","HadGEM2 (Extrême sec)"
2029,"1. Étang de Tête",29.489890429158365,5.64197229083608,910.75104,8852500.1088,0.047547972428315814,0.13889908817675906,0.3497191171525705,"2. Aléatoire (Fixe)","HadGEM2  CCLM4-8-17","HadGEM2 (Extrême sec)"
2029,"2. Étang de Milieu",29.820521511439374,13.045672537926164,910.75104,8852500.1088,0.047547972428315814,0.13889908817675906,0.3497191171525705,"2. Aléatoire (Fixe)","HadGEM2  CCLM4-8-17","HadGEM2 (Extrême sec)"
2029,"3. Étang Exutoire",100,51.47119288187356,910.75104,8852500.1088,0.047547972428315814,0.13889908817675906,0.3497191171525705,"2. Aléatoire (Fixe)","HadGEM2  CCLM4-8-17","HadGEM2 (Extrême sec)"
2030,"1. Étang de Tête",53.5008935790692,0.7015494468804342,754.82496,7336898.6112,0.05635123554125378,0.20055841052865675,0.3761779408486061,"2. Aléatoire (Fixe)","HadGEM2  CCLM4-8-17","HadGEM2 (Extrême sec)"
2030,"2. Étang de Milieu",53.74882973404495,9.843022916899843,754.82496,7336898.6112,0.05635123554125378,0.20055841052865675,0.3761779408486061,"2. Aléatoire (Fixe)","HadGEM2  CCLM4-8-17","HadGEM2 (Extrême sec)"
2030,"3. Étang Exutoire",100,27.07257628112077,754.82496,7336898.6112,0.05635123554125378,0.20055841052865675,0.3761779408486061,"2. Aléatoire (Fixe)","HadGEM2  CCLM4-8-17","HadGEM2 (Extrême sec)"
2031,"1. Étang de Tête",71.13965621889999,54.654241719659446,1225.22976,11909233.2672,0.08984924780228402,0.14127790256302797,0.391551578155517,"2. Aléatoire (Fixe)","HadGEM2  CCLM4-8-17","HadGEM2 (Extrême sec)"
2031,"2. Étang de Milieu",63.65017479898312,52.57803889449851,1225.22976,11909233.2672,0.08984924780228402,0.14127790256302797,0.391551578155517,"2. Aléatoire (Fixe)","HadGEM2  CCLM4-8-17","HadGEM2 (Extrême sec)"
2031,"3. Étang Exutoire",0,0,1225.22976,11909233.2672,0.08984924780228402,0.14127790256302797,0.391551578155517,"2. Aléatoire (Fixe)","HadGEM2  CCLM4-8-17","HadGEM2 (Extrême sec)"
2032,"1. Étang de Tête",33.25817023298939,42.38371332691395,1162.24416,11297013.235199999,0.1344025444658349,0.09491243204965776,0.36977876207666793,"2. Aléatoire (Fixe)","HadGEM2  CCLM4-8-17","HadGEM2 (Extrême sec)"
2032,"2. Étang de Milieu",59.74473929272123,63.96465285913887,1162.24416,11297013.235199999,0.1344025444658349,0.09491243204965776,0.36977876207666793,"2. Aléatoire (Fixe)","HadGEM2  CCLM4-8-17","HadGEM2 (Extrême sec)"
2032,"3. Étang Exutoire",99.85245544496179,87.1091460180483,1162.24416,11297013.235199999,0.1344025444658349,0.09491243204965776,0.36977876207666793,"2. Aléatoire (Fixe)","HadGEM2  CCLM4-8-17","HadGEM2 (Extrême sec)"
2033,"1. Étang de Tête",59.99352669138611,41.09343801813,1205.97984,11722124.0448,0.13925444423730018,0.11493055481560581,0.37077955493248466,"2. Aléatoire (Fixe)","HadGEM2  CCLM4-8-17","HadGEM2 (Extrême sec)"
2033,"2. Étang de Milieu",61.610317113820706,44.006694315237155,1205.97984,11722124.0448,0.13925444423730018,0.11493055481560581,0.37077955493248466,"2. Aléatoire (Fixe)","HadGEM2  CCLM4-8-17","HadGEM2 (Extrême sec)"
2033,"3. Étang Exutoire",99.04510544472882,67.8185660260796,1205.97984,11722124.0448,0.13925444423730018,0.11493055481560581,0.37077955493248466,"2. Aléatoire (Fixe)","HadGEM2  CCLM4-8-17","HadGEM2 (Extrême sec)"
2034,"1. Étang de Tête",61.917704023251694,11.202186325602128,833.27616,8099444.2752,0.15620051054362596,0.23189751289191982,0.3873581555375653,"2. Aléatoire (Fixe)","HadGEM2  CCLM4-8-17","HadGEM2 (Extrême sec)"
2034,"2. Étang de Milieu",75.70863256515436,30.210070315882692,833.27616,8099444.2752,0.15620051054362596,0.23189751289191982,0.3873581555375653,"2. Aléatoire (Fixe)","HadGEM2  CCLM4-8-17","HadGEM2 (Extrême sec)"
2034,"3. Étang Exutoire",99.27823696537466,42.61752630055592,833.27616,8099444.2752,0.15620051054362596,0.23189751289191982,0.3873581555375653,"2. Aléatoire (Fixe)","HadGEM2  CCLM4-8-17","HadGEM2 (Extrême sec)"
2035,"1. Étang de Tête",49.4714154099483,3.7791057246469903,864.84672,8406310.1184,0.10355654699578783,0.18325911875225073,0.3579098282708346,"2. Aléatoire (Fixe)","HadGEM2  CCLM4-8-17","HadGEM2 (Extrême sec)"
2035,"2. Étang de Milieu",49.52864489907665,14.572666652307419,864.84672,8406310.1184,0.10355654699578783,0.18325911875225073,0.3579098282708346,"2. Aléatoire (Fixe)","HadGEM2  CCLM4-8-17","HadGEM2 (Extrême sec)"
2035,"3. Étang Exutoire",0,0,864.84672,8406310.1184,0.10355654699578783,0.18325911875225073,0.3579098282708346,"2. Aléatoire (Fixe)","HadGEM2  CCLM4-8-17","HadGEM2 (Extrême sec)"
2036,"1. Étang de Tête",50.80522621860982,19.949383323405346,936.45504,9102342.9888,0.06118948913497084,0.20655893752656335,0.37301304669518437,"2. Aléatoire (Fixe)","HadGEM2  CCLM4-8-17","HadGEM2 (Extrême sec)"
2036,"2. Étang de Milieu",50.78857958447825,25.051203811856244,936.45504,9102342.9888,0.06118948913497084,0.20655893752656335,0.37301304669518437,"2. Aléatoire (Fixe)","HadGEM2  CCLM4-8-17","HadGEM2 (Extrême sec)"
2036,"3. Étang Exutoire",98.50133544609437,45.18535976199637,936.45504,9102342.9888,0.06118948913497084,0.20655893752656335,0.37301304669518437,"2. Aléatoire (Fixe)","HadGEM2  CCLM4-8-17","HadGEM2 (Extrême sec)"
2037,"1. Étang de Tête",32.27030680315907,38.90617774409053,912.66048,8871059.8656,0.044857535051854254,0.17874198806444835,0.3630950497159246,"2. Aléatoire (Fixe)","HadGEM2  CCLM4-8-17","HadGEM2 (Extrême sec)"
2037,"2. Étang de Milieu",34.26481628175621,30.07553091753175,912.66048,8871059.8656,0.044857535051854254,0.17874198806444835,0.3630950497159246,"2. Aléatoire (Fixe)","HadGEM2  CCLM4-8-17","HadGEM2 (Extrême sec)"
2037,"3. Étang Exutoire",99.50380813112288,71.05559910296482,912.66048,8871059.8656,0.044857535051854254,0.17874198806444835,0.3630950497159246,"2. Aléatoire (Fixe)","HadGEM2  CCLM4-8-17","HadGEM2 (Extrême sec)"
2038,"1. Étang de Tête",25.947946768414273,11.521624013559418,1104.08832,10731738.470400002,0.05720728468256216,0.15909617033089887,0.3521399651939407,"2. Aléatoire (Fixe)","HadGEM2  CCLM4-8-17","HadGEM2 (Extrême sec)"
2038,"2. Étang de Milieu",48.35695379922154,27.94309914398636,1104.08832,10731738.470400002,0.05720728468256216,0.15909617033089887,0.3521399651939407,"2. Aléatoire (Fixe)","HadGEM2  CCLM4-8-17","HadGEM2 (Extrême sec)"
2038,"3. Étang Exutoire",100,56.67377221179998,1104.08832,10731738.470400002,0.05720728468256216,0.15909617033089887,0.3521399651939407,"2. Aléatoire (Fixe)","HadGEM2  CCLM4-8-17","HadGEM2 (Extrême sec)"
2039,"1. Étang de Tête",71.40309215342046,45.67154980281135,1387.43712,13485888.806400001,0.13779266036780036,0.10626089916923658,0.3977267817045247,"2. Aléatoire (Fixe)","HadGEM2  CCLM4-8-17","HadGEM2 (Extrême sec)"
2039,"2. Étang de Milieu",70.24442019075349,50.79510202763609,1387.43712,13485888.806400001,0.13779266036780036,0.10626089916923658,0.3977267817045247,"2. Aléatoire (Fixe)","HadGEM2  CCLM4-8-17","HadGEM2 (Extrême sec)"
2039,"3. Étang Exutoire",99.59561488992358,67.06654190676204,1387.43712,13485888.806400001,0.13779266036780036,0.10626089916923658,0.3977267817045247,"2. Aléatoire (Fixe)","HadGEM2  CCLM4-8-17","HadGEM2 (Extrême sec)"
2040,"1. Étang de Tête",58.55720713738693,38.27072229834624,1140.06528,11081434.5216,0.20193276675783953,0.15521627426566728,0.3895778415325817,"2. Aléatoire (Fixe)","HadGEM2  CCLM4-8-17","HadGEM2 (Extrême sec)"
2040,"2. Étang de Milieu",59.96763499883847,31.642537524925334,1140.06528,11081434.5216,0.20193276675783953,0.15521627426566728,0.3895778415325817,"2. Aléatoire (Fixe)","HadGEM2  CCLM4-8-17","HadGEM2 (Extrême sec)"
2040,"3. Étang Exutoire",100,43.73336077635086,1140.06528,11081434.5216,0.20193276675783953,0.15521627426566728,0.3895778415325817,"2. Aléatoire (Fixe)","HadGEM2  CCLM4-8-17","HadGEM2 (Extrême sec)"
2041,"1. Étang de Tête",38.146906425611085,0,635.35968,6175696.0896,0.15312378495304782,0.2128275684046681,0.3727617036254861,"2. Aléatoire (Fixe)","HadGEM2  CCLM4-8-17","HadGEM2 (Extrême sec)"
2041,"2. Étang de Milieu",48.20716685565728,9.291174146485966,635.35968,6175696.0896,0.15312378495304782,0.2128275684046681,0.3727617036254861,"2. Aléatoire (Fixe)","HadGEM2  CCLM4-8-17","HadGEM2 (Extrême sec)"
2041,"3. Étang Exutoire",100,15.201005132603473,635.35968,6175696.0896,0.15312378495304782,0.2128275684046681,0.3727617036254861,"2. Aléatoire (Fixe)","HadGEM2  CCLM4-8-17","HadGEM2 (Extrême sec)"
2042,"1. Étang de Tête",57.559202048820275,25.482234410920736,1183.04064,11499155.0208,0.09239117055865069,0.13851500303596523,0.38917103955708215,"2. Aléatoire (Fixe)","HadGEM2  CCLM4-8-17","HadGEM2 (Extrême sec)"
2042,"2. Étang de Milieu",77.55657307902565,40.71211526147139,1183.04064,11499155.0208,0.09239117055865069,0.13851500303596523,0.38917103955708215,"2. Aléatoire (Fixe)","HadGEM2  CCLM4-8-17","HadGEM2 (Extrême sec)"
2042,"3. Étang Exutoire",0,0,1183.04064,11499155.0208,0.09239117055865069,0.13851500303596523,0.38917103955708215,"2. Aléatoire (Fixe)","HadGEM2  CCLM4-8-17","HadGEM2 (Extrême sec)"
2043,"1. Étang de Tête",34.55123681285015,13.597556107613789,893.82528,8687981.7216,0.06523248712055212,0.1841403090548247,0.35073698959898864,"2. Aléatoire (Fixe)","HadGEM2  CCLM4-8-17","HadGEM2 (Extrême sec)"
2043,"2. Étang de Milieu",48.54036687392139,28.558666964411213,893.82528,8687981.7216,0.06523248712055212,0.1841403090548247,0.35073698959898864,"2. Aléatoire (Fixe)","HadGEM2  CCLM4-8-17","HadGEM2 (Extrême sec)"
2043,"3. Étang Exutoire",98.6814023913262,49.699267112423854,893.82528,8687981.7216,0.06523248712055212,0.1841403090548247,0.35073698959898864,"2. Aléatoire (Fixe)","HadGEM2  CCLM4-8-17","HadGEM2 (Extrême sec)"
2044,"1. Étang de Tête",63.55860611370578,31.277747864151888,1284.01632,12480638.6304,0.14861927499449742,0.1530018073962105,0.39727957177677,"2. Aléatoire (Fixe)","HadGEM2  CCLM4-8-17","HadGEM2 (Extrême sec)"
2044,"2. Étang de Milieu",60.43635047624441,36.0269892570901,1284.01632,12480638.6304,0.14861927499449742,0.1530018073962105,0.39727957177677,"2. Aléatoire (Fixe)","HadGEM2  CCLM4-8-17","HadGEM2 (Extrême sec)"
2044,"3. Étang Exutoire",100,57.42076656938547,1284.01632,12480638.6304,0.14861927499449742,0.1530018073962105,0.39727957177677,"2. Aléatoire (Fixe)","HadGEM2  CCLM4-8-17","HadGEM2 (Extrême sec)"
2045,"1. Étang de Tête",63.47279411002049,36.618690232890614,924.15168,8982754.3296,0.138876245701874,0.19306297218142102,0.3828868014582325,"2. Aléatoire (Fixe)","HadGEM2  CCLM4-8-17","HadGEM2 (Extrême sec)"
2045,"2. Étang de Milieu",54.16422871603156,31.209685950084722,924.15168,8982754.3296,0.138876245701874,0.19306297218142102,0.3828868014582325,"2. Aléatoire (Fixe)","HadGEM2  CCLM4-8-17","HadGEM2 (Extrême sec)"
2045,"3. Étang Exutoire",98.73289600191958,53.60651230875505,924.15168,8982754.3296,0.138876245701874,0.19306297218142102,0.3828868014582325,"2. Aléatoire (Fixe)","HadGEM2  CCLM4-8-17","HadGEM2 (Extrême sec)"
2046,"1. Étang de Tête",45.800792612359096,58.28692566343944,1106.68032,10756932.7104,0.05392563659930463,0.13620536176727707,0.37313096827471276,"2. Aléatoire (Fixe)","HadGEM2  CCLM4-8-17","HadGEM2 (Extrême sec)"
2046,"2. Étang de Milieu",62.08960849379457,75.87445915866536,1106.68032,10756932.7104,0.05392563659930463,0.13620536176727707,0.37313096827471276,"2. Aléatoire (Fixe)","HadGEM2  CCLM4-8-17","HadGEM2 (Extrême sec)"
2046,"3. Étang Exutoire",100,86.71381313920318,1106.68032,10756932.7104,0.05392563659930463,0.13620536176727707,0.37313096827471276,"2. Aléatoire (Fixe)","HadGEM2  CCLM4-8-17","HadGEM2 (Extrême sec)"
2047,"1. Étang de Tête",53.522359783412966,20.679169025390788,987.5692799999999,9599173.4016,0.16975491754781416,0.18833263472209483,0.3743986131718635,"2. Aléatoire (Fixe)","HadGEM2  CCLM4-8-17","HadGEM2 (Extrême sec)"
2047,"2. Étang de Milieu",57.16904164473918,24.772664028587275,987.5692799999999,9599173.4016,0.16975491754781416,0.18833263472209483,0.3743986131718635,"2. Aléatoire (Fixe)","HadGEM2  CCLM4-8-17","HadGEM2 (Extrême sec)"
2047,"3. Étang Exutoire",99.38695888992358,37.93681242874945,987.5692799999999,9599173.4016,0.16975491754781416,0.18833263472209483,0.3743986131718635,"2. Aléatoire (Fixe)","HadGEM2  CCLM4-8-17","HadGEM2 (Extrême sec)"
2048,"1. Étang de Tête",55.87165736604623,21.274244881649334,1133.24832,11015173.6704,0.13596772203744828,0.14446786547920987,0.40208374349132125,"2. Aléatoire (Fixe)","HadGEM2  CCLM4-8-17","HadGEM2 (Extrême sec)"
2048,"2. Étang de Milieu",61.55113206173257,27.07920025326233,1133.24832,11015173.6704,0.13596772203744828,0.14446786547920987,0.40208374349132125,"2. Aléatoire (Fixe)","HadGEM2  CCLM4-8-17","HadGEM2 (Extrême sec)"
2048,"3. Étang Exutoire",0,0,1133.24832,11015173.6704,0.13596772203744828,0.14446786547920987,0.40208374349132125,"2. Aléatoire (Fixe)","HadGEM2  CCLM4-8-17","HadGEM2 (Extrême sec)"
2049,"1. Étang de Tête",57.127958325459915,5.6338485067997865,830.736,8074753.92,0.07461459257371375,0.24332316003024385,0.3637662954388326,"2. Aléatoire (Fixe)","HadGEM2  CCLM4-8-17","HadGEM2 (Extrême sec)"
2049,"2. Étang de Milieu",59.68667327911581,15.584050746900212,830.736,8074753.92,0.07461459257371375,0.24332316003024385,0.3637662954388326,"2. Aléatoire (Fixe)","HadGEM2  CCLM4-8-17","HadGEM2 (Extrême sec)"
2049,"3. Étang Exutoire",100,35.967431565420995,830.736,8074753.92,0.07461459257371375,0.24332316003024385,0.3637662954388326,"2. Aléatoire (Fixe)","HadGEM2  CCLM4-8-17","HadGEM2 (Extrême sec)"
2050,"1. Étang de Tête",62.45171860080259,48.67474600951416,1135.35648,11035664.9856,0.03657984614521248,0.1637068246694384,0.3674921160261435,"2. Aléatoire (Fixe)","HadGEM2  CCLM4-8-17","HadGEM2 (Extrême sec)"
2050,"2. Étang de Milieu",60.504604089957596,48.636515533575476,1135.35648,11035664.9856,0.03657984614521248,0.1637068246694384,0.3674921160261435,"2. Aléatoire (Fixe)","HadGEM2  CCLM4-8-17","HadGEM2 (Extrême sec)"
2050,"3. Étang Exutoire",99.98131216278803,64.7740740982693,1135.35648,11035664.9856,0.03657984614521248,0.1637068246694384,0.3674921160261435,"2. Aléatoire (Fixe)","HadGEM2  CCLM4-8-17","HadGEM2 (Extrême sec)"
2051,"1. Étang de Tête",44.0033220306802,43.00118383609338,1150.85664,11186326.5408,0.07866401994339754,0.15047388343626994,0.3618215978593354,"2. Aléatoire (Fixe)","HadGEM2  CCLM4-8-17","HadGEM2 (Extrême sec)"
2051,"2. Étang de Milieu",47.31387618506129,43.319287997153964,1150.85664,11186326.5408,0.07866401994339754,0.15047388343626994,0.3618215978593354,"2. Aléatoire (Fixe)","HadGEM2  CCLM4-8-17","HadGEM2 (Extrême sec)"
2051,"3. Étang Exutoire",100,68.9840672873268,1150.85664,11186326.5408,0.07866401994339754,0.15047388343626994,0.3618215978593354,"2. Aléatoire (Fixe)","HadGEM2  CCLM4-8-17","HadGEM2 (Extrême sec)"
2052,"1. Étang de Tête",41.10943865846296,2.9101396549462324,823.85856,8007905.2032,0.20829769181515495,0.2506142327882603,0.3960246394312724,"2. Aléatoire (Fixe)","HadGEM2  CCLM4-8-17","HadGEM2 (Extrême sec)"
2052,"2. Étang de Milieu",63.99008187959587,14.071628127042503,823.85856,8007905.2032,0.20829769181515495,0.2506142327882603,0.3960246394312724,"2. Aléatoire (Fixe)","HadGEM2  CCLM4-8-17","HadGEM2 (Extrême sec)"
2052,"3. Étang Exutoire",100,21.865630384017923,823.85856,8007905.2032,0.20829769181515495,0.2506142327882603,0.3960246394312724,"2. Aléatoire (Fixe)","HadGEM2  CCLM4-8-17","HadGEM2 (Extrême sec)"
2053,"1. Étang de Tête",68.85442177241255,16.942395241252296,946.19232,9196989.3504,0.06892052917901732,0.22142979246328118,0.3787492652107623,"2. Aléatoire (Fixe)","HadGEM2  CCLM4-8-17","HadGEM2 (Extrême sec)"
2053,"2. Étang de Milieu",56.28268069063296,18.9408263736294,946.19232,9196989.3504,0.06892052917901732,0.22142979246328118,0.3787492652107623,"2. Aléatoire (Fixe)","HadGEM2  CCLM4-8-17","HadGEM2 (Extrême sec)"
2053,"3. Étang Exutoire",99.68227604917108,37.70569441726192,946.19232,9196989.3504,0.06892052917901732,0.22142979246328118,0.3787492652107623,"2. Aléatoire (Fixe)","HadGEM2  CCLM4-8-17","HadGEM2 (Extrême sec)"
2054,"1. Étang de Tête",42.60228733072914,5.568492303582668,1010.80224,9824997.7728,0.0689020349067693,0.18146259404715168,0.3747924903500607,"2. Aléatoire (Fixe)","HadGEM2  CCLM4-8-17","HadGEM2 (Extrême sec)"
2054,"2. Étang de Milieu",50.24338779960071,16.01061700233207,1010.80224,9824997.7728,0.0689020349067693,0.18146259404715168,0.3747924903500607,"2. Aléatoire (Fixe)","HadGEM2  CCLM4-8-17","HadGEM2 (Extrême sec)"
2054,"3. Étang Exutoire",97.64144182901823,25.90404088219834,1010.80224,9824997.7728,0.0689020349067693,0.18146259404715168,0.3747924903500607,"2. Aléatoire (Fixe)","HadGEM2  CCLM4-8-17","HadGEM2 (Extrême sec)"
2055,"1. Étang de Tête",35.465132846653006,15.073364753482025,883.53504,8587960.5888,0.044894290466481766,0.1991090844815278,0.3596819833807663,"2. Aléatoire (Fixe)","HadGEM2  CCLM4-8-17","HadGEM2 (Extrême sec)"
2055,"2. Étang de Milieu",43.047740932951626,25.529543338194866,883.53504,8587960.5888,0.044894290466481766,0.1991090844815278,0.3596819833807663,"2. Aléatoire (Fixe)","HadGEM2  CCLM4-8-17","HadGEM2 (Extrême sec)"
2055,"3. Étang Exutoire",0,0,883.53504,8587960.5888,0.044894290466481766,0.1991090844815278,0.3596819833807663,"2. Aléatoire (Fixe)","HadGEM2  CCLM4-8-17","HadGEM2 (Extrême sec)"
2056,"1. Étang de Tête",43.70562198855511,45.12706554100628,1065.75264,10359115.660799999,0.0753034755078815,0.14659103534096155,0.38955266582215686,"2. Aléatoire (Fixe)","HadGEM2  CCLM4-8-17","HadGEM2 (Extrême sec)"
2056,"2. Étang de Milieu",52.31602898565513,56.53854974866195,1065.75264,10359115.660799999,0.0753034755078815,0.14659103534096155,0.38955266582215686,"2. Aléatoire (Fixe)","HadGEM2  CCLM4-8-17","HadGEM2 (Extrême sec)"
2056,"3. Étang Exutoire",98.51472290782489,70.41889208494364,1065.75264,10359115.660799999,0.0753034755078815,0.14659103534096155,0.38955266582215686,"2. Aléatoire (Fixe)","HadGEM2  CCLM4-8-17","HadGEM2 (Extrême sec)"
2057,"1. Étang de Tête",39.05380729561625,37.04312325857544,1047.01248,10176961.3056,0.1278119083877701,0.16124353943253616,0.35407144711200267,"2. Aléatoire (Fixe)","HadGEM2  CCLM4-8-17","HadGEM2 (Extrême sec)"
2057,"2. Étang de Milieu",45.590680223960504,41.67189033962291,1047.01248,10176961.3056,0.1278119083877701,0.16124353943253616,0.35407144711200267,"2. Aléatoire (Fixe)","HadGEM2  CCLM4-8-17","HadGEM2 (Extrême sec)"
2057,"3. Étang Exutoire",100,78.61595269933217,1047.01248,10176961.3056,0.1278119083877701,0.16124353943253616,0.35407144711200267,"2. Aléatoire (Fixe)","HadGEM2  CCLM4-8-17","HadGEM2 (Extrême sec)"
2058,"1. Étang de Tête",45.78792881226218,0,736.87104,7162386.5088,0.16074042526769328,0.21798552826689552,0.3863384295464983,"2. Aléatoire (Fixe)","HadGEM2  CCLM4-8-17","HadGEM2 (Extrême sec)"
2058,"2. Étang de Milieu",51.61162064404103,4.102367224532232,736.87104,7162386.5088,0.16074042526769328,0.21798552826689552,0.3863384295464983,"2. Aléatoire (Fixe)","HadGEM2  CCLM4-8-17","HadGEM2 (Extrême sec)"
2058,"3. Étang Exutoire",99.08664924158069,0,736.87104,7162386.5088,0.16074042526769328,0.21798552826689552,0.3863384295464983,"2. Aléatoire (Fixe)","HadGEM2  CCLM4-8-17","HadGEM2 (Extrême sec)"
2059,"1. Étang de Tête",53.022702739928235,8.923753932112618,904.80672,8794721.318400001,0.03520557388445895,0.25003114217235867,0.3663169331138061,"2. Aléatoire (Fixe)","HadGEM2  CCLM4-8-17","HadGEM2 (Extrême sec)"
2059,"2. Étang de Milieu",48.93712778621872,11.16470085645781,904.80672,8794721.318400001,0.03520557388445895,0.25003114217235867,0.3663169331138061,"2. Aléatoire (Fixe)","HadGEM2  CCLM4-8-17","HadGEM2 (Extrême sec)"
2059,"3. Étang Exutoire",99.73464287353322,26.753306387751945,904.80672,8794721.318400001,0.03520557388445895,0.25003114217235867,0.3663169331138061,"2. Aléatoire (Fixe)","HadGEM2  CCLM4-8-17","HadGEM2 (Extrême sec)"
2060,"1. Étang de Tête",22.68272331574358,1.1910832279152155,810.61344,7879162.6367999995,0.08705438717797327,0.18563087974047673,0.3568916684357643,"2. Aléatoire (Fixe)","HadGEM2  CCLM4-8-17","HadGEM2 (Extrême sec)"
2060,"2. Étang de Milieu",40.65382108906225,12.23978691341203,810.61344,7879162.6367999995,0.08705438717797327,0.18563087974047673,0.3568916684357643,"2. Aléatoire (Fixe)","HadGEM2  CCLM4-8-17","HadGEM2 (Extrême sec)"
2060,"3. Étang Exutoire",99.43974203190265,44.161318890824795,810.61344,7879162.6367999995,0.08705438717797327,0.18563087974047673,0.3568916684357643,"2. Aléatoire (Fixe)","HadGEM2  CCLM4-8-17","HadGEM2 (Extrême sec)"
2061,"1. Étang de Tête",27.44520920494702,0,714.55392,6945464.1024,0.06726588650827962,0.1571750763055217,0.34885399426739716,"2. Aléatoire (Fixe)","HadGEM2  CCLM4-8-17","HadGEM2 (Extrême sec)"
2061,"2. Étang de Milieu",34.479837804540395,2.3788413376313136,714.55392,6945464.1024,0.06726588650827962,0.1571750763055217,0.34885399426739716,"2. Aléatoire (Fixe)","HadGEM2  CCLM4-8-17","HadGEM2 (Extrême sec)"
2061,"3. Étang Exutoire",0,0,714.55392,6945464.1024,0.06726588650827962,0.1571750763055217,0.34885399426739716,"2. Aléatoire (Fixe)","HadGEM2  CCLM4-8-17","HadGEM2 (Extrême sec)"
2062,"1. Étang de Tête",67.45983167409165,17.373823488699117,1118.81952,10874925.7344,0.06447100342107105,0.20397499944207423,0.3903206391858472,"2. Aléatoire (Fixe)","HadGEM2  CCLM4-8-17","HadGEM2 (Extrême sec)"
2062,"2. Étang de Milieu",74.04019178675757,27.45450453875087,1118.81952,10874925.7344,0.06447100342107105,0.20397499944207423,0.3903206391858472,"2. Aléatoire (Fixe)","HadGEM2  CCLM4-8-17","HadGEM2 (Extrême sec)"
2062,"3. Étang Exutoire",100,28.597246875125965,1118.81952,10874925.7344,0.06447100342107105,0.20397499944207423,0.3903206391858472,"2. Aléatoire (Fixe)","HadGEM2  CCLM4-8-17","HadGEM2 (Extrême sec)"
2063,"1. Étang de Tête",66.95459155825078,3.541724050688303,924.90336,8990060.6592,0.0661925303548795,0.2500378436909207,0.355530211984123,"2. Aléatoire (Fixe)","HadGEM2  CCLM4-8-17","HadGEM2 (Extrême sec)"
2063,"2. Étang de Milieu",59.29775649745023,10.146330901072824,924.90336,8990060.6592,0.0661925303548795,0.2500378436909207,0.355530211984123,"2. Aléatoire (Fixe)","HadGEM2  CCLM4-8-17","HadGEM2 (Extrême sec)"
2063,"3. Étang Exutoire",99.86190682274159,24.62222678439431,924.90336,8990060.6592,0.0661925303548795,0.2500378436909207,0.355530211984123,"2. Aléatoire (Fixe)","HadGEM2  CCLM4-8-17","HadGEM2 (Extrême sec)"
2064,"1. Étang de Tête",41.19987701715168,21.31911402819823,895.12992,8700662.8224,0.08225437958295093,0.19889466233042427,0.38190227618011224,"2. Aléatoire (Fixe)","HadGEM2  CCLM4-8-17","HadGEM2 (Extrême sec)"
2064,"2. Étang de Milieu",43.893552150703236,25.111182192731192,895.12992,8700662.8224,0.08225437958295093,0.19889466233042427,0.38190227618011224,"2. Aléatoire (Fixe)","HadGEM2  CCLM4-8-17","HadGEM2 (Extrême sec)"
2064,"3. Étang Exutoire",96.7306493170414,47.92483018110375,895.12992,8700662.8224,0.08225437958295093,0.19889466233042427,0.38190227618011224,"2. Aléatoire (Fixe)","HadGEM2  CCLM4-8-17","HadGEM2 (Extrême sec)"
2065,"1. Étang de Tête",38.5541485783253,30.675827909882976,1222.05888,11878412.3136,0.05360600965367064,0.12551638287203448,0.37097499779655035,"2. Aléatoire (Fixe)","HadGEM2  CCLM4-8-17","HadGEM2 (Extrême sec)"
2065,"2. Étang de Milieu",40.362531760754436,34.16314739332374,1222.05888,11878412.3136,0.05360600965367064,0.12551638287203448,0.37097499779655035,"2. Aléatoire (Fixe)","HadGEM2  CCLM4-8-17","HadGEM2 (Extrême sec)"
2065,"3. Étang Exutoire",100,58.11508661765124,1222.05888,11878412.3136,0.05360600965367064,0.12551638287203448,0.37097499779655035,"2. Aléatoire (Fixe)","HadGEM2  CCLM4-8-17","HadGEM2 (Extrême sec)"
2066,"1. Étang de Tête",67.16748780591672,16.653655599450644,1148.2128,11160628.416,0.17530677870747804,0.17622774917002704,0.39443693628945187,"2. Aléatoire (Fixe)","HadGEM2  CCLM4-8-17","HadGEM2 (Extrême sec)"
2066,"2. Étang de Milieu",82.8670169901218,32.31954493062849,1148.2128,11160628.416,0.17530677870747804,0.17622774917002704,0.39443693628945187,"2. Aléatoire (Fixe)","HadGEM2  CCLM4-8-17","HadGEM2 (Extrême sec)"
2066,"3. Étang Exutoire",99.80135601639036,35.571661826571464,1148.2128,11160628.416,0.17530677870747804,0.17622774917002704,0.39443693628945187,"2. Aléatoire (Fixe)","HadGEM2  CCLM4-8-17","HadGEM2 (Extrême sec)"
2067,"1. Étang de Tête",80.03099998218619,38.99057814545365,1154.09664,11217819.3408,0.12892059591097718,0.16599024080079575,0.39220637379364065,"2. Aléatoire (Fixe)","HadGEM2  CCLM4-8-17","HadGEM2 (Extrême sec)"
2067,"2. Étang de Milieu",78.35237689726894,46.57275677839843,1154.09664,11217819.3408,0.12892059591097718,0.16599024080079575,0.39220637379364065,"2. Aléatoire (Fixe)","HadGEM2  CCLM4-8-17","HadGEM2 (Extrême sec)"
2067,"3. Étang Exutoire",98.84700228712107,57.72329739826239,1154.09664,11217819.3408,0.12892059591097718,0.16599024080079575,0.39220637379364065,"2. Aléatoire (Fixe)","HadGEM2  CCLM4-8-17","HadGEM2 (Extrême sec)"
2068,"1. Étang de Tête",44.05122493104222,8.297775441968726,994.02336,9661907.0592,0.1670042487804718,0.15720910125815496,0.3837314313952275,"2. Aléatoire (Fixe)","HadGEM2  CCLM4-8-17","HadGEM2 (Extrême sec)"
2068,"2. Étang de Milieu",46.03912140137559,11.506134883683917,994.02336,9661907.0592,0.1670042487804718,0.15720910125815496,0.3837314313952275,"2. Aléatoire (Fixe)","HadGEM2  CCLM4-8-17","HadGEM2 (Extrême sec)"
2068,"3. Étang Exutoire",0,0,994.02336,9661907.0592,0.1670042487804718,0.15720910125815496,0.3837314313952275,"2. Aléatoire (Fixe)","HadGEM2  CCLM4-8-17","HadGEM2 (Extrême sec)"
2069,"1. Étang de Tête",61.371172477676566,29.103579623627425,1026.2592,9975239.423999999,0.04209330922751961,0.20053220744574937,0.37236764143233136,"2. Aléatoire (Fixe)","HadGEM2  CCLM4-8-17","HadGEM2 (Extrême sec)"
2069,"2. Étang de Milieu",56.466038327275186,31.83809127631295,1026.2592,9975239.423999999,0.04209330922751961,0.20053220744574937,0.37236764143233136,"2. Aléatoire (Fixe)","HadGEM2  CCLM4-8-17","HadGEM2 (Extrême sec)"
2069,"3. Étang Exutoire",100,47.73833045404265,1026.2592,9975239.423999999,0.04209330922751961,0.20053220744574937,0.37236764143233136,"2. Aléatoire (Fixe)","HadGEM2  CCLM4-8-17","HadGEM2 (Extrême sec)"
2070,"1. Étang de Tête",60.72951381429657,15.58104572679135,861.65856,8375321.203199999,0.09557698006880508,0.24828567465793616,0.3802164986915348,"2. Aléatoire (Fixe)","HadGEM2  CCLM4-8-17","HadGEM2 (Extrême sec)"
2070,"2. Étang de Milieu",58.19689588701606,21.05373607112467,861.65856,8375321.203199999,0.09557698006880508,0.24828567465793616,0.3802164986915348,"2. Aléatoire (Fixe)","HadGEM2  CCLM4-8-17","HadGEM2 (Extrême sec)"
2070,"3. Étang Exutoire",97.27852421307466,30.476422875894194,861.65856,8375321.203199999,0.09557698006880508,0.24828567465793616,0.3802164986915348,"2. Aléatoire (Fixe)","HadGEM2  CCLM4-8-17","HadGEM2 (Extrême sec)"
2026,"1. Étang de Tête",92.16182884176474,69.32295873171947,1157.30208,11248976.2176,0.04876318035213021,0.1490800684893956,0.3727712866851932,"2. Aléatoire (Fixe)","HadGEM2  RegCM4-6","HadGEM2 (Chaud/Sec modéré)"
2026,"2. Étang de Milieu",83.42415708945927,73.47153603373293,1157.30208,11248976.2176,0.04876318035213021,0.1490800684893956,0.3727712866851932,"2. Aléatoire (Fixe)","HadGEM2  RegCM4-6","HadGEM2 (Chaud/Sec modéré)"
2026,"3. Étang Exutoire",99.77580630210464,74.02241946253073,1157.30208,11248976.2176,0.04876318035213021,0.1490800684893956,0.3727712866851932,"2. Aléatoire (Fixe)","HadGEM2  RegCM4-6","HadGEM2 (Chaud/Sec modéré)"
2027,"1. Étang de Tête",67.74746567609732,73.87325646629476,1218.11904,11840117.068799999,0.2528835814910166,0.15197372350561913,0.3946252806098479,"2. Aléatoire (Fixe)","HadGEM2  RegCM4-6","HadGEM2 (Chaud/Sec modéré)"
2027,"2. Étang de Milieu",77.37899976492265,76.80326628667204,1218.11904,11840117.068799999,0.2528835814910166,0.15197372350561913,0.3946252806098479,"2. Aléatoire (Fixe)","HadGEM2  RegCM4-6","HadGEM2 (Chaud/Sec modéré)"
2027,"3. Étang Exutoire",100,78.78585168382857,1218.11904,11840117.068799999,0.2528835814910166,0.15197372350561913,0.3946252806098479,"2. Aléatoire (Fixe)","HadGEM2  RegCM4-6","HadGEM2 (Chaud/Sec modéré)"
2028,"1. Étang de Tête",55.31116163548231,35.85988023723669,1092.36384,10617776.524799999,0.2106695947745227,0.17949178404242985,0.37182908501140255,"2. Aléatoire (Fixe)","HadGEM2  RegCM4-6","HadGEM2 (Chaud/Sec modéré)"
2028,"2. Étang de Milieu",64.03979316678475,50.06853485527216,1092.36384,10617776.524799999,0.2106695947745227,0.17949178404242985,0.37182908501140255,"2. Aléatoire (Fixe)","HadGEM2  RegCM4-6","HadGEM2 (Chaud/Sec modéré)"
2028,"3. Étang Exutoire",95.68608805232311,69.95557826875746,1092.36384,10617776.524799999,0.2106695947745227,0.17949178404242985,0.37182908501140255,"2. Aléatoire (Fixe)","HadGEM2  RegCM4-6","HadGEM2 (Chaud/Sec modéré)"
2029,"1. Étang de Tête",27.35365764184133,21.581499169876732,964.4832,9374776.704,0.08295890258319706,0.13717691748347746,0.34820304661324963,"2. Aléatoire (Fixe)","HadGEM2  RegCM4-6","HadGEM2 (Chaud/Sec modéré)"
2029,"2. Étang de Milieu",32.17374163711772,31.171510879959357,964.4832,9374776.704,0.08295890258319706,0.13717691748347746,0.34820304661324963,"2. Aléatoire (Fixe)","HadGEM2  RegCM4-6","HadGEM2 (Chaud/Sec modéré)"
2029,"3. Étang Exutoire",97.35948579265276,84.11122678491394,964.4832,9374776.704,0.08295890258319706,0.13717691748347746,0.34820304661324963,"2. Aléatoire (Fixe)","HadGEM2  RegCM4-6","HadGEM2 (Chaud/Sec modéré)"
2030,"1. Étang de Tête",77.4232356064982,28.350028710799478,1075.68,10455609.600000001,0.08060502880785204,0.16316224185779038,0.37797472974978635,"2. Aléatoire (Fixe)","HadGEM2  RegCM4-6","HadGEM2 (Chaud/Sec modéré)"
2030,"2. Étang de Milieu",66.1193494273673,32.874825337455356,1075.68,10455609.600000001,0.08060502880785204,0.16316224185779038,0.37797472974978635,"2. Aléatoire (Fixe)","HadGEM2  RegCM4-6","HadGEM2 (Chaud/Sec modéré)"
2030,"3. Étang Exutoire",99.68937319202821,51.65134286458088,1075.68,10455609.600000001,0.08060502880785204,0.16316224185779038,0.37797472974978635,"2. Aléatoire (Fixe)","HadGEM2  RegCM4-6","HadGEM2 (Chaud/Sec modéré)"
2031,"1. Étang de Tête",76.70759636000919,60.09359495301993,1354.45824,13165334.0928,0.09957703986282364,0.1286718490976569,0.3820505834426999,"2. Aléatoire (Fixe)","HadGEM2  RegCM4-6","HadGEM2 (Chaud/Sec modéré)"
2031,"2. Étang de Milieu",70.48821182850835,57.54663127164422,1354.45824,13165334.0928,0.09957703986282364,0.1286718490976569,0.3820505834426999,"2. Aléatoire (Fixe)","HadGEM2  RegCM4-6","HadGEM2 (Chaud/Sec modéré)"
2031,"3. Étang Exutoire",0,0,1354.45824,13165334.0928,0.09957703986282364,0.1286718490976569,0.3820505834426999,"2. Aléatoire (Fixe)","HadGEM2  RegCM4-6","HadGEM2 (Chaud/Sec modéré)"
2032,"1. Étang de Tête",47.69135714404564,30.754940800009887,1256.00544,12208372.876799999,0.18762315283437334,0.10861320221132917,0.3788439515274364,"2. Aléatoire (Fixe)","HadGEM2  RegCM4-6","HadGEM2 (Chaud/Sec modéré)"
2032,"2. Étang de Milieu",72.93831055730628,51.85039075794438,1256.00544,12208372.876799999,0.18762315283437334,0.10861320221132917,0.3788439515274364,"2. Aléatoire (Fixe)","HadGEM2  RegCM4-6","HadGEM2 (Chaud/Sec modéré)"
2032,"3. Étang Exutoire",99.74128870346208,73.9940858547191,1256.00544,12208372.876799999,0.18762315283437334,0.10861320221132917,0.3788439515274364,"2. Aléatoire (Fixe)","HadGEM2  RegCM4-6","HadGEM2 (Chaud/Sec modéré)"
2033,"1. Étang de Tête",42.57597134263917,26.382407386671026,922.07808,8962598.9376,0.14270426912505646,0.17006585061926366,0.3716417622052767,"2. Aléatoire (Fixe)","HadGEM2  RegCM4-6","HadGEM2 (Chaud/Sec modéré)"
2033,"2. Étang de Milieu",53.99373337185277,32.391784861559145,922.07808,8962598.9376,0.14270426912505646,0.17006585061926366,0.3716417622052767,"2. Aléatoire (Fixe)","HadGEM2  RegCM4-6","HadGEM2 (Chaud/Sec modéré)"
2033,"3. Étang Exutoire",98.54162764069254,57.820290488382476,922.07808,8962598.9376,0.14270426912505646,0.17006585061926366,0.3716417622052767,"2. Aléatoire (Fixe)","HadGEM2  RegCM4-6","HadGEM2 (Chaud/Sec modéré)"
2034,"1. Étang de Tête",37.973684262190275,1.3540140373467997,892.92672,8679247.718400002,0.057045869211984984,0.19795365189857675,0.3414133172816167,"2. Aléatoire (Fixe)","HadGEM2  RegCM4-6","HadGEM2 (Chaud/Sec modéré)"
2034,"2. Étang de Milieu",50.87384604137184,21.291154778160653,892.92672,8679247.718400002,0.057045869211984984,0.19795365189857675,0.3414133172816167,"2. Aléatoire (Fixe)","HadGEM2  RegCM4-6","HadGEM2 (Chaud/Sec modéré)"
2034,"3. Étang Exutoire",97.4586891541599,51.735071112969734,892.92672,8679247.718400002,0.057045869211984984,0.19795365189857675,0.3414133172816167,"2. Aléatoire (Fixe)","HadGEM2  RegCM4-6","HadGEM2 (Chaud/Sec modéré)"
2035,"1. Étang de Tête",57.4142466640348,21.65160904254117,1077.30432,10471397.9904,0.09007436103437941,0.15345895663148865,0.35997291584455493,"2. Aléatoire (Fixe)","HadGEM2  RegCM4-6","HadGEM2 (Chaud/Sec modéré)"
2035,"2. Étang de Milieu",56.86343108791875,30.32219851286217,1077.30432,10471397.9904,0.09007436103437941,0.15345895663148865,0.35997291584455493,"2. Aléatoire (Fixe)","HadGEM2  RegCM4-6","HadGEM2 (Chaud/Sec modéré)"
2035,"3. Étang Exutoire",0,0,1077.30432,10471397.9904,0.09007436103437941,0.15345895663148865,0.35997291584455493,"2. Aléatoire (Fixe)","HadGEM2  RegCM4-6","HadGEM2 (Chaud/Sec modéré)"
2036,"1. Étang de Tête",53.54571453586302,37.38934179843029,986.28192,9586660.262400001,0.08771150327152354,0.16806975088063594,0.37448010418238575,"2. Aléatoire (Fixe)","HadGEM2  RegCM4-6","HadGEM2 (Chaud/Sec modéré)"
2036,"2. Étang de Milieu",58.073205032910195,40.14060381598954,986.28192,9586660.262400001,0.08771150327152354,0.16806975088063594,0.37448010418238575,"2. Aléatoire (Fixe)","HadGEM2  RegCM4-6","HadGEM2 (Chaud/Sec modéré)"
2036,"3. Étang Exutoire",98.79579155726674,62.99583423301639,986.28192,9586660.262400001,0.08771150327152354,0.16806975088063594,0.37448010418238575,"2. Aléatoire (Fixe)","HadGEM2  RegCM4-6","HadGEM2 (Chaud/Sec modéré)"
2037,"1. Étang de Tête",33.14790132574183,18.53621671239571,901.53216,8762892.5952,0.09923655094239625,0.1814201947648724,0.35204064407147306,"2. Aléatoire (Fixe)","HadGEM2  RegCM4-6","HadGEM2 (Chaud/Sec modéré)"
2037,"2. Étang de Milieu",40.38166191779051,25.14513014992111,901.53216,8762892.5952,0.09923655094239625,0.1814201947648724,0.35204064407147306,"2. Aléatoire (Fixe)","HadGEM2  RegCM4-6","HadGEM2 (Chaud/Sec modéré)"
2037,"3. Étang Exutoire",99.6653189227043,72.87168948543628,901.53216,8762892.5952,0.09923655094239625,0.1814201947648724,0.35204064407147306,"2. Aléatoire (Fixe)","HadGEM2  RegCM4-6","HadGEM2 (Chaud/Sec modéré)"
2038,"1. Étang de Tête",46.93160057854202,48.0994039476226,1505.54592,14633906.3424,0.08488932673140748,0.08442703160631414,0.37830593298424514,"2. Aléatoire (Fixe)","HadGEM2  RegCM4-6","HadGEM2 (Chaud/Sec modéré)"
2038,"2. Étang de Milieu",64.38120236872977,63.37439522656862,1505.54592,14633906.3424,0.08488932673140748,0.08442703160631414,0.37830593298424514,"2. Aléatoire (Fixe)","HadGEM2  RegCM4-6","HadGEM2 (Chaud/Sec modéré)"
2038,"3. Étang Exutoire",100,85.34226412256157,1505.54592,14633906.3424,0.08488932673140748,0.08442703160631414,0.37830593298424514,"2. Aléatoire (Fixe)","HadGEM2  RegCM4-6","HadGEM2 (Chaud/Sec modéré)"
2039,"1. Étang de Tête",67.27334972327239,50.41818428401527,1118.30976,10869970.8672,0.21093661350486118,0.1392576728419136,0.39112348817059656,"2. Aléatoire (Fixe)","HadGEM2  RegCM4-6","HadGEM2 (Chaud/Sec modéré)"
2039,"2. Étang de Milieu",66.39285115459114,54.77175534420359,1118.30976,10869970.8672,0.21093661350486118,0.1392576728419136,0.39112348817059656,"2. Aléatoire (Fixe)","HadGEM2  RegCM4-6","HadGEM2 (Chaud/Sec modéré)"
2039,"3. Étang Exutoire",100,78.86250711414135,1118.30976,10869970.8672,0.21093661350486118,0.1392576728419136,0.39112348817059656,"2. Aléatoire (Fixe)","HadGEM2  RegCM4-6","HadGEM2 (Chaud/Sec modéré)"
2040,"1. Étang de Tête",46.509527112818574,95.63322102744284,1373.44032,13349839.9104,0.1420860922501294,0.08993308162259155,0.3756189454428085,"2. Aléatoire (Fixe)","HadGEM2  RegCM4-6","HadGEM2 (Chaud/Sec modéré)"
2040,"2. Étang de Milieu",54.50880164101777,70.05814673937363,1373.44032,13349839.9104,0.1420860922501294,0.08993308162259155,0.3756189454428085,"2. Aléatoire (Fixe)","HadGEM2  RegCM4-6","HadGEM2 (Chaud/Sec modéré)"
2040,"3. Étang Exutoire",100,98.92501234273433,1373.44032,13349839.9104,0.1420860922501294,0.08993308162259155,0.3756189454428085,"2. Aléatoire (Fixe)","HadGEM2  RegCM4-6","HadGEM2 (Chaud/Sec modéré)"
2041,"1. Étang de Tête",17.90249606123811,16.28067161578986,880.5542399999999,8558987.2128,0.15807559591157477,0.18286227663669732,0.35515783844980997,"2. Aléatoire (Fixe)","HadGEM2  RegCM4-6","HadGEM2 (Chaud/Sec modéré)"
2041,"2. Étang de Milieu",44.39004549222688,41.09547416234463,880.5542399999999,8558987.2128,0.15807559591157477,0.18286227663669732,0.35515783844980997,"2. Aléatoire (Fixe)","HadGEM2  RegCM4-6","HadGEM2 (Chaud/Sec modéré)"
2041,"3. Étang Exutoire",99.5120166558762,86.22813223885633,880.5542399999999,8558987.2128,0.15807559591157477,0.18286227663669732,0.35515783844980997,"2. Aléatoire (Fixe)","HadGEM2  RegCM4-6","HadGEM2 (Chaud/Sec modéré)"
2042,"1. Étang de Tête",39.93802877117795,7.593778330293027,1132.13376,11004340.1472,0.09315594427656684,0.15044039438252726,0.3643113208364341,"2. Aléatoire (Fixe)","HadGEM2  RegCM4-6","HadGEM2 (Chaud/Sec modéré)"
2042,"2. Étang de Milieu",62.32788325950163,18.86820325557133,1132.13376,11004340.1472,0.09315594427656684,0.15044039438252726,0.3643113208364341,"2. Aléatoire (Fixe)","HadGEM2  RegCM4-6","HadGEM2 (Chaud/Sec modéré)"
2042,"3. Étang Exutoire",0,0,1132.13376,11004340.1472,0.09315594427656684,0.15044039438252726,0.3643113208364341,"2. Aléatoire (Fixe)","HadGEM2  RegCM4-6","HadGEM2 (Chaud/Sec modéré)"
2043,"1. Étang de Tête",37.1857178160003,27.4079991972714,1003.104,9750170.879999999,0.05960958338221965,0.16718901875431805,0.37120412362709726,"2. Aléatoire (Fixe)","HadGEM2  RegCM4-6","HadGEM2 (Chaud/Sec modéré)"
2043,"2. Étang de Milieu",47.85689602291151,38.03209119259718,1003.104,9750170.879999999,0.05960958338221965,0.16718901875431805,0.37120412362709726,"2. Aléatoire (Fixe)","HadGEM2  RegCM4-6","HadGEM2 (Chaud/Sec modéré)"
2043,"3. Étang Exutoire",97.91853454930533,68.8741369915621,1003.104,9750170.879999999,0.05960958338221965,0.16718901875431805,0.37120412362709726,"2. Aléatoire (Fixe)","HadGEM2  RegCM4-6","HadGEM2 (Chaud/Sec modéré)"
2044,"1. Étang de Tête",60.74301768011815,49.32072736761322,1499.67072,14576799.398400001,0.15502472695042155,0.12780742564663278,0.3915019667530922,"2. Aléatoire (Fixe)","HadGEM2  RegCM4-6","HadGEM2 (Chaud/Sec modéré)"
2044,"2. Étang de Milieu",57.18976549054988,48.75836527374926,1499.67072,14576799.398400001,0.15502472695042155,0.12780742564663278,0.3915019667530922,"2. Aléatoire (Fixe)","HadGEM2  RegCM4-6","HadGEM2 (Chaud/Sec modéré)"
2044,"3. Étang Exutoire",96.39039497344103,63.70542096478597,1499.67072,14576799.398400001,0.15502472695042155,0.12780742564663278,0.3915019667530922,"2. Aléatoire (Fixe)","HadGEM2  RegCM4-6","HadGEM2 (Chaud/Sec modéré)"
2045,"1. Étang de Tête",59.67073924492,42.98736674776356,1016.08128,9876310.0416,0.17548370516517434,0.16577247174618484,0.3781048171225619,"2. Aléatoire (Fixe)","HadGEM2  RegCM4-6","HadGEM2 (Chaud/Sec modéré)"
2045,"2. Étang de Milieu",53.40832240918425,38.62643470132265,1016.08128,9876310.0416,0.17548370516517434,0.16577247174618484,0.3781048171225619,"2. Aléatoire (Fixe)","HadGEM2  RegCM4-6","HadGEM2 (Chaud/Sec modéré)"
2045,"3. Étang Exutoire",95.76133985167179,56.82915227504341,1016.08128,9876310.0416,0.17548370516517434,0.16577247174618484,0.3781048171225619,"2. Aléatoire (Fixe)","HadGEM2  RegCM4-6","HadGEM2 (Chaud/Sec modéré)"
2046,"1. Étang de Tête",27.598420131721348,28.596365975124176,877.36608,8527998.2976,0.06690822503549405,0.18974403393832018,0.3462135056566034,"2. Aléatoire (Fixe)","HadGEM2  RegCM4-6","HadGEM2 (Chaud/Sec modéré)"
2046,"2. Étang de Milieu",53.65188293528576,55.79258936902545,877.36608,8527998.2976,0.06690822503549405,0.18974403393832018,0.3462135056566034,"2. Aléatoire (Fixe)","HadGEM2  RegCM4-6","HadGEM2 (Chaud/Sec modéré)"
2046,"3. Étang Exutoire",99.80363547722638,93.5337070232154,877.36608,8527998.2976,0.06690822503549405,0.18974403393832018,0.3462135056566034,"2. Aléatoire (Fixe)","HadGEM2  RegCM4-6","HadGEM2 (Chaud/Sec modéré)"
2047,"1. Étang de Tête",58.28184209496311,7.7321841477482876,899.9856,8747860.032,0.10180964573627502,0.18715910450797843,0.36382441326496395,"2. Aléatoire (Fixe)","HadGEM2  RegCM4-6","HadGEM2 (Chaud/Sec modéré)"
2047,"2. Étang de Milieu",54.563048265024825,17.455804995686595,899.9856,8747860.032,0.10180964573627502,0.18715910450797843,0.36382441326496395,"2. Aléatoire (Fixe)","HadGEM2  RegCM4-6","HadGEM2 (Chaud/Sec modéré)"
2047,"3. Étang Exutoire",96.55525958053879,40.08811972796577,899.9856,8747860.032,0.10180964573627502,0.18715910450797843,0.36382441326496395,"2. Aléatoire (Fixe)","HadGEM2  RegCM4-6","HadGEM2 (Chaud/Sec modéré)"
2048,"1. Étang de Tête",61.184333957704794,59.07407596531492,1477.28448,14359205.1456,0.11392847367072916,0.08887140236191364,0.3917242561683384,"2. Aléatoire (Fixe)","HadGEM2  RegCM4-6","HadGEM2 (Chaud/Sec modéré)"
2048,"2. Étang de Milieu",63.12943193350872,59.408938333086034,1477.28448,14359205.1456,0.11392847367072916,0.08887140236191364,0.3917242561683384,"2. Aléatoire (Fixe)","HadGEM2  RegCM4-6","HadGEM2 (Chaud/Sec modéré)"
2048,"3. Étang Exutoire",0,0,1477.28448,14359205.1456,0.11392847367072916,0.08887140236191364,0.3917242561683384,"2. Aléatoire (Fixe)","HadGEM2  RegCM4-6","HadGEM2 (Chaud/Sec modéré)"
2049,"1. Étang de Tête",53.73408699269977,9.215494205715826,949.02624,9224535.0528,0.15107777029478736,0.1923341727554087,0.35899087352415926,"2. Aléatoire (Fixe)","HadGEM2  RegCM4-6","HadGEM2 (Chaud/Sec modéré)"
2049,"2. Étang de Milieu",62.50483419506901,23.82739503919602,949.02624,9224535.0528,0.15107777029478736,0.1923341727554087,0.35899087352415926,"2. Aléatoire (Fixe)","HadGEM2  RegCM4-6","HadGEM2 (Chaud/Sec modéré)"
2049,"3. Étang Exutoire",99.53893671286775,46.99661980100435,949.02624,9224535.0528,0.15107777029478736,0.1923341727554087,0.35899087352415926,"2. Aléatoire (Fixe)","HadGEM2  RegCM4-6","HadGEM2 (Chaud/Sec modéré)"
2050,"1. Étang de Tête",68.98249473104468,72.81855679155014,1365.37056,13271401.8432,0.09072518249105183,0.10834464364119223,0.379730663294042,"2. Aléatoire (Fixe)","HadGEM2  RegCM4-6","HadGEM2 (Chaud/Sec modéré)"
2050,"2. Étang de Milieu",69.38760844924353,69.86931608952898,1365.37056,13271401.8432,0.09072518249105183,0.10834464364119223,0.379730663294042,"2. Aléatoire (Fixe)","HadGEM2  RegCM4-6","HadGEM2 (Chaud/Sec modéré)"
2050,"3. Étang Exutoire",99.08026572935046,83.23330508533094,1365.37056,13271401.8432,0.09072518249105183,0.10834464364119223,0.379730663294042,"2. Aléatoire (Fixe)","HadGEM2  RegCM4-6","HadGEM2 (Chaud/Sec modéré)"
2051,"1. Étang de Tête",63.03936643338389,52.40161378061153,1305.6336,12690758.591999998,0.1735236441933312,0.13997404061095245,0.3873812751292255,"2. Aléatoire (Fixe)","HadGEM2  RegCM4-6","HadGEM2 (Chaud/Sec modéré)"
2051,"2. Étang de Milieu",67.5802069635594,51.71965343325023,1305.6336,12690758.591999998,0.1735236441933312,0.13997404061095245,0.3873812751292255,"2. Aléatoire (Fixe)","HadGEM2  RegCM4-6","HadGEM2 (Chaud/Sec modéré)"
2051,"3. Étang Exutoire",100,61.09245644296774,1305.6336,12690758.591999998,0.1735236441933312,0.13997404061095245,0.3873812751292255,"2. Aléatoire (Fixe)","HadGEM2  RegCM4-6","HadGEM2 (Chaud/Sec modéré)"
2052,"1. Étang de Tête",34.01368295820514,13.889602066900276,846.97056,8232553.8432,0.14573413900162485,0.21194327199411667,0.365537133937188,"2. Aléatoire (Fixe)","HadGEM2  RegCM4-6","HadGEM2 (Chaud/Sec modéré)"
2052,"2. Étang de Milieu",58.992493175920764,34.758110954734526,846.97056,8232553.8432,0.14573413900162485,0.21194327199411667,0.365537133937188,"2. Aléatoire (Fixe)","HadGEM2  RegCM4-6","HadGEM2 (Chaud/Sec modéré)"
2052,"3. Étang Exutoire",100,61.124124054597075,846.97056,8232553.8432,0.14573413900162485,0.21194327199411667,0.365537133937188,"2. Aléatoire (Fixe)","HadGEM2  RegCM4-6","HadGEM2 (Chaud/Sec modéré)"
2053,"1. Étang de Tête",43.13665871922871,23.590373620979822,1124.94528,10934468.1216,0.08913545181294183,0.1647364543335465,0.3568030430961023,"2. Aléatoire (Fixe)","HadGEM2  RegCM4-6","HadGEM2 (Chaud/Sec modéré)"
2053,"2. Étang de Milieu",42.710753866903524,26.598712299376793,1124.94528,10934468.1216,0.08913545181294183,0.1647364543335465,0.3568030430961023,"2. Aléatoire (Fixe)","HadGEM2  RegCM4-6","HadGEM2 (Chaud/Sec modéré)"
2053,"3. Étang Exutoire",97.98660282300227,62.4025624668697,1124.94528,10934468.1216,0.08913545181294183,0.1647364543335465,0.3568030430961023,"2. Aléatoire (Fixe)","HadGEM2  RegCM4-6","HadGEM2 (Chaud/Sec modéré)"
2054,"1. Étang de Tête",59.00601311292857,21.062164602436347,1140.23808,11083114.137600001,0.12551566743091527,0.13031918790232463,0.38193346272264933,"2. Aléatoire (Fixe)","HadGEM2  RegCM4-6","HadGEM2 (Chaud/Sec modéré)"
2054,"2. Étang de Milieu",64.95674546714146,34.312480552834856,1140.23808,11083114.137600001,0.12551566743091527,0.13031918790232463,0.38193346272264933,"2. Aléatoire (Fixe)","HadGEM2  RegCM4-6","HadGEM2 (Chaud/Sec modéré)"
2054,"3. Étang Exutoire",97.87238651082349,50.845148918324625,1140.23808,11083114.137600001,0.12551566743091527,0.13031918790232463,0.38193346272264933,"2. Aléatoire (Fixe)","HadGEM2  RegCM4-6","HadGEM2 (Chaud/Sec modéré)"
2055,"1. Étang de Tête",31.789296931981276,3.3848745966423675,826.39008,8032511.5775999995,0.082033782027001,0.23182447959084973,0.36154530421899067,"2. Aléatoire (Fixe)","HadGEM2  RegCM4-6","HadGEM2 (Chaud/Sec modéré)"
2055,"2. Étang de Milieu",44.7611095397716,15.387370799615239,826.39008,8032511.5775999995,0.082033782027001,0.23182447959084973,0.36154530421899067,"2. Aléatoire (Fixe)","HadGEM2  RegCM4-6","HadGEM2 (Chaud/Sec modéré)"
2055,"3. Étang Exutoire",0,0,826.39008,8032511.5775999995,0.082033782027001,0.23182447959084973,0.36154530421899067,"2. Aléatoire (Fixe)","HadGEM2  RegCM4-6","HadGEM2 (Chaud/Sec modéré)"
2056,"1. Étang de Tête",19.263844203318957,35.76909943363332,976.67424,9493273.6128,0.013608976278802072,0.16534550167018713,0.35405966812195344,"2. Aléatoire (Fixe)","HadGEM2  RegCM4-6","HadGEM2 (Chaud/Sec modéré)"
2056,"2. Étang de Milieu",34.99403290568582,43.18163835097187,976.67424,9493273.6128,0.013608976278802072,0.16534550167018713,0.35405966812195344,"2. Aléatoire (Fixe)","HadGEM2  RegCM4-6","HadGEM2 (Chaud/Sec modéré)"
2056,"3. Étang Exutoire",97.60260390597828,83.19004008744729,976.67424,9493273.6128,0.013608976278802072,0.16534550167018713,0.35405966812195344,"2. Aléatoire (Fixe)","HadGEM2  RegCM4-6","HadGEM2 (Chaud/Sec modéré)"
2057,"1. Étang de Tête",23.86505190527453,20.82203605665601,956.04192,9292727.4624,0.1013225155600575,0.1742336549051407,0.3510166272054649,"2. Aléatoire (Fixe)","HadGEM2  RegCM4-6","HadGEM2 (Chaud/Sec modéré)"
2057,"2. Étang de Milieu",32.871439017002245,29.545564110093,956.04192,9292727.4624,0.1013225155600575,0.1742336549051407,0.3510166272054649,"2. Aléatoire (Fixe)","HadGEM2  RegCM4-6","HadGEM2 (Chaud/Sec modéré)"
2057,"3. Étang Exutoire",99.03361514983737,72.73088429024426,956.04192,9292727.4624,0.1013225155600575,0.1742336549051407,0.3510166272054649,"2. Aléatoire (Fixe)","HadGEM2  RegCM4-6","HadGEM2 (Chaud/Sec modéré)"
2058,"1. Étang de Tête",49.08292960141382,1.9811912170148387,835.75584,8123546.7648,0.09836685413733205,0.18729100841914595,0.3707823861337888,"2. Aléatoire (Fixe)","HadGEM2  RegCM4-6","HadGEM2 (Chaud/Sec modéré)"
2058,"2. Étang de Milieu",44.40275345671926,12.708423437161072,835.75584,8123546.7648,0.09836685413733205,0.18729100841914595,0.3707823861337888,"2. Aléatoire (Fixe)","HadGEM2  RegCM4-6","HadGEM2 (Chaud/Sec modéré)"
2058,"3. Étang Exutoire",97.51532754288533,29.40249996291301,835.75584,8123546.7648,0.09836685413733205,0.18729100841914595,0.3707823861337888,"2. Aléatoire (Fixe)","HadGEM2  RegCM4-6","HadGEM2 (Chaud/Sec modéré)"
2059,"1. Étang de Tête",52.99077238487325,27.794884217081673,1080.70848,10504486.4256,0.054542732093956756,0.2034875435810802,0.36910886663548426,"2. Aléatoire (Fixe)","HadGEM2  RegCM4-6","HadGEM2 (Chaud/Sec modéré)"
2059,"2. Étang de Milieu",54.77456017573755,28.89896258360567,1080.70848,10504486.4256,0.054542732093956756,0.2034875435810802,0.36910886663548426,"2. Aléatoire (Fixe)","HadGEM2  RegCM4-6","HadGEM2 (Chaud/Sec modéré)"
2059,"3. Étang Exutoire",99.40259841094411,38.40331816798818,1080.70848,10504486.4256,0.054542732093956756,0.2034875435810802,0.36910886663548426,"2. Aléatoire (Fixe)","HadGEM2  RegCM4-6","HadGEM2 (Chaud/Sec modéré)"
2060,"1. Étang de Tête",35.69675511973031,38.05803499291643,1197.2102399999999,11636883.5328,0.08816824506859951,0.15683771128750093,0.3759976587590386,"2. Aléatoire (Fixe)","HadGEM2  RegCM4-6","HadGEM2 (Chaud/Sec modéré)"
2060,"2. Étang de Milieu",55.19851033640863,54.09944424419636,1197.2102399999999,11636883.5328,0.08816824506859951,0.15683771128750093,0.3759976587590386,"2. Aléatoire (Fixe)","HadGEM2  RegCM4-6","HadGEM2 (Chaud/Sec modéré)"
2060,"3. Étang Exutoire",99.23112581262788,69.09277607318863,1197.2102399999999,11636883.5328,0.08816824506859951,0.15683771128750093,0.3759976587590386,"2. Aléatoire (Fixe)","HadGEM2  RegCM4-6","HadGEM2 (Chaud/Sec modéré)"
2061,"1. Étang de Tête",22.285249809200224,0.09140770750346874,873.39168,8489367.1296,0.1759805601090186,0.13796453389380242,0.3437965296249341,"2. Aléatoire (Fixe)","HadGEM2  RegCM4-6","HadGEM2 (Chaud/Sec modéré)"
2061,"2. Étang de Milieu",33.77167114306069,9.89697941184677,873.39168,8489367.1296,0.1759805601090186,0.13796453389380242,0.3437965296249341,"2. Aléatoire (Fixe)","HadGEM2  RegCM4-6","HadGEM2 (Chaud/Sec modéré)"
2061,"3. Étang Exutoire",0,0,873.39168,8489367.1296,0.1759805601090186,0.13796453389380242,0.3437965296249341,"2. Aléatoire (Fixe)","HadGEM2  RegCM4-6","HadGEM2 (Chaud/Sec modéré)"
2062,"1. Étang de Tête",60.69157510761723,44.424913097783424,1260.63648,12253386.5856,0.04727109823753858,0.15281835771347974,0.38076935067288864,"2. Aléatoire (Fixe)","HadGEM2  RegCM4-6","HadGEM2 (Chaud/Sec modéré)"
2062,"2. Étang de Milieu",65.25303091779146,51.7871472045672,1260.63648,12253386.5856,0.04727109823753858,0.15281835771347974,0.38076935067288864,"2. Aléatoire (Fixe)","HadGEM2  RegCM4-6","HadGEM2 (Chaud/Sec modéré)"
2062,"3. Étang Exutoire",99.04679843725086,59.14068880597413,1260.63648,12253386.5856,0.04727109823753858,0.15281835771347974,0.38076935067288864,"2. Aléatoire (Fixe)","HadGEM2  RegCM4-6","HadGEM2 (Chaud/Sec modéré)"
2063,"1. Étang de Tête",62.46900977066433,51.36522741958234,1150.848,11186242.56,0.11067134340193847,0.18051468656865227,0.35905652584165093,"2. Aléatoire (Fixe)","HadGEM2  RegCM4-6","HadGEM2 (Chaud/Sec modéré)"
2063,"2. Étang de Milieu",60.97390789900119,47.134952351257084,1150.848,11186242.56,0.11067134340193847,0.18051468656865227,0.35905652584165093,"2. Aléatoire (Fixe)","HadGEM2  RegCM4-6","HadGEM2 (Chaud/Sec modéré)"
2063,"3. Étang Exutoire",99.70013053335018,68.24773096936205,1150.848,11186242.56,0.11067134340193847,0.18051468656865227,0.35905652584165093,"2. Aléatoire (Fixe)","HadGEM2  RegCM4-6","HadGEM2 (Chaud/Sec modéré)"
2064,"1. Étang de Tête",52.913877725004774,45.17026574747209,1102.97376,10720904.9472,0.11646755737951842,0.1370797483832927,0.36011150011318005,"2. Aléatoire (Fixe)","HadGEM2  RegCM4-6","HadGEM2 (Chaud/Sec modéré)"
2064,"2. Étang de Milieu",55.46040416744676,49.983901629628974,1102.97376,10720904.9472,0.11646755737951842,0.1370797483832927,0.36011150011318005,"2. Aléatoire (Fixe)","HadGEM2  RegCM4-6","HadGEM2 (Chaud/Sec modéré)"
2064,"3. Étang Exutoire",97.82807111938862,89.49837041184232,1102.97376,10720904.9472,0.11646755737951842,0.1370797483832927,0.36011150011318005,"2. Aléatoire (Fixe)","HadGEM2  RegCM4-6","HadGEM2 (Chaud/Sec modéré)"
2065,"1. Étang de Tête",40.235084320874016,38.82167127877461,1477.5696,14361976.512,0.12516340965591913,0.10851147550432434,0.38890058632916275,"2. Aléatoire (Fixe)","HadGEM2  RegCM4-6","HadGEM2 (Chaud/Sec modéré)"
2065,"2. Étang de Milieu",53.605709383679404,40.63657403063025,1477.5696,14361976.512,0.12516340965591913,0.10851147550432434,0.38890058632916275,"2. Aléatoire (Fixe)","HadGEM2  RegCM4-6","HadGEM2 (Chaud/Sec modéré)"
2065,"3. Étang Exutoire",100,58.75886333335424,1477.5696,14361976.512,0.12516340965591913,0.10851147550432434,0.38890058632916275,"2. Aléatoire (Fixe)","HadGEM2  RegCM4-6","HadGEM2 (Chaud/Sec modéré)"
2066,"1. Étang de Tête",65.08107019211127,28.072526604597876,1309.85856,12731825.2032,0.21036521123382473,0.1407757469089887,0.39639298996184325,"2. Aléatoire (Fixe)","HadGEM2  RegCM4-6","HadGEM2 (Chaud/Sec modéré)"
2066,"2. Étang de Milieu",82.81835731236514,43.0317342751022,1309.85856,12731825.2032,0.21036521123382473,0.1407757469089887,0.39639298996184325,"2. Aléatoire (Fixe)","HadGEM2  RegCM4-6","HadGEM2 (Chaud/Sec modéré)"
2066,"3. Étang Exutoire",100,48.7224806715656,1309.85856,12731825.2032,0.21036521123382473,0.1407757469089887,0.39639298996184325,"2. Aléatoire (Fixe)","HadGEM2  RegCM4-6","HadGEM2 (Chaud/Sec modéré)"
2067,"1. Étang de Tête",50.7379571810682,24.73557368485799,971.28288,9440869.5936,0.1102531961796034,0.18109370124214363,0.3622802182240089,"2. Aléatoire (Fixe)","HadGEM2  RegCM4-6","HadGEM2 (Chaud/Sec modéré)"
2067,"2. Étang de Milieu",61.59392013497099,41.919972367092114,971.28288,9440869.5936,0.1102531961796034,0.18109370124214363,0.3622802182240089,"2. Aléatoire (Fixe)","HadGEM2  RegCM4-6","HadGEM2 (Chaud/Sec modéré)"
2067,"3. Étang Exutoire",96.51130785893093,67.21871043974934,971.28288,9440869.5936,0.1102531961796034,0.18109370124214363,0.3622802182240089,"2. Aléatoire (Fixe)","HadGEM2  RegCM4-6","HadGEM2 (Chaud/Sec modéré)"
2068,"1. Étang de Tête",19.049349016942045,22.054314110262574,1022.30208,9936776.2176,0.1240863615724739,0.1271021005749969,0.3697992240026554,"2. Aléatoire (Fixe)","HadGEM2  RegCM4-6","HadGEM2 (Chaud/Sec modéré)"
2068,"2. Étang de Milieu",31.92572084747745,25.81403116227582,1022.30208,9936776.2176,0.1240863615724739,0.1271021005749969,0.3697992240026554,"2. Aléatoire (Fixe)","HadGEM2  RegCM4-6","HadGEM2 (Chaud/Sec modéré)"
2068,"3. Étang Exutoire",0,0,1022.30208,9936776.2176,0.1240863615724739,0.1271021005749969,0.3697992240026554,"2. Aléatoire (Fixe)","HadGEM2  RegCM4-6","HadGEM2 (Chaud/Sec modéré)"
2069,"1. Étang de Tête",53.784903080085456,37.31018563652791,1200.3552,11667452.544,0.043409987223932606,0.16452229331881912,0.35867946820675023,"2. Aléatoire (Fixe)","HadGEM2  RegCM4-6","HadGEM2 (Chaud/Sec modéré)"
2069,"2. Étang de Milieu",52.22491384301757,36.49698871508607,1200.3552,11667452.544,0.043409987223932606,0.16452229331881912,0.35867946820675023,"2. Aléatoire (Fixe)","HadGEM2  RegCM4-6","HadGEM2 (Chaud/Sec modéré)"
2069,"3. Étang Exutoire",100,57.279806058623606,1200.3552,11667452.544,0.043409987223932606,0.16452229331881912,0.35867946820675023,"2. Aléatoire (Fixe)","HadGEM2  RegCM4-6","HadGEM2 (Chaud/Sec modéré)"
2070,"1. Étang de Tête",58.28016956866537,35.37569053236296,992.15712,9643767.2064,0.1079244008478104,0.19961939540087922,0.37417125236364773,"2. Aléatoire (Fixe)","HadGEM2  RegCM4-6","HadGEM2 (Chaud/Sec modéré)"
2070,"2. Étang de Milieu",62.063720515867686,40.21410404216709,992.15712,9643767.2064,0.1079244008478104,0.19961939540087922,0.37417125236364773,"2. Aléatoire (Fixe)","HadGEM2  RegCM4-6","HadGEM2 (Chaud/Sec modéré)"
2070,"3. Étang Exutoire",96.82164404064552,59.5196292724382,992.15712,9643767.2064,0.1079244008478104,0.19961939540087922,0.37417125236364773,"2. Aléatoire (Fixe)","HadGEM2  RegCM4-6","HadGEM2 (Chaud/Sec modéré)"
2026,"1. Étang de Tête",91.58503260379126,59.96290328016726,699.58944,6800009.3568,0.0026253320241890277,0.2555407846374963,0.3623081154674087,"2. Aléatoire (Fixe)","IPSL-CM5A  RCA4","IPSL-CM5A (Hiver humide/Été extrême)"
2026,"2. Étang de Milieu",82.8436686059961,57.79665904483888,699.58944,6800009.3568,0.0026253320241890277,0.2555407846374963,0.3623081154674087,"2. Aléatoire (Fixe)","IPSL-CM5A  RCA4","IPSL-CM5A (Hiver humide/Été extrême)"
2026,"3. Étang Exutoire",99.54018115924751,73.21814337664338,699.58944,6800009.3568,0.0026253320241890277,0.2555407846374963,0.3623081154674087,"2. Aléatoire (Fixe)","IPSL-CM5A  RCA4","IPSL-CM5A (Hiver humide/Été extrême)"
2027,"1. Étang de Tête",12.025072291433947,0.057028936959772805,712.48032,6925308.7104,0.13254484577381842,0.19612080935965626,0.3213429392459623,"2. Aléatoire (Fixe)","IPSL-CM5A  RCA4","IPSL-CM5A (Hiver humide/Été extrême)"
2027,"2. Étang de Milieu",44.41059755677378,18.507977344542407,712.48032,6925308.7104,0.13254484577381842,0.19612080935965626,0.3213429392459623,"2. Aléatoire (Fixe)","IPSL-CM5A  RCA4","IPSL-CM5A (Hiver humide/Été extrême)"
2027,"3. Étang Exutoire",99.61325265952978,52.787902330295765,712.48032,6925308.7104,0.13254484577381842,0.19612080935965626,0.3213429392459623,"2. Aléatoire (Fixe)","IPSL-CM5A  RCA4","IPSL-CM5A (Hiver humide/Été extrême)"
2028,"1. Étang de Tête",78.44985472023683,20.507813167771122,1062.58176,10328294.7072,0.06085962755504323,0.20082321656628202,0.36389366599809086,"2. Aléatoire (Fixe)","IPSL-CM5A  RCA4","IPSL-CM5A (Hiver humide/Été extrême)"
2028,"2. Étang de Milieu",73.59809700456523,27.46790210824311,1062.58176,10328294.7072,0.06085962755504323,0.20082321656628202,0.36389366599809086,"2. Aléatoire (Fixe)","IPSL-CM5A  RCA4","IPSL-CM5A (Hiver humide/Été extrême)"
2028,"3. Étang Exutoire",97.82335673533218,44.52287101738592,1062.58176,10328294.7072,0.06085962755504323,0.20082321656628202,0.36389366599809086,"2. Aléatoire (Fixe)","IPSL-CM5A  RCA4","IPSL-CM5A (Hiver humide/Été extrême)"
2029,"1. Étang de Tête",33.43200986396904,12.283369321833908,869.28768,8449476.2496,0.1315189627748955,0.143837746058759,0.373748718835111,"2. Aléatoire (Fixe)","IPSL-CM5A  RCA4","IPSL-CM5A (Hiver humide/Été extrême)"
2029,"2. Étang de Milieu",45.79896481005142,29.23173180588683,869.28768,8449476.2496,0.1315189627748955,0.143837746058759,0.373748718835111,"2. Aléatoire (Fixe)","IPSL-CM5A  RCA4","IPSL-CM5A (Hiver humide/Été extrême)"
2029,"3. Étang Exutoire",99.35499283945487,66.74469063850668,869.28768,8449476.2496,0.1315189627748955,0.143837746058759,0.373748718835111,"2. Aléatoire (Fixe)","IPSL-CM5A  RCA4","IPSL-CM5A (Hiver humide/Été extrême)"
2030,"1. Étang de Tête",38.65934786818209,13.056787340661653,993.4099199999999,9655944.4224,0.03769170549601117,0.14383852113665255,0.34306393592744294,"2. Aléatoire (Fixe)","IPSL-CM5A  RCA4","IPSL-CM5A (Hiver humide/Été extrême)"
2030,"2. Étang de Milieu",45.692724919416754,28.73872782664734,993.4099199999999,9655944.4224,0.03769170549601117,0.14383852113665255,0.34306393592744294,"2. Aléatoire (Fixe)","IPSL-CM5A  RCA4","IPSL-CM5A (Hiver humide/Été extrême)"
2030,"3. Étang Exutoire",97.99723187091777,76.70823302761939,993.4099199999999,9655944.4224,0.03769170549601117,0.14383852113665255,0.34306393592744294,"2. Aléatoire (Fixe)","IPSL-CM5A  RCA4","IPSL-CM5A (Hiver humide/Été extrême)"
2031,"1. Étang de Tête",48.203927663932376,13.620415566008237,980.73504,9532744.5888,0.09900620305496685,0.16727889172590835,0.36392671638909757,"2. Aléatoire (Fixe)","IPSL-CM5A  RCA4","IPSL-CM5A (Hiver humide/Été extrême)"
2031,"2. Étang de Milieu",53.486024327477814,27.071810211976793,980.73504,9532744.5888,0.09900620305496685,0.16727889172590835,0.36392671638909757,"2. Aléatoire (Fixe)","IPSL-CM5A  RCA4","IPSL-CM5A (Hiver humide/Été extrême)"
2031,"3. Étang Exutoire",0,0,980.73504,9532744.5888,0.09900620305496685,0.16727889172590835,0.36392671638909757,"2. Aléatoire (Fixe)","IPSL-CM5A  RCA4","IPSL-CM5A (Hiver humide/Été extrême)"
2032,"1. Étang de Tête",31.128142126302834,1.461136832029027,933.74208,9075973.0176,0.11893062340521156,0.17139209267075217,0.37337234187032714,"2. Aléatoire (Fixe)","IPSL-CM5A  RCA4","IPSL-CM5A (Hiver humide/Été extrême)"
2032,"2. Étang de Milieu",53.25465502455822,13.36112970584204,933.74208,9075973.0176,0.11893062340521156,0.17139209267075217,0.37337234187032714,"2. Aléatoire (Fixe)","IPSL-CM5A  RCA4","IPSL-CM5A (Hiver humide/Été extrême)"
2032,"3. Étang Exutoire",98.38361756617005,31.576813480647065,933.74208,9075973.0176,0.11893062340521156,0.17139209267075217,0.37337234187032714,"2. Aléatoire (Fixe)","IPSL-CM5A  RCA4","IPSL-CM5A (Hiver humide/Été extrême)"
2033,"1. Étang de Tête",50.96062000858175,35.062505418131984,959.85216,9329762.9952,0.050520455410492576,0.15501649071806525,0.36795589187936284,"2. Aléatoire (Fixe)","IPSL-CM5A  RCA4","IPSL-CM5A (Hiver humide/Été extrême)"
2033,"2. Étang de Milieu",47.84846858272111,34.327031691650156,959.85216,9329762.9952,0.050520455410492576,0.15501649071806525,0.36795589187936284,"2. Aléatoire (Fixe)","IPSL-CM5A  RCA4","IPSL-CM5A (Hiver humide/Été extrême)"
2033,"3. Étang Exutoire",100,63.31814387297411,959.85216,9329762.9952,0.050520455410492576,0.15501649071806525,0.36795589187936284,"2. Aléatoire (Fixe)","IPSL-CM5A  RCA4","IPSL-CM5A (Hiver humide/Été extrême)"
2034,"1. Étang de Tête",72.84669086639201,66.2980054122914,1219.97664,11858172.940800002,0.06641766615204163,0.13850716271975397,0.3670848224749017,"2. Aléatoire (Fixe)","IPSL-CM5A  RCA4","IPSL-CM5A (Hiver humide/Été extrême)"
2034,"2. Étang de Milieu",75.11819829618945,69.91090600640484,1219.97664,11858172.940800002,0.06641766615204163,0.13850716271975397,0.3670848224749017,"2. Aléatoire (Fixe)","IPSL-CM5A  RCA4","IPSL-CM5A (Hiver humide/Été extrême)"
2034,"3. Étang Exutoire",95.69695036840315,89.33502148028029,1219.97664,11858172.940800002,0.06641766615204163,0.13850716271975397,0.3670848224749017,"2. Aléatoire (Fixe)","IPSL-CM5A  RCA4","IPSL-CM5A (Hiver humide/Été extrême)"
2035,"1. Étang de Tête",71.83586677528378,40.25968963231385,1179.7056,11466738.432,0.1914458918775864,0.1395427065085875,0.38931295538007965,"2. Aléatoire (Fixe)","IPSL-CM5A  RCA4","IPSL-CM5A (Hiver humide/Été extrême)"
2035,"2. Étang de Milieu",73.56268127374834,47.742876546455534,1179.7056,11466738.432,0.1914458918775864,0.1395427065085875,0.38931295538007965,"2. Aléatoire (Fixe)","IPSL-CM5A  RCA4","IPSL-CM5A (Hiver humide/Été extrême)"
2035,"3. Étang Exutoire",0,0,1179.7056,11466738.432,0.1914458918775864,0.1395427065085875,0.38931295538007965,"2. Aléatoire (Fixe)","IPSL-CM5A  RCA4","IPSL-CM5A (Hiver humide/Été extrême)"
2036,"1. Étang de Tête",17.994840849588112,7.765918818583221,895.98528,8708976.9216,0.09756899225945859,0.1728106591310003,0.3361543503852783,"2. Aléatoire (Fixe)","IPSL-CM5A  RCA4","IPSL-CM5A (Hiver humide/Été extrême)"
2036,"2. Étang de Milieu",38.63847012086899,29.678332827091282,895.98528,8708976.9216,0.09756899225945859,0.1728106591310003,0.3361543503852783,"2. Aléatoire (Fixe)","IPSL-CM5A  RCA4","IPSL-CM5A (Hiver humide/Été extrême)"
2036,"3. Étang Exutoire",98.8437939836128,73.67470205431223,895.98528,8708976.9216,0.09756899225945859,0.1728106591310003,0.3361543503852783,"2. Aléatoire (Fixe)","IPSL-CM5A  RCA4","IPSL-CM5A (Hiver humide/Été extrême)"
2037,"1. Étang de Tête",36.484851131212615,4.548171324550565,920.16864,8944039.1808,0.10006737835324438,0.16623591654033784,0.3583320900045683,"2. Aléatoire (Fixe)","IPSL-CM5A  RCA4","IPSL-CM5A (Hiver humide/Été extrême)"
2037,"2. Étang de Milieu",40.6709195440476,14.751392414370589,920.16864,8944039.1808,0.10006737835324438,0.16623591654033784,0.3583320900045683,"2. Aléatoire (Fixe)","IPSL-CM5A  RCA4","IPSL-CM5A (Hiver humide/Été extrême)"
2037,"3. Étang Exutoire",98.01660884505117,56.2221483399681,920.16864,8944039.1808,0.10006737835324438,0.16623591654033784,0.3583320900045683,"2. Aléatoire (Fixe)","IPSL-CM5A  RCA4","IPSL-CM5A (Hiver humide/Été extrême)"
2038,"1. Étang de Tête",44.69227676181906,23.415696898875577,1095.32736,10646581.939199999,0.08241914247957062,0.16310946412619287,0.37414905039208113,"2. Aléatoire (Fixe)","IPSL-CM5A  RCA4","IPSL-CM5A (Hiver humide/Été extrême)"
2038,"2. Étang de Milieu",64.42145411137679,41.58969370815765,1095.32736,10646581.939199999,0.08241914247957062,0.16310946412619287,0.37414905039208113,"2. Aléatoire (Fixe)","IPSL-CM5A  RCA4","IPSL-CM5A (Hiver humide/Été extrême)"
2038,"3. Étang Exutoire",96.13269910607517,64.93248994407816,1095.32736,10646581.939199999,0.08241914247957062,0.16310946412619287,0.37414905039208113,"2. Aléatoire (Fixe)","IPSL-CM5A  RCA4","IPSL-CM5A (Hiver humide/Été extrême)"
2039,"1. Étang de Tête",51.52390527713109,37.423646790410395,1110.69792,10795983.7824,0.08267276646095616,0.12496252484051891,0.36462448877980647,"2. Aléatoire (Fixe)","IPSL-CM5A  RCA4","IPSL-CM5A (Hiver humide/Été extrême)"
2039,"2. Étang de Milieu",48.24093792439654,39.95261924675217,1110.69792,10795983.7824,0.08267276646095616,0.12496252484051891,0.36462448877980647,"2. Aléatoire (Fixe)","IPSL-CM5A  RCA4","IPSL-CM5A (Hiver humide/Été extrême)"
2039,"3. Étang Exutoire",97.60618416390362,75.37318921275491,1110.69792,10795983.7824,0.08267276646095616,0.12496252484051891,0.36462448877980647,"2. Aléatoire (Fixe)","IPSL-CM5A  RCA4","IPSL-CM5A (Hiver humide/Été extrême)"
2040,"1. Étang de Tête",33.94562539743176,8.43059029872129,932.80032,9066819.1104,0.13254494599698502,0.18151797168218262,0.3553306384560152,"2. Aléatoire (Fixe)","IPSL-CM5A  RCA4","IPSL-CM5A (Hiver humide/Été extrême)"
2040,"2. Étang de Milieu",48.39006833441426,27.5665762340794,932.80032,9066819.1104,0.13254494599698502,0.18151797168218262,0.3553306384560152,"2. Aléatoire (Fixe)","IPSL-CM5A  RCA4","IPSL-CM5A (Hiver humide/Été extrême)"
2040,"3. Étang Exutoire",97.55801556114542,55.546709396671254,932.80032,9066819.1104,0.13254494599698502,0.18151797168218262,0.3553306384560152,"2. Aléatoire (Fixe)","IPSL-CM5A  RCA4","IPSL-CM5A (Hiver humide/Été extrême)"
2041,"1. Étang de Tête",59.874780769391776,0,821.67264,7986658.0608,0.11130865019785804,0.2017109128847124,0.3839463229368998,"2. Aléatoire (Fixe)","IPSL-CM5A  RCA4","IPSL-CM5A (Hiver humide/Été extrême)"
2041,"2. Étang de Milieu",59.646619411764725,13.08289956393838,821.67264,7986658.0608,0.11130865019785804,0.2017109128847124,0.3839463229368998,"2. Aléatoire (Fixe)","IPSL-CM5A  RCA4","IPSL-CM5A (Hiver humide/Été extrême)"
2041,"3. Étang Exutoire",99.77028062059965,23.05584474596419,821.67264,7986658.0608,0.11130865019785804,0.2017109128847124,0.3839463229368998,"2. Aléatoire (Fixe)","IPSL-CM5A  RCA4","IPSL-CM5A (Hiver humide/Été extrême)"
2042,"1. Étang de Tête",17.14632365129605,0.3022091179772048,704.98944,6852497.356799999,0.06464828732343918,0.17723972536329205,0.34847560778272807,"2. Aléatoire (Fixe)","IPSL-CM5A  RCA4","IPSL-CM5A (Hiver humide/Été extrême)"
2042,"2. Étang de Milieu",39.484232922244544,16.81341411530872,704.98944,6852497.356799999,0.06464828732343918,0.17723972536329205,0.34847560778272807,"2. Aléatoire (Fixe)","IPSL-CM5A  RCA4","IPSL-CM5A (Hiver humide/Été extrême)"
2042,"3. Étang Exutoire",0,0,704.98944,6852497.356799999,0.06464828732343918,0.17723972536329205,0.34847560778272807,"2. Aléatoire (Fixe)","IPSL-CM5A  RCA4","IPSL-CM5A (Hiver humide/Été extrême)"
2043,"1. Étang de Tête",48.749654388508134,28.401082884342028,998.80992,9708432.422400001,0.033743644623113585,0.182756082839127,0.3713852795347318,"2. Aléatoire (Fixe)","IPSL-CM5A  RCA4","IPSL-CM5A (Hiver humide/Été extrême)"
2043,"2. Étang de Milieu",49.12665956254995,33.281881114571206,998.80992,9708432.422400001,0.033743644623113585,0.182756082839127,0.3713852795347318,"2. Aléatoire (Fixe)","IPSL-CM5A  RCA4","IPSL-CM5A (Hiver humide/Été extrême)"
2043,"3. Étang Exutoire",100,51.96891042869417,998.80992,9708432.422400001,0.033743644623113585,0.182756082839127,0.3713852795347318,"2. Aléatoire (Fixe)","IPSL-CM5A  RCA4","IPSL-CM5A (Hiver humide/Été extrême)"
2044,"1. Étang de Tête",55.03465225057654,34.99972718294782,1140.03936,11081182.5792,0.06050108354095399,0.18656266227513887,0.36313499528155546,"2. Aléatoire (Fixe)","IPSL-CM5A  RCA4","IPSL-CM5A (Hiver humide/Été extrême)"
2044,"2. Étang de Milieu",51.16040575647539,33.84995342547844,1140.03936,11081182.5792,0.06050108354095399,0.18656266227513887,0.36313499528155546,"2. Aléatoire (Fixe)","IPSL-CM5A  RCA4","IPSL-CM5A (Hiver humide/Été extrême)"
2044,"3. Étang Exutoire",99.79575431849501,53.712634373267875,1140.03936,11081182.5792,0.06050108354095399,0.18656266227513887,0.36313499528155546,"2. Aléatoire (Fixe)","IPSL-CM5A  RCA4","IPSL-CM5A (Hiver humide/Été extrême)"
2045,"1. Étang de Tête",86.92291200864328,36.57727650596335,1223.19936,11889497.7792,0.13882579379247217,0.14716091914671178,0.37663681923837417,"2. Aléatoire (Fixe)","IPSL-CM5A  RCA4","IPSL-CM5A (Hiver humide/Été extrême)"
2045,"2. Étang de Milieu",72.87546830486876,38.13920181262941,1223.19936,11889497.7792,0.13882579379247217,0.14716091914671178,0.37663681923837417,"2. Aléatoire (Fixe)","IPSL-CM5A  RCA4","IPSL-CM5A (Hiver humide/Été extrême)"
2045,"3. Étang Exutoire",99.71477087353321,54.16403401222071,1223.19936,11889497.7792,0.13882579379247217,0.14716091914671178,0.37663681923837417,"2. Aléatoire (Fixe)","IPSL-CM5A  RCA4","IPSL-CM5A (Hiver humide/Été extrême)"
2046,"1. Étang de Tête",22.345934863611813,1.7133787416111284,852.43968,8285713.6896,0.06522887130329302,0.20130457459922932,0.33416913820548433,"2. Aléatoire (Fixe)","IPSL-CM5A  RCA4","IPSL-CM5A (Hiver humide/Été extrême)"
2046,"2. Étang de Milieu",44.46456084905486,23.929219193766023,852.43968,8285713.6896,0.06522887130329302,0.20130457459922932,0.33416913820548433,"2. Aléatoire (Fixe)","IPSL-CM5A  RCA4","IPSL-CM5A (Hiver humide/Été extrême)"
2046,"3. Étang Exutoire",100,66.7691422773035,852.43968,8285713.6896,0.06522887130329302,0.20130457459922932,0.33416913820548433,"2. Aléatoire (Fixe)","IPSL-CM5A  RCA4","IPSL-CM5A (Hiver humide/Été extrême)"
2047,"1. Étang de Tête",57.67093965038466,46.583028749798025,992.96064,9651577.4208,0.07009227143422166,0.14171248399937483,0.3697349029823194,"2. Aléatoire (Fixe)","IPSL-CM5A  RCA4","IPSL-CM5A (Hiver humide/Été extrême)"
2047,"2. Étang de Milieu",47.26244288606212,41.78933147530323,992.96064,9651577.4208,0.07009227143422166,0.14171248399937483,0.3697349029823194,"2. Aléatoire (Fixe)","IPSL-CM5A  RCA4","IPSL-CM5A (Hiver humide/Été extrême)"
2047,"3. Étang Exutoire",100,77.46209486346193,992.96064,9651577.4208,0.07009227143422166,0.14171248399937483,0.3697349029823194,"2. Aléatoire (Fixe)","IPSL-CM5A  RCA4","IPSL-CM5A (Hiver humide/Été extrême)"
2048,"1. Étang de Tête",24.90198161746486,2.0439781814815254,882.47232,8577630.950399999,0.09899567253301703,0.16808103867156435,0.3456663241036244,"2. Aléatoire (Fixe)","IPSL-CM5A  RCA4","IPSL-CM5A (Hiver humide/Été extrême)"
2048,"2. Étang de Milieu",42.63840453284513,19.52100856009166,882.47232,8577630.950399999,0.09899567253301703,0.16808103867156435,0.3456663241036244,"2. Aléatoire (Fixe)","IPSL-CM5A  RCA4","IPSL-CM5A (Hiver humide/Été extrême)"
2048,"3. Étang Exutoire",0,0,882.47232,8577630.950399999,0.09899567253301703,0.16808103867156435,0.3456663241036244,"2. Aléatoire (Fixe)","IPSL-CM5A  RCA4","IPSL-CM5A (Hiver humide/Été extrême)"
2049,"1. Étang de Tête",49.87729376623407,9.254255828877865,1039.608,10104989.76,0.08758582830982836,0.16891701876632867,0.3626671427338408,"2. Aléatoire (Fixe)","IPSL-CM5A  RCA4","IPSL-CM5A (Hiver humide/Été extrême)"
2049,"2. Étang de Milieu",52.41661697599328,16.762471409778698,1039.608,10104989.76,0.08758582830982836,0.16891701876632867,0.3626671427338408,"2. Aléatoire (Fixe)","IPSL-CM5A  RCA4","IPSL-CM5A (Hiver humide/Été extrême)"
2049,"3. Étang Exutoire",99.86511788438993,42.57471466028308,1039.608,10104989.76,0.08758582830982836,0.16891701876632867,0.3626671427338408,"2. Aléatoire (Fixe)","IPSL-CM5A  RCA4","IPSL-CM5A (Hiver humide/Été extrême)"
2050,"1. Étang de Tête",55.937328516805046,22.088357811816028,933.10272,9069758.4384,0.04759690930663044,0.21264926653790464,0.3741140676393571,"2. Aléatoire (Fixe)","IPSL-CM5A  RCA4","IPSL-CM5A (Hiver humide/Été extrême)"
2050,"2. Étang de Milieu",57.392950843233216,29.3078059952189,933.10272,9069758.4384,0.04759690930663044,0.21264926653790464,0.3741140676393571,"2. Aléatoire (Fixe)","IPSL-CM5A  RCA4","IPSL-CM5A (Hiver humide/Été extrême)"
2050,"3. Étang Exutoire",100,44.78307974018284,933.10272,9069758.4384,0.04759690930663044,0.21264926653790464,0.3741140676393571,"2. Aléatoire (Fixe)","IPSL-CM5A  RCA4","IPSL-CM5A (Hiver humide/Été extrême)"
2051,"1. Étang de Tête",70.49478616035371,14.609009077589151,1129.30848,10976878.4256,0.048923949708599375,0.18868822976374836,0.3596397178036705,"2. Aléatoire (Fixe)","IPSL-CM5A  RCA4","IPSL-CM5A (Hiver humide/Été extrême)"
2051,"2. Étang de Milieu",57.47069258752101,18.836097886768847,1129.30848,10976878.4256,0.048923949708599375,0.18868822976374836,0.3596397178036705,"2. Aléatoire (Fixe)","IPSL-CM5A  RCA4","IPSL-CM5A (Hiver humide/Été extrême)"
2051,"3. Étang Exutoire",96.83374704718327,38.44508001445707,1129.30848,10976878.4256,0.048923949708599375,0.18868822976374836,0.3596397178036705,"2. Aléatoire (Fixe)","IPSL-CM5A  RCA4","IPSL-CM5A (Hiver humide/Été extrême)"
2052,"1. Étang de Tête",54.629568883351965,27.640843968603768,1451.3212800000001,14106842.8416,0.14779472200618804,0.1211783140576342,0.39707673717361686,"2. Aléatoire (Fixe)","IPSL-CM5A  RCA4","IPSL-CM5A (Hiver humide/Été extrême)"
2052,"2. Étang de Milieu",80.19377274275135,45.548732287069704,1451.3212800000001,14106842.8416,0.14779472200618804,0.1211783140576342,0.39707673717361686,"2. Aléatoire (Fixe)","IPSL-CM5A  RCA4","IPSL-CM5A (Hiver humide/Été extrême)"
2052,"3. Étang Exutoire",99.84886381091803,52.00928302261551,1451.3212800000001,14106842.8416,0.14779472200618804,0.1211783140576342,0.39707673717361686,"2. Aléatoire (Fixe)","IPSL-CM5A  RCA4","IPSL-CM5A (Hiver humide/Été extrême)"
2053,"1. Étang de Tête",76.81416124614114,60.18235700681925,1295.33472,12590653.4784,0.1680899972075082,0.12895888471690198,0.3923364019143361,"2. Aléatoire (Fixe)","IPSL-CM5A  RCA4","IPSL-CM5A (Hiver humide/Été extrême)"
2053,"2. Étang de Milieu",72.83399712221163,59.1254002623604,1295.33472,12590653.4784,0.1680899972075082,0.12895888471690198,0.3923364019143361,"2. Aléatoire (Fixe)","IPSL-CM5A  RCA4","IPSL-CM5A (Hiver humide/Été extrême)"
2053,"3. Étang Exutoire",100,83.25613996905284,1295.33472,12590653.4784,0.1680899972075082,0.12895888471690198,0.3923364019143361,"2. Aléatoire (Fixe)","IPSL-CM5A  RCA4","IPSL-CM5A (Hiver humide/Été extrême)"
2054,"1. Étang de Tête",48.53450940464457,5.763569522180466,969.77952,9426256.9344,0.13421518745245653,0.16152411438198658,0.3507951801471575,"2. Aléatoire (Fixe)","IPSL-CM5A  RCA4","IPSL-CM5A (Hiver humide/Été extrême)"
2054,"2. Étang de Milieu",61.36107895926642,27.408597604948824,969.77952,9426256.9344,0.13421518745245653,0.16152411438198658,0.3507951801471575,"2. Aléatoire (Fixe)","IPSL-CM5A  RCA4","IPSL-CM5A (Hiver humide/Été extrême)"
2054,"3. Étang Exutoire",99.09447228014034,47.57862270457908,969.77952,9426256.9344,0.13421518745245653,0.16152411438198658,0.3507951801471575,"2. Aléatoire (Fixe)","IPSL-CM5A  RCA4","IPSL-CM5A (Hiver humide/Été extrême)"
2055,"1. Étang de Tête",63.58537628056226,25.928930258370904,1071.94752,10419329.894399999,0.0799839364618635,0.1732965483109473,0.3784064443319202,"2. Aléatoire (Fixe)","IPSL-CM5A  RCA4","IPSL-CM5A (Hiver humide/Été extrême)"
2055,"2. Étang de Milieu",73.42637418468226,39.85146357952149,1071.94752,10419329.894399999,0.0799839364618635,0.1732965483109473,0.3784064443319202,"2. Aléatoire (Fixe)","IPSL-CM5A  RCA4","IPSL-CM5A (Hiver humide/Été extrême)"
2055,"3. Étang Exutoire",0,0,1071.94752,10419329.894399999,0.0799839364618635,0.1732965483109473,0.3784064443319202,"2. Aléatoire (Fixe)","IPSL-CM5A  RCA4","IPSL-CM5A (Hiver humide/Été extrême)"
2056,"1. Étang de Tête",51.76445318549666,10.219811281230758,1067.24736,10373644.339200001,0.08158511165229339,0.2001783602865584,0.35856927590210125,"2. Aléatoire (Fixe)","IPSL-CM5A  RCA4","IPSL-CM5A (Hiver humide/Été extrême)"
2056,"2. Étang de Milieu",61.516210114552955,20.31306210166453,1067.24736,10373644.339200001,0.08158511165229339,0.2001783602865584,0.35856927590210125,"2. Aléatoire (Fixe)","IPSL-CM5A  RCA4","IPSL-CM5A (Hiver humide/Été extrême)"
2056,"3. Étang Exutoire",98.92909221804081,44.73533415828613,1067.24736,10373644.339200001,0.08158511165229339,0.2001783602865584,0.35856927590210125,"2. Aléatoire (Fixe)","IPSL-CM5A  RCA4","IPSL-CM5A (Hiver humide/Été extrême)"
2057,"1. Étang de Tête",78.80603353627288,3.653229646286001,977.59872,9502259.5584,0.11181256079807034,0.21320866550006076,0.38116782232182544,"2. Aléatoire (Fixe)","IPSL-CM5A  RCA4","IPSL-CM5A (Hiver humide/Été extrême)"
2057,"2. Étang de Milieu",72.59642200026846,8.835952602664598,977.59872,9502259.5584,0.11181256079807034,0.21320866550006076,0.38116782232182544,"2. Aléatoire (Fixe)","IPSL-CM5A  RCA4","IPSL-CM5A (Hiver humide/Été extrême)"
2057,"3. Étang Exutoire",100,10.795546165574686,977.59872,9502259.5584,0.11181256079807034,0.21320866550006076,0.38116782232182544,"2. Aléatoire (Fixe)","IPSL-CM5A  RCA4","IPSL-CM5A (Hiver humide/Été extrême)"
2058,"1. Étang de Tête",35.301587696719196,11.931553019860571,1078.6176,10484163.072,0.032664217558281805,0.14465229603870539,0.3458074365855578,"2. Aléatoire (Fixe)","IPSL-CM5A  RCA4","IPSL-CM5A (Hiver humide/Été extrême)"
2058,"2. Étang de Milieu",35.052125992276764,20.686822017547986,1078.6176,10484163.072,0.032664217558281805,0.14465229603870539,0.3458074365855578,"2. Aléatoire (Fixe)","IPSL-CM5A  RCA4","IPSL-CM5A (Hiver humide/Été extrême)"
2058,"3. Étang Exutoire",99.72904117563786,76.4063271410245,1078.6176,10484163.072,0.032664217558281805,0.14465229603870539,0.3458074365855578,"2. Aléatoire (Fixe)","IPSL-CM5A  RCA4","IPSL-CM5A (Hiver humide/Été extrême)"
2059,"1. Étang de Tête",68.69918598279497,29.803268200069656,1034.8992,10059220.224,0.09212152372330047,0.23823172037719118,0.3803734924307438,"2. Aléatoire (Fixe)","IPSL-CM5A  RCA4","IPSL-CM5A (Hiver humide/Été extrême)"
2059,"2. Étang de Milieu",64.04760702380409,34.698292364643095,1034.8992,10059220.224,0.09212152372330047,0.23823172037719118,0.3803734924307438,"2. Aléatoire (Fixe)","IPSL-CM5A  RCA4","IPSL-CM5A (Hiver humide/Été extrême)"
2059,"3. Étang Exutoire",98.75830406556146,46.42374296454452,1034.8992,10059220.224,0.09212152372330047,0.23823172037719118,0.3803734924307438,"2. Aléatoire (Fixe)","IPSL-CM5A  RCA4","IPSL-CM5A (Hiver humide/Été extrême)"
2060,"1. Étang de Tête",36.527100713117605,0,814.89024,7920733.1328,0.08882387935358751,0.2258362820346858,0.3619521190240826,"2. Aléatoire (Fixe)","IPSL-CM5A  RCA4","IPSL-CM5A (Hiver humide/Été extrême)"
2060,"2. Étang de Milieu",50.24488046813832,6.3025932043087405,814.89024,7920733.1328,0.08882387935358751,0.2258362820346858,0.3619521190240826,"2. Aléatoire (Fixe)","IPSL-CM5A  RCA4","IPSL-CM5A (Hiver humide/Été extrême)"
2060,"3. Étang Exutoire",99.31046655006337,12.738171660386085,814.89024,7920733.1328,0.08882387935358751,0.2258362820346858,0.3619521190240826,"2. Aléatoire (Fixe)","IPSL-CM5A  RCA4","IPSL-CM5A (Hiver humide/Été extrême)"
2061,"1. Étang de Tête",47.959420868046124,19.388984952107396,976.3977600000001,9490586.227200001,0.0465670213508501,0.1480332429558212,0.3710663932097196,"2. Aléatoire (Fixe)","IPSL-CM5A  RCA4","IPSL-CM5A (Hiver humide/Été extrême)"
2061,"2. Étang de Milieu",48.68249818777423,22.238417192327603,976.3977600000001,9490586.227200001,0.0465670213508501,0.1480332429558212,0.3710663932097196,"2. Aléatoire (Fixe)","IPSL-CM5A  RCA4","IPSL-CM5A (Hiver humide/Été extrême)"
2061,"3. Étang Exutoire",0,0,976.3977600000001,9490586.227200001,0.0465670213508501,0.1480332429558212,0.3710663932097196,"2. Aléatoire (Fixe)","IPSL-CM5A  RCA4","IPSL-CM5A (Hiver humide/Été extrême)"
2062,"1. Étang de Tête",68.0623273551133,40.813756619038756,1212.39072,11784437.798400002,0.038054990854558525,0.15292246741549634,0.3646464442838582,"2. Aléatoire (Fixe)","IPSL-CM5A  RCA4","IPSL-CM5A (Hiver humide/Été extrême)"
2062,"2. Étang de Milieu",74.40683003718291,49.86629349744373,1212.39072,11784437.798400002,0.038054990854558525,0.15292246741549634,0.3646464442838582,"2. Aléatoire (Fixe)","IPSL-CM5A  RCA4","IPSL-CM5A (Hiver humide/Été extrême)"
2062,"3. Étang Exutoire",100,62.713687283462605,1212.39072,11784437.798400002,0.038054990854558525,0.15292246741549634,0.3646464442838582,"2. Aléatoire (Fixe)","IPSL-CM5A  RCA4","IPSL-CM5A (Hiver humide/Été extrême)"
2063,"1. Étang de Tête",42.539005838553805,15.742416498783266,908.1936000000001,8827641.792,0.12120036199304117,0.23683323677103132,0.3451532076521178,"2. Aléatoire (Fixe)","IPSL-CM5A  RCA4","IPSL-CM5A (Hiver humide/Été extrême)"
2063,"2. Étang de Milieu",45.630361562503154,27.277449435335765,908.1936000000001,8827641.792,0.12120036199304117,0.23683323677103132,0.3451532076521178,"2. Aléatoire (Fixe)","IPSL-CM5A  RCA4","IPSL-CM5A (Hiver humide/Été extrême)"
2063,"3. Étang Exutoire",98.49181223605991,75.3379134056928,908.1936000000001,8827641.792,0.12120036199304117,0.23683323677103132,0.3451532076521178,"2. Aléatoire (Fixe)","IPSL-CM5A  RCA4","IPSL-CM5A (Hiver humide/Été extrême)"
2064,"1. Étang de Tête",62.046215481808076,38.20813159946525,1113.0912,10819246.464,0.06011889347509723,0.1565704001287237,0.3602242734835502,"2. Aléatoire (Fixe)","IPSL-CM5A  RCA4","IPSL-CM5A (Hiver humide/Été extrême)"
2064,"2. Étang de Milieu",55.776102367786535,38.8740772222145,1113.0912,10819246.464,0.06011889347509723,0.1565704001287237,0.3602242734835502,"2. Aléatoire (Fixe)","IPSL-CM5A  RCA4","IPSL-CM5A (Hiver humide/Été extrême)"
2064,"3. Étang Exutoire",99.5240041414114,67.28346987663612,1113.0912,10819246.464,0.06011889347509723,0.1565704001287237,0.3602242734835502,"2. Aléatoire (Fixe)","IPSL-CM5A  RCA4","IPSL-CM5A (Hiver humide/Été extrême)"
2065,"1. Étang de Tête",52.52045279772109,6.482543595707444,1067.79168,10378935.129600001,0.09430111920581274,0.16596068580474446,0.36715886682075793,"2. Aléatoire (Fixe)","IPSL-CM5A  RCA4","IPSL-CM5A (Hiver humide/Été extrême)"
2065,"2. Étang de Milieu",55.43194415873034,18.534684798033283,1067.79168,10378935.129600001,0.09430111920581274,0.16596068580474446,0.36715886682075793,"2. Aléatoire (Fixe)","IPSL-CM5A  RCA4","IPSL-CM5A (Hiver humide/Été extrême)"
2065,"3. Étang Exutoire",100,39.27204203902896,1067.79168,10378935.129600001,0.09430111920581274,0.16596068580474446,0.36715886682075793,"2. Aléatoire (Fixe)","IPSL-CM5A  RCA4","IPSL-CM5A (Hiver humide/Été extrême)"
2066,"1. Étang de Tête",54.30637365149045,33.929366416571924,1196.10432,11626133.990399998,0.08395338517027952,0.1504250773813007,0.37690022041488563,"2. Aléatoire (Fixe)","IPSL-CM5A  RCA4","IPSL-CM5A (Hiver humide/Été extrême)"
2066,"2. Étang de Milieu",69.60657271988853,45.868113964188765,1196.10432,11626133.990399998,0.08395338517027952,0.1504250773813007,0.37690022041488563,"2. Aléatoire (Fixe)","IPSL-CM5A  RCA4","IPSL-CM5A (Hiver humide/Été extrême)"
2066,"3. Étang Exutoire",99.73711200059809,58.034626984667256,1196.10432,11626133.990399998,0.08395338517027952,0.1504250773813007,0.37690022041488563,"2. Aléatoire (Fixe)","IPSL-CM5A  RCA4","IPSL-CM5A (Hiver humide/Été extrême)"
2067,"1. Étang de Tête",53.348230961523115,46.315902337346785,1085.15808,10547736.5376,0.11023062642117627,0.19433692575864528,0.37468780784192685,"2. Aléatoire (Fixe)","IPSL-CM5A  RCA4","IPSL-CM5A (Hiver humide/Été extrême)"
2067,"2. Étang de Milieu",63.0816189237903,53.28660621122586,1085.15808,10547736.5376,0.11023062642117627,0.19433692575864528,0.37468780784192685,"2. Aléatoire (Fixe)","IPSL-CM5A  RCA4","IPSL-CM5A (Hiver humide/Été extrême)"
2067,"3. Étang Exutoire",98.37939265338038,67.3466856435748,1085.15808,10547736.5376,0.11023062642117627,0.19433692575864528,0.37468780784192685,"2. Aléatoire (Fixe)","IPSL-CM5A  RCA4","IPSL-CM5A (Hiver humide/Été extrême)"
2068,"1. Étang de Tête",39.62838286312921,4.843538923169166,984.08736,9565329.1392,0.16811741682703693,0.14107795291879197,0.37723526678302377,"2. Aléatoire (Fixe)","IPSL-CM5A  RCA4","IPSL-CM5A (Hiver humide/Été extrême)"
2068,"2. Étang de Milieu",42.657137691175876,10.721364788946376,984.08736,9565329.1392,0.16811741682703693,0.14107795291879197,0.37723526678302377,"2. Aléatoire (Fixe)","IPSL-CM5A  RCA4","IPSL-CM5A (Hiver humide/Été extrême)"
2068,"3. Étang Exutoire",0,0,984.08736,9565329.1392,0.16811741682703693,0.14107795291879197,0.37723526678302377,"2. Aléatoire (Fixe)","IPSL-CM5A  RCA4","IPSL-CM5A (Hiver humide/Été extrême)"
2069,"1. Étang de Tête",74.76945370602523,15.355616870397018,1153.3968,11211016.896,0.04445886776594066,0.20005716803253482,0.3613772637639544,"2. Aléatoire (Fixe)","IPSL-CM5A  RCA4","IPSL-CM5A (Hiver humide/Été extrême)"
2069,"2. Étang de Milieu",69.79132027418382,20.81466786945485,1153.3968,11211016.896,0.04445886776594066,0.20005716803253482,0.3613772637639544,"2. Aléatoire (Fixe)","IPSL-CM5A  RCA4","IPSL-CM5A (Hiver humide/Été extrême)"
2069,"3. Étang Exutoire",100,43.1640879263363,1153.3968,11211016.896,0.04445886776594066,0.20005716803253482,0.3613772637639544,"2. Aléatoire (Fixe)","IPSL-CM5A  RCA4","IPSL-CM5A (Hiver humide/Été extrême)"
2070,"1. Étang de Tête",51.07865239689632,29.84116818792834,1046.5632,10172594.304000001,0.07694920639306436,0.19124009628958677,0.37054412304446194,"2. Aléatoire (Fixe)","IPSL-CM5A  RCA4","IPSL-CM5A (Hiver humide/Été extrême)"
2070,"2. Étang de Milieu",51.14536584400072,33.894398630662415,1046.5632,10172594.304000001,0.07694920639306436,0.19124009628958677,0.37054412304446194,"2. Aléatoire (Fixe)","IPSL-CM5A  RCA4","IPSL-CM5A (Hiver humide/Été extrême)"
2070,"3. Étang Exutoire",97.14545807405605,57.70422729745126,1046.5632,10172594.304000001,0.07694920639306436,0.19124009628958677,0.37054412304446194,"2. Aléatoire (Fixe)","IPSL-CM5A  RCA4","IPSL-CM5A (Hiver humide/Été extrême)"
2026,"1. Étang de Tête",86.77979458201855,34.39129729730906,756.5184,7353358.848,3.3604235167607584e-4,0.24690458027218723,0.35177853855994934,"2. Aléatoire (Fixe)","IPSL-CM5A  WRF381P","IPSL-CM5A (Humide)"
2026,"2. Étang de Milieu",78.52102768616425,36.55945817547534,756.5184,7353358.848,3.3604235167607584e-4,0.24690458027218723,0.35177853855994934,"2. Aléatoire (Fixe)","IPSL-CM5A  WRF381P","IPSL-CM5A (Humide)"
2026,"3. Étang Exutoire",91.39648444518699,45.5523593903996,756.5184,7353358.848,3.3604235167607584e-4,0.24690458027218723,0.35177853855994934,"2. Aléatoire (Fixe)","IPSL-CM5A  WRF381P","IPSL-CM5A (Humide)"
2027,"1. Étang de Tête",51.065145165646356,40.03665087788647,1085.10624,10547232.652800001,0.13399779459872338,0.1670002909105265,0.37288871287946984,"2. Aléatoire (Fixe)","IPSL-CM5A  WRF381P","IPSL-CM5A (Humide)"
2027,"2. Étang de Milieu",68.38456907679247,55.679256775564944,1085.10624,10547232.652800001,0.13399779459872338,0.1670002909105265,0.37288871287946984,"2. Aléatoire (Fixe)","IPSL-CM5A  WRF381P","IPSL-CM5A (Humide)"
2027,"3. Étang Exutoire",99.40427947478582,76.62616977908937,1085.10624,10547232.652800001,0.13399779459872338,0.1670002909105265,0.37288871287946984,"2. Aléatoire (Fixe)","IPSL-CM5A  WRF381P","IPSL-CM5A (Humide)"
2028,"1. Étang de Tête",45.13969456838392,24.698201326858324,977.63328,9502595.4816,0.11126992926994299,0.1806242415082537,0.3473327329494117,"2. Aléatoire (Fixe)","IPSL-CM5A  WRF381P","IPSL-CM5A (Humide)"
2028,"2. Étang de Milieu",59.03945044527756,43.7933756711248,977.63328,9502595.4816,0.11126992926994299,0.1806242415082537,0.3473327329494117,"2. Aléatoire (Fixe)","IPSL-CM5A  WRF381P","IPSL-CM5A (Humide)"
2028,"3. Étang Exutoire",99.16843702336054,78.64651116226626,977.63328,9502595.4816,0.11126992926994299,0.1806242415082537,0.3473327329494117,"2. Aléatoire (Fixe)","IPSL-CM5A  WRF381P","IPSL-CM5A (Humide)"
2029,"1. Étang de Tête",38.676835889596475,19.280764501545654,877.81536,8532365.2992,0.11078184132574789,0.1425024368131803,0.36764586270007665,"2. Aléatoire (Fixe)","IPSL-CM5A  WRF381P","IPSL-CM5A (Humide)"
2029,"2. Étang de Milieu",46.11596151103046,30.943018003282216,877.81536,8532365.2992,0.11078184132574789,0.1425024368131803,0.36764586270007665,"2. Aléatoire (Fixe)","IPSL-CM5A  WRF381P","IPSL-CM5A (Humide)"
2029,"3. Étang Exutoire",99.43865586492903,65.6165314890016,877.81536,8532365.2992,0.11078184132574789,0.1425024368131803,0.36764586270007665,"2. Aléatoire (Fixe)","IPSL-CM5A  WRF381P","IPSL-CM5A (Humide)"
2030,"1. Étang de Tête",76.15574903155833,39.822812891429145,1121.96448,10905494.7456,0.0715532268850488,0.1221132093605234,0.3679192898432985,"2. Aléatoire (Fixe)","IPSL-CM5A  WRF381P","IPSL-CM5A (Humide)"
2030,"2. Étang de Milieu",62.81942074455056,38.057685688139664,1121.96448,10905494.7456,0.0715532268850488,0.1221132093605234,0.3679192898432985,"2. Aléatoire (Fixe)","IPSL-CM5A  WRF381P","IPSL-CM5A (Humide)"
2030,"3. Étang Exutoire",97.86064196014112,59.85316790701688,1121.96448,10905494.7456,0.0715532268850488,0.1221132093605234,0.3679192898432985,"2. Aléatoire (Fixe)","IPSL-CM5A  WRF381P","IPSL-CM5A (Humide)"
2031,"1. Étang de Tête",61.882538732814844,85.0155886990487,1361.17152,13230587.1744,0.10535636582038815,0.0926431646598751,0.3796536449845365,"2. Aléatoire (Fixe)","IPSL-CM5A  WRF381P","IPSL-CM5A (Humide)"
2031,"2. Étang de Milieu",63.475163194019174,76.67156942223066,1361.17152,13230587.1744,0.10535636582038815,0.0926431646598751,0.3796536449845365,"2. Aléatoire (Fixe)","IPSL-CM5A  WRF381P","IPSL-CM5A (Humide)"
2031,"3. Étang Exutoire",0,0,1361.17152,13230587.1744,0.10535636582038815,0.0926431646598751,0.3796536449845365,"2. Aléatoire (Fixe)","IPSL-CM5A  WRF381P","IPSL-CM5A (Humide)"
2032,"1. Étang de Tête",35.79090015997736,19.85306597719791,1021.8096,9931989.311999999,0.24055263185485382,0.1552108284452749,0.3855400080440611,"2. Aléatoire (Fixe)","IPSL-CM5A  WRF381P","IPSL-CM5A (Humide)"
2032,"2. Étang de Milieu",62.988553764761605,41.31663897064748,1021.8096,9931989.311999999,0.24055263185485382,0.1552108284452749,0.3855400080440611,"2. Aléatoire (Fixe)","IPSL-CM5A  WRF381P","IPSL-CM5A (Humide)"
2032,"3. Étang Exutoire",98.6717381706462,64.54767524635395,1021.8096,9931989.311999999,0.24055263185485382,0.1552108284452749,0.3855400080440611,"2. Aléatoire (Fixe)","IPSL-CM5A  WRF381P","IPSL-CM5A (Humide)"
2033,"1. Étang de Tête",52.64720970564356,55.82678231754604,1157.7168,11253007.296,0.0841588852736395,0.11470598044370629,0.36304972090705584,"2. Aléatoire (Fixe)","IPSL-CM5A  WRF381P","IPSL-CM5A (Humide)"
2033,"2. Étang de Milieu",48.93601042104543,51.466499125062874,1157.7168,11253007.296,0.0841588852736395,0.11470598044370629,0.36304972090705584,"2. Aléatoire (Fixe)","IPSL-CM5A  WRF381P","IPSL-CM5A (Humide)"
2033,"3. Étang Exutoire",99.01538918188467,83.03996474953928,1157.7168,11253007.296,0.0841588852736395,0.11470598044370629,0.36304972090705584,"2. Aléatoire (Fixe)","IPSL-CM5A  WRF381P","IPSL-CM5A (Humide)"
2034,"1. Étang de Tête",59.51037786942618,62.27078033441891,1261.31904,12260021.0688,0.10902971573246005,0.11973134734348974,0.37174502689336186,"2. Aléatoire (Fixe)","IPSL-CM5A  WRF381P","IPSL-CM5A (Humide)"
2034,"2. Étang de Milieu",74.48914393905886,70.9698291756082,1261.31904,12260021.0688,0.10902971573246005,0.11973134734348974,0.37174502689336186,"2. Aléatoire (Fixe)","IPSL-CM5A  WRF381P","IPSL-CM5A (Humide)"
2034,"3. Étang Exutoire",99.7658663278617,88.93569277847408,1261.31904,12260021.0688,0.10902971573246005,0.11973134734348974,0.37174502689336186,"2. Aléatoire (Fixe)","IPSL-CM5A  WRF381P","IPSL-CM5A (Humide)"
2035,"1. Étang de Tête",57.683074324829,64.12725139002245,1182.27168,11491680.729600001,0.2191372295425167,0.10965079442736923,0.3956384995129665,"2. Aléatoire (Fixe)","IPSL-CM5A  WRF381P","IPSL-CM5A (Humide)"
2035,"2. Étang de Milieu",62.84417224313136,64.2703151441174,1182.27168,11491680.729600001,0.2191372295425167,0.10965079442736923,0.3956384995129665,"2. Aléatoire (Fixe)","IPSL-CM5A  WRF381P","IPSL-CM5A (Humide)"
2035,"3. Étang Exutoire",0,0,1182.27168,11491680.729600001,0.2191372295425167,0.10965079442736923,0.3956384995129665,"2. Aléatoire (Fixe)","IPSL-CM5A  WRF381P","IPSL-CM5A (Humide)"
2036,"1. Étang de Tête",52.64677088391062,1.6513375878908378,776.87424,7551217.6128,0.17834448927040147,0.2119968668507658,0.35457408527273915,"2. Aléatoire (Fixe)","IPSL-CM5A  WRF381P","IPSL-CM5A (Humide)"
2036,"2. Étang de Milieu",60.52514479451594,15.21048639342714,776.87424,7551217.6128,0.17834448927040147,0.2119968668507658,0.35457408527273915,"2. Aléatoire (Fixe)","IPSL-CM5A  WRF381P","IPSL-CM5A (Humide)"
2036,"3. Étang Exutoire",99.28352989491599,34.99124637344382,776.87424,7551217.6128,0.17834448927040147,0.2119968668507658,0.35457408527273915,"2. Aléatoire (Fixe)","IPSL-CM5A  WRF381P","IPSL-CM5A (Humide)"
2037,"1. Étang de Tête",42.017407449114096,48.26084252224818,1176.18048,11432474.2656,0.045513514152024225,0.1198190205396294,0.36048075855128237,"2. Aléatoire (Fixe)","IPSL-CM5A  WRF381P","IPSL-CM5A (Humide)"
2037,"2. Étang de Milieu",41.4617407201363,41.70238169814757,1176.18048,11432474.2656,0.045513514152024225,0.1198190205396294,0.36048075855128237,"2. Aléatoire (Fixe)","IPSL-CM5A  WRF381P","IPSL-CM5A (Humide)"
2037,"3. Étang Exutoire",99.98797380128308,82.41462273255036,1176.18048,11432474.2656,0.045513514152024225,0.1198190205396294,0.36048075855128237,"2. Aléatoire (Fixe)","IPSL-CM5A  WRF381P","IPSL-CM5A (Humide)"
2038,"1. Étang de Tête",51.62700900131497,32.87056085945705,1275.41088,12396993.7536,0.15650231355528516,0.1449276847146177,0.3865060175445163,"2. Aléatoire (Fixe)","IPSL-CM5A  WRF381P","IPSL-CM5A (Humide)"
2038,"2. Étang de Milieu",73.29613483217328,51.89977446569209,1275.41088,12396993.7536,0.15650231355528516,0.1449276847146177,0.3865060175445163,"2. Aléatoire (Fixe)","IPSL-CM5A  WRF381P","IPSL-CM5A (Humide)"
2038,"3. Étang Exutoire",95.18517113577902,67.637903660189,1275.41088,12396993.7536,0.15650231355528516,0.1449276847146177,0.3865060175445163,"2. Aléatoire (Fixe)","IPSL-CM5A  WRF381P","IPSL-CM5A (Humide)"
2039,"1. Étang de Tête",60.4013049137231,46.124459973776666,1175.50656,11425923.7632,0.1102135790935547,0.11949602813307342,0.3627336400020942,"2. Aléatoire (Fixe)","IPSL-CM5A  WRF381P","IPSL-CM5A (Humide)"
2039,"2. Étang de Milieu",57.118705079962396,47.68094393859935,1175.50656,11425923.7632,0.1102135790935547,0.11949602813307342,0.3627336400020942,"2. Aléatoire (Fixe)","IPSL-CM5A  WRF381P","IPSL-CM5A (Humide)"
2039,"3. Étang Exutoire",98.43390175165635,80.85557187997688,1175.50656,11425923.7632,0.1102135790935547,0.11949602813307342,0.3627336400020942,"2. Aléatoire (Fixe)","IPSL-CM5A  WRF381P","IPSL-CM5A (Humide)"
2040,"1. Étang de Tête",50.52187970670955,42.84632465289245,1002.21408,9741520.8576,0.14668579476903032,0.13968839746326359,0.3649907743069213,"2. Aléatoire (Fixe)","IPSL-CM5A  WRF381P","IPSL-CM5A (Humide)"
2040,"2. Étang de Milieu",56.26714630643578,43.27738175601475,1002.21408,9741520.8576,0.14668579476903032,0.13968839746326359,0.3649907743069213,"2. Aléatoire (Fixe)","IPSL-CM5A  WRF381P","IPSL-CM5A (Humide)"
2040,"3. Étang Exutoire",98.50138749413287,71.22639798416144,1002.21408,9741520.8576,0.14668579476903032,0.13968839746326359,0.3649907743069213,"2. Aléatoire (Fixe)","IPSL-CM5A  WRF381P","IPSL-CM5A (Humide)"
2041,"1. Étang de Tête",52.515746201306754,16.994539799959036,941.18112,9148280.486399999,0.12401063266194047,0.17351000947866194,0.37263721433465274,"2. Aléatoire (Fixe)","IPSL-CM5A  WRF381P","IPSL-CM5A (Humide)"
2041,"2. Étang de Milieu",57.60429110305351,29.13822714271925,941.18112,9148280.486399999,0.12401063266194047,0.17351000947866194,0.37263721433465274,"2. Aléatoire (Fixe)","IPSL-CM5A  WRF381P","IPSL-CM5A (Humide)"
2041,"3. Étang Exutoire",100,55.05392729366862,941.18112,9148280.486399999,0.12401063266194047,0.17351000947866194,0.37263721433465274,"2. Aléatoire (Fixe)","IPSL-CM5A  WRF381P","IPSL-CM5A (Humide)"
2042,"1. Étang de Tête",22.76914601852595,4.92358321719985,823.54752,8004881.8944,0.11997917106229958,0.13349392053039014,0.3521249739204919,"2. Aléatoire (Fixe)","IPSL-CM5A  WRF381P","IPSL-CM5A (Humide)"
2042,"2. Étang de Milieu",47.79914248778599,23.551220941534712,823.54752,8004881.8944,0.11997917106229958,0.13349392053039014,0.3521249739204919,"2. Aléatoire (Fixe)","IPSL-CM5A  WRF381P","IPSL-CM5A (Humide)"
2042,"3. Étang Exutoire",0,0,823.54752,8004881.8944,0.11997917106229958,0.13349392053039014,0.3521249739204919,"2. Aléatoire (Fixe)","IPSL-CM5A  WRF381P","IPSL-CM5A (Humide)"
2043,"1. Étang de Tête",36.49296735400873,60.27885302729307,1140.3072,11083785.984000001,0.03344119263305645,0.11114263966856847,0.36476896893114724,"2. Aléatoire (Fixe)","IPSL-CM5A  WRF381P","IPSL-CM5A (Humide)"
2043,"2. Étang de Milieu",44.55637524345799,64.10067355531747,1140.3072,11083785.984000001,0.03344119263305645,0.11114263966856847,0.36476896893114724,"2. Aléatoire (Fixe)","IPSL-CM5A  WRF381P","IPSL-CM5A (Humide)"
2043,"3. Étang Exutoire",99.34571791734756,97.97199403976576,1140.3072,11083785.984000001,0.03344119263305645,0.11114263966856847,0.36476896893114724,"2. Aléatoire (Fixe)","IPSL-CM5A  WRF381P","IPSL-CM5A (Humide)"
2044,"1. Étang de Tête",69.62287303057096,48.75390608277223,1264.56768,12291597.8496,0.1462457046070407,0.12291318382506893,0.38032807792128137,"2. Aléatoire (Fixe)","IPSL-CM5A  WRF381P","IPSL-CM5A (Humide)"
2044,"2. Étang de Milieu",65.64891479412712,48.834916178716014,1264.56768,12291597.8496,0.1462457046070407,0.12291318382506893,0.38032807792128137,"2. Aléatoire (Fixe)","IPSL-CM5A  WRF381P","IPSL-CM5A (Humide)"
2044,"3. Étang Exutoire",99.93599041110537,70.9486156371926,1264.56768,12291597.8496,0.1462457046070407,0.12291318382506893,0.38032807792128137,"2. Aléatoire (Fixe)","IPSL-CM5A  WRF381P","IPSL-CM5A (Humide)"
2045,"1. Étang de Tête",73.99029760801707,18.93498126918218,1144.10016,11120653.5552,0.17972263912826295,0.14968540340098568,0.37908637677797047,"2. Aléatoire (Fixe)","IPSL-CM5A  WRF381P","IPSL-CM5A (Humide)"
2045,"2. Étang de Milieu",61.904374143176426,22.819295935880298,1144.10016,11120653.5552,0.17972263912826295,0.14968540340098568,0.37908637677797047,"2. Aléatoire (Fixe)","IPSL-CM5A  WRF381P","IPSL-CM5A (Humide)"
2045,"3. Étang Exutoire",100,46.89873413050179,1144.10016,11120653.5552,0.17972263912826295,0.14968540340098568,0.37908637677797047,"2. Aléatoire (Fixe)","IPSL-CM5A  WRF381P","IPSL-CM5A (Humide)"
2046,"1. Étang de Tête",57.51012709846944,54.42324226560761,1335.96864,12985615.1808,0.09459798550390092,0.11600715211348968,0.37627154159957493,"2. Aléatoire (Fixe)","IPSL-CM5A  WRF381P","IPSL-CM5A (Humide)"
2046,"2. Étang de Milieu",69.86401050347911,74.75627765303815,1335.96864,12985615.1808,0.09459798550390092,0.11600715211348968,0.37627154159957493,"2. Aléatoire (Fixe)","IPSL-CM5A  WRF381P","IPSL-CM5A (Humide)"
2046,"3. Étang Exutoire",100,86.55418313629399,1335.96864,12985615.1808,0.09459798550390092,0.11600715211348968,0.37627154159957493,"2. Aléatoire (Fixe)","IPSL-CM5A  WRF381P","IPSL-CM5A (Humide)"
2047,"1. Étang de Tête",62.639272887143704,70.8894258880351,1391.10912,13521580.6464,0.2035063462302002,0.0866631101449105,0.38817774915529885,"2. Aléatoire (Fixe)","IPSL-CM5A  WRF381P","IPSL-CM5A (Humide)"
2047,"2. Étang de Milieu",60.09697027753383,65.72179580941658,1391.10912,13521580.6464,0.2035063462302002,0.0866631101449105,0.38817774915529885,"2. Aléatoire (Fixe)","IPSL-CM5A  WRF381P","IPSL-CM5A (Humide)"
2047,"3. Étang Exutoire",99.12241504019461,96.69820537835022,1391.10912,13521580.6464,0.2035063462302002,0.0866631101449105,0.38817774915529885,"2. Aléatoire (Fixe)","IPSL-CM5A  WRF381P","IPSL-CM5A (Humide)"
2048,"1. Étang de Tête",46.76409722237442,24.422845163069805,1217.15136,11830711.2192,0.17453869605627673,0.10922636291742184,0.3765959001848721,"2. Aléatoire (Fixe)","IPSL-CM5A  WRF381P","IPSL-CM5A (Humide)"
2048,"2. Étang de Milieu",62.29872748059646,44.09072425930279,1217.15136,11830711.2192,0.17453869605627673,0.10922636291742184,0.3765959001848721,"2. Aléatoire (Fixe)","IPSL-CM5A  WRF381P","IPSL-CM5A (Humide)"
2048,"3. Étang Exutoire",0,0,1217.15136,11830711.2192,0.17453869605627673,0.10922636291742184,0.3765959001848721,"2. Aléatoire (Fixe)","IPSL-CM5A  WRF381P","IPSL-CM5A (Humide)"
2049,"1. Étang de Tête",58.156420449097496,74.58020910894444,1318.67136,12817485.6192,0.1396007337169988,0.10066142686376577,0.38619545274805583,"2. Aléatoire (Fixe)","IPSL-CM5A  WRF381P","IPSL-CM5A (Humide)"
2049,"2. Étang de Milieu",60.786505227372245,73.35464943006801,1318.67136,12817485.6192,0.1396007337169988,0.10066142686376577,0.38619545274805583,"2. Aléatoire (Fixe)","IPSL-CM5A  WRF381P","IPSL-CM5A (Humide)"
2049,"3. Étang Exutoire",99.54691935371525,98.0377079071453,1318.67136,12817485.6192,0.1396007337169988,0.10066142686376577,0.38619545274805583,"2. Aléatoire (Fixe)","IPSL-CM5A  WRF381P","IPSL-CM5A (Humide)"
2050,"1. Étang de Tête",81.22808466012599,80.15256918261655,1585.19808,15408125.337599998,0.1903295188867161,0.08823182260194178,0.39056036569621044,"2. Aléatoire (Fixe)","IPSL-CM5A  WRF381P","IPSL-CM5A (Humide)"
2050,"2. Étang de Milieu",80.41868227815986,78.62421061157882,1585.19808,15408125.337599998,0.1903295188867161,0.08823182260194178,0.39056036569621044,"2. Aléatoire (Fixe)","IPSL-CM5A  WRF381P","IPSL-CM5A (Humide)"
2050,"3. Étang Exutoire",100,89.76658688859315,1585.19808,15408125.337599998,0.1903295188867161,0.08823182260194178,0.39056036569621044,"2. Aléatoire (Fixe)","IPSL-CM5A  WRF381P","IPSL-CM5A (Humide)"
2051,"1. Étang de Tête",67.59636740084821,46.02289488461852,1250.66592,12156472.7424,0.1832476442694321,0.14295652504815165,0.37987143965315984,"2. Aléatoire (Fixe)","IPSL-CM5A  WRF381P","IPSL-CM5A (Humide)"
2051,"2. Étang de Milieu",64.03725481980581,50.335881816429016,1250.66592,12156472.7424,0.1832476442694321,0.14295652504815165,0.37987143965315984,"2. Aléatoire (Fixe)","IPSL-CM5A  WRF381P","IPSL-CM5A (Humide)"
2051,"3. Étang Exutoire",93.40119169464816,69.98751114070723,1250.66592,12156472.7424,0.1832476442694321,0.14295652504815165,0.37987143965315984,"2. Aléatoire (Fixe)","IPSL-CM5A  WRF381P","IPSL-CM5A (Humide)"
2052,"1. Étang de Tête",54.60769364194943,50.54517216919168,1309.96224,12732832.972800002,0.17604513043667902,0.10495457104946025,0.39299084953596136,"2. Aléatoire (Fixe)","IPSL-CM5A  WRF381P","IPSL-CM5A (Humide)"
2052,"2. Étang de Milieu",77.47065829577144,70.34961511843507,1309.96224,12732832.972800002,0.17604513043667902,0.10495457104946025,0.39299084953596136,"2. Aléatoire (Fixe)","IPSL-CM5A  WRF381P","IPSL-CM5A (Humide)"
2052,"3. Étang Exutoire",99.71702627376237,84.04058282359885,1309.96224,12732832.972800002,0.17604513043667902,0.10495457104946025,0.39299084953596136,"2. Aléatoire (Fixe)","IPSL-CM5A  WRF381P","IPSL-CM5A (Humide)"
2053,"1. Étang de Tête",70.05739973760875,26.044292034829468,994.43808,9665938.137600001,0.18344572705126597,0.17887040897371106,0.37757791951656183,"2. Aléatoire (Fixe)","IPSL-CM5A  WRF381P","IPSL-CM5A (Humide)"
2053,"2. Étang de Milieu",68.19007503480746,32.70600004526974,994.43808,9665938.137600001,0.18344572705126597,0.17887040897371106,0.37757791951656183,"2. Aléatoire (Fixe)","IPSL-CM5A  WRF381P","IPSL-CM5A (Humide)"
2053,"3. Étang Exutoire",99.892104676918,51.80481556506925,994.43808,9665938.137600001,0.18344572705126597,0.17887040897371106,0.37757791951656183,"2. Aléatoire (Fixe)","IPSL-CM5A  WRF381P","IPSL-CM5A (Humide)"
2054,"1. Étang de Tête",66.38522736735652,29.98261979181945,1115.61408,10843768.8576,0.09512016946725771,0.12275802934639846,0.3672354348277339,"2. Aléatoire (Fixe)","IPSL-CM5A  WRF381P","IPSL-CM5A (Humide)"
2054,"2. Étang de Milieu",67.3888330243143,40.22243722776591,1115.61408,10843768.8576,0.09512016946725771,0.12275802934639846,0.3672354348277339,"2. Aléatoire (Fixe)","IPSL-CM5A  WRF381P","IPSL-CM5A (Humide)"
2054,"3. Étang Exutoire",99.72612630210465,57.32686667382202,1115.61408,10843768.8576,0.09512016946725771,0.12275802934639846,0.3672354348277339,"2. Aléatoire (Fixe)","IPSL-CM5A  WRF381P","IPSL-CM5A (Humide)"
2055,"1. Étang de Tête",58.16913832886929,26.09662249578578,1070.6515200000001,10406732.774400001,0.09626547556414843,0.16673526812662526,0.36645223693500334,"2. Aléatoire (Fixe)","IPSL-CM5A  WRF381P","IPSL-CM5A (Humide)"
2055,"2. Étang de Milieu",71.65812803960615,44.490553890310146,1070.6515200000001,10406732.774400001,0.09626547556414843,0.16673526812662526,0.36645223693500334,"2. Aléatoire (Fixe)","IPSL-CM5A  WRF381P","IPSL-CM5A (Humide)"
2055,"3. Étang Exutoire",0,0,1070.6515200000001,10406732.774400001,0.09626547556414843,0.16673526812662526,0.36645223693500334,"2. Aléatoire (Fixe)","IPSL-CM5A  WRF381P","IPSL-CM5A (Humide)"
2056,"1. Étang de Tête",60.106632511290506,21.071473626318063,1394.6256,13555760.832,0.10835016060819869,0.12869138335945993,0.3802665516506493,"2. Aléatoire (Fixe)","IPSL-CM5A  WRF381P","IPSL-CM5A (Humide)"
2056,"2. Étang de Milieu",74.24174912093875,36.879142892206076,1394.6256,13555760.832,0.10835016060819869,0.12869138335945993,0.3802665516506493,"2. Aléatoire (Fixe)","IPSL-CM5A  WRF381P","IPSL-CM5A (Humide)"
2056,"3. Étang Exutoire",97.96054483699406,49.28798980650485,1394.6256,13555760.832,0.10835016060819869,0.12869138335945993,0.3802665516506493,"2. Aléatoire (Fixe)","IPSL-CM5A  WRF381P","IPSL-CM5A (Humide)"
2057,"1. Étang de Tête",78.3464467440864,51.291088397322596,1362.06144,13239237.1968,0.17606703644727384,0.125067689509769,0.38504047276540315,"2. Aléatoire (Fixe)","IPSL-CM5A  WRF381P","IPSL-CM5A (Humide)"
2057,"2. Étang de Milieu",76.06229395393052,54.92861711904593,1362.06144,13239237.1968,0.17606703644727384,0.125067689509769,0.38504047276540315,"2. Aléatoire (Fixe)","IPSL-CM5A  WRF381P","IPSL-CM5A (Humide)"
2057,"3. Étang Exutoire",99.7785042547093,71.05922851044055,1362.06144,13239237.1968,0.17606703644727384,0.125067689509769,0.38504047276540315,"2. Aléatoire (Fixe)","IPSL-CM5A  WRF381P","IPSL-CM5A (Humide)"
2058,"1. Étang de Tête",63.50212465147125,27.784440202178036,1201.89312,11682401.1264,0.15710240044626894,0.11258124568057515,0.3787107076865378,"2. Aléatoire (Fixe)","IPSL-CM5A  WRF381P","IPSL-CM5A (Humide)"
2058,"2. Étang de Milieu",58.00349111040192,33.970738641220976,1201.89312,11682401.1264,0.15710240044626894,0.11258124568057515,0.3787107076865378,"2. Aléatoire (Fixe)","IPSL-CM5A  WRF381P","IPSL-CM5A (Humide)"
2058,"3. Étang Exutoire",99.64387546135217,63.20939073713569,1201.89312,11682401.1264,0.15710240044626894,0.11258124568057515,0.3787107076865378,"2. Aléatoire (Fixe)","IPSL-CM5A  WRF381P","IPSL-CM5A (Humide)"
2059,"1. Étang de Tête",85.37195421955752,32.90791523063274,1109.808,10787333.76,0.147711008990723,0.18430387391347627,0.38748582707306634,"2. Aléatoire (Fixe)","IPSL-CM5A  WRF381P","IPSL-CM5A (Humide)"
2059,"2. Étang de Milieu",79.69040259487694,39.32408853178084,1109.808,10787333.76,0.147711008990723,0.18430387391347627,0.38748582707306634,"2. Aléatoire (Fixe)","IPSL-CM5A  WRF381P","IPSL-CM5A (Humide)"
2059,"3. Étang Exutoire",99.16268917563787,48.331525749879624,1109.808,10787333.76,0.147711008990723,0.18430387391347627,0.38748582707306634,"2. Aléatoire (Fixe)","IPSL-CM5A  WRF381P","IPSL-CM5A (Humide)"
2060,"1. Étang de Tête",38.366514766195245,50.70562106187582,1285.0704,12490884.288,0.11819176240121246,0.10487226613159688,0.3724330617294471,"2. Aléatoire (Fixe)","IPSL-CM5A  WRF381P","IPSL-CM5A (Humide)"
2060,"2. Étang de Milieu",59.088001203878015,67.95852244878952,1285.0704,12490884.288,0.11819176240121246,0.10487226613159688,0.3724330617294471,"2. Aléatoire (Fixe)","IPSL-CM5A  WRF381P","IPSL-CM5A (Humide)"
2060,"3. Étang Exutoire",99.76026860420929,93.93206699017814,1285.0704,12490884.288,0.11819176240121246,0.10487226613159688,0.3724330617294471,"2. Aléatoire (Fixe)","IPSL-CM5A  WRF381P","IPSL-CM5A (Humide)"
2061,"1. Étang de Tête",61.06927226522196,34.9822925127839,1215.15552,11811311.654400002,0.19774676505404876,0.1025437997306219,0.3911533896546163,"2. Aléatoire (Fixe)","IPSL-CM5A  WRF381P","IPSL-CM5A (Humide)"
2061,"2. Étang de Milieu",61.031878525215475,37.17144426840028,1215.15552,11811311.654400002,0.19774676505404876,0.1025437997306219,0.3911533896546163,"2. Aléatoire (Fixe)","IPSL-CM5A  WRF381P","IPSL-CM5A (Humide)"
2061,"3. Étang Exutoire",0,0,1215.15552,11811311.654400002,0.19774676505404876,0.1025437997306219,0.3911533896546163,"2. Aléatoire (Fixe)","IPSL-CM5A  WRF381P","IPSL-CM5A (Humide)"
2062,"1. Étang de Tête",59.417440682260434,42.32038167742909,1210.54176,11766465.9072,0.0618005179436584,0.1381720545864996,0.36349481235316083,"2. Aléatoire (Fixe)","IPSL-CM5A  WRF381P","IPSL-CM5A (Humide)"
2062,"2. Étang de Milieu",73.8839407100041,59.242832852822296,1210.54176,11766465.9072,0.0618005179436584,0.1381720545864996,0.36349481235316083,"2. Aléatoire (Fixe)","IPSL-CM5A  WRF381P","IPSL-CM5A (Humide)"
2062,"3. Étang Exutoire",99.74459920779536,73.40184218671918,1210.54176,11766465.9072,0.0618005179436584,0.1381720545864996,0.36349481235316083,"2. Aléatoire (Fixe)","IPSL-CM5A  WRF381P","IPSL-CM5A (Humide)"
2063,"1. Étang de Tête",70.95191675233737,59.585744610065724,1287.0576,12510199.872000001,0.13761974823698123,0.14056445517485575,0.3692517185259124,"2. Aléatoire (Fixe)","IPSL-CM5A  WRF381P","IPSL-CM5A (Humide)"
2063,"2. Étang de Milieu",63.02901648091608,56.429878944532696,1287.0576,12510199.872000001,0.13761974823698123,0.14056445517485575,0.3692517185259124,"2. Aléatoire (Fixe)","IPSL-CM5A  WRF381P","IPSL-CM5A (Humide)"
2063,"3. Étang Exutoire",96.96345810275184,79.88208323786785,1287.0576,12510199.872000001,0.13761974823698123,0.14056445517485575,0.3692517185259124,"2. Aléatoire (Fixe)","IPSL-CM5A  WRF381P","IPSL-CM5A (Humide)"
2064,"1. Étang de Tête",72.35229099600596,48.31115310809245,1232.0208,11975242.176,0.1920840335267808,0.12009503953689367,0.37937950969082546,"2. Aléatoire (Fixe)","IPSL-CM5A  WRF381P","IPSL-CM5A (Humide)"
2064,"2. Étang de Milieu",67.02130300519734,50.808132255048754,1232.0208,11975242.176,0.1920840335267808,0.12009503953689367,0.37937950969082546,"2. Aléatoire (Fixe)","IPSL-CM5A  WRF381P","IPSL-CM5A (Humide)"
2064,"3. Étang Exutoire",100,79.42386783974634,1232.0208,11975242.176,0.1920840335267808,0.12009503953689367,0.37937950969082546,"2. Aléatoire (Fixe)","IPSL-CM5A  WRF381P","IPSL-CM5A (Humide)"
2065,"1. Étang de Tête",54.84720552554002,63.09946016319844,1378.52928,13399304.6016,0.16604387821470293,0.09038468539003743,0.3888015279648254,"2. Aléatoire (Fixe)","IPSL-CM5A  WRF381P","IPSL-CM5A (Humide)"
2065,"2. Étang de Milieu",56.70509562653602,60.162695159673646,1378.52928,13399304.6016,0.16604387821470293,0.09038468539003743,0.3888015279648254,"2. Aléatoire (Fixe)","IPSL-CM5A  WRF381P","IPSL-CM5A (Humide)"
2065,"3. Étang Exutoire",100,96.5682256947579,1378.52928,13399304.6016,0.16604387821470293,0.09038468539003743,0.3888015279648254,"2. Aléatoire (Fixe)","IPSL-CM5A  WRF381P","IPSL-CM5A (Humide)"
2066,"1. Étang de Tête",69.67457566047173,51.46991309958633,1542.18816,14990068.915199999,0.20837969468442272,0.09615287832339635,0.3991922772336605,"2. Aléatoire (Fixe)","IPSL-CM5A  WRF381P","IPSL-CM5A (Humide)"
2066,"2. Étang de Milieu",85.49125155893199,67.42957493170293,1542.18816,14990068.915199999,0.20837969468442272,0.09615287832339635,0.3991922772336605,"2. Aléatoire (Fixe)","IPSL-CM5A  WRF381P","IPSL-CM5A (Humide)"
2066,"3. Étang Exutoire",99.4742884855313,74.51515010965214,1542.18816,14990068.915199999,0.20837969468442272,0.09615287832339635,0.3991922772336605,"2. Aléatoire (Fixe)","IPSL-CM5A  WRF381P","IPSL-CM5A (Humide)"
2067,"1. Étang de Tête",47.16836568970125,48.922491561083625,1022.69088,9940555.3536,0.14887622023178473,0.16426098223594482,0.366440200839885,"2. Aléatoire (Fixe)","IPSL-CM5A  WRF381P","IPSL-CM5A (Humide)"
2067,"2. Étang de Milieu",59.85667171139035,58.921100958054254,1022.69088,9940555.3536,0.14887622023178473,0.16426098223594482,0.366440200839885,"2. Aléatoire (Fixe)","IPSL-CM5A  WRF381P","IPSL-CM5A (Humide)"
2067,"3. Étang Exutoire",98.4446863676661,78.77219611511622,1022.69088,9940555.3536,0.14887622023178473,0.16426098223594482,0.366440200839885,"2. Aléatoire (Fixe)","IPSL-CM5A  WRF381P","IPSL-CM5A (Humide)"
2068,"1. Étang de Tête",50.439706298500106,28.925920005329623,1368.91296,13305833.9712,0.18086576191173329,0.09454364327402026,0.3896728493071877,"2. Aléatoire (Fixe)","IPSL-CM5A  WRF381P","IPSL-CM5A (Humide)"
2068,"2. Étang de Milieu",50.29051265978083,28.769236697905963,1368.91296,13305833.9712,0.18086576191173329,0.09454364327402026,0.3896728493071877,"2. Aléatoire (Fixe)","IPSL-CM5A  WRF381P","IPSL-CM5A (Humide)"
2068,"3. Étang Exutoire",0,0,1368.91296,13305833.9712,0.18086576191173329,0.09454364327402026,0.3896728493071877,"2. Aléatoire (Fixe)","IPSL-CM5A  WRF381P","IPSL-CM5A (Humide)"
2069,"1. Étang de Tête",69.3994596375214,68.14109506556363,1296.55296,12602494.7712,0.056717918220795326,0.14439094390402712,0.3588657838587616,"2. Aléatoire (Fixe)","IPSL-CM5A  WRF381P","IPSL-CM5A (Humide)"
2069,"2. Étang de Milieu",64.97776532106627,67.32350443776741,1296.55296,12602494.7712,0.056717918220795326,0.14439094390402712,0.3588657838587616,"2. Aléatoire (Fixe)","IPSL-CM5A  WRF381P","IPSL-CM5A (Humide)"
2069,"3. Étang Exutoire",100,97.26197001009812,1296.55296,12602494.7712,0.056717918220795326,0.14439094390402712,0.3588657838587616,"2. Aléatoire (Fixe)","IPSL-CM5A  WRF381P","IPSL-CM5A (Humide)"
2070,"1. Étang de Tête",51.98130885695427,70.95819204887779,1369.99296,13316331.571200002,0.14680512719345531,0.10732959608655221,0.38001393913389464,"2. Aléatoire (Fixe)","IPSL-CM5A  WRF381P","IPSL-CM5A (Humide)"
2070,"2. Étang de Milieu",57.24134695734117,64.49241873909727,1369.99296,13316331.571200002,0.14680512719345531,0.10732959608655221,0.38001393913389464,"2. Aléatoire (Fixe)","IPSL-CM5A  WRF381P","IPSL-CM5A (Humide)"
2070,"3. Étang Exutoire",99.20527203278073,82.31182856757819,1369.99296,13316331.571200002,0.14680512719345531,0.10732959608655221,0.38001393913389464,"2. Aléatoire (Fixe)","IPSL-CM5A  WRF381P","IPSL-CM5A (Humide)"
2026,"1. Étang de Tête",76.56364420730904,71.57150597546806,741.93408,7211599.2576,0.001823431183275841,0.24747374727900354,0.3570042532776808,"2. Aléatoire (Fixe)","MPI-ESM  REMO2009","MPI-ESM (Intermédiaire)"
2026,"2. Étang de Milieu",70.91239260305719,67.5481921203813,741.93408,7211599.2576,0.001823431183275841,0.24747374727900354,0.3570042532776808,"2. Aléatoire (Fixe)","MPI-ESM  REMO2009","MPI-ESM (Intermédiaire)"
2026,"3. Étang Exutoire",72.59546044666307,84.71832763804362,741.93408,7211599.2576,0.001823431183275841,0.24747374727900354,0.3570042532776808,"2. Aléatoire (Fixe)","MPI-ESM  REMO2009","MPI-ESM (Intermédiaire)"
2027,"1. Étang de Tête",75.43574983852407,15.117271603526925,883.94976,8591991.6672,0.16283577506996902,0.23765258418297125,0.3726011894249894,"2. Aléatoire (Fixe)","MPI-ESM  REMO2009","MPI-ESM (Intermédiaire)"
2027,"2. Étang de Milieu",79.01561037300738,28.681562499312534,883.94976,8591991.6672,0.16283577506996902,0.23765258418297125,0.3726011894249894,"2. Aléatoire (Fixe)","MPI-ESM  REMO2009","MPI-ESM (Intermédiaire)"
2027,"3. Étang Exutoire",99.45245867172984,39.180968392726385,883.94976,8591991.6672,0.16283577506996902,0.23765258418297125,0.3726011894249894,"2. Aléatoire (Fixe)","MPI-ESM  REMO2009","MPI-ESM (Intermédiaire)"
2028,"1. Étang de Tête",15.843767942799603,8.447898492709614,977.78016,9504023.1552,0.07390344669901208,0.178795426295136,0.33336395312017564,"2. Aléatoire (Fixe)","MPI-ESM  REMO2009","MPI-ESM (Intermédiaire)"
2028,"2. Étang de Milieu",34.96618474185919,26.29173862625374,977.78016,9504023.1552,0.07390344669901208,0.178795426295136,0.33336395312017564,"2. Aléatoire (Fixe)","MPI-ESM  REMO2009","MPI-ESM (Intermédiaire)"
2028,"3. Étang Exutoire",98.1733725172645,75.3375849136251,977.78016,9504023.1552,0.07390344669901208,0.178795426295136,0.33336395312017564,"2. Aléatoire (Fixe)","MPI-ESM  REMO2009","MPI-ESM (Intermédiaire)"
2029,"1. Étang de Tête",34.17239616707192,9.615123109525383,879.6470400000001,8550169.2288,0.08907888763688654,0.15125632908581993,0.3647955567739081,"2. Aléatoire (Fixe)","MPI-ESM  REMO2009","MPI-ESM (Intermédiaire)"
2029,"2. Étang de Milieu",38.298863135881675,20.696349464253352,879.6470400000001,8550169.2288,0.08907888763688654,0.15125632908581993,0.3647955567739081,"2. Aléatoire (Fixe)","MPI-ESM  REMO2009","MPI-ESM (Intermédiaire)"
2029,"3. Étang Exutoire",98.40359895548502,60.31400883068163,879.6470400000001,8550169.2288,0.08907888763688654,0.15125632908581993,0.3647955567739081,"2. Aléatoire (Fixe)","MPI-ESM  REMO2009","MPI-ESM (Intermédiaire)"
2030,"1. Étang de Tête",54.897267361343374,41.11889782994195,1079.6112,10493820.864000002,0.07096767900016394,0.13961312311702648,0.37315054980453227,"2. Aléatoire (Fixe)","MPI-ESM  REMO2009","MPI-ESM (Intermédiaire)"
2030,"2. Étang de Milieu",56.57229108711439,41.5449002886975,1079.6112,10493820.864000002,0.07096767900016394,0.13961312311702648,0.37315054980453227,"2. Aléatoire (Fixe)","MPI-ESM  REMO2009","MPI-ESM (Intermédiaire)"
2030,"3. Étang Exutoire",100,67.84035897202911,1079.6112,10493820.864000002,0.07096767900016394,0.13961312311702648,0.37315054980453227,"2. Aléatoire (Fixe)","MPI-ESM  REMO2009","MPI-ESM (Intermédiaire)"
2031,"1. Étang de Tête",37.452658736172566,17.86046025558001,934.416,9082523.520000001,0.09590980858663883,0.1890132243122307,0.3636217131020027,"2. Aléatoire (Fixe)","MPI-ESM  REMO2009","MPI-ESM (Intermédiaire)"
2031,"2. Étang de Milieu",51.95453092504451,33.014715449023406,934.416,9082523.520000001,0.09590980858663883,0.1890132243122307,0.3636217131020027,"2. Aléatoire (Fixe)","MPI-ESM  REMO2009","MPI-ESM (Intermédiaire)"
2031,"3. Étang Exutoire",0,0,934.416,9082523.520000001,0.09590980858663883,0.1890132243122307,0.3636217131020027,"2. Aléatoire (Fixe)","MPI-ESM  REMO2009","MPI-ESM (Intermédiaire)"
2032,"1. Étang de Tête",21.139454979894047,9.257965666297409,1027.65888,9988844.3136,0.10577155353755407,0.14667411006293707,0.35518213836324486,"2. Aléatoire (Fixe)","MPI-ESM  REMO2009","MPI-ESM (Intermédiaire)"
2032,"2. Étang de Milieu",43.77981513709912,29.22933442377943,1027.65888,9988844.3136,0.10577155353755407,0.14667411006293707,0.35518213836324486,"2. Aléatoire (Fixe)","MPI-ESM  REMO2009","MPI-ESM (Intermédiaire)"
2032,"3. Étang Exutoire",95.91217613183082,67.7367707461387,1027.65888,9988844.3136,0.10577155353755407,0.14667411006293707,0.35518213836324486,"2. Aléatoire (Fixe)","MPI-ESM  REMO2009","MPI-ESM (Intermédiaire)"
2033,"1. Étang de Tête",67.86565577001636,74.88952419868593,1267.8768,12323762.496,0.11135439780448399,0.08996959054702736,0.3864624630507593,"2. Aléatoire (Fixe)","MPI-ESM  REMO2009","MPI-ESM (Intermédiaire)"
2033,"2. Étang de Milieu",58.844162380629335,65.491713299251,1267.8768,12323762.496,0.11135439780448399,0.08996959054702736,0.3864624630507593,"2. Aléatoire (Fixe)","MPI-ESM  REMO2009","MPI-ESM (Intermédiaire)"
2033,"3. Étang Exutoire",100,93.7944300113121,1267.8768,12323762.496,0.11135439780448399,0.08996959054702736,0.3864624630507593,"2. Aléatoire (Fixe)","MPI-ESM  REMO2009","MPI-ESM (Intermédiaire)"
2034,"1. Étang de Tête",80.78898244750846,41.850885955758535,1187.60256,11543496.8832,0.1628353312070219,0.15378089398406253,0.3840016640239363,"2. Aléatoire (Fixe)","MPI-ESM  REMO2009","MPI-ESM (Intermédiaire)"
2034,"2. Étang de Milieu",82.56102909885101,48.98556462213478,1187.60256,11543496.8832,0.1628353312070219,0.15378089398406253,0.3840016640239363,"2. Aléatoire (Fixe)","MPI-ESM  REMO2009","MPI-ESM (Intermédiaire)"
2034,"3. Étang Exutoire",99.58271841639085,54.7113666411479,1187.60256,11543496.8832,0.1628353312070219,0.15378089398406253,0.3840016640239363,"2. Aléatoire (Fixe)","MPI-ESM  REMO2009","MPI-ESM (Intermédiaire)"
2035,"1. Étang de Tête",55.701368677614944,65.96925949868888,1170.53856,11377634.803199999,0.1629625776228463,0.1264190754668339,0.3891983366012561,"2. Aléatoire (Fixe)","MPI-ESM  REMO2009","MPI-ESM (Intermédiaire)"
2035,"2. Étang de Milieu",61.50622121461619,65.17862984586014,1170.53856,11377634.803199999,0.1629625776228463,0.1264190754668339,0.3891983366012561,"2. Aléatoire (Fixe)","MPI-ESM  REMO2009","MPI-ESM (Intermédiaire)"
2035,"3. Étang Exutoire",0,0,1170.53856,11377634.803199999,0.1629625776228463,0.1264190754668339,0.3891983366012561,"2. Aléatoire (Fixe)","MPI-ESM  REMO2009","MPI-ESM (Intermédiaire)"
2036,"1. Étang de Tête",0.9177044963494628,0,542.16864,5269879.1808,0.17863083247147513,0.2145744924471261,0.3155125487235203,"2. Aléatoire (Fixe)","MPI-ESM  REMO2009","MPI-ESM (Intermédiaire)"
2036,"2. Étang de Milieu",27.780154572808648,7.753165427940975,542.16864,5269879.1808,0.17863083247147513,0.2145744924471261,0.3155125487235203,"2. Aléatoire (Fixe)","MPI-ESM  REMO2009","MPI-ESM (Intermédiaire)"
2036,"3. Étang Exutoire",96.93374528339311,41.63076573978379,542.16864,5269879.1808,0.17863083247147513,0.2145744924471261,0.3155125487235203,"2. Aléatoire (Fixe)","MPI-ESM  REMO2009","MPI-ESM (Intermédiaire)"
2037,"1. Étang de Tête",8.483708352601695,7.776637233241881,923.79744,8979311.1168,0.01900909854437877,0.14901601631273045,0.3338049264930244,"2. Aléatoire (Fixe)","MPI-ESM  REMO2009","MPI-ESM (Intermédiaire)"
2037,"2. Étang de Milieu",19.436557423906624,17.978269553697338,923.79744,8979311.1168,0.01900909854437877,0.14901601631273045,0.3338049264930244,"2. Aléatoire (Fixe)","MPI-ESM  REMO2009","MPI-ESM (Intermédiaire)"
2037,"3. Étang Exutoire",97.64242566298488,97.84253061560496,923.79744,8979311.1168,0.01900909854437877,0.14901601631273045,0.3338049264930244,"2. Aléatoire (Fixe)","MPI-ESM  REMO2009","MPI-ESM (Intermédiaire)"
2038,"1. Étang de Tête",26.382989079403394,7.79652741618413,877.8672,8532869.184,0.14638112032316053,0.17936119606321976,0.38410366185923756,"2. Aléatoire (Fixe)","MPI-ESM  REMO2009","MPI-ESM (Intermédiaire)"
2038,"2. Étang de Milieu",46.15282203502682,19.37065087756494,877.8672,8532869.184,0.14638112032316053,0.17936119606321976,0.38410366185923756,"2. Aléatoire (Fixe)","MPI-ESM  REMO2009","MPI-ESM (Intermédiaire)"
2038,"3. Étang Exutoire",97.60905758424259,45.77312173284017,877.8672,8532869.184,0.14638112032316053,0.17936119606321976,0.38410366185923756,"2. Aléatoire (Fixe)","MPI-ESM  REMO2009","MPI-ESM (Intermédiaire)"
2039,"1. Étang de Tête",65.36212497980675,38.89372077355002,1157.30208,11248976.2176,0.11409214472337781,0.1234000784919053,0.3970434667573198,"2. Aléatoire (Fixe)","MPI-ESM  REMO2009","MPI-ESM (Intermédiaire)"
2039,"2. Étang de Milieu",62.14560302122415,43.56222088677329,1157.30208,11248976.2176,0.11409214472337781,0.1234000784919053,0.3970434667573198,"2. Aléatoire (Fixe)","MPI-ESM  REMO2009","MPI-ESM (Intermédiaire)"
2039,"3. Étang Exutoire",99.79142001639036,58.57506963927004,1157.30208,11248976.2176,0.11409214472337781,0.1234000784919053,0.3970434667573198,"2. Aléatoire (Fixe)","MPI-ESM  REMO2009","MPI-ESM (Intermédiaire)"
2040,"1. Étang de Tête",39.802258156410815,1.0575926851889708,697.032,6775151.040000001,0.1363949377536071,0.22462635687846821,0.34759024561959107,"2. Aléatoire (Fixe)","MPI-ESM  REMO2009","MPI-ESM (Intermédiaire)"
2040,"2. Étang de Milieu",51.731640233279514,11.872229750766024,697.032,6775151.040000001,0.1363949377536071,0.22462635687846821,0.34759024561959107,"2. Aléatoire (Fixe)","MPI-ESM  REMO2009","MPI-ESM (Intermédiaire)"
2040,"3. Étang Exutoire",98.70698170720908,34.06599465283922,697.032,6775151.040000001,0.1363949377536071,0.22462635687846821,0.34759024561959107,"2. Aléatoire (Fixe)","MPI-ESM  REMO2009","MPI-ESM (Intermédiaire)"
2041,"1. Étang de Tête",54.03627198228193,28.718604015321652,935.24544,9090585.6768,0.05294957192331277,0.16061667864799678,0.3678822512513255,"2. Aléatoire (Fixe)","MPI-ESM  REMO2009","MPI-ESM (Intermédiaire)"
2041,"2. Étang de Milieu",51.197404996502215,31.981767169642303,935.24544,9090585.6768,0.05294957192331277,0.16061667864799678,0.3678822512513255,"2. Aléatoire (Fixe)","MPI-ESM  REMO2009","MPI-ESM (Intermédiaire)"
2041,"3. Étang Exutoire",100,66.1210776386692,935.24544,9090585.6768,0.05294957192331277,0.16061667864799678,0.3678822512513255,"2. Aléatoire (Fixe)","MPI-ESM  REMO2009","MPI-ESM (Intermédiaire)"
2042,"1. Étang de Tête",21.47815570502197,1.7683644074741782,969.2352,9420966.144,0.0517472487388001,0.14466797222624764,0.34076620981651173,"2. Aléatoire (Fixe)","MPI-ESM  REMO2009","MPI-ESM (Intermédiaire)"
2042,"2. Étang de Milieu",48.995275886788825,24.810187313050257,969.2352,9420966.144,0.0517472487388001,0.14466797222624764,0.34076620981651173,"2. Aléatoire (Fixe)","MPI-ESM  REMO2009","MPI-ESM (Intermédiaire)"
2042,"3. Étang Exutoire",0,0,969.2352,9420966.144,0.0517472487388001,0.14466797222624764,0.34076620981651173,"2. Aléatoire (Fixe)","MPI-ESM  REMO2009","MPI-ESM (Intermédiaire)"
2043,"1. Étang de Tête",69.26073532797696,36.94072143465418,1260.63648,12253386.5856,0.12147240343609489,0.12394953803864345,0.4047698932514275,"2. Aléatoire (Fixe)","MPI-ESM  REMO2009","MPI-ESM (Intermédiaire)"
2043,"2. Étang de Milieu",84.73243320386878,51.23610922059919,1260.63648,12253386.5856,0.12147240343609489,0.12394953803864345,0.4047698932514275,"2. Aléatoire (Fixe)","MPI-ESM  REMO2009","MPI-ESM (Intermédiaire)"
2043,"3. Étang Exutoire",100,53.96059728793746,1260.63648,12253386.5856,0.12147240343609489,0.12394953803864345,0.4047698932514275,"2. Aléatoire (Fixe)","MPI-ESM  REMO2009","MPI-ESM (Intermédiaire)"
2044,"1. Étang de Tête",49.84098414815872,23.49724725180419,1020.30624,9917376.6528,0.16585341388948976,0.18801048215019603,0.3816691053327666,"2. Aléatoire (Fixe)","MPI-ESM  REMO2009","MPI-ESM (Intermédiaire)"
2044,"2. Étang de Milieu",54.309374550050265,30.66489427080866,1020.30624,9917376.6528,0.16585341388948976,0.18801048215019603,0.3816691053327666,"2. Aléatoire (Fixe)","MPI-ESM  REMO2009","MPI-ESM (Intermédiaire)"
2044,"3. Étang Exutoire",100,47.2703580144628,1020.30624,9917376.6528,0.16585341388948976,0.18801048215019603,0.3816691053327666,"2. Aléatoire (Fixe)","MPI-ESM  REMO2009","MPI-ESM (Intermédiaire)"
2045,"1. Étang de Tête",35.22127447778831,11.434664740928696,1041.56064,10123969.4208,0.11413059338188636,0.14724967161274075,0.3514078984896139,"2. Aléatoire (Fixe)","MPI-ESM  REMO2009","MPI-ESM (Intermédiaire)"
2045,"2. Étang de Milieu",40.08962991660519,22.507853189325207,1041.56064,10123969.4208,0.11413059338188636,0.14724967161274075,0.3514078984896139,"2. Aléatoire (Fixe)","MPI-ESM  REMO2009","MPI-ESM (Intermédiaire)"
2045,"3. Étang Exutoire",98.956964903313,63.436453597549466,1041.56064,10123969.4208,0.11413059338188636,0.14724967161274075,0.3514078984896139,"2. Aléatoire (Fixe)","MPI-ESM  REMO2009","MPI-ESM (Intermédiaire)"
2046,"1. Étang de Tête",65.68820136551581,45.85815712263003,1293.26112,12570498.086399999,0.09836369084217855,0.13100549676655232,0.38442292103631864,"2. Aléatoire (Fixe)","MPI-ESM  REMO2009","MPI-ESM (Intermédiaire)"
2046,"2. Étang de Milieu",84.35725580811574,64.09301114840166,1293.26112,12570498.086399999,0.09836369084217855,0.13100549676655232,0.38442292103631864,"2. Aléatoire (Fixe)","MPI-ESM  REMO2009","MPI-ESM (Intermédiaire)"
2046,"3. Étang Exutoire",100,71.81686012407563,1293.26112,12570498.086399999,0.09836369084217855,0.13100549676655232,0.38442292103631864,"2. Aléatoire (Fixe)","MPI-ESM  REMO2009","MPI-ESM (Intermédiaire)"
2047,"1. Étang de Tête",44.612756117618936,8.693579564538286,822.13056,7991109.043199999,0.20676537995339805,0.1752107600931726,0.36532984138845215,"2. Aléatoire (Fixe)","MPI-ESM  REMO2009","MPI-ESM (Intermédiaire)"
2047,"2. Étang de Milieu",53.178759952216396,24.672787618088492,822.13056,7991109.043199999,0.20676537995339805,0.1752107600931726,0.36532984138845215,"2. Aléatoire (Fixe)","MPI-ESM  REMO2009","MPI-ESM (Intermédiaire)"
2047,"3. Étang Exutoire",99.0328145305877,54.147850841212666,822.13056,7991109.043199999,0.20676537995339805,0.1752107600931726,0.36532984138845215,"2. Aléatoire (Fixe)","MPI-ESM  REMO2009","MPI-ESM (Intermédiaire)"
2048,"1. Étang de Tête",33.07601456342646,16.04093066290399,866.1168,8418655.296,0.09415932338744698,0.1378938354465555,0.3562032781878254,"2. Aléatoire (Fixe)","MPI-ESM  REMO2009","MPI-ESM (Intermédiaire)"
2048,"2. Étang de Milieu",43.39394023022191,30.310350800115454,866.1168,8418655.296,0.09415932338744698,0.1378938354465555,0.3562032781878254,"2. Aléatoire (Fixe)","MPI-ESM  REMO2009","MPI-ESM (Intermédiaire)"
2048,"3. Étang Exutoire",0,0,866.1168,8418655.296,0.09415932338744698,0.1378938354465555,0.3562032781878254,"2. Aléatoire (Fixe)","MPI-ESM  REMO2009","MPI-ESM (Intermédiaire)"
2049,"1. Étang de Tête",17.272059384675522,0.45808097548468785,747.00576,7260895.9872,0.041721098799606414,0.18673602011380497,0.33100550274811574,"2. Aléatoire (Fixe)","MPI-ESM  REMO2009","MPI-ESM (Intermédiaire)"
2049,"2. Étang de Milieu",32.8194368893467,7.747574406167976,747.00576,7260895.9872,0.041721098799606414,0.18673602011380497,0.33100550274811574,"2. Aléatoire (Fixe)","MPI-ESM  REMO2009","MPI-ESM (Intermédiaire)"
2049,"3. Étang Exutoire",93.95657900689015,33.23582821823,747.00576,7260895.9872,0.041721098799606414,0.18673602011380497,0.33100550274811574,"2. Aléatoire (Fixe)","MPI-ESM  REMO2009","MPI-ESM (Intermédiaire)"
2050,"1. Étang de Tête",80.06571423858917,64.86732858469487,1513.46016,14710832.755200002,0.10281163910052485,0.09105660613783102,0.3893972497620076,"2. Aléatoire (Fixe)","MPI-ESM  REMO2009","MPI-ESM (Intermédiaire)"
2050,"2. Étang de Milieu",77.58284577669703,65.29739613743499,1513.46016,14710832.755200002,0.10281163910052485,0.09105660613783102,0.3893972497620076,"2. Aléatoire (Fixe)","MPI-ESM  REMO2009","MPI-ESM (Intermédiaire)"
2050,"3. Étang Exutoire",100,75.01385670044436,1513.46016,14710832.755200002,0.10281163910052485,0.09105660613783102,0.3893972497620076,"2. Aléatoire (Fixe)","MPI-ESM  REMO2009","MPI-ESM (Intermédiaire)"
2051,"1. Étang de Tête",67.22679403534421,44.63178477470737,1061.35488,10316369.433600001,0.18817814354893012,0.16064498678246217,0.38407843376131906,"2. Aléatoire (Fixe)","MPI-ESM  REMO2009","MPI-ESM (Intermédiaire)"
2051,"2. Étang de Milieu",66.08547777722563,46.76033798236561,1061.35488,10316369.433600001,0.18817814354893012,0.16064498678246217,0.38407843376131906,"2. Aléatoire (Fixe)","MPI-ESM  REMO2009","MPI-ESM (Intermédiaire)"
2051,"3. Étang Exutoire",99.35589545847887,69.10075018909842,1061.35488,10316369.433600001,0.18817814354893012,0.16064498678246217,0.38407843376131906,"2. Aléatoire (Fixe)","MPI-ESM  REMO2009","MPI-ESM (Intermédiaire)"
2052,"1. Étang de Tête",53.01019701609208,51.611593909635566,1443.81312,14033863.5264,0.16243260182274455,0.08953229436106985,0.385913907212931,"2. Aléatoire (Fixe)","MPI-ESM  REMO2009","MPI-ESM (Intermédiaire)"
2052,"2. Étang de Milieu",73.706101272336,72.1720661318185,1443.81312,14033863.5264,0.16243260182274455,0.08953229436106985,0.385913907212931,"2. Aléatoire (Fixe)","MPI-ESM  REMO2009","MPI-ESM (Intermédiaire)"
2052,"3. Étang Exutoire",99.7389011592475,85.87589510188522,1443.81312,14033863.5264,0.16243260182274455,0.08953229436106985,0.385913907212931,"2. Aléatoire (Fixe)","MPI-ESM  REMO2009","MPI-ESM (Intermédiaire)"
2053,"1. Étang de Tête",27.50571598757033,0,681.08256,6620122.483199999,0.22186851567424098,0.24357327834065884,0.35616318879801867,"2. Aléatoire (Fixe)","MPI-ESM  REMO2009","MPI-ESM (Intermédiaire)"
2053,"2. Étang de Milieu",48.511561428159695,14.197921586984645,681.08256,6620122.483199999,0.22186851567424098,0.24357327834065884,0.35616318879801867,"2. Aléatoire (Fixe)","MPI-ESM  REMO2009","MPI-ESM (Intermédiaire)"
2053,"3. Étang Exutoire",99.6978897634568,35.857542790374204,681.08256,6620122.483199999,0.22186851567424098,0.24357327834065884,0.35616318879801867,"2. Aléatoire (Fixe)","MPI-ESM  REMO2009","MPI-ESM (Intermédiaire)"
2054,"1. Étang de Tête",69.68490628716798,45.07273856941534,1324.27872,12871989.1584,0.0859555767616673,0.1051915476760176,0.38026152072236036,"2. Aléatoire (Fixe)","MPI-ESM  REMO2009","MPI-ESM (Intermédiaire)"
2054,"2. Étang de Milieu",65.43861320726408,43.99217025990283,1324.27872,12871989.1584,0.0859555767616673,0.1051915476760176,0.38026152072236036,"2. Aléatoire (Fixe)","MPI-ESM  REMO2009","MPI-ESM (Intermédiaire)"
2054,"3. Étang Exutoire",99.61505115885012,61.061111856858005,1324.27872,12871989.1584,0.0859555767616673,0.1051915476760176,0.38026152072236036,"2. Aléatoire (Fixe)","MPI-ESM  REMO2009","MPI-ESM (Intermédiaire)"
2055,"1. Étang de Tête",67.71247237447436,18.109641179335938,958.42656,9315906.1632,0.10761571166002826,0.2102292558528759,0.37707786741380916,"2. Aléatoire (Fixe)","MPI-ESM  REMO2009","MPI-ESM (Intermédiaire)"
2055,"2. Étang de Milieu",80.70438205381959,36.81546528901756,958.42656,9315906.1632,0.10761571166002826,0.2102292558528759,0.37707786741380916,"2. Aléatoire (Fixe)","MPI-ESM  REMO2009","MPI-ESM (Intermédiaire)"
2055,"3. Étang Exutoire",0,0,958.42656,9315906.1632,0.10761571166002826,0.2102292558528759,0.37707786741380916,"2. Aléatoire (Fixe)","MPI-ESM  REMO2009","MPI-ESM (Intermédiaire)"
2056,"1. Étang de Tête",66.78558060543169,41.77778472301083,1492.35264,14505667.660799999,0.13279881615421454,0.11306588772813633,0.3834914161026867,"2. Aléatoire (Fixe)","MPI-ESM  REMO2009","MPI-ESM (Intermédiaire)"
2056,"2. Étang de Milieu",81.246454899547,54.283205726548516,1492.35264,14505667.660799999,0.13279881615421454,0.11306588772813633,0.3834914161026867,"2. Aléatoire (Fixe)","MPI-ESM  REMO2009","MPI-ESM (Intermédiaire)"
2056,"3. Étang Exutoire",99.7801406042093,63.87865026347869,1492.35264,14505667.660799999,0.13279881615421454,0.11306588772813633,0.3834914161026867,"2. Aléatoire (Fixe)","MPI-ESM  REMO2009","MPI-ESM (Intermédiaire)"
2057,"1. Étang de Tête",63.46335638900019,27.50683480086173,969.69312,9425417.126400001,0.20940712739636605,0.178244972901703,0.37459696071174464,"2. Aléatoire (Fixe)","MPI-ESM  REMO2009","MPI-ESM (Intermédiaire)"
2057,"2. Étang de Milieu",59.162153845967524,31.475717285703617,969.69312,9425417.126400001,0.20940712739636605,0.178244972901703,0.37459696071174464,"2. Aléatoire (Fixe)","MPI-ESM  REMO2009","MPI-ESM (Intermédiaire)"
2057,"3. Étang Exutoire",98.36737461827124,62.47862003531749,969.69312,9425417.126400001,0.20940712739636605,0.178244972901703,0.37459696071174464,"2. Aléatoire (Fixe)","MPI-ESM  REMO2009","MPI-ESM (Intermédiaire)"
2058,"1. Étang de Tête",33.78335037041055,16.349296381534533,875.34432,8508346.7904,0.06688480103526456,0.16672409146641445,0.35741060906049743,"2. Aléatoire (Fixe)","MPI-ESM  REMO2009","MPI-ESM (Intermédiaire)"
2058,"2. Étang de Milieu",39.737577580726494,25.20694607090524,875.34432,8508346.7904,0.06688480103526456,0.16672409146641445,0.35741060906049743,"2. Aléatoire (Fixe)","MPI-ESM  REMO2009","MPI-ESM (Intermédiaire)"
2058,"3. Étang Exutoire",98.67287343316306,66.2147436154076,875.34432,8508346.7904,0.06688480103526456,0.16672409146641445,0.35741060906049743,"2. Aléatoire (Fixe)","MPI-ESM  REMO2009","MPI-ESM (Intermédiaire)"
2059,"1. Étang de Tête",67.47552368772708,4.612415354935745,991.17216,9634193.3952,0.07641502673527201,0.21986959271963444,0.35927616274464497,"2. Aléatoire (Fixe)","MPI-ESM  REMO2009","MPI-ESM (Intermédiaire)"
2059,"2. Étang de Milieu",68.98169369416941,17.908391778203864,991.17216,9634193.3952,0.07641502673527201,0.21986959271963444,0.35927616274464497,"2. Aléatoire (Fixe)","MPI-ESM  REMO2009","MPI-ESM (Intermédiaire)"
2059,"3. Étang Exutoire",99.43832856447325,32.8555456947527,991.17216,9634193.3952,0.07641502673527201,0.21986959271963444,0.35927616274464497,"2. Aléatoire (Fixe)","MPI-ESM  REMO2009","MPI-ESM (Intermédiaire)"
2060,"1. Étang de Tête",58.14255848585611,18.1488060226645,947.23776,9207151.0272,0.09454401091387991,0.2080369849276794,0.38796777337199045,"2. Aléatoire (Fixe)","MPI-ESM  REMO2009","MPI-ESM (Intermédiaire)"
2060,"2. Étang de Milieu",68.56972419059237,33.84916440331127,947.23776,9207151.0272,0.09454401091387991,0.2080369849276794,0.38796777337199045,"2. Aléatoire (Fixe)","MPI-ESM  REMO2009","MPI-ESM (Intermédiaire)"
2060,"3. Étang Exutoire",99.07261073268238,47.17550258567218,947.23776,9207151.0272,0.09454401091387991,0.2080369849276794,0.38796777337199045,"2. Aléatoire (Fixe)","MPI-ESM  REMO2009","MPI-ESM (Intermédiaire)"
2061,"1. Étang de Tête",42.16163048676329,22.94785659941574,1026.53568,9977926.8096,0.10665415293601371,0.12641090148096557,0.37278567705000637,"2. Aléatoire (Fixe)","MPI-ESM  REMO2009","MPI-ESM (Intermédiaire)"
2061,"2. Étang de Milieu",47.03585436678646,28.04253664321778,1026.53568,9977926.8096,0.10665415293601371,0.12641090148096557,0.37278567705000637,"2. Aléatoire (Fixe)","MPI-ESM  REMO2009","MPI-ESM (Intermédiaire)"
2061,"3. Étang Exutoire",0,0,1026.53568,9977926.8096,0.10665415293601371,0.12641090148096557,0.37278567705000637,"2. Aléatoire (Fixe)","MPI-ESM  REMO2009","MPI-ESM (Intermédiaire)"
2062,"1. Étang de Tête",68.77716157396672,42.975539450176996,1090.24704,10597201.228799999,0.0375204636624966,0.1559800093473346,0.36159756720338676,"2. Aléatoire (Fixe)","MPI-ESM  REMO2009","MPI-ESM (Intermédiaire)"
2062,"2. Étang de Milieu",76.39004700123047,53.40071774844002,1090.24704,10597201.228799999,0.0375204636624966,0.1559800093473346,0.36159756720338676,"2. Aléatoire (Fixe)","MPI-ESM  REMO2009","MPI-ESM (Intermédiaire)"
2062,"3. Étang Exutoire",99.05212577984716,69.11548574074436,1090.24704,10597201.228799999,0.0375204636624966,0.1559800093473346,0.36159756720338676,"2. Aléatoire (Fixe)","MPI-ESM  REMO2009","MPI-ESM (Intermédiaire)"
2063,"1. Étang de Tête",85.21760107795654,66.92181845855146,1179.32544,11463043.276800001,0.12511757943486418,0.16851590777272465,0.3663596139177982,"2. Aléatoire (Fixe)","MPI-ESM  REMO2009","MPI-ESM (Intermédiaire)"
2063,"2. Étang de Milieu",73.27413410630237,60.16651705399019,1179.32544,11463043.276800001,0.12511757943486418,0.16851590777272465,0.3663596139177982,"2. Aléatoire (Fixe)","MPI-ESM  REMO2009","MPI-ESM (Intermédiaire)"
2063,"3. Étang Exutoire",100,77.98128007538033,1179.32544,11463043.276800001,0.12511757943486418,0.16851590777272465,0.3663596139177982,"2. Aléatoire (Fixe)","MPI-ESM  REMO2009","MPI-ESM (Intermédiaire)"
2064,"1. Étang de Tête",58.63646774126311,13.565391281634607,907.74432,8823274.7904,0.16439554449825722,0.2059345452616876,0.3706890937806988,"2. Aléatoire (Fixe)","MPI-ESM  REMO2009","MPI-ESM (Intermédiaire)"
2064,"2. Étang de Milieu",56.80894113776524,22.515245141601273,907.74432,8823274.7904,0.16439554449825722,0.2059345452616876,0.3706890937806988,"2. Aléatoire (Fixe)","MPI-ESM  REMO2009","MPI-ESM (Intermédiaire)"
2064,"3. Étang Exutoire",96.93571254241816,40.599236436109074,907.74432,8823274.7904,0.16439554449825722,0.2059345452616876,0.3706890937806988,"2. Aléatoire (Fixe)","MPI-ESM  REMO2009","MPI-ESM (Intermédiaire)"
2065,"1. Étang de Tête",57.9912828688823,42.09495911948814,1143.42624,11114103.0528,0.09028075540923189,0.13599054702345123,0.3842628736003329,"2. Aléatoire (Fixe)","MPI-ESM  REMO2009","MPI-ESM (Intermédiaire)"
2065,"2. Étang de Milieu",53.33681519607483,42.05133996277874,1143.42624,11114103.0528,0.09028075540923189,0.13599054702345123,0.3842628736003329,"2. Aléatoire (Fixe)","MPI-ESM  REMO2009","MPI-ESM (Intermédiaire)"
2065,"3. Étang Exutoire",99.03696816390361,70.36083413589881,1143.42624,11114103.0528,0.09028075540923189,0.13599054702345123,0.3842628736003329,"2. Aléatoire (Fixe)","MPI-ESM  REMO2009","MPI-ESM (Intermédiaire)"
2066,"1. Étang de Tête",35.211245546076825,8.595330045500518,824.02272,8009500.838400001,0.09536429774145976,0.19639922163661452,0.35004113290164585,"2. Aléatoire (Fixe)","MPI-ESM  REMO2009","MPI-ESM (Intermédiaire)"
2066,"2. Étang de Milieu",59.59086153262686,31.55089390903811,824.02272,8009500.838400001,0.09536429774145976,0.19639922163661452,0.35004113290164585,"2. Aléatoire (Fixe)","MPI-ESM  REMO2009","MPI-ESM (Intermédiaire)"
2066,"3. Étang Exutoire",100,56.6776149946433,824.02272,8009500.838400001,0.09536429774145976,0.19639922163661452,0.35004113290164585,"2. Aléatoire (Fixe)","MPI-ESM  REMO2009","MPI-ESM (Intermédiaire)"
2067,"1. Étang de Tête",25.958908903241994,3.8722739348013615,822.54528,7995140.1216,0.04877140273651672,0.21623904139768219,0.3424227528269839,"2. Aléatoire (Fixe)","MPI-ESM  REMO2009","MPI-ESM (Intermédiaire)"
2067,"2. Étang de Milieu",41.97550067973214,23.48698552206296,822.54528,7995140.1216,0.04877140273651672,0.21623904139768219,0.3424227528269839,"2. Aléatoire (Fixe)","MPI-ESM  REMO2009","MPI-ESM (Intermédiaire)"
2067,"3. Étang Exutoire",99.3554833828722,62.883219389189904,822.54528,7995140.1216,0.04877140273651672,0.21623904139768219,0.3424227528269839,"2. Aléatoire (Fixe)","MPI-ESM  REMO2009","MPI-ESM (Intermédiaire)"
2068,"1. Étang de Tête",36.79173625900583,26.116915242271286,1037.34432,10082986.7904,0.07436326219924945,0.10792054024424579,0.36238982290970034,"2. Aléatoire (Fixe)","MPI-ESM  REMO2009","MPI-ESM (Intermédiaire)"
2068,"2. Étang de Milieu",38.40973491937538,30.78288865774366,1037.34432,10082986.7904,0.07436326219924945,0.10792054024424579,0.36238982290970034,"2. Aléatoire (Fixe)","MPI-ESM  REMO2009","MPI-ESM (Intermédiaire)"
2068,"3. Étang Exutoire",0,0,1037.34432,10082986.7904,0.07436326219924945,0.10792054024424579,0.36238982290970034,"2. Aléatoire (Fixe)","MPI-ESM  REMO2009","MPI-ESM (Intermédiaire)"
2069,"1. Étang de Tête",74.2124789500838,43.34280375418356,1222.05024,11878328.3328,0.09715439249874776,0.16543735637924495,0.381248305455325,"2. Aléatoire (Fixe)","MPI-ESM  REMO2009","MPI-ESM (Intermédiaire)"
2069,"2. Étang de Milieu",69.43045637366093,46.42680052794852,1222.05024,11878328.3328,0.09715439249874776,0.16543735637924495,0.381248305455325,"2. Aléatoire (Fixe)","MPI-ESM  REMO2009","MPI-ESM (Intermédiaire)"
2069,"3. Étang Exutoire",100,56.4564989809194,1222.05024,11878328.3328,0.09715439249874776,0.16543735637924495,0.381248305455325,"2. Aléatoire (Fixe)","MPI-ESM  REMO2009","MPI-ESM (Intermédiaire)"
2070,"1. Étang de Tête",65.6851131480146,11.34414416100092,979.46496,9520399.4112,0.11095617239834855,0.20621530211784223,0.36269536480593945,"2. Aléatoire (Fixe)","MPI-ESM  REMO2009","MPI-ESM (Intermédiaire)"
2070,"2. Étang de Milieu",65.93868646485252,24.011374327721906,979.46496,9520399.4112,0.11095617239834855,0.20621530211784223,0.36269536480593945,"2. Aléatoire (Fixe)","MPI-ESM  REMO2009","MPI-ESM (Intermédiaire)"
2070,"3. Étang Exutoire",100,37.774393447270526,979.46496,9520399.4112,0.11095617239834855,0.20621530211784223,0.36269536480593945,"2. Aléatoire (Fixe)","MPI-ESM  REMO2009","MPI-ESM (Intermédiaire)"
2026,"1. Étang de Tête",95.17463533389399,78.87207748670018,982.67904,9551640.2688,0.06958060875590384,0.19025233762504318,0.38560864183272353,"3. Aléatoire (Variable)","CNRM-CM5  ALADIN63","CNRM-CM5 (Modéré)"
2026,"2. Étang de Milieu",87.14832030390322,82.9114778400016,982.67904,9551640.2688,0.06958060875590384,0.19025233762504318,0.38560864183272353,"3. Aléatoire (Variable)","CNRM-CM5  ALADIN63","CNRM-CM5 (Modéré)"
2026,"3. Étang Exutoire",100,81.13235952006771,982.67904,9551640.2688,0.06958060875590384,0.19025233762504318,0.38560864183272353,"3. Aléatoire (Variable)","CNRM-CM5  ALADIN63","CNRM-CM5 (Modéré)"
2027,"1. Étang de Tête",21.08562933857707,0,965.68416,9386450.0352,0.14743905386623876,0.1956399783930232,0.33315602531691285,"3. Aléatoire (Variable)","CNRM-CM5  ALADIN63","CNRM-CM5 (Modéré)"
2027,"2. Étang de Milieu",47.35062959210472,17.120585960078095,965.68416,9386450.0352,0.14743905386623876,0.1956399783930232,0.33315602531691285,"3. Aléatoire (Variable)","CNRM-CM5  ALADIN63","CNRM-CM5 (Modéré)"
2027,"3. Étang Exutoire",96.20518349138905,48.59171351373668,965.68416,9386450.0352,0.14743905386623876,0.1956399783930232,0.33315602531691285,"3. Aléatoire (Variable)","CNRM-CM5  ALADIN63","CNRM-CM5 (Modéré)"
2028,"1. Étang de Tête",45.38387083826108,47.488921736917476,1124.6515200000001,10931612.774400001,0.06431351120451105,0.16002628121333654,0.3646149723519125,"3. Aléatoire (Variable)","CNRM-CM5  ALADIN63","CNRM-CM5 (Modéré)"
2028,"2. Étang de Milieu",64.15641014163815,61.32862843269569,1124.6515200000001,10931612.774400001,0.06431351120451105,0.16002628121333654,0.3646149723519125,"3. Aléatoire (Variable)","CNRM-CM5  ALADIN63","CNRM-CM5 (Modéré)"
2028,"3. Étang Exutoire",97.54640189378027,85.42402861897858,1124.6515200000001,10931612.774400001,0.06431351120451105,0.16002628121333654,0.3646149723519125,"3. Aléatoire (Variable)","CNRM-CM5  ALADIN63","CNRM-CM5 (Modéré)"
2029,"1. Étang de Tête",24.629575639774668,10.507876014016533,966.384,9393252.48,0.1600765747929307,0.13390633885593792,0.3631180222740614,"3. Aléatoire (Variable)","CNRM-CM5  ALADIN63","CNRM-CM5 (Modéré)"
2029,"2. Étang de Milieu",54.073168641121164,37.644197729214504,966.384,9393252.48,0.1600765747929307,0.13390633885593792,0.3631180222740614,"3. Aléatoire (Variable)","CNRM-CM5  ALADIN63","CNRM-CM5 (Modéré)"
2029,"3. Étang Exutoire",99.45961978214555,71.20582413311475,966.384,9393252.48,0.1600765747929307,0.13390633885593792,0.3631180222740614,"3. Aléatoire (Variable)","CNRM-CM5  ALADIN63","CNRM-CM5 (Modéré)"
2030,"1. Étang de Tête",66.9085033983052,42.63721289779193,1098.99936,10682273.7792,0.11402850161645435,0.12119668317838647,0.37613521256290017,"3. Aléatoire (Variable)","CNRM-CM5  ALADIN63","CNRM-CM5 (Modéré)"
2030,"2. Étang de Milieu",58.56569144479667,42.011138785015625,1098.99936,10682273.7792,0.11402850161645435,0.12119668317838647,0.37613521256290017,"3. Aléatoire (Variable)","CNRM-CM5  ALADIN63","CNRM-CM5 (Modéré)"
2030,"3. Étang Exutoire",99.51501152691358,74.65147996657845,1098.99936,10682273.7792,0.11402850161645435,0.12119668317838647,0.37613521256290017,"3. Aléatoire (Variable)","CNRM-CM5  ALADIN63","CNRM-CM5 (Modéré)"
2031,"1. Étang de Tête",68.4004048881812,69.96864561301705,1544.7456,15014927.231999999,0.12485822823733266,0.09565409800502565,0.3810491611767434,"3. Aléatoire (Variable)","CNRM-CM5  ALADIN63","CNRM-CM5 (Modéré)"
2031,"2. Étang de Milieu",72.85551526983049,70.15086110012766,1544.7456,15014927.231999999,0.12485822823733266,0.09565409800502565,0.3810491611767434,"3. Aléatoire (Variable)","CNRM-CM5  ALADIN63","CNRM-CM5 (Modéré)"
2031,"3. Étang Exutoire",0,0,1544.7456,15014927.231999999,0.12485822823733266,0.09565409800502565,0.3810491611767434,"3. Aléatoire (Variable)","CNRM-CM5  ALADIN63","CNRM-CM5 (Modéré)"
2032,"1. Étang de Tête",30.134084768952814,25.13015493233537,954.77184,9280382.2848,0.2193499310156408,0.1571399883967339,0.3756280247980946,"3. Aléatoire (Variable)","CNRM-CM5  ALADIN63","CNRM-CM5 (Modéré)"
2032,"2. Étang de Milieu",59.70365515964913,48.61280442125375,954.77184,9280382.2848,0.2193499310156408,0.1571399883967339,0.3756280247980946,"3. Aléatoire (Variable)","CNRM-CM5  ALADIN63","CNRM-CM5 (Modéré)"
2032,"3. Étang Exutoire",99.6306355446518,76.44919973707326,954.77184,9280382.2848,0.2193499310156408,0.1571399883967339,0.3756280247980946,"3. Aléatoire (Variable)","CNRM-CM5  ALADIN63","CNRM-CM5 (Modéré)"
2033,"1. Étang de Tête",38.616787933900085,33.65183697335373,1207.01664,11732201.7408,0.08717652261952369,0.11656711868096738,0.3571308688176148,"3. Aléatoire (Variable)","CNRM-CM5  ALADIN63","CNRM-CM5 (Modéré)"
2033,"2. Étang de Milieu",56.06815524615509,45.15988257644528,1207.01664,11732201.7408,0.08717652261952369,0.11656711868096738,0.3571308688176148,"3. Aléatoire (Variable)","CNRM-CM5  ALADIN63","CNRM-CM5 (Modéré)"
2033,"3. Étang Exutoire",100,72.02599170071937,1207.01664,11732201.7408,0.08717652261952369,0.11656711868096738,0.3571308688176148,"3. Aléatoire (Variable)","CNRM-CM5  ALADIN63","CNRM-CM5 (Modéré)"
2034,"1. Étang de Tête",49.07327521297591,9.402074715205098,1036.42848,10074084.8256,0.15684995964817272,0.18338900688153725,0.377484713166577,"3. Aléatoire (Variable)","CNRM-CM5  ALADIN63","CNRM-CM5 (Modéré)"
2034,"2. Étang de Milieu",67.33887799793587,31.981678254768855,1036.42848,10074084.8256,0.15684995964817272,0.18338900688153725,0.377484713166577,"3. Aléatoire (Variable)","CNRM-CM5  ALADIN63","CNRM-CM5 (Modéré)"
2034,"3. Étang Exutoire",94.49741210522721,44.49220289008184,1036.42848,10074084.8256,0.15684995964817272,0.18338900688153725,0.377484713166577,"3. Aléatoire (Variable)","CNRM-CM5  ALADIN63","CNRM-CM5 (Modéré)"
2035,"1. Étang de Tête",68.98885152182046,56.06885811104404,1441.52352,14011608.6144,0.10734021717355663,0.10659112430391816,0.37917616683713007,"3. Aléatoire (Variable)","CNRM-CM5  ALADIN63","CNRM-CM5 (Modéré)"
2035,"2. Étang de Milieu",72.30608612233651,63.803648520645105,1441.52352,14011608.6144,0.10734021717355663,0.10659112430391816,0.37917616683713007,"3. Aléatoire (Variable)","CNRM-CM5  ALADIN63","CNRM-CM5 (Modéré)"
2035,"3. Étang Exutoire",0,0,1441.52352,14011608.6144,0.10734021717355663,0.10659112430391816,0.37917616683713007,"3. Aléatoire (Variable)","CNRM-CM5  ALADIN63","CNRM-CM5 (Modéré)"
2036,"1. Étang de Tête",51.80871657257978,45.39667172354319,1179.80064,11467662.2208,0.1954763821067475,0.140054537109043,0.3803479397657385,"3. Aléatoire (Variable)","CNRM-CM5  ALADIN63","CNRM-CM5 (Modéré)"
2036,"2. Étang de Milieu",64.72126081772045,53.5947660357208,1179.80064,11467662.2208,0.1954763821067475,0.140054537109043,0.3803479397657385,"3. Aléatoire (Variable)","CNRM-CM5  ALADIN63","CNRM-CM5 (Modéré)"
2036,"3. Étang Exutoire",99.54309603278074,75.84344661219126,1179.80064,11467662.2208,0.1954763821067475,0.140054537109043,0.3803479397657385,"3. Aléatoire (Variable)","CNRM-CM5  ALADIN63","CNRM-CM5 (Modéré)"
2037,"1. Étang de Tête",45.04026772080931,13.882672917877294,1039.79808,10106837.3376,0.10705328937286718,0.18111568824972893,0.3619958717642144,"3. Aléatoire (Variable)","CNRM-CM5  ALADIN63","CNRM-CM5 (Modéré)"
2037,"2. Étang de Milieu",57.76424859066445,29.47013057284179,1039.79808,10106837.3376,0.10705328937286718,0.18111568824972893,0.3619958717642144,"3. Aléatoire (Variable)","CNRM-CM5  ALADIN63","CNRM-CM5 (Modéré)"
2037,"3. Étang Exutoire",95.77854798221193,54.109829171465115,1039.79808,10106837.3376,0.10705328937286718,0.18111568824972893,0.3619958717642144,"3. Aléatoire (Variable)","CNRM-CM5  ALADIN63","CNRM-CM5 (Modéré)"
2038,"1. Étang de Tête",47.34258904809415,30.052075367057455,1276.88832,12411354.4704,0.1245270181251843,0.12177332652495122,0.38227231939911505,"3. Aléatoire (Variable)","CNRM-CM5  ALADIN63","CNRM-CM5 (Modéré)"
2038,"2. Étang de Milieu",69.11195185606687,54.255769853520945,1276.88832,12411354.4704,0.1245270181251843,0.12177332652495122,0.38227231939911505,"3. Aléatoire (Variable)","CNRM-CM5  ALADIN63","CNRM-CM5 (Modéré)"
2038,"3. Étang Exutoire",100,66.9862385595812,1276.88832,12411354.4704,0.1245270181251843,0.12177332652495122,0.38227231939911505,"3. Aléatoire (Variable)","CNRM-CM5  ALADIN63","CNRM-CM5 (Modéré)"
2039,"1. Étang de Tête",48.95412019874797,24.20134855569605,1260.16128,12248767.6416,0.12987682471002207,0.1281308541686645,0.3738382250561242,"3. Aléatoire (Variable)","CNRM-CM5  ALADIN63","CNRM-CM5 (Modéré)"
2039,"2. Étang de Milieu",73.3489896098247,53.67265985442748,1260.16128,12248767.6416,0.12987682471002207,0.1281308541686645,0.3738382250561242,"3. Aléatoire (Variable)","CNRM-CM5  ALADIN63","CNRM-CM5 (Modéré)"
2039,"3. Étang Exutoire",98.76958566571294,67.53719536218733,1260.16128,12248767.6416,0.12987682471002207,0.1281308541686645,0.3738382250561242,"3. Aléatoire (Variable)","CNRM-CM5  ALADIN63","CNRM-CM5 (Modéré)"
2040,"1. Étang de Tête",43.710671986116495,28.2990738782084,964.58688,9375784.4736,0.12241018083735201,0.17941953611535189,0.3552631599843157,"3. Aléatoire (Variable)","CNRM-CM5  ALADIN63","CNRM-CM5 (Modéré)"
2040,"2. Étang de Milieu",55.731312874342656,46.34127738742692,964.58688,9375784.4736,0.12241018083735201,0.17941953611535189,0.3552631599843157,"3. Aléatoire (Variable)","CNRM-CM5  ALADIN63","CNRM-CM5 (Modéré)"
2040,"3. Étang Exutoire",100,84.14743754049175,964.58688,9375784.4736,0.12241018083735201,0.17941953611535189,0.3552631599843157,"3. Aléatoire (Variable)","CNRM-CM5  ALADIN63","CNRM-CM5 (Modéré)"
2041,"1. Étang de Tête",63.2107883975329,21.475988481243565,1007.95968,9797368.0896,0.11735893357841982,0.1693144880652184,0.37305589231590036,"3. Aléatoire (Variable)","CNRM-CM5  ALADIN63","CNRM-CM5 (Modéré)"
2041,"2. Étang de Milieu",55.96075116018717,27.952784122280256,1007.95968,9797368.0896,0.11735893357841982,0.1693144880652184,0.37305589231590036,"3. Aléatoire (Variable)","CNRM-CM5  ALADIN63","CNRM-CM5 (Modéré)"
2041,"3. Étang Exutoire",99.65862390153426,54.14010915794988,1007.95968,9797368.0896,0.11735893357841982,0.1693144880652184,0.37305589231590036,"3. Aléatoire (Variable)","CNRM-CM5  ALADIN63","CNRM-CM5 (Modéré)"
2042,"1. Étang de Tête",26.85631321523118,4.574312050213548,848.49984,8247418.4448,0.08332705027126115,0.1666887602963094,0.348884147616966,"3. Aléatoire (Variable)","CNRM-CM5  ALADIN63","CNRM-CM5 (Modéré)"
2042,"2. Étang de Milieu",54.96067606233574,29.684419856598804,848.49984,8247418.4448,0.08332705027126115,0.1666887602963094,0.348884147616966,"3. Aléatoire (Variable)","CNRM-CM5  ALADIN63","CNRM-CM5 (Modéré)"
2042,"3. Étang Exutoire",0,0,848.49984,8247418.4448,0.08332705027126115,0.1666887602963094,0.348884147616966,"3. Aléatoire (Variable)","CNRM-CM5  ALADIN63","CNRM-CM5 (Modéré)"
2043,"1. Étang de Tête",51.09608220601927,47.83682806078416,1177.48512,11445155.3664,0.03030060163386007,0.11636053506423624,0.360688149663016,"3. Aléatoire (Variable)","CNRM-CM5  ALADIN63","CNRM-CM5 (Modéré)"
2043,"2. Étang de Milieu",60.175385987363974,56.322352592280154,1177.48512,11445155.3664,0.03030060163386007,0.11636053506423624,0.360688149663016,"3. Aléatoire (Variable)","CNRM-CM5  ALADIN63","CNRM-CM5 (Modéré)"
2043,"3. Étang Exutoire",99.18992039400251,82.73036796721915,1177.48512,11445155.3664,0.03030060163386007,0.11636053506423624,0.360688149663016,"3. Aléatoire (Variable)","CNRM-CM5  ALADIN63","CNRM-CM5 (Modéré)"
2044,"1. Étang de Tête",60.30976062509596,68.86825956251653,1405.75392,13663928.102400001,0.14000801107135133,0.11130027278949033,0.38443879199231973,"3. Aléatoire (Variable)","CNRM-CM5  ALADIN63","CNRM-CM5 (Modéré)"
2044,"2. Étang de Milieu",65.55377919558855,69.64348816464837,1405.75392,13663928.102400001,0.14000801107135133,0.11130027278949033,0.38443879199231973,"3. Aléatoire (Variable)","CNRM-CM5  ALADIN63","CNRM-CM5 (Modéré)"
2044,"3. Étang Exutoire",97.86455814994193,91.05835552543418,1405.75392,13663928.102400001,0.14000801107135133,0.11130027278949033,0.38443879199231973,"3. Aléatoire (Variable)","CNRM-CM5  ALADIN63","CNRM-CM5 (Modéré)"
2045,"1. Étang de Tête",67.922916976827,85.65967856819384,1388.22336,13493531.0592,0.19856700578286388,0.09867163274491585,0.3797664592803382,"3. Aléatoire (Variable)","CNRM-CM5  ALADIN63","CNRM-CM5 (Modéré)"
2045,"2. Étang de Milieu",63.74739890339484,72.58857183123668,1388.22336,13493531.0592,0.19856700578286388,0.09867163274491585,0.3797664592803382,"3. Aléatoire (Variable)","CNRM-CM5  ALADIN63","CNRM-CM5 (Modéré)"
2045,"3. Étang Exutoire",100,95.30149712635622,1388.22336,13493531.0592,0.19856700578286388,0.09867163274491585,0.3797664592803382,"3. Aléatoire (Variable)","CNRM-CM5  ALADIN63","CNRM-CM5 (Modéré)"
2046,"1. Étang de Tête",46.46060251409333,22.06862465588293,1230.23232,11957858.1504,0.1726717679239031,0.14810094601507784,0.3749456193226183,"3. Aléatoire (Variable)","CNRM-CM5  ALADIN63","CNRM-CM5 (Modéré)"
2046,"2. Étang de Milieu",74.16681685357824,46.58994812895317,1230.23232,11957858.1504,0.1726717679239031,0.14810094601507784,0.3749456193226183,"3. Aléatoire (Variable)","CNRM-CM5  ALADIN63","CNRM-CM5 (Modéré)"
2046,"3. Étang Exutoire",96.33104023604444,63.955274062309684,1230.23232,11957858.1504,0.1726717679239031,0.14810094601507784,0.3749456193226183,"3. Aléatoire (Variable)","CNRM-CM5  ALADIN63","CNRM-CM5 (Modéré)"
2047,"1. Étang de Tête",71.38662809521537,35.212787580665974,1169.3808,11366381.376,0.1623917649039235,0.12449632923236187,0.3840651659619409,"3. Aléatoire (Variable)","CNRM-CM5  ALADIN63","CNRM-CM5 (Modéré)"
2047,"2. Étang de Milieu",64.5146144183574,40.53639797184731,1169.3808,11366381.376,0.1623917649039235,0.12449632923236187,0.3840651659619409,"3. Aléatoire (Variable)","CNRM-CM5  ALADIN63","CNRM-CM5 (Modéré)"
2047,"3. Étang Exutoire",100,60.25401714645723,1169.3808,11366381.376,0.1623917649039235,0.12449632923236187,0.3840651659619409,"3. Aléatoire (Variable)","CNRM-CM5  ALADIN63","CNRM-CM5 (Modéré)"
2048,"1. Étang de Tête",42.456262083428975,40.07771352353841,1132.20288,11005011.9936,0.12817888985029927,0.12076580784928777,0.3840327313442995,"3. Aléatoire (Variable)","CNRM-CM5  ALADIN63","CNRM-CM5 (Modéré)"
2048,"2. Étang de Milieu",49.22044161132474,48.37909711335455,1132.20288,11005011.9936,0.12817888985029927,0.12076580784928777,0.3840327313442995,"3. Aléatoire (Variable)","CNRM-CM5  ALADIN63","CNRM-CM5 (Modéré)"
2048,"3. Étang Exutoire",0,0,1132.20288,11005011.9936,0.12817888985029927,0.12076580784928777,0.3840327313442995,"3. Aléatoire (Variable)","CNRM-CM5  ALADIN63","CNRM-CM5 (Modéré)"
2049,"1. Étang de Tête",34.761476969059586,7.84740855260181,887.2416,8623988.352,0.15353198244828084,0.16970017211859081,0.3485747577330845,"3. Aléatoire (Variable)","CNRM-CM5  ALADIN63","CNRM-CM5 (Modéré)"
2049,"2. Étang de Milieu",39.979868589804234,20.13853674607918,887.2416,8623988.352,0.15353198244828084,0.16970017211859081,0.3485747577330845,"3. Aléatoire (Variable)","CNRM-CM5  ALADIN63","CNRM-CM5 (Modéré)"
2049,"3. Étang Exutoire",97.6128086914701,63.249107101612935,887.2416,8623988.352,0.15353198244828084,0.16970017211859081,0.3485747577330845,"3. Aléatoire (Variable)","CNRM-CM5  ALADIN63","CNRM-CM5 (Modéré)"
2050,"1. Étang de Tête",55.69586405985603,7.820539412786091,882.76608,8580486.297600001,0.04788258488402151,0.20619528416782654,0.3589491452112849,"3. Aléatoire (Variable)","CNRM-CM5  ALADIN63","CNRM-CM5 (Modéré)"
2050,"2. Étang de Milieu",55.07875993483654,18.35657065407867,882.76608,8580486.297600001,0.04788258488402151,0.20619528416782654,0.3589491452112849,"3. Aléatoire (Variable)","CNRM-CM5  ALADIN63","CNRM-CM5 (Modéré)"
2050,"3. Étang Exutoire",100,45.43697230955149,882.76608,8580486.297600001,0.04788258488402151,0.20619528416782654,0.3589491452112849,"3. Aléatoire (Variable)","CNRM-CM5  ALADIN63","CNRM-CM5 (Modéré)"
2051,"1. Étang de Tête",65.56423369374392,32.20822509777837,1110.40416,10793128.435200002,0.05223920163491506,0.1661632233982813,0.3696669067033651,"3. Aléatoire (Variable)","CNRM-CM5  ALADIN63","CNRM-CM5 (Modéré)"
2051,"2. Étang de Milieu",61.99281060377063,36.842855099794846,1110.40416,10793128.435200002,0.05223920163491506,0.1661632233982813,0.3696669067033651,"3. Aléatoire (Variable)","CNRM-CM5  ALADIN63","CNRM-CM5 (Modéré)"
2051,"3. Étang Exutoire",99.49483546135215,55.033146908580356,1110.40416,10793128.435200002,0.05223920163491506,0.1661632233982813,0.3696669067033651,"3. Aléatoire (Variable)","CNRM-CM5  ALADIN63","CNRM-CM5 (Modéré)"
2052,"1. Étang de Tête",25.33807212698278,14.609924003784025,913.40352,8878282.2144,0.10569694367187568,0.17240419102303411,0.3572984975884966,"3. Aléatoire (Variable)","CNRM-CM5  ALADIN63","CNRM-CM5 (Modéré)"
2052,"2. Étang de Milieu",44.54151184978499,33.596126940538596,913.40352,8878282.2144,0.10569694367187568,0.17240419102303411,0.3572984975884966,"3. Aléatoire (Variable)","CNRM-CM5  ALADIN63","CNRM-CM5 (Modéré)"
2052,"3. Étang Exutoire",97.07727765944404,67.83727501321015,913.40352,8878282.2144,0.10569694367187568,0.17240419102303411,0.3572984975884966,"3. Aléatoire (Variable)","CNRM-CM5  ALADIN63","CNRM-CM5 (Modéré)"
2053,"1. Étang de Tête",16.067858140533016,0,983.32704,9557938.8288,0.04565527740970905,0.168523719994993,0.3345242204651413,"3. Aléatoire (Variable)","CNRM-CM5  ALADIN63","CNRM-CM5 (Modéré)"
2053,"2. Étang de Milieu",30.998909329092935,13.281876055591084,983.32704,9557938.8288,0.04565527740970905,0.168523719994993,0.3345242204651413,"3. Aléatoire (Variable)","CNRM-CM5  ALADIN63","CNRM-CM5 (Modéré)"
2053,"3. Étang Exutoire",98.83785074130454,62.469898479750405,983.32704,9557938.8288,0.04565527740970905,0.168523719994993,0.3345242204651413,"3. Aléatoire (Variable)","CNRM-CM5  ALADIN63","CNRM-CM5 (Modéré)"
2054,"1. Étang de Tête",66.85941672691827,21.455312855366948,989.66016,9619496.7552,0.13644039015871964,0.16272084365354011,0.39676844879086887,"3. Aléatoire (Variable)","CNRM-CM5  ALADIN63","CNRM-CM5 (Modéré)"
2054,"2. Étang de Milieu",63.22596074093447,31.147897068802276,989.66016,9619496.7552,0.13644039015871964,0.16272084365354011,0.39676844879086887,"3. Aléatoire (Variable)","CNRM-CM5  ALADIN63","CNRM-CM5 (Modéré)"
2054,"3. Étang Exutoire",100,40.757541623725636,989.66016,9619496.7552,0.13644039015871964,0.16272084365354011,0.39676844879086887,"3. Aléatoire (Variable)","CNRM-CM5  ALADIN63","CNRM-CM5 (Modéré)"
2055,"1. Étang de Tête",59.980386680821255,36.53073876898131,1070.35776,10403877.4272,0.06598835832475634,0.16927056676805488,0.36467374903103217,"3. Aléatoire (Variable)","CNRM-CM5  ALADIN63","CNRM-CM5 (Modéré)"
2055,"2. Étang de Milieu",64.37147157070602,45.69589252385569,1070.35776,10403877.4272,0.06598835832475634,0.16927056676805488,0.36467374903103217,"3. Aléatoire (Variable)","CNRM-CM5  ALADIN63","CNRM-CM5 (Modéré)"
2055,"3. Étang Exutoire",0,0,1070.35776,10403877.4272,0.06598835832475634,0.16927056676805488,0.36467374903103217,"3. Aléatoire (Variable)","CNRM-CM5  ALADIN63","CNRM-CM5 (Modéré)"
2056,"1. Étang de Tête",21.46958192123898,3.6399659930968977,850.12416,8263206.8352,0.0308051779569654,0.2260763269835294,0.3324880236419532,"3. Aléatoire (Variable)","CNRM-CM5  ALADIN63","CNRM-CM5 (Modéré)"
2056,"2. Étang de Milieu",49.06213867444192,21.194542808673344,850.12416,8263206.8352,0.0308051779569654,0.2260763269835294,0.3324880236419532,"3. Aléatoire (Variable)","CNRM-CM5  ALADIN63","CNRM-CM5 (Modéré)"
2056,"3. Étang Exutoire",96.69668132287674,47.15322044194934,850.12416,8263206.8352,0.0308051779569654,0.2260763269835294,0.3324880236419532,"3. Aléatoire (Variable)","CNRM-CM5  ALADIN63","CNRM-CM5 (Modéré)"
2057,"1. Étang de Tête",75.44163833908104,54.85950124775656,1336.64256,12992165.683200002,0.09772194636720602,0.11079331598773873,0.3788563681152588,"3. Aléatoire (Variable)","CNRM-CM5  ALADIN63","CNRM-CM5 (Modéré)"
2057,"2. Étang de Milieu",72.42085886663752,57.32385226765202,1336.64256,12992165.683200002,0.09772194636720602,0.11079331598773873,0.3788563681152588,"3. Aléatoire (Variable)","CNRM-CM5  ALADIN63","CNRM-CM5 (Modéré)"
2057,"3. Étang Exutoire",100,76.61524747380321,1336.64256,12992165.683200002,0.09772194636720602,0.11079331598773873,0.3788563681152588,"3. Aléatoire (Variable)","CNRM-CM5  ALADIN63","CNRM-CM5 (Modéré)"
2058,"1. Étang de Tête",41.827432617111135,22.867387079509687,1055.81664,10262537.7408,0.20671861780593015,0.14481537544590067,0.37846973040429627,"3. Aléatoire (Variable)","CNRM-CM5  ALADIN63","CNRM-CM5 (Modéré)"
2058,"2. Étang de Milieu",45.665358903189194,33.60368979836479,1055.81664,10262537.7408,0.20671861780593015,0.14481537544590067,0.37846973040429627,"3. Aléatoire (Variable)","CNRM-CM5  ALADIN63","CNRM-CM5 (Modéré)"
2058,"3. Étang Exutoire",98.74426921055148,74.01396955470231,1055.81664,10262537.7408,0.20671861780593015,0.14481537544590067,0.37846973040429627,"3. Aléatoire (Variable)","CNRM-CM5  ALADIN63","CNRM-CM5 (Modéré)"
2059,"1. Étang de Tête",54.863808204909454,42.41947444765702,1135.57248,11037764.5056,0.024773367101682705,0.161730273543134,0.3467695451968331,"3. Aléatoire (Variable)","CNRM-CM5  ALADIN63","CNRM-CM5 (Modéré)"
2059,"2. Étang de Milieu",60.82840312601625,49.873045103864705,1135.57248,11037764.5056,0.024773367101682705,0.161730273543134,0.3467695451968331,"3. Aléatoire (Variable)","CNRM-CM5  ALADIN63","CNRM-CM5 (Modéré)"
2059,"3. Étang Exutoire",99.75025658781892,84.66019665519303,1135.57248,11037764.5056,0.024773367101682705,0.161730273543134,0.3467695451968331,"3. Aléatoire (Variable)","CNRM-CM5  ALADIN63","CNRM-CM5 (Modéré)"
2060,"1. Étang de Tête",35.33183941094375,7.251903785326869,815.4518400000001,7926191.8848,0.19386158162241976,0.1871016881024904,0.3699125656603717,"3. Aléatoire (Variable)","CNRM-CM5  ALADIN63","CNRM-CM5 (Modéré)"
2060,"2. Étang de Milieu",56.311321954669864,27.106940525093304,815.4518400000001,7926191.8848,0.19386158162241976,0.1871016881024904,0.3699125656603717,"3. Aléatoire (Variable)","CNRM-CM5  ALADIN63","CNRM-CM5 (Modéré)"
2060,"3. Étang Exutoire",97.68313737232218,54.63110891289735,815.4518400000001,7926191.8848,0.19386158162241976,0.1871016881024904,0.3699125656603717,"3. Aléatoire (Variable)","CNRM-CM5  ALADIN63","CNRM-CM5 (Modéré)"
2061,"1. Étang de Tête",49.26548604322826,37.60101851158153,1309.50432,12728381.990400001,0.06952629677259368,0.09758999102900962,0.36125627744351685,"3. Aléatoire (Variable)","CNRM-CM5  ALADIN63","CNRM-CM5 (Modéré)"
2061,"2. Étang de Milieu",51.40434525903358,42.8193847755656,1309.50432,12728381.990400001,0.06952629677259368,0.09758999102900962,0.36125627744351685,"3. Aléatoire (Variable)","CNRM-CM5  ALADIN63","CNRM-CM5 (Modéré)"
2061,"3. Étang Exutoire",0,0,1309.50432,12728381.990400001,0.06952629677259368,0.09758999102900962,0.36125627744351685,"3. Aléatoire (Variable)","CNRM-CM5  ALADIN63","CNRM-CM5 (Modéré)"
2062,"1. Étang de Tête",71.29556766208142,48.099932790216414,1214.84448,11808288.345599998,0.09962589764888916,0.15305448256814494,0.3840699170375356,"3. Aléatoire (Variable)","CNRM-CM5  ALADIN63","CNRM-CM5 (Modéré)"
2062,"2. Étang de Milieu",83.32953139270408,62.77071662128954,1214.84448,11808288.345599998,0.09962589764888916,0.15305448256814494,0.3840699170375356,"3. Aléatoire (Variable)","CNRM-CM5  ALADIN63","CNRM-CM5 (Modéré)"
2062,"3. Étang Exutoire",99.3260483458516,69.87002548396995,1214.84448,11808288.345599998,0.09962589764888916,0.15305448256814494,0.3840699170375356,"3. Aléatoire (Variable)","CNRM-CM5  ALADIN63","CNRM-CM5 (Modéré)"
2063,"1. Étang de Tête",79.18257776583748,39.2053895809532,1323.80352,12867370.2144,0.15943591982587035,0.15819438446972284,0.3674579435702747,"3. Aléatoire (Variable)","CNRM-CM5  ALADIN63","CNRM-CM5 (Modéré)"
2063,"2. Étang de Milieu",77.33999201220651,46.26178888710779,1323.80352,12867370.2144,0.15943591982587035,0.15819438446972284,0.3674579435702747,"3. Aléatoire (Variable)","CNRM-CM5  ALADIN63","CNRM-CM5 (Modéré)"
2063,"3. Étang Exutoire",96.22205285617859,59.58652841467232,1323.80352,12867370.2144,0.15943591982587035,0.15819438446972284,0.3674579435702747,"3. Aléatoire (Variable)","CNRM-CM5  ALADIN63","CNRM-CM5 (Modéré)"
2064,"1. Étang de Tête",45.491069355942514,72.62081090698024,1358.06112,13200354.0864,0.13180491612878334,0.11265007624473002,0.37932723945944136,"3. Aléatoire (Variable)","CNRM-CM5  ALADIN63","CNRM-CM5 (Modéré)"
2064,"2. Étang de Milieu",57.2139714925443,68.95814336431916,1358.06112,13200354.0864,0.13180491612878334,0.11265007624473002,0.37932723945944136,"3. Aléatoire (Variable)","CNRM-CM5  ALADIN63","CNRM-CM5 (Modéré)"
2064,"3. Étang Exutoire",96.91905232956512,94.27989478223022,1358.06112,13200354.0864,0.13180491612878334,0.11265007624473002,0.37932723945944136,"3. Aléatoire (Variable)","CNRM-CM5  ALADIN63","CNRM-CM5 (Modéré)"
2065,"1. Étang de Tête",49.97032071548859,3.3770380050023276,976.35456,9490166.3232,0.1991811600670782,0.20205225462372436,0.3883966424266347,"3. Aléatoire (Variable)","CNRM-CM5  ALADIN63","CNRM-CM5 (Modéré)"
2065,"2. Étang de Milieu",66.52427972081878,23.55527180095133,976.35456,9490166.3232,0.1991811600670782,0.20205225462372436,0.3883966424266347,"3. Aléatoire (Variable)","CNRM-CM5  ALADIN63","CNRM-CM5 (Modéré)"
2065,"3. Étang Exutoire",99.98379707456465,30.883036543103827,976.35456,9490166.3232,0.1991811600670782,0.20205225462372436,0.3883966424266347,"3. Aléatoire (Variable)","CNRM-CM5  ALADIN63","CNRM-CM5 (Modéré)"
2066,"1. Étang de Tête",51.72589029311387,11.531634583648259,857.44224,8334338.5728,0.05816891906760247,0.2010522231211217,0.35544810059458476,"3. Aléatoire (Variable)","CNRM-CM5  ALADIN63","CNRM-CM5 (Modéré)"
2066,"2. Étang de Milieu",64.72308922011847,27.139859809575437,857.44224,8334338.5728,0.05816891906760247,0.2010522231211217,0.35544810059458476,"3. Aléatoire (Variable)","CNRM-CM5  ALADIN63","CNRM-CM5 (Modéré)"
2066,"3. Étang Exutoire",97.9378793118074,49.66644494178146,857.44224,8334338.5728,0.05816891906760247,0.2010522231211217,0.35544810059458476,"3. Aléatoire (Variable)","CNRM-CM5  ALADIN63","CNRM-CM5 (Modéré)"
2067,"1. Étang de Tête",37.231962824382315,9.328944707239392,907.33824,8819327.6928,0.044879216014724846,0.19643909395204073,0.34755451109745905,"3. Aléatoire (Variable)","CNRM-CM5  ALADIN63","CNRM-CM5 (Modéré)"
2067,"2. Étang de Milieu",43.699627642669,16.43933442388347,907.33824,8819327.6928,0.044879216014724846,0.19643909395204073,0.34755451109745905,"3. Aléatoire (Variable)","CNRM-CM5  ALADIN63","CNRM-CM5 (Modéré)"
2067,"3. Étang Exutoire",96.6089422352971,45.353748196475316,907.33824,8819327.6928,0.044879216014724846,0.19643909395204073,0.34755451109745905,"3. Aléatoire (Variable)","CNRM-CM5  ALADIN63","CNRM-CM5 (Modéré)"
2068,"1. Étang de Tête",30.028252254681448,8.993136495005293,1004.79744,9766631.1168,0.058936163764339335,0.11231190603708928,0.36029577908249827,"3. Aléatoire (Variable)","CNRM-CM5  ALADIN63","CNRM-CM5 (Modéré)"
2068,"2. Étang de Milieu",36.19392944826517,14.995568950067222,1004.79744,9766631.1168,0.058936163764339335,0.11231190603708928,0.36029577908249827,"3. Aléatoire (Variable)","CNRM-CM5  ALADIN63","CNRM-CM5 (Modéré)"
2068,"3. Étang Exutoire",0,0,1004.79744,9766631.1168,0.058936163764339335,0.11231190603708928,0.36029577908249827,"3. Aléatoire (Variable)","CNRM-CM5  ALADIN63","CNRM-CM5 (Modéré)"
2069,"1. Étang de Tête",63.21554379370525,29.89451529034761,1126.67328,10951264.281599998,0.05022654074658446,0.18867372443926672,0.36499908979367807,"3. Aléatoire (Variable)","CNRM-CM5  ALADIN63","CNRM-CM5 (Modéré)"
2069,"2. Étang de Milieu",63.126626040816696,33.83501026467917,1126.67328,10951264.281599998,0.05022654074658446,0.18867372443926672,0.36499908979367807,"3. Aléatoire (Variable)","CNRM-CM5  ALADIN63","CNRM-CM5 (Modéré)"
2069,"3. Étang Exutoire",98.29384899483954,63.99826336490938,1126.67328,10951264.281599998,0.05022654074658446,0.18867372443926672,0.36499908979367807,"3. Aléatoire (Variable)","CNRM-CM5  ALADIN63","CNRM-CM5 (Modéré)"
2070,"1. Étang de Tête",60.606489046202256,29.954458322680164,993.56544,9657456.0768,0.10256099482254305,0.20317826832671437,0.3711943548461243,"3. Aléatoire (Variable)","CNRM-CM5  ALADIN63","CNRM-CM5 (Modéré)"
2070,"2. Étang de Milieu",61.71853690703731,40.04893970578326,993.56544,9657456.0768,0.10256099482254305,0.20317826832671437,0.3711943548461243,"3. Aléatoire (Variable)","CNRM-CM5  ALADIN63","CNRM-CM5 (Modéré)"
2070,"3. Étang Exutoire",93.8365840593467,60.57607745282583,993.56544,9657456.0768,0.10256099482254305,0.20317826832671437,0.3711943548461243,"3. Aléatoire (Variable)","CNRM-CM5  ALADIN63","CNRM-CM5 (Modéré)"
2026,"1. Étang de Tête",87.41426645620399,37.97927219696775,814.29408,7914938.4576,0.045790145477527675,0.24801018901366279,0.3804042287775456,"3. Aléatoire (Variable)","HadGEM2  CCLM4-8-17","HadGEM2 (Extrême sec)"
2026,"2. Étang de Milieu",79.31031793017158,47.589624945739665,814.29408,7914938.4576,0.045790145477527675,0.24801018901366279,0.3804042287775456,"3. Aléatoire (Variable)","HadGEM2  CCLM4-8-17","HadGEM2 (Extrême sec)"
2026,"3. Étang Exutoire",97.08238810636304,43.773159110117305,814.29408,7914938.4576,0.045790145477527675,0.24801018901366279,0.3804042287775456,"3. Aléatoire (Variable)","HadGEM2  CCLM4-8-17","HadGEM2 (Extrême sec)"
2027,"1. Étang de Tête",80.50970118743659,17.297824138477488,865.84032,8415967.9104,0.14928517964680774,0.23913122167159168,0.3636096350525291,"3. Aléatoire (Variable)","HadGEM2  CCLM4-8-17","HadGEM2 (Extrême sec)"
2027,"2. Étang de Milieu",75.6956288429782,25.05706830552945,865.84032,8415967.9104,0.14928517964680774,0.23913122167159168,0.3636096350525291,"3. Aléatoire (Variable)","HadGEM2  CCLM4-8-17","HadGEM2 (Extrême sec)"
2027,"3. Étang Exutoire",100,39.788585655097904,865.84032,8415967.9104,0.14928517964680774,0.23913122167159168,0.3636096350525291,"3. Aléatoire (Variable)","HadGEM2  CCLM4-8-17","HadGEM2 (Extrême sec)"
2028,"1. Étang de Tête",52.87050425555595,15.760074996390268,809.04096,7863878.131200001,0.029547601147474515,0.2570289184318839,0.3598318997021808,"3. Aléatoire (Variable)","HadGEM2  CCLM4-8-17","HadGEM2 (Extrême sec)"
2028,"2. Étang de Milieu",64.40065594018604,31.467308992343607,809.04096,7863878.131200001,0.029547601147474515,0.2570289184318839,0.3598318997021808,"3. Aléatoire (Variable)","HadGEM2  CCLM4-8-17","HadGEM2 (Extrême sec)"
2028,"3. Étang Exutoire",64.5470007592294,51.23659303045181,809.04096,7863878.131200001,0.029547601147474515,0.2570289184318839,0.3598318997021808,"3. Aléatoire (Variable)","HadGEM2  CCLM4-8-17","HadGEM2 (Extrême sec)"
2029,"1. Étang de Tête",20.590618209867994,3.996308644804577,910.75104,8852500.1088,0.05173055292509984,0.1467199010582277,0.34921703569856305,"3. Aléatoire (Variable)","HadGEM2  CCLM4-8-17","HadGEM2 (Extrême sec)"
2029,"2. Étang de Milieu",47.56989735900074,24.253649185537668,910.75104,8852500.1088,0.05173055292509984,0.1467199010582277,0.34921703569856305,"3. Aléatoire (Variable)","HadGEM2  CCLM4-8-17","HadGEM2 (Extrême sec)"
2029,"3. Étang Exutoire",100,53.15163939756502,910.75104,8852500.1088,0.05173055292509984,0.1467199010582277,0.34921703569856305,"3. Aléatoire (Variable)","HadGEM2  CCLM4-8-17","HadGEM2 (Extrême sec)"
2030,"1. Étang de Tête",59.392817165292016,3.001693328879148,754.82496,7336898.6112,0.0875899648430218,0.1918194176570351,0.3765763990980788,"3. Aléatoire (Variable)","HadGEM2  CCLM4-8-17","HadGEM2 (Extrême sec)"
2030,"2. Étang de Milieu",49.401386058031235,8.02037458189295,754.82496,7336898.6112,0.0875899648430218,0.1918194176570351,0.3765763990980788,"3. Aléatoire (Variable)","HadGEM2  CCLM4-8-17","HadGEM2 (Extrême sec)"
2030,"3. Étang Exutoire",100,27.32176132786982,754.82496,7336898.6112,0.0875899648430218,0.1918194176570351,0.3765763990980788,"3. Aléatoire (Variable)","HadGEM2  CCLM4-8-17","HadGEM2 (Extrême sec)"
2031,"1. Étang de Tête",71.27052958946744,50.69858502019963,1225.22976,11909233.2672,0.08542851389678051,0.14066571282907925,0.3915105379464169,"3. Aléatoire (Variable)","HadGEM2  CCLM4-8-17","HadGEM2 (Extrême sec)"
2031,"2. Étang de Milieu",71.56482680039268,54.328384169718035,1225.22976,11909233.2672,0.08542851389678051,0.14066571282907925,0.3915105379464169,"3. Aléatoire (Variable)","HadGEM2  CCLM4-8-17","HadGEM2 (Extrême sec)"
2031,"3. Étang Exutoire",0,0,1225.22976,11909233.2672,0.08542851389678051,0.14066571282907925,0.3915105379464169,"3. Aléatoire (Variable)","HadGEM2  CCLM4-8-17","HadGEM2 (Extrême sec)"
2032,"1. Étang de Tête",34.723149178094374,40.22106458841298,1162.24416,11297013.235199999,0.14016481724752772,0.09488737767030496,0.36950422199516775,"3. Aléatoire (Variable)","HadGEM2  CCLM4-8-17","HadGEM2 (Extrême sec)"
2032,"2. Étang de Milieu",63.15495075507788,65.2744507378656,1162.24416,11297013.235199999,0.14016481724752772,0.09488737767030496,0.36950422199516775,"3. Aléatoire (Variable)","HadGEM2  CCLM4-8-17","HadGEM2 (Extrême sec)"
2032,"3. Étang Exutoire",99.85245544496179,87.1091460180483,1162.24416,11297013.235199999,0.14016481724752772,0.09488737767030496,0.36950422199516775,"3. Aléatoire (Variable)","HadGEM2  CCLM4-8-17","HadGEM2 (Extrême sec)"
2033,"1. Étang de Tête",56.3059538795108,36.968707668105125,1205.97984,11722124.0448,0.13953862482212176,0.11340869280077971,0.37094537933980376,"3. Aléatoire (Variable)","HadGEM2  CCLM4-8-17","HadGEM2 (Extrême sec)"
2033,"2. Étang de Milieu",64.24412584320976,45.590817558426984,1205.97984,11722124.0448,0.13953862482212176,0.11340869280077971,0.37094537933980376,"3. Aléatoire (Variable)","HadGEM2  CCLM4-8-17","HadGEM2 (Extrême sec)"
2033,"3. Étang Exutoire",100,67.8185660260796,1205.97984,11722124.0448,0.13953862482212176,0.11340869280077971,0.37094537933980376,"3. Aléatoire (Variable)","HadGEM2  CCLM4-8-17","HadGEM2 (Extrême sec)"
2034,"1. Étang de Tête",60.605465338022306,10.22833528444132,833.27616,8099444.2752,0.13805101289644997,0.23108019786992612,0.3874394127815603,"3. Aléatoire (Variable)","HadGEM2  CCLM4-8-17","HadGEM2 (Extrême sec)"
2034,"2. Étang de Milieu",76.15123744005153,32.76188950712634,833.27616,8099444.2752,0.13805101289644997,0.23108019786992612,0.3874394127815603,"3. Aléatoire (Variable)","HadGEM2  CCLM4-8-17","HadGEM2 (Extrême sec)"
2034,"3. Étang Exutoire",99.27823696537466,42.61752630055592,833.27616,8099444.2752,0.13805101289644997,0.23108019786992612,0.3874394127815603,"3. Aléatoire (Variable)","HadGEM2  CCLM4-8-17","HadGEM2 (Extrême sec)"
2035,"1. Étang de Tête",52.32546767428871,4.252151682349533,864.84672,8406310.1184,0.07508116352415066,0.20141594490466624,0.35807845342883277,"3. Aléatoire (Variable)","HadGEM2  CCLM4-8-17","HadGEM2 (Extrême sec)"
2035,"2. Étang de Milieu",55.53509113746201,17.116373555796034,864.84672,8406310.1184,0.07508116352415066,0.20141594490466624,0.35807845342883277,"3. Aléatoire (Variable)","HadGEM2  CCLM4-8-17","HadGEM2 (Extrême sec)"
2035,"3. Étang Exutoire",0,0,864.84672,8406310.1184,0.07508116352415066,0.20141594490466624,0.35807845342883277,"3. Aléatoire (Variable)","HadGEM2  CCLM4-8-17","HadGEM2 (Extrême sec)"
2036,"1. Étang de Tête",51.033819123338155,20.362617542911213,936.45504,9102342.9888,0.06820566726756119,0.20696047815172822,0.37274213943404144,"3. Aléatoire (Variable)","HadGEM2  CCLM4-8-17","HadGEM2 (Extrême sec)"
2036,"2. Étang de Milieu",50.85015669128065,25.732240285716713,936.45504,9102342.9888,0.06820566726756119,0.20696047815172822,0.37274213943404144,"3. Aléatoire (Variable)","HadGEM2  CCLM4-8-17","HadGEM2 (Extrême sec)"
2036,"3. Étang Exutoire",98.50133544609437,45.18535976199637,936.45504,9102342.9888,0.06820566726756119,0.20696047815172822,0.37274213943404144,"3. Aléatoire (Variable)","HadGEM2  CCLM4-8-17","HadGEM2 (Extrême sec)"
2037,"1. Étang de Tête",31.37467387448055,39.302414474577795,912.66048,8871059.8656,0.04847964700016611,0.1793708839418458,0.36311526396111027,"3. Aléatoire (Variable)","HadGEM2  CCLM4-8-17","HadGEM2 (Extrême sec)"
2037,"2. Étang de Milieu",32.26937735419529,32.062136671882705,912.66048,8871059.8656,0.04847964700016611,0.1793708839418458,0.36311526396111027,"3. Aléatoire (Variable)","HadGEM2  CCLM4-8-17","HadGEM2 (Extrême sec)"
2037,"3. Étang Exutoire",83.25167483547108,71.05559910296482,912.66048,8871059.8656,0.04847964700016611,0.1793708839418458,0.36311526396111027,"3. Aléatoire (Variable)","HadGEM2  CCLM4-8-17","HadGEM2 (Extrême sec)"
2038,"1. Étang de Tête",27.859845674752247,14.114657277756702,1104.08832,10731738.470400002,0.060581166538578174,0.157867306960067,0.3521349536039023,"3. Aléatoire (Variable)","HadGEM2  CCLM4-8-17","HadGEM2 (Extrême sec)"
2038,"2. Étang de Milieu",51.535313565388556,29.642711446355737,1104.08832,10731738.470400002,0.060581166538578174,0.157867306960067,0.3521349536039023,"3. Aléatoire (Variable)","HadGEM2  CCLM4-8-17","HadGEM2 (Extrême sec)"
2038,"3. Étang Exutoire",100,56.67377221179998,1104.08832,10731738.470400002,0.060581166538578174,0.157867306960067,0.3521349536039023,"3. Aléatoire (Variable)","HadGEM2  CCLM4-8-17","HadGEM2 (Extrême sec)"
2039,"1. Étang de Tête",65.80519144252695,45.37718786640966,1387.43712,13485888.806400001,0.13322586916779464,0.10585146446397616,0.3977780995714862,"3. Aléatoire (Variable)","HadGEM2  CCLM4-8-17","HadGEM2 (Extrême sec)"
2039,"2. Étang de Milieu",75.10841979213507,54.25001717900653,1387.43712,13485888.806400001,0.13322586916779464,0.10585146446397616,0.3977780995714862,"3. Aléatoire (Variable)","HadGEM2  CCLM4-8-17","HadGEM2 (Extrême sec)"
2039,"3. Étang Exutoire",99.59561488992358,67.06654190676204,1387.43712,13485888.806400001,0.13322586916779464,0.10585146446397616,0.3977780995714862,"3. Aléatoire (Variable)","HadGEM2  CCLM4-8-17","HadGEM2 (Extrême sec)"
2040,"1. Étang de Tête",60.40355204417113,34.84195248190295,1140.06528,11081434.5216,0.2061618368911975,0.15507267115211368,0.38969149007472925,"3. Aléatoire (Variable)","HadGEM2  CCLM4-8-17","HadGEM2 (Extrême sec)"
2040,"2. Étang de Milieu",65.71106668838097,35.215596232029036,1140.06528,11081434.5216,0.2061618368911975,0.15507267115211368,0.38969149007472925,"3. Aléatoire (Variable)","HadGEM2  CCLM4-8-17","HadGEM2 (Extrême sec)"
2040,"3. Étang Exutoire",100,43.73336077635086,1140.06528,11081434.5216,0.2061618368911975,0.15507267115211368,0.38969149007472925,"3. Aléatoire (Variable)","HadGEM2  CCLM4-8-17","HadGEM2 (Extrême sec)"
2041,"1. Étang de Tête",32.08534480176555,0,635.35968,6175696.0896,0.17592054170731616,0.20413059051175977,0.37344472353279706,"3. Aléatoire (Variable)","HadGEM2  CCLM4-8-17","HadGEM2 (Extrême sec)"
2041,"2. Étang de Milieu",42.65039973618485,7.926208193191711,635.35968,6175696.0896,0.17592054170731616,0.20413059051175977,0.37344472353279706,"3. Aléatoire (Variable)","HadGEM2  CCLM4-8-17","HadGEM2 (Extrême sec)"
2041,"3. Étang Exutoire",100,14.432288133754664,635.35968,6175696.0896,0.17592054170731616,0.20413059051175977,0.37344472353279706,"3. Aléatoire (Variable)","HadGEM2  CCLM4-8-17","HadGEM2 (Extrême sec)"
2042,"1. Étang de Tête",55.107758695986206,22.222210651484975,1183.04064,11499155.0208,0.09245527635521046,0.1382368854494469,0.38939659511574004,"3. Aléatoire (Variable)","HadGEM2  CCLM4-8-17","HadGEM2 (Extrême sec)"
2042,"2. Étang de Milieu",74.44498828132673,38.47891847372798,1183.04064,11499155.0208,0.09245527635521046,0.1382368854494469,0.38939659511574004,"3. Aléatoire (Variable)","HadGEM2  CCLM4-8-17","HadGEM2 (Extrême sec)"
2042,"3. Étang Exutoire",0,0,1183.04064,11499155.0208,0.09245527635521046,0.1382368854494469,0.38939659511574004,"3. Aléatoire (Variable)","HadGEM2  CCLM4-8-17","HadGEM2 (Extrême sec)"
2043,"1. Étang de Tête",32.66458334281129,13.597556107613789,893.82528,8687981.7216,0.039146016808483376,0.19670309864412358,0.35055811838164613,"3. Aléatoire (Variable)","HadGEM2  CCLM4-8-17","HadGEM2 (Extrême sec)"
2043,"2. Étang de Milieu",55.97006354691767,30.04583880016383,893.82528,8687981.7216,0.039146016808483376,0.19670309864412358,0.35055811838164613,"3. Aléatoire (Variable)","HadGEM2  CCLM4-8-17","HadGEM2 (Extrême sec)"
2043,"3. Étang Exutoire",98.6814023913262,49.699267112423854,893.82528,8687981.7216,0.039146016808483376,0.19670309864412358,0.35055811838164613,"3. Aléatoire (Variable)","HadGEM2  CCLM4-8-17","HadGEM2 (Extrême sec)"
2044,"1. Étang de Tête",60.631435210243716,27.274720825599385,1284.01632,12480638.6304,0.14079061372164006,0.1520207432961918,0.3969607821764673,"3. Aléatoire (Variable)","HadGEM2  CCLM4-8-17","HadGEM2 (Extrême sec)"
2044,"2. Étang de Milieu",67.64084539048933,41.97953477957915,1284.01632,12480638.6304,0.14079061372164006,0.1520207432961918,0.3969607821764673,"3. Aléatoire (Variable)","HadGEM2  CCLM4-8-17","HadGEM2 (Extrême sec)"
2044,"3. Étang Exutoire",100,57.42076656938547,1284.01632,12480638.6304,0.14079061372164006,0.1520207432961918,0.3969607821764673,"3. Aléatoire (Variable)","HadGEM2  CCLM4-8-17","HadGEM2 (Extrême sec)"
2045,"1. Étang de Tête",69.85888736718637,37.06011204011329,924.15168,8982754.3296,0.14734969485226265,0.19263708484917705,0.3824451852095194,"3. Aléatoire (Variable)","HadGEM2  CCLM4-8-17","HadGEM2 (Extrême sec)"
2045,"2. Étang de Milieu",61.21957668457492,35.357889418630506,924.15168,8982754.3296,0.14734969485226265,0.19263708484917705,0.3824451852095194,"3. Aléatoire (Variable)","HadGEM2  CCLM4-8-17","HadGEM2 (Extrême sec)"
2045,"3. Étang Exutoire",98.91901319542832,53.60651230875505,924.15168,8982754.3296,0.14734969485226265,0.19263708484917705,0.3824451852095194,"3. Aléatoire (Variable)","HadGEM2  CCLM4-8-17","HadGEM2 (Extrême sec)"
2046,"1. Étang de Tête",42.031192662012565,56.610489505850225,1106.68032,10756932.7104,0.06896063588361291,0.1361241889568005,0.3731382251246463,"3. Aléatoire (Variable)","HadGEM2  CCLM4-8-17","HadGEM2 (Extrême sec)"
2046,"2. Étang de Milieu",66.76253665039594,76.6924234693461,1106.68032,10756932.7104,0.06896063588361291,0.1361241889568005,0.3731382251246463,"3. Aléatoire (Variable)","HadGEM2  CCLM4-8-17","HadGEM2 (Extrême sec)"
2046,"3. Étang Exutoire",100,86.71381313920318,1106.68032,10756932.7104,0.06896063588361291,0.1361241889568005,0.3731382251246463,"3. Aléatoire (Variable)","HadGEM2  CCLM4-8-17","HadGEM2 (Extrême sec)"
2047,"1. Étang de Tête",57.78882726964066,18.89485490678169,987.5692799999999,9599173.4016,0.1701395869415384,0.18760376648950497,0.3743939901472818,"3. Aléatoire (Variable)","HadGEM2  CCLM4-8-17","HadGEM2 (Extrême sec)"
2047,"2. Étang de Milieu",57.83316475917211,26.01761331646275,987.5692799999999,9599173.4016,0.1701395869415384,0.18760376648950497,0.3743939901472818,"3. Aléatoire (Variable)","HadGEM2  CCLM4-8-17","HadGEM2 (Extrême sec)"
2047,"3. Étang Exutoire",99.38695888992358,37.93681242874945,987.5692799999999,9599173.4016,0.1701395869415384,0.18760376648950497,0.3743939901472818,"3. Aléatoire (Variable)","HadGEM2  CCLM4-8-17","HadGEM2 (Extrême sec)"
2048,"1. Étang de Tête",68.02155108677631,22.063814487331925,1133.24832,11015173.6704,0.12008445725667859,0.14663010962933073,0.40199732103200214,"3. Aléatoire (Variable)","HadGEM2  CCLM4-8-17","HadGEM2 (Extrême sec)"
2048,"2. Étang de Milieu",66.94547395823625,31.22521747162925,1133.24832,11015173.6704,0.12008445725667859,0.14663010962933073,0.40199732103200214,"3. Aléatoire (Variable)","HadGEM2  CCLM4-8-17","HadGEM2 (Extrême sec)"
2048,"3. Étang Exutoire",0,0,1133.24832,11015173.6704,0.12008445725667859,0.14663010962933073,0.40199732103200214,"3. Aléatoire (Variable)","HadGEM2  CCLM4-8-17","HadGEM2 (Extrême sec)"
2049,"1. Étang de Tête",56.51543468494059,6.83458824980859,830.736,8074753.92,0.11263682632103234,0.22436114772577315,0.3640251759162251,"3. Aléatoire (Variable)","HadGEM2  CCLM4-8-17","HadGEM2 (Extrême sec)"
2049,"2. Étang de Milieu",52.02433349900779,12.3876183014321,830.736,8074753.92,0.11263682632103234,0.22436114772577315,0.3640251759162251,"3. Aléatoire (Variable)","HadGEM2  CCLM4-8-17","HadGEM2 (Extrême sec)"
2049,"3. Étang Exutoire",100,35.967431565420995,830.736,8074753.92,0.11263682632103234,0.22436114772577315,0.3640251759162251,"3. Aléatoire (Variable)","HadGEM2  CCLM4-8-17","HadGEM2 (Extrême sec)"
2050,"1. Étang de Tête",66.63806866443565,48.72792443161725,1135.35648,11035664.9856,0.03322975506420973,0.16426010134304722,0.3674987090556733,"3. Aléatoire (Variable)","HadGEM2  CCLM4-8-17","HadGEM2 (Extrême sec)"
2050,"2. Étang de Milieu",61.18900840109113,45.819165137200194,1135.35648,11035664.9856,0.03322975506420973,0.16426010134304722,0.3674987090556733,"3. Aléatoire (Variable)","HadGEM2  CCLM4-8-17","HadGEM2 (Extrême sec)"
2050,"3. Étang Exutoire",100,64.7740740982693,1135.35648,11035664.9856,0.03322975506420973,0.16426010134304722,0.3674987090556733,"3. Aléatoire (Variable)","HadGEM2  CCLM4-8-17","HadGEM2 (Extrême sec)"
2051,"1. Étang de Tête",43.038086182888605,40.517508622778884,1150.85664,11186326.5408,0.07250256596336598,0.1494778446350582,0.36165217439428937,"3. Aléatoire (Variable)","HadGEM2  CCLM4-8-17","HadGEM2 (Extrême sec)"
2051,"2. Étang de Milieu",56.61815761891511,46.058271985692016,1150.85664,11186326.5408,0.07250256596336598,0.1494778446350582,0.36165217439428937,"3. Aléatoire (Variable)","HadGEM2  CCLM4-8-17","HadGEM2 (Extrême sec)"
2051,"3. Étang Exutoire",100,68.9840672873268,1150.85664,11186326.5408,0.07250256596336598,0.1494778446350582,0.36165217439428937,"3. Aléatoire (Variable)","HadGEM2  CCLM4-8-17","HadGEM2 (Extrême sec)"
2052,"1. Étang de Tête",50.15268259909348,3.776042770633352,823.85856,8007905.2032,0.1977491580297068,0.2549202923366479,0.3953984763739521,"3. Aléatoire (Variable)","HadGEM2  CCLM4-8-17","HadGEM2 (Extrême sec)"
2052,"2. Étang de Milieu",68.95343681304085,19.26200020884299,823.85856,8007905.2032,0.1977491580297068,0.2549202923366479,0.3953984763739521,"3. Aléatoire (Variable)","HadGEM2  CCLM4-8-17","HadGEM2 (Extrême sec)"
2052,"3. Étang Exutoire",100,21.865630384017923,823.85856,8007905.2032,0.1977491580297068,0.2549202923366479,0.3953984763739521,"3. Aléatoire (Variable)","HadGEM2  CCLM4-8-17","HadGEM2 (Extrême sec)"
2053,"1. Étang de Tête",66.47492252867971,18.582358660450332,946.19232,9196989.3504,0.07011640861016392,0.22430356311118393,0.37919745950508355,"3. Aléatoire (Variable)","HadGEM2  CCLM4-8-17","HadGEM2 (Extrême sec)"
2053,"2. Étang de Milieu",63.77213490515121,23.230460298558246,946.19232,9196989.3504,0.07011640861016392,0.22430356311118393,0.37919745950508355,"3. Aléatoire (Variable)","HadGEM2  CCLM4-8-17","HadGEM2 (Extrême sec)"
2053,"3. Étang Exutoire",99.68227604917108,37.70569441726192,946.19232,9196989.3504,0.07011640861016392,0.22430356311118393,0.37919745950508355,"3. Aléatoire (Variable)","HadGEM2  CCLM4-8-17","HadGEM2 (Extrême sec)"
2054,"1. Étang de Tête",48.294121794009214,7.6925671924711,1010.80224,9824997.7728,0.06570071805428433,0.180593363665194,0.3752262879995659,"3. Aléatoire (Variable)","HadGEM2  CCLM4-8-17","HadGEM2 (Extrême sec)"
2054,"2. Étang de Milieu",53.876630646768625,18.575578943156835,1010.80224,9824997.7728,0.06570071805428433,0.180593363665194,0.3752262879995659,"3. Aléatoire (Variable)","HadGEM2  CCLM4-8-17","HadGEM2 (Extrême sec)"
2054,"3. Étang Exutoire",97.64144182901823,25.90404088219834,1010.80224,9824997.7728,0.06570071805428433,0.180593363665194,0.3752262879995659,"3. Aléatoire (Variable)","HadGEM2  CCLM4-8-17","HadGEM2 (Extrême sec)"
2055,"1. Étang de Tête",36.694735890774375,18.03566651535691,883.53504,8587960.5888,0.055072179066936885,0.19327837321638508,0.35967686634602913,"3. Aléatoire (Variable)","HadGEM2  CCLM4-8-17","HadGEM2 (Extrême sec)"
2055,"2. Étang de Milieu",46.896186288259024,26.417682477874422,883.53504,8587960.5888,0.055072179066936885,0.19327837321638508,0.35967686634602913,"3. Aléatoire (Variable)","HadGEM2  CCLM4-8-17","HadGEM2 (Extrême sec)"
2055,"3. Étang Exutoire",0,0,883.53504,8587960.5888,0.055072179066936885,0.19327837321638508,0.35967686634602913,"3. Aléatoire (Variable)","HadGEM2  CCLM4-8-17","HadGEM2 (Extrême sec)"
2056,"1. Étang de Tête",43.68723060435967,42.68250915923208,1065.75264,10359115.660799999,0.06696389532540806,0.14596827425014028,0.3896566055195374,"3. Aléatoire (Variable)","HadGEM2  CCLM4-8-17","HadGEM2 (Extrême sec)"
2056,"2. Étang de Milieu",57.80052574476135,59.28231743664985,1065.75264,10359115.660799999,0.06696389532540806,0.14596827425014028,0.3896566055195374,"3. Aléatoire (Variable)","HadGEM2  CCLM4-8-17","HadGEM2 (Extrême sec)"
2056,"3. Étang Exutoire",98.72759283110636,70.41889208494364,1065.75264,10359115.660799999,0.06696389532540806,0.14596827425014028,0.3896566055195374,"3. Aléatoire (Variable)","HadGEM2  CCLM4-8-17","HadGEM2 (Extrême sec)"
2057,"1. Étang de Tête",35.21642099458537,35.790670741920344,1047.01248,10176961.3056,0.14112111043279185,0.15959056672987448,0.35409578240727557,"3. Aléatoire (Variable)","HadGEM2  CCLM4-8-17","HadGEM2 (Extrême sec)"
2057,"2. Étang de Milieu",55.77416135347662,45.77458376178647,1047.01248,10176961.3056,0.14112111043279185,0.15959056672987448,0.35409578240727557,"3. Aléatoire (Variable)","HadGEM2  CCLM4-8-17","HadGEM2 (Extrême sec)"
2057,"3. Étang Exutoire",100,78.61595269933217,1047.01248,10176961.3056,0.14112111043279185,0.15959056672987448,0.35409578240727557,"3. Aléatoire (Variable)","HadGEM2  CCLM4-8-17","HadGEM2 (Extrême sec)"
2058,"1. Étang de Tête",51.9398224954102,0,736.87104,7162386.5088,0.18369470780110614,0.19118553320062995,0.3866827348593084,"3. Aléatoire (Variable)","HadGEM2  CCLM4-8-17","HadGEM2 (Extrême sec)"
2058,"2. Étang de Milieu",47.44532756944749,4.199668139740027,736.87104,7162386.5088,0.18369470780110614,0.19118553320062995,0.3866827348593084,"3. Aléatoire (Variable)","HadGEM2  CCLM4-8-17","HadGEM2 (Extrême sec)"
2058,"3. Étang Exutoire",99.08664924158069,0,736.87104,7162386.5088,0.18369470780110614,0.19118553320062995,0.3866827348593084,"3. Aléatoire (Variable)","HadGEM2  CCLM4-8-17","HadGEM2 (Extrême sec)"
2059,"1. Étang de Tête",53.82858542051451,7.972354227598001,904.80672,8794721.318400001,0.02039308003705195,0.2622622201914164,0.3663163675110466,"3. Aléatoire (Variable)","HadGEM2  CCLM4-8-17","HadGEM2 (Extrême sec)"
2059,"2. Étang de Milieu",51.92713029770007,10.035303521290915,904.80672,8794721.318400001,0.02039308003705195,0.2622622201914164,0.3663163675110466,"3. Aléatoire (Variable)","HadGEM2  CCLM4-8-17","HadGEM2 (Extrême sec)"
2059,"3. Étang Exutoire",99.73464287353322,26.753306387751945,904.80672,8794721.318400001,0.02039308003705195,0.2622622201914164,0.3663163675110466,"3. Aléatoire (Variable)","HadGEM2  CCLM4-8-17","HadGEM2 (Extrême sec)"
2060,"1. Étang de Tête",29.203542087245076,1.5468574048649921,810.61344,7879162.6367999995,0.060698686024503366,0.2107155301085388,0.35683211647123836,"3. Aléatoire (Variable)","HadGEM2  CCLM4-8-17","HadGEM2 (Extrême sec)"
2060,"2. Étang de Milieu",43.190889871279836,13.750033594117745,810.61344,7879162.6367999995,0.060698686024503366,0.2107155301085388,0.35683211647123836,"3. Aléatoire (Variable)","HadGEM2  CCLM4-8-17","HadGEM2 (Extrême sec)"
2060,"3. Étang Exutoire",99.43974203190265,44.74265429412848,810.61344,7879162.6367999995,0.060698686024503366,0.2107155301085388,0.35683211647123836,"3. Aléatoire (Variable)","HadGEM2  CCLM4-8-17","HadGEM2 (Extrême sec)"
2061,"1. Étang de Tête",30.862051094494337,0,714.55392,6945464.1024,0.05001974461399639,0.16957059423829027,0.34911613659812346,"3. Aléatoire (Variable)","HadGEM2  CCLM4-8-17","HadGEM2 (Extrême sec)"
2061,"2. Étang de Milieu",41.098408715496795,2.6255307369657213,714.55392,6945464.1024,0.05001974461399639,0.16957059423829027,0.34911613659812346,"3. Aléatoire (Variable)","HadGEM2  CCLM4-8-17","HadGEM2 (Extrême sec)"
2061,"3. Étang Exutoire",0,0,714.55392,6945464.1024,0.05001974461399639,0.16957059423829027,0.34911613659812346,"3. Aléatoire (Variable)","HadGEM2  CCLM4-8-17","HadGEM2 (Extrême sec)"
2062,"1. Étang de Tête",68.39441028326435,15.523552785891757,1118.81952,10874925.7344,0.06089074918745086,0.20218496867606095,0.3905611663492638,"3. Aléatoire (Variable)","HadGEM2  CCLM4-8-17","HadGEM2 (Extrême sec)"
2062,"2. Étang de Milieu",67.38288506847104,28.63420225383861,1118.81952,10874925.7344,0.06089074918745086,0.20218496867606095,0.3905611663492638,"3. Aléatoire (Variable)","HadGEM2  CCLM4-8-17","HadGEM2 (Extrême sec)"
2062,"3. Étang Exutoire",100,28.597246875125965,1118.81952,10874925.7344,0.06089074918745086,0.20218496867606095,0.3905611663492638,"3. Aléatoire (Variable)","HadGEM2  CCLM4-8-17","HadGEM2 (Extrême sec)"
2063,"1. Étang de Tête",63.11379758433806,4.830522283400131,924.90336,8990060.6592,0.07544177835424333,0.24924121718920358,0.35544413771697375,"3. Aléatoire (Variable)","HadGEM2  CCLM4-8-17","HadGEM2 (Extrême sec)"
2063,"2. Étang de Milieu",61.23575832416902,10.168623723423085,924.90336,8990060.6592,0.07544177835424333,0.24924121718920358,0.35544413771697375,"3. Aléatoire (Variable)","HadGEM2  CCLM4-8-17","HadGEM2 (Extrême sec)"
2063,"3. Étang Exutoire",100,24.62222678439431,924.90336,8990060.6592,0.07544177835424333,0.24924121718920358,0.35544413771697375,"3. Aléatoire (Variable)","HadGEM2  CCLM4-8-17","HadGEM2 (Extrême sec)"
2064,"1. Étang de Tête",40.09287167957081,24.150759989499207,895.12992,8700662.8224,0.06610077568742817,0.20219110500360343,0.38150547288569053,"3. Aléatoire (Variable)","HadGEM2  CCLM4-8-17","HadGEM2 (Extrême sec)"
2064,"2. Étang de Milieu",45.87937221409375,27.55178190623968,895.12992,8700662.8224,0.06610077568742817,0.20219110500360343,0.38150547288569053,"3. Aléatoire (Variable)","HadGEM2  CCLM4-8-17","HadGEM2 (Extrême sec)"
2064,"3. Étang Exutoire",33.5528659409005,47.92483018110375,895.12992,8700662.8224,0.06610077568742817,0.20219110500360343,0.38150547288569053,"3. Aléatoire (Variable)","HadGEM2  CCLM4-8-17","HadGEM2 (Extrême sec)"
2065,"1. Étang de Tête",33.88697322373945,28.501610823622496,1222.05888,11878412.3136,0.06686517528038048,0.12526605948866473,0.37083230772978676,"3. Aléatoire (Variable)","HadGEM2  CCLM4-8-17","HadGEM2 (Extrême sec)"
2065,"2. Étang de Milieu",48.288931806029325,37.839737193672484,1222.05888,11878412.3136,0.06686517528038048,0.12526605948866473,0.37083230772978676,"3. Aléatoire (Variable)","HadGEM2  CCLM4-8-17","HadGEM2 (Extrême sec)"
2065,"3. Étang Exutoire",100,58.11508661765124,1222.05888,11878412.3136,0.06686517528038048,0.12526605948866473,0.37083230772978676,"3. Aléatoire (Variable)","HadGEM2  CCLM4-8-17","HadGEM2 (Extrême sec)"
2066,"1. Étang de Tête",71.7931456015612,19.082462845904026,1148.2128,11160628.416,0.16403665128317774,0.17607493940335445,0.3951682579068277,"3. Aléatoire (Variable)","HadGEM2  CCLM4-8-17","HadGEM2 (Extrême sec)"
2066,"2. Étang de Milieu",85.66761875656651,34.99530023903231,1148.2128,11160628.416,0.16403665128317774,0.17607493940335445,0.3951682579068277,"3. Aléatoire (Variable)","HadGEM2  CCLM4-8-17","HadGEM2 (Extrême sec)"
2066,"3. Étang Exutoire",99.80135601639036,35.571661826571464,1148.2128,11160628.416,0.16403665128317774,0.17607493940335445,0.3951682579068277,"3. Aléatoire (Variable)","HadGEM2  CCLM4-8-17","HadGEM2 (Extrême sec)"
2067,"1. Étang de Tête",87.43815627380722,45.96300903155845,1154.09664,11217819.3408,0.1257625582508368,0.16496605554326396,0.3926077254413224,"3. Aléatoire (Variable)","HadGEM2  CCLM4-8-17","HadGEM2 (Extrême sec)"
2067,"2. Étang de Milieu",80.92290517401528,48.462112306763295,1154.09664,11217819.3408,0.1257625582508368,0.16496605554326396,0.3926077254413224,"3. Aléatoire (Variable)","HadGEM2  CCLM4-8-17","HadGEM2 (Extrême sec)"
2067,"3. Étang Exutoire",99.21670347774251,57.72329739826239,1154.09664,11217819.3408,0.1257625582508368,0.16496605554326396,0.3926077254413224,"3. Aléatoire (Variable)","HadGEM2  CCLM4-8-17","HadGEM2 (Extrême sec)"
2068,"1. Étang de Tête",47.060182963631036,9.812850556956258,994.02336,9661907.0592,0.15282612010292773,0.15940922252139064,0.3837705916279893,"3. Aléatoire (Variable)","HadGEM2  CCLM4-8-17","HadGEM2 (Extrême sec)"
2068,"2. Étang de Milieu",51.19150026451441,16.672693727832815,994.02336,9661907.0592,0.15282612010292773,0.15940922252139064,0.3837705916279893,"3. Aléatoire (Variable)","HadGEM2  CCLM4-8-17","HadGEM2 (Extrême sec)"
2068,"3. Étang Exutoire",0,0,994.02336,9661907.0592,0.15282612010292773,0.15940922252139064,0.3837705916279893,"3. Aléatoire (Variable)","HadGEM2  CCLM4-8-17","HadGEM2 (Extrême sec)"
2069,"1. Étang de Tête",63.05130001735597,27.08364423951004,1026.2592,9975239.423999999,0.05447798482370057,0.20120949498067212,0.3724792974610369,"3. Aléatoire (Variable)","HadGEM2  CCLM4-8-17","HadGEM2 (Extrême sec)"
2069,"2. Étang de Milieu",61.88986819769556,34.48071647154276,1026.2592,9975239.423999999,0.05447798482370057,0.20120949498067212,0.3724792974610369,"3. Aléatoire (Variable)","HadGEM2  CCLM4-8-17","HadGEM2 (Extrême sec)"
2069,"3. Étang Exutoire",100,47.73833045404265,1026.2592,9975239.423999999,0.05447798482370057,0.20120949498067212,0.3724792974610369,"3. Aléatoire (Variable)","HadGEM2  CCLM4-8-17","HadGEM2 (Extrême sec)"
2070,"1. Étang de Tête",66.31569749063597,14.42820194421974,861.65856,8375321.203199999,0.08807316361260671,0.253499474346537,0.37968561273417145,"3. Aléatoire (Variable)","HadGEM2  CCLM4-8-17","HadGEM2 (Extrême sec)"
2070,"2. Étang de Milieu",61.087343324829774,23.687182276239227,861.65856,8375321.203199999,0.08807316361260671,0.253499474346537,0.37968561273417145,"3. Aléatoire (Variable)","HadGEM2  CCLM4-8-17","HadGEM2 (Extrême sec)"
2070,"3. Étang Exutoire",97.27852421307466,30.476422875894194,861.65856,8375321.203199999,0.08807316361260671,0.253499474346537,0.37968561273417145,"3. Aléatoire (Variable)","HadGEM2  CCLM4-8-17","HadGEM2 (Extrême sec)"
2026,"1. Étang de Tête",92.16182884176474,69.32295873171947,1157.30208,11248976.2176,0.0556834092899429,0.1490800684893956,0.3727712866851932,"3. Aléatoire (Variable)","HadGEM2  RegCM4-6","HadGEM2 (Chaud/Sec modéré)"
2026,"2. Étang de Milieu",83.42415708945927,73.47153603373293,1157.30208,11248976.2176,0.0556834092899429,0.1490800684893956,0.3727712866851932,"3. Aléatoire (Variable)","HadGEM2  RegCM4-6","HadGEM2 (Chaud/Sec modéré)"
2026,"3. Étang Exutoire",99.77580630210464,74.02241946253073,1157.30208,11248976.2176,0.0556834092899429,0.1490800684893956,0.3727712866851932,"3. Aléatoire (Variable)","HadGEM2  RegCM4-6","HadGEM2 (Chaud/Sec modéré)"
2027,"1. Étang de Tête",74.7355974527503,71.92692920580532,1218.11904,11840117.068799999,0.24675289717366813,0.1519797714364862,0.3946252806098479,"3. Aléatoire (Variable)","HadGEM2  RegCM4-6","HadGEM2 (Chaud/Sec modéré)"
2027,"2. Étang de Milieu",76.07641251643219,77.14129385946944,1218.11904,11840117.068799999,0.24675289717366813,0.1519797714364862,0.3946252806098479,"3. Aléatoire (Variable)","HadGEM2  RegCM4-6","HadGEM2 (Chaud/Sec modéré)"
2027,"3. Étang Exutoire",100,78.78585168382857,1218.11904,11840117.068799999,0.24675289717366813,0.1519797714364862,0.3946252806098479,"3. Aléatoire (Variable)","HadGEM2  RegCM4-6","HadGEM2 (Chaud/Sec modéré)"
2028,"1. Étang de Tête",55.40814140783017,34.69126455429659,1092.36384,10617776.524799999,0.19746144169827462,0.17651626459716868,0.37182908501140255,"3. Aléatoire (Variable)","HadGEM2  RegCM4-6","HadGEM2 (Chaud/Sec modéré)"
2028,"2. Étang de Milieu",75.50412297716123,55.69584571915007,1092.36384,10617776.524799999,0.19746144169827462,0.17651626459716868,0.37182908501140255,"3. Aléatoire (Variable)","HadGEM2  RegCM4-6","HadGEM2 (Chaud/Sec modéré)"
2028,"3. Étang Exutoire",95.70399863622026,69.95557826875746,1092.36384,10617776.524799999,0.19746144169827462,0.17651626459716868,0.37182908501140255,"3. Aléatoire (Variable)","HadGEM2  RegCM4-6","HadGEM2 (Chaud/Sec modéré)"
2029,"1. Étang de Tête",18.27278861495447,16.041630706971887,964.4832,9374776.704,0.08689789839919497,0.13881491124728443,0.3476867149714561,"3. Aléatoire (Variable)","HadGEM2  RegCM4-6","HadGEM2 (Chaud/Sec modéré)"
2029,"2. Étang de Milieu",47.86034929483511,42.451540163135896,964.4832,9374776.704,0.08689789839919497,0.13881491124728443,0.3476867149714561,"3. Aléatoire (Variable)","HadGEM2  RegCM4-6","HadGEM2 (Chaud/Sec modéré)"
2029,"3. Étang Exutoire",97.35948579265276,84.11122678491394,964.4832,9374776.704,0.08689789839919497,0.13881491124728443,0.3476867149714561,"3. Aléatoire (Variable)","HadGEM2  RegCM4-6","HadGEM2 (Chaud/Sec modéré)"
2030,"1. Étang de Tête",78.97138567733316,28.73745857037611,1075.68,10455609.600000001,0.09952834586609756,0.16155020950712867,0.37786967472476274,"3. Aléatoire (Variable)","HadGEM2  RegCM4-6","HadGEM2 (Chaud/Sec modéré)"
2030,"2. Étang de Milieu",63.23452315050249,30.48298832532756,1075.68,10455609.600000001,0.09952834586609756,0.16155020950712867,0.37786967472476274,"3. Aléatoire (Variable)","HadGEM2  RegCM4-6","HadGEM2 (Chaud/Sec modéré)"
2030,"3. Étang Exutoire",99.68937319202821,51.65134286458088,1075.68,10455609.600000001,0.09952834586609756,0.16155020950712867,0.37786967472476274,"3. Aléatoire (Variable)","HadGEM2  RegCM4-6","HadGEM2 (Chaud/Sec modéré)"
2031,"1. Étang de Tête",76.93733411384851,56.151945607895996,1354.45824,13165334.0928,0.09584636722412,0.1283399280846384,0.38195466007149204,"3. Aléatoire (Variable)","HadGEM2  RegCM4-6","HadGEM2 (Chaud/Sec modéré)"
2031,"2. Étang de Milieu",74.03550785619849,58.77559407384996,1354.45824,13165334.0928,0.09584636722412,0.1283399280846384,0.38195466007149204,"3. Aléatoire (Variable)","HadGEM2  RegCM4-6","HadGEM2 (Chaud/Sec modéré)"
2031,"3. Étang Exutoire",0,0,1354.45824,13165334.0928,0.09584636722412,0.1283399280846384,0.38195466007149204,"3. Aléatoire (Variable)","HadGEM2  RegCM4-6","HadGEM2 (Chaud/Sec modéré)"
2032,"1. Étang de Tête",46.74636469997778,29.68649192829228,1256.00544,12208372.876799999,0.1874417391885342,0.1087138370202033,0.3785471865628889,"3. Aléatoire (Variable)","HadGEM2  RegCM4-6","HadGEM2 (Chaud/Sec modéré)"
2032,"2. Étang de Milieu",76.05807564697379,55.02876666801885,1256.00544,12208372.876799999,0.1874417391885342,0.1087138370202033,0.3785471865628889,"3. Aléatoire (Variable)","HadGEM2  RegCM4-6","HadGEM2 (Chaud/Sec modéré)"
2032,"3. Étang Exutoire",99.74128870346208,73.9940858547191,1256.00544,12208372.876799999,0.1874417391885342,0.1087138370202033,0.3785471865628889,"3. Aléatoire (Variable)","HadGEM2  RegCM4-6","HadGEM2 (Chaud/Sec modéré)"
2033,"1. Étang de Tête",43.16750707873397,25.80255445497059,922.07808,8962598.9376,0.1421331281327046,0.16858792840970466,0.37153467984516103,"3. Aléatoire (Variable)","HadGEM2  RegCM4-6","HadGEM2 (Chaud/Sec modéré)"
2033,"2. Étang de Milieu",58.69172388263295,35.31980769549256,922.07808,8962598.9376,0.1421331281327046,0.16858792840970466,0.37153467984516103,"3. Aléatoire (Variable)","HadGEM2  RegCM4-6","HadGEM2 (Chaud/Sec modéré)"
2033,"3. Étang Exutoire",98.91620652894917,57.820290488382476,922.07808,8962598.9376,0.1421331281327046,0.16858792840970466,0.37153467984516103,"3. Aléatoire (Variable)","HadGEM2  RegCM4-6","HadGEM2 (Chaud/Sec modéré)"
2034,"1. Étang de Tête",35.3504716446906,1.3346517334003054,892.92672,8679247.718400002,0.039318456363960044,0.20444832489409157,0.3414609524282731,"3. Aléatoire (Variable)","HadGEM2  RegCM4-6","HadGEM2 (Chaud/Sec modéré)"
2034,"2. Étang de Milieu",53.60254922330769,22.884098383179552,892.92672,8679247.718400002,0.039318456363960044,0.20444832489409157,0.3414609524282731,"3. Aléatoire (Variable)","HadGEM2  RegCM4-6","HadGEM2 (Chaud/Sec modéré)"
2034,"3. Étang Exutoire",57.53995705312469,11.816339011934565,892.92672,8679247.718400002,0.039318456363960044,0.20444832489409157,0.3414609524282731,"3. Aléatoire (Variable)","HadGEM2  RegCM4-6","HadGEM2 (Chaud/Sec modéré)"
2035,"1. Étang de Tête",60.52638052582154,25.034805895238353,1077.30432,10471397.9904,0.07206277146579701,0.1584202590713883,0.3602231953719656,"3. Aléatoire (Variable)","HadGEM2  RegCM4-6","HadGEM2 (Chaud/Sec modéré)"
2035,"2. Étang de Milieu",63.70092698885325,36.1152802047893,1077.30432,10471397.9904,0.07206277146579701,0.1584202590713883,0.3602231953719656,"3. Aléatoire (Variable)","HadGEM2  RegCM4-6","HadGEM2 (Chaud/Sec modéré)"
2035,"3. Étang Exutoire",0,0,1077.30432,10471397.9904,0.07206277146579701,0.1584202590713883,0.3602231953719656,"3. Aléatoire (Variable)","HadGEM2  RegCM4-6","HadGEM2 (Chaud/Sec modéré)"
2036,"1. Étang de Tête",52.80119551898637,34.80476031287284,986.28192,9586660.262400001,0.1015361166144504,0.16769145662799134,0.3742185124850252,"3. Aléatoire (Variable)","HadGEM2  RegCM4-6","HadGEM2 (Chaud/Sec modéré)"
2036,"2. Étang de Milieu",58.4477103058348,40.94524002980077,986.28192,9586660.262400001,0.1015361166144504,0.16769145662799134,0.3742185124850252,"3. Aléatoire (Variable)","HadGEM2  RegCM4-6","HadGEM2 (Chaud/Sec modéré)"
2036,"3. Étang Exutoire",98.79579155726674,62.99583423301639,986.28192,9586660.262400001,0.1015361166144504,0.16769145662799134,0.3742185124850252,"3. Aléatoire (Variable)","HadGEM2  RegCM4-6","HadGEM2 (Chaud/Sec modéré)"
2037,"1. Étang de Tête",31.798002503662143,17.49302642664253,901.53216,8762892.5952,0.08499782902166404,0.18580190972240926,0.3521036343170618,"3. Aléatoire (Variable)","HadGEM2  RegCM4-6","HadGEM2 (Chaud/Sec modéré)"
2037,"2. Étang de Milieu",41.14942804879737,27.136229589646124,901.53216,8762892.5952,0.08499782902166404,0.18580190972240926,0.3521036343170618,"3. Aléatoire (Variable)","HadGEM2  RegCM4-6","HadGEM2 (Chaud/Sec modéré)"
2037,"3. Étang Exutoire",74.57373539680815,72.87168948543628,901.53216,8762892.5952,0.08499782902166404,0.18580190972240926,0.3521036343170618,"3. Aléatoire (Variable)","HadGEM2  RegCM4-6","HadGEM2 (Chaud/Sec modéré)"
2038,"1. Étang de Tête",45.85881665834467,43.833035462985315,1505.54592,14633906.3424,0.10137673894801198,0.08454088532164988,0.378259233413753,"3. Aléatoire (Variable)","HadGEM2  RegCM4-6","HadGEM2 (Chaud/Sec modéré)"
2038,"2. Étang de Milieu",66.00163169183978,65.90291891411492,1505.54592,14633906.3424,0.10137673894801198,0.08454088532164988,0.378259233413753,"3. Aléatoire (Variable)","HadGEM2  RegCM4-6","HadGEM2 (Chaud/Sec modéré)"
2038,"3. Étang Exutoire",100,85.34226412256157,1505.54592,14633906.3424,0.10137673894801198,0.08454088532164988,0.378259233413753,"3. Aléatoire (Variable)","HadGEM2  RegCM4-6","HadGEM2 (Chaud/Sec modéré)"
2039,"1. Étang de Tête",55.0778398740759,43.987828844141035,1118.30976,10869970.8672,0.19554640610569385,0.13886106435087411,0.39086803536581866,"3. Aléatoire (Variable)","HadGEM2  RegCM4-6","HadGEM2 (Chaud/Sec modéré)"
2039,"2. Étang de Milieu",73.64538807865823,60.36860553855046,1118.30976,10869970.8672,0.19554640610569385,0.13886106435087411,0.39086803536581866,"3. Aléatoire (Variable)","HadGEM2  RegCM4-6","HadGEM2 (Chaud/Sec modéré)"
2039,"3. Étang Exutoire",100,78.86250711414135,1118.30976,10869970.8672,0.19554640610569385,0.13886106435087411,0.39086803536581866,"3. Aléatoire (Variable)","HadGEM2  RegCM4-6","HadGEM2 (Chaud/Sec modéré)"
2040,"1. Étang de Tête",47.25690261224537,93.01876403674858,1373.44032,13349839.9104,0.1462175635002276,0.08960048694104525,0.37565883281853585,"3. Aléatoire (Variable)","HadGEM2  RegCM4-6","HadGEM2 (Chaud/Sec modéré)"
2040,"2. Étang de Milieu",61.6793696860683,74.37772170088371,1373.44032,13349839.9104,0.1462175635002276,0.08960048694104525,0.37565883281853585,"3. Aléatoire (Variable)","HadGEM2  RegCM4-6","HadGEM2 (Chaud/Sec modéré)"
2040,"3. Étang Exutoire",100,98.92501234273433,1373.44032,13349839.9104,0.1462175635002276,0.08960048694104525,0.37565883281853585,"3. Aléatoire (Variable)","HadGEM2  RegCM4-6","HadGEM2 (Chaud/Sec modéré)"
2041,"1. Étang de Tête",16.475120118232745,15.060626914749339,880.5542399999999,8558987.2128,0.16937687690875686,0.18077044696391734,0.355445538940289,"3. Aléatoire (Variable)","HadGEM2  RegCM4-6","HadGEM2 (Chaud/Sec modéré)"
2041,"2. Étang de Milieu",37.13533959195111,37.3859931743752,880.5542399999999,8558987.2128,0.16937687690875686,0.18077044696391734,0.355445538940289,"3. Aléatoire (Variable)","HadGEM2  RegCM4-6","HadGEM2 (Chaud/Sec modéré)"
2041,"3. Étang Exutoire",99.5120166558762,86.22813223885633,880.5542399999999,8558987.2128,0.16937687690875686,0.18077044696391734,0.355445538940289,"3. Aléatoire (Variable)","HadGEM2  RegCM4-6","HadGEM2 (Chaud/Sec modéré)"
2042,"1. Étang de Tête",38.662564557585924,6.734733692715423,1132.13376,11004340.1472,0.09320725001587579,0.14829301700781447,0.364301748334916,"3. Aléatoire (Variable)","HadGEM2  RegCM4-6","HadGEM2 (Chaud/Sec modéré)"
2042,"2. Étang de Milieu",61.06389127804723,18.7316126149843,1132.13376,11004340.1472,0.09320725001587579,0.14829301700781447,0.364301748334916,"3. Aléatoire (Variable)","HadGEM2  RegCM4-6","HadGEM2 (Chaud/Sec modéré)"
2042,"3. Étang Exutoire",0,0,1132.13376,11004340.1472,0.09320725001587579,0.14829301700781447,0.364301748334916,"3. Aléatoire (Variable)","HadGEM2  RegCM4-6","HadGEM2 (Chaud/Sec modéré)"
2043,"1. Étang de Tête",33.88369304833311,24.965800213991283,1003.104,9750170.879999999,0.04588157959958919,0.16520192104340137,0.3711015748636769,"3. Aléatoire (Variable)","HadGEM2  RegCM4-6","HadGEM2 (Chaud/Sec modéré)"
2043,"2. Étang de Milieu",55.97721651990153,45.64311872695351,1003.104,9750170.879999999,0.04588157959958919,0.16520192104340137,0.3711015748636769,"3. Aléatoire (Variable)","HadGEM2  RegCM4-6","HadGEM2 (Chaud/Sec modéré)"
2043,"3. Étang Exutoire",96.53499544005776,69.52767745384959,1003.104,9750170.879999999,0.04588157959958919,0.16520192104340137,0.3711015748636769,"3. Aléatoire (Variable)","HadGEM2  RegCM4-6","HadGEM2 (Chaud/Sec modéré)"
2044,"1. Étang de Tête",62.001685568067,47.81580511705799,1499.67072,14576799.398400001,0.16146026144663106,0.12771312434214058,0.3914946612851002,"3. Aléatoire (Variable)","HadGEM2  RegCM4-6","HadGEM2 (Chaud/Sec modéré)"
2044,"2. Étang de Milieu",64.49201424132876,51.2185724196191,1499.67072,14576799.398400001,0.16146026144663106,0.12771312434214058,0.3914946612851002,"3. Aléatoire (Variable)","HadGEM2  RegCM4-6","HadGEM2 (Chaud/Sec modéré)"
2044,"3. Étang Exutoire",96.39039497344103,63.70542096478597,1499.67072,14576799.398400001,0.16146026144663106,0.12771312434214058,0.3914946612851002,"3. Aléatoire (Variable)","HadGEM2  RegCM4-6","HadGEM2 (Chaud/Sec modéré)"
2045,"1. Étang de Tête",65.7094975210119,42.81882166227982,1016.08128,9876310.0416,0.1803817181065731,0.166134000072366,0.3776549768812275,"3. Aléatoire (Variable)","HadGEM2  RegCM4-6","HadGEM2 (Chaud/Sec modéré)"
2045,"2. Étang de Milieu",59.117134538741915,40.06961760359087,1016.08128,9876310.0416,0.1803817181065731,0.166134000072366,0.3776549768812275,"3. Aléatoire (Variable)","HadGEM2  RegCM4-6","HadGEM2 (Chaud/Sec modéré)"
2045,"3. Étang Exutoire",95.76133985167179,56.82915227504341,1016.08128,9876310.0416,0.1803817181065731,0.166134000072366,0.3776549768812275,"3. Aléatoire (Variable)","HadGEM2  RegCM4-6","HadGEM2 (Chaud/Sec modéré)"
2046,"1. Étang de Tête",26.41274925384342,27.410695097246247,877.36608,8527998.2976,0.06760949374043622,0.18945470397318145,0.3462159774001065,"3. Aléatoire (Variable)","HadGEM2  RegCM4-6","HadGEM2 (Chaud/Sec modéré)"
2046,"2. Étang de Milieu",60.157560439537974,59.96216384242522,877.36608,8527998.2976,0.06760949374043622,0.18945470397318145,0.3462159774001065,"3. Aléatoire (Variable)","HadGEM2  RegCM4-6","HadGEM2 (Chaud/Sec modéré)"
2046,"3. Étang Exutoire",99.84570540043043,98.1534748861622,877.36608,8527998.2976,0.06760949374043622,0.18945470397318145,0.3462159774001065,"3. Aléatoire (Variable)","HadGEM2  RegCM4-6","HadGEM2 (Chaud/Sec modéré)"
2047,"1. Étang de Tête",60.44278734577182,10.261467406902286,899.9856,8747860.032,0.11081804450117952,0.18514277289141848,0.36383086416071353,"3. Aléatoire (Variable)","HadGEM2  RegCM4-6","HadGEM2 (Chaud/Sec modéré)"
2047,"2. Étang de Milieu",53.100802598135466,18.13019972709777,899.9856,8747860.032,0.11081804450117952,0.18514277289141848,0.36383086416071353,"3. Aléatoire (Variable)","HadGEM2  RegCM4-6","HadGEM2 (Chaud/Sec modéré)"
2047,"3. Étang Exutoire",96.55525958053879,40.08811972796577,899.9856,8747860.032,0.11081804450117952,0.18514277289141848,0.36383086416071353,"3. Aléatoire (Variable)","HadGEM2  RegCM4-6","HadGEM2 (Chaud/Sec modéré)"
2048,"1. Étang de Tête",71.36773335946904,59.192396573496,1477.28448,14359205.1456,0.10174969794287506,0.0884736152209938,0.3916023644098067,"3. Aléatoire (Variable)","HadGEM2  RegCM4-6","HadGEM2 (Chaud/Sec modéré)"
2048,"2. Étang de Milieu",70.74413911531089,64.48826360987866,1477.28448,14359205.1456,0.10174969794287506,0.0884736152209938,0.3916023644098067,"3. Aléatoire (Variable)","HadGEM2  RegCM4-6","HadGEM2 (Chaud/Sec modéré)"
2048,"3. Étang Exutoire",0,0,1477.28448,14359205.1456,0.10174969794287506,0.0884736152209938,0.3916023644098067,"3. Aléatoire (Variable)","HadGEM2  RegCM4-6","HadGEM2 (Chaud/Sec modéré)"
2049,"1. Étang de Tête",56.881679828867775,10.257195292000144,949.02624,9224535.0528,0.20522097372084286,0.17607427837742518,0.35922757053980886,"3. Aléatoire (Variable)","HadGEM2  RegCM4-6","HadGEM2 (Chaud/Sec modéré)"
2049,"2. Étang de Milieu",50.17064953976352,15.54383419186995,949.02624,9224535.0528,0.20522097372084286,0.17607427837742518,0.35922757053980886,"3. Aléatoire (Variable)","HadGEM2  RegCM4-6","HadGEM2 (Chaud/Sec modéré)"
2049,"3. Étang Exutoire",99.53893671286775,46.99661980100435,949.02624,9224535.0528,0.20522097372084286,0.17607427837742518,0.35922757053980886,"3. Aléatoire (Variable)","HadGEM2  RegCM4-6","HadGEM2 (Chaud/Sec modéré)"
2050,"1. Étang de Tête",71.67316342424982,71.07060402480658,1365.37056,13271401.8432,0.07798734577575944,0.10818839418565739,0.37983777797592205,"3. Aléatoire (Variable)","HadGEM2  RegCM4-6","HadGEM2 (Chaud/Sec modéré)"
2050,"2. Étang de Milieu",68.02707621643665,69.90603886588309,1365.37056,13271401.8432,0.07798734577575944,0.10818839418565739,0.37983777797592205,"3. Aléatoire (Variable)","HadGEM2  RegCM4-6","HadGEM2 (Chaud/Sec modéré)"
2050,"3. Étang Exutoire",99.08026572935046,83.23330508533094,1365.37056,13271401.8432,0.07798734577575944,0.10818839418565739,0.37983777797592205,"3. Aléatoire (Variable)","HadGEM2  RegCM4-6","HadGEM2 (Chaud/Sec modéré)"
2051,"1. Étang de Tête",63.25138402680056,52.40161378061153,1305.6336,12690758.591999998,0.17216548381784616,0.13991102922119764,0.3870428530874573,"3. Aléatoire (Variable)","HadGEM2  RegCM4-6","HadGEM2 (Chaud/Sec modéré)"
2051,"2. Étang de Milieu",66.03282256905104,51.908609127758965,1305.6336,12690758.591999998,0.17216548381784616,0.13991102922119764,0.3870428530874573,"3. Aléatoire (Variable)","HadGEM2  RegCM4-6","HadGEM2 (Chaud/Sec modéré)"
2051,"3. Étang Exutoire",100,61.09245644296774,1305.6336,12690758.591999998,0.17216548381784616,0.13991102922119764,0.3870428530874573,"3. Aléatoire (Variable)","HadGEM2  RegCM4-6","HadGEM2 (Chaud/Sec modéré)"
2052,"1. Étang de Tête",40.71068809458481,19.41603916418144,846.97056,8232553.8432,0.14457302023709565,0.21099107205323134,0.3654733129434201,"3. Aléatoire (Variable)","HadGEM2  RegCM4-6","HadGEM2 (Chaud/Sec modéré)"
2052,"2. Étang de Milieu",59.164394717371586,37.628980462471226,846.97056,8232553.8432,0.14457302023709565,0.21099107205323134,0.3654733129434201,"3. Aléatoire (Variable)","HadGEM2  RegCM4-6","HadGEM2 (Chaud/Sec modéré)"
2052,"3. Étang Exutoire",100,61.124124054597075,846.97056,8232553.8432,0.14457302023709565,0.21099107205323134,0.3654733129434201,"3. Aléatoire (Variable)","HadGEM2  RegCM4-6","HadGEM2 (Chaud/Sec modéré)"
2053,"1. Étang de Tête",41.20102996887908,24.33944812927708,1124.94528,10934468.1216,0.07698649190121062,0.164609959587645,0.3571213708452345,"3. Aléatoire (Variable)","HadGEM2  RegCM4-6","HadGEM2 (Chaud/Sec modéré)"
2053,"2. Étang de Milieu",51.77224477067595,32.89474916222949,1124.94528,10934468.1216,0.07698649190121062,0.164609959587645,0.3571213708452345,"3. Aléatoire (Variable)","HadGEM2  RegCM4-6","HadGEM2 (Chaud/Sec modéré)"
2053,"3. Étang Exutoire",97.98660282300227,62.4025624668697,1124.94528,10934468.1216,0.07698649190121062,0.164609959587645,0.3571213708452345,"3. Aléatoire (Variable)","HadGEM2  RegCM4-6","HadGEM2 (Chaud/Sec modéré)"
2054,"1. Étang de Tête",66.38678432603098,27.25203667629529,1140.23808,11083114.137600001,0.1301851714547123,0.12919129399218643,0.3828650976680194,"3. Aléatoire (Variable)","HadGEM2  RegCM4-6","HadGEM2 (Chaud/Sec modéré)"
2054,"2. Étang de Milieu",68.20232348648021,36.645367530914854,1140.23808,11083114.137600001,0.1301851714547123,0.12919129399218643,0.3828650976680194,"3. Aléatoire (Variable)","HadGEM2  RegCM4-6","HadGEM2 (Chaud/Sec modéré)"
2054,"3. Étang Exutoire",97.87238651082349,50.845148918324625,1140.23808,11083114.137600001,0.1301851714547123,0.12919129399218643,0.3828650976680194,"3. Aléatoire (Variable)","HadGEM2  RegCM4-6","HadGEM2 (Chaud/Sec modéré)"
2055,"1. Étang de Tête",32.582146749621465,5.742548723056043,826.39008,8032511.5775999995,0.08998366555586836,0.22414996949790872,0.36154250284327866,"3. Aléatoire (Variable)","HadGEM2  RegCM4-6","HadGEM2 (Chaud/Sec modéré)"
2055,"2. Étang de Milieu",49.559849149437945,17.028218068970165,826.39008,8032511.5775999995,0.08998366555586836,0.22414996949790872,0.36154250284327866,"3. Aléatoire (Variable)","HadGEM2  RegCM4-6","HadGEM2 (Chaud/Sec modéré)"
2055,"3. Étang Exutoire",0,0,826.39008,8032511.5775999995,0.08998366555586836,0.22414996949790872,0.36154250284327866,"3. Aléatoire (Variable)","HadGEM2  RegCM4-6","HadGEM2 (Chaud/Sec modéré)"
2056,"1. Étang de Tête",18.942344626141168,35.447599856455525,976.67424,9493273.6128,0.009701708776200003,0.16483123433413643,0.35406465094989725,"3. Aléatoire (Variable)","HadGEM2  RegCM4-6","HadGEM2 (Chaud/Sec modéré)"
2056,"2. Étang de Milieu",36.97858767733532,44.48049936139596,976.67424,9493273.6128,0.009701708776200003,0.16483123433413643,0.35406465094989725,"3. Aléatoire (Variable)","HadGEM2  RegCM4-6","HadGEM2 (Chaud/Sec modéré)"
2056,"3. Étang Exutoire",29.685733234487927,83.19004008744729,976.67424,9493273.6128,0.009701708776200003,0.16483123433413643,0.35406465094989725,"3. Aléatoire (Variable)","HadGEM2  RegCM4-6","HadGEM2 (Chaud/Sec modéré)"
2057,"1. Étang de Tête",22.016691280940325,21.07092337916317,956.04192,9292727.4624,0.11136714851369468,0.17451825067068438,0.3510212286926188,"3. Aléatoire (Variable)","HadGEM2  RegCM4-6","HadGEM2 (Chaud/Sec modéré)"
2057,"2. Étang de Milieu",45.96147440023175,35.63323257299265,956.04192,9292727.4624,0.11136714851369468,0.17451825067068438,0.3510212286926188,"3. Aléatoire (Variable)","HadGEM2  RegCM4-6","HadGEM2 (Chaud/Sec modéré)"
2057,"3. Étang Exutoire",100,72.73088429024426,956.04192,9292727.4624,0.11136714851369468,0.17451825067068438,0.3510212286926188,"3. Aléatoire (Variable)","HadGEM2  RegCM4-6","HadGEM2 (Chaud/Sec modéré)"
2058,"1. Étang de Tête",55.01197200160663,3.920839618226551,835.75584,8123546.7648,0.1195744133744805,0.1733230864876323,0.3711283976654092,"3. Aléatoire (Variable)","HadGEM2  RegCM4-6","HadGEM2 (Chaud/Sec modéré)"
2058,"2. Étang de Milieu",43.65846003577465,11.600818350360711,835.75584,8123546.7648,0.1195744133744805,0.1733230864876323,0.3711283976654092,"3. Aléatoire (Variable)","HadGEM2  RegCM4-6","HadGEM2 (Chaud/Sec modéré)"
2058,"3. Étang Exutoire",97.51532754288533,29.40249996291301,835.75584,8123546.7648,0.1195744133744805,0.1733230864876323,0.3711283976654092,"3. Aléatoire (Variable)","HadGEM2  RegCM4-6","HadGEM2 (Chaud/Sec modéré)"
2059,"1. Étang de Tête",55.02544765522078,28.069554561306624,1080.70848,10504486.4256,0.031265239381295634,0.20432872338651972,0.369107977719282,"3. Aléatoire (Variable)","HadGEM2  RegCM4-6","HadGEM2 (Chaud/Sec modéré)"
2059,"2. Étang de Milieu",53.77197624826799,32.58210850430825,1080.70848,10504486.4256,0.031265239381295634,0.20432872338651972,0.369107977719282,"3. Aléatoire (Variable)","HadGEM2  RegCM4-6","HadGEM2 (Chaud/Sec modéré)"
2059,"3. Étang Exutoire",99.63785537799164,38.40331816798818,1080.70848,10504486.4256,0.031265239381295634,0.20432872338651972,0.369107977719282,"3. Aléatoire (Variable)","HadGEM2  RegCM4-6","HadGEM2 (Chaud/Sec modéré)"
2060,"1. Étang de Tête",42.201847240198695,37.83838400154864,1197.2102399999999,11636883.5328,0.09245885957465311,0.15635282926461644,0.37587505366003854,"3. Aléatoire (Variable)","HadGEM2  RegCM4-6","HadGEM2 (Chaud/Sec modéré)"
2060,"2. Étang de Milieu",62.46182793056837,58.51591620890879,1197.2102399999999,11636883.5328,0.09245885957465311,0.15635282926461644,0.37587505366003854,"3. Aléatoire (Variable)","HadGEM2  RegCM4-6","HadGEM2 (Chaud/Sec modéré)"
2060,"3. Étang Exutoire",99.23112581262788,69.09277607318863,1197.2102399999999,11636883.5328,0.09245885957465311,0.15635282926461644,0.37587505366003854,"3. Aléatoire (Variable)","HadGEM2  RegCM4-6","HadGEM2 (Chaud/Sec modéré)"
2061,"1. Étang de Tête",25.455725752250654,0.09140770750346874,873.39168,8489367.1296,0.15431688200011562,0.15138542457885731,0.3441427951061187,"3. Aléatoire (Variable)","HadGEM2  RegCM4-6","HadGEM2 (Chaud/Sec modéré)"
2061,"2. Étang de Milieu",44.644946453214075,14.271978835549756,873.39168,8489367.1296,0.15431688200011562,0.15138542457885731,0.3441427951061187,"3. Aléatoire (Variable)","HadGEM2  RegCM4-6","HadGEM2 (Chaud/Sec modéré)"
2061,"3. Étang Exutoire",0,0,873.39168,8489367.1296,0.15431688200011562,0.15138542457885731,0.3441427951061187,"3. Aléatoire (Variable)","HadGEM2  RegCM4-6","HadGEM2 (Chaud/Sec modéré)"
2062,"1. Étang de Tête",63.569640119760166,42.65664805896147,1260.63648,12253386.5856,0.055832765185175805,0.15261042230761318,0.38089914588100043,"3. Aléatoire (Variable)","HadGEM2  RegCM4-6","HadGEM2 (Chaud/Sec modéré)"
2062,"2. Étang de Milieu",61.82626922711019,52.39834711133962,1260.63648,12253386.5856,0.055832765185175805,0.15261042230761318,0.38089914588100043,"3. Aléatoire (Variable)","HadGEM2  RegCM4-6","HadGEM2 (Chaud/Sec modéré)"
2062,"3. Étang Exutoire",100,59.14068880597413,1260.63648,12253386.5856,0.055832765185175805,0.15261042230761318,0.38089914588100043,"3. Aléatoire (Variable)","HadGEM2  RegCM4-6","HadGEM2 (Chaud/Sec modéré)"
2063,"1. Étang de Tête",59.19335102917872,49.25106386068816,1150.848,11186242.56,0.11816322194889019,0.1774395931730669,0.3589756713679782,"3. Aléatoire (Variable)","HadGEM2  RegCM4-6","HadGEM2 (Chaud/Sec modéré)"
2063,"2. Étang de Milieu",62.51772119119294,47.81565468323032,1150.848,11186242.56,0.11816322194889019,0.1774395931730669,0.3589756713679782,"3. Aléatoire (Variable)","HadGEM2  RegCM4-6","HadGEM2 (Chaud/Sec modéré)"
2063,"3. Étang Exutoire",99.70013053335018,68.24773096936205,1150.848,11186242.56,0.11816322194889019,0.1774395931730669,0.3589756713679782,"3. Aléatoire (Variable)","HadGEM2  RegCM4-6","HadGEM2 (Chaud/Sec modéré)"
2064,"1. Étang de Tête",53.77898984384495,46.53528395573785,1102.97376,10720904.9472,0.10002945373384375,0.13726371999898304,0.3595761792899612,"3. Aléatoire (Variable)","HadGEM2  RegCM4-6","HadGEM2 (Chaud/Sec modéré)"
2064,"2. Étang de Milieu",57.97471759216804,53.11670555510414,1102.97376,10720904.9472,0.10002945373384375,0.13726371999898304,0.3595761792899612,"3. Aléatoire (Variable)","HadGEM2  RegCM4-6","HadGEM2 (Chaud/Sec modéré)"
2064,"3. Étang Exutoire",97.82807111938862,89.49837041184232,1102.97376,10720904.9472,0.10002945373384375,0.13726371999898304,0.3595761792899612,"3. Aléatoire (Variable)","HadGEM2  RegCM4-6","HadGEM2 (Chaud/Sec modéré)"
2065,"1. Étang de Tête",37.1169992407654,37.098152028620156,1477.5696,14361976.512,0.1530928169523084,0.10860315481632722,0.3885311362548663,"3. Aléatoire (Variable)","HadGEM2  RegCM4-6","HadGEM2 (Chaud/Sec modéré)"
2065,"2. Étang de Milieu",60.12220150664494,44.6036015116042,1477.5696,14361976.512,0.1530928169523084,0.10860315481632722,0.3885311362548663,"3. Aléatoire (Variable)","HadGEM2  RegCM4-6","HadGEM2 (Chaud/Sec modéré)"
2065,"3. Étang Exutoire",100,58.75886333335424,1477.5696,14361976.512,0.1530928169523084,0.10860315481632722,0.3885311362548663,"3. Aléatoire (Variable)","HadGEM2  RegCM4-6","HadGEM2 (Chaud/Sec modéré)"
2066,"1. Étang de Tête",71.68379630349607,30.05409502918809,1309.85856,12731825.2032,0.18509758811041147,0.14059572273292564,0.3971727160587619,"3. Aléatoire (Variable)","HadGEM2  RegCM4-6","HadGEM2 (Chaud/Sec modéré)"
2066,"2. Étang de Milieu",85.67119652023193,45.761659133394225,1309.85856,12731825.2032,0.18509758811041147,0.14059572273292564,0.3971727160587619,"3. Aléatoire (Variable)","HadGEM2  RegCM4-6","HadGEM2 (Chaud/Sec modéré)"
2066,"3. Étang Exutoire",100,48.7224806715656,1309.85856,12731825.2032,0.18509758811041147,0.14059572273292564,0.3971727160587619,"3. Aléatoire (Variable)","HadGEM2  RegCM4-6","HadGEM2 (Chaud/Sec modéré)"
2067,"1. Étang de Tête",55.68327940366991,29.680895907459753,971.28288,9440869.5936,0.10315732335363433,0.18248011626701768,0.36246984984923825,"3. Aléatoire (Variable)","HadGEM2  RegCM4-6","HadGEM2 (Chaud/Sec modéré)"
2067,"2. Étang de Milieu",65.23942553659903,43.90723283340964,971.28288,9440869.5936,0.10315732335363433,0.18248011626701768,0.36246984984923825,"3. Aléatoire (Variable)","HadGEM2  RegCM4-6","HadGEM2 (Chaud/Sec modéré)"
2067,"3. Étang Exutoire",96.94865843521497,68.53338439858133,971.28288,9440869.5936,0.10315732335363433,0.18248011626701768,0.36246984984923825,"3. Aléatoire (Variable)","HadGEM2  RegCM4-6","HadGEM2 (Chaud/Sec modéré)"
2068,"1. Étang de Tête",20.501376444038236,22.40014737061079,1022.30208,9936776.2176,0.11880554332468411,0.1264501756651497,0.36980509390663113,"3. Aléatoire (Variable)","HadGEM2  RegCM4-6","HadGEM2 (Chaud/Sec modéré)"
2068,"2. Étang de Milieu",35.28341785984874,28.982744621227685,1022.30208,9936776.2176,0.11880554332468411,0.1264501756651497,0.36980509390663113,"3. Aléatoire (Variable)","HadGEM2  RegCM4-6","HadGEM2 (Chaud/Sec modéré)"
2068,"3. Étang Exutoire",0,0,1022.30208,9936776.2176,0.11880554332468411,0.1264501756651497,0.36980509390663113,"3. Aléatoire (Variable)","HadGEM2  RegCM4-6","HadGEM2 (Chaud/Sec modéré)"
2069,"1. Étang de Tête",54.66490704301216,36.11637877408644,1200.3552,11667452.544,0.0536516707565127,0.16427019552082742,0.35870781491109427,"3. Aléatoire (Variable)","HadGEM2  RegCM4-6","HadGEM2 (Chaud/Sec modéré)"
2069,"2. Étang de Milieu",57.55045680337652,39.489967245595395,1200.3552,11667452.544,0.0536516707565127,0.16427019552082742,0.35870781491109427,"3. Aléatoire (Variable)","HadGEM2  RegCM4-6","HadGEM2 (Chaud/Sec modéré)"
2069,"3. Étang Exutoire",100,57.279806058623606,1200.3552,11667452.544,0.0536516707565127,0.16427019552082742,0.35870781491109427,"3. Aléatoire (Variable)","HadGEM2  RegCM4-6","HadGEM2 (Chaud/Sec modéré)"
2070,"1. Étang de Tête",64.11713129347945,35.86329804581804,992.15712,9643767.2064,0.1000286610848292,0.199655150272663,0.3734398980508538,"3. Aléatoire (Variable)","HadGEM2  RegCM4-6","HadGEM2 (Chaud/Sec modéré)"
2070,"2. Étang de Milieu",64.01726474816206,43.31413332752686,992.15712,9643767.2064,0.1000286610848292,0.199655150272663,0.3734398980508538,"3. Aléatoire (Variable)","HadGEM2  RegCM4-6","HadGEM2 (Chaud/Sec modéré)"
2070,"3. Étang Exutoire",97.15914018029396,59.5196292724382,992.15712,9643767.2064,0.1000286610848292,0.199655150272663,0.3734398980508538,"3. Aléatoire (Variable)","HadGEM2  RegCM4-6","HadGEM2 (Chaud/Sec modéré)"
2026,"1. Étang de Tête",91.58503260379126,59.96290328016726,699.58944,6800009.3568,0.009523262586027998,0.2555407846374963,0.3623081154674087,"3. Aléatoire (Variable)","IPSL-CM5A  RCA4","IPSL-CM5A (Hiver humide/Été extrême)"
2026,"2. Étang de Milieu",82.8436686059961,57.79665904483888,699.58944,6800009.3568,0.009523262586027998,0.2555407846374963,0.3623081154674087,"3. Aléatoire (Variable)","IPSL-CM5A  RCA4","IPSL-CM5A (Hiver humide/Été extrême)"
2026,"3. Étang Exutoire",99.54018115924751,73.21814337664338,699.58944,6800009.3568,0.009523262586027998,0.2555407846374963,0.3623081154674087,"3. Aléatoire (Variable)","IPSL-CM5A  RCA4","IPSL-CM5A (Hiver humide/Été extrême)"
2027,"1. Étang de Tête",15.782860458533806,0.057028936959772805,712.48032,6925308.7104,0.14040459404478142,0.20087335709285248,0.3213429392459623,"3. Aléatoire (Variable)","IPSL-CM5A  RCA4","IPSL-CM5A (Hiver humide/Été extrême)"
2027,"2. Étang de Milieu",40.875683834845454,14.014804806608845,712.48032,6925308.7104,0.14040459404478142,0.20087335709285248,0.3213429392459623,"3. Aléatoire (Variable)","IPSL-CM5A  RCA4","IPSL-CM5A (Hiver humide/Été extrême)"
2027,"3. Étang Exutoire",99.61325265952978,53.17732599718366,712.48032,6925308.7104,0.14040459404478142,0.20087335709285248,0.3213429392459623,"3. Aléatoire (Variable)","IPSL-CM5A  RCA4","IPSL-CM5A (Hiver humide/Été extrême)"
2028,"1. Étang de Tête",77.81381252552474,21.134628330853687,1062.58176,10328294.7072,0.032318731744659344,0.20115932817876006,0.36389366599809086,"3. Aléatoire (Variable)","IPSL-CM5A  RCA4","IPSL-CM5A (Hiver humide/Été extrême)"
2028,"2. Étang de Milieu",76.1390404584452,30.085637354592308,1062.58176,10328294.7072,0.032318731744659344,0.20115932817876006,0.36389366599809086,"3. Aléatoire (Variable)","IPSL-CM5A  RCA4","IPSL-CM5A (Hiver humide/Été extrême)"
2028,"3. Étang Exutoire",97.82335673533218,45.690155103578576,1062.58176,10328294.7072,0.032318731744659344,0.20115932817876006,0.36389366599809086,"3. Aléatoire (Variable)","IPSL-CM5A  RCA4","IPSL-CM5A (Hiver humide/Été extrême)"
2029,"1. Étang de Tête",25.491312947618184,8.92772965020559,869.28768,8449476.2496,0.14399967636862798,0.14127218395992736,0.37359414473458846,"3. Aléatoire (Variable)","IPSL-CM5A  RCA4","IPSL-CM5A (Hiver humide/Été extrême)"
2029,"2. Étang de Milieu",53.00120719147619,35.064715209427206,869.28768,8449476.2496,0.14399967636862798,0.14127218395992736,0.37359414473458846,"3. Aléatoire (Variable)","IPSL-CM5A  RCA4","IPSL-CM5A (Hiver humide/Été extrême)"
2029,"3. Étang Exutoire",99.47590159971269,67.15148342381858,869.28768,8449476.2496,0.14399967636862798,0.14127218395992736,0.37359414473458846,"3. Aléatoire (Variable)","IPSL-CM5A  RCA4","IPSL-CM5A (Hiver humide/Été extrême)"
2030,"1. Étang de Tête",40.34791729426484,15.42326605701668,993.4099199999999,9655944.4224,0.057852066731151446,0.13897519422169624,0.34312144977093645,"3. Aléatoire (Variable)","IPSL-CM5A  RCA4","IPSL-CM5A (Hiver humide/Été extrême)"
2030,"2. Étang de Milieu",42.788128240770135,26.725132116664458,993.4099199999999,9655944.4224,0.057852066731151446,0.13897519422169624,0.34312144977093645,"3. Aléatoire (Variable)","IPSL-CM5A  RCA4","IPSL-CM5A (Hiver humide/Été extrême)"
2030,"3. Étang Exutoire",97.99723187091777,76.70823302761939,993.4099199999999,9655944.4224,0.057852066731151446,0.13897519422169624,0.34312144977093645,"3. Aléatoire (Variable)","IPSL-CM5A  RCA4","IPSL-CM5A (Hiver humide/Été extrême)"
2031,"1. Étang de Tête",53.30419859353954,21.862305661709694,980.73504,9532744.5888,0.06277430839603286,0.16791277577353672,0.3639847460746872,"3. Aléatoire (Variable)","IPSL-CM5A  RCA4","IPSL-CM5A (Hiver humide/Été extrême)"
2031,"2. Étang de Milieu",63.57320427399944,35.36103820249971,980.73504,9532744.5888,0.06277430839603286,0.16791277577353672,0.3639847460746872,"3. Aléatoire (Variable)","IPSL-CM5A  RCA4","IPSL-CM5A (Hiver humide/Été extrême)"
2031,"3. Étang Exutoire",0,0,980.73504,9532744.5888,0.06277430839603286,0.16791277577353672,0.3639847460746872,"3. Aléatoire (Variable)","IPSL-CM5A  RCA4","IPSL-CM5A (Hiver humide/Été extrême)"
2032,"1. Étang de Tête",32.57095829028418,3.6687517730769446,933.74208,9075973.0176,0.12669933039934253,0.17509375175412248,0.3728615129387353,"3. Aléatoire (Variable)","IPSL-CM5A  RCA4","IPSL-CM5A (Hiver humide/Été extrême)"
2032,"2. Étang de Milieu",60.513472408658544,17.783813755672004,933.74208,9075973.0176,0.12669933039934253,0.17509375175412248,0.3728615129387353,"3. Aléatoire (Variable)","IPSL-CM5A  RCA4","IPSL-CM5A (Hiver humide/Été extrême)"
2032,"3. Étang Exutoire",98.38361756617005,32.101755217647685,933.74208,9075973.0176,0.12669933039934253,0.17509375175412248,0.3728615129387353,"3. Aléatoire (Variable)","IPSL-CM5A  RCA4","IPSL-CM5A (Hiver humide/Été extrême)"
2033,"1. Étang de Tête",50.128706100181276,32.5252960078171,959.85216,9329762.9952,0.06061130478783639,0.15524434115641858,0.36777717406765503,"3. Aléatoire (Variable)","IPSL-CM5A  RCA4","IPSL-CM5A (Hiver humide/Été extrême)"
2033,"2. Étang de Milieu",54.53364230281492,38.16599515735221,959.85216,9329762.9952,0.06061130478783639,0.15524434115641858,0.36777717406765503,"3. Aléatoire (Variable)","IPSL-CM5A  RCA4","IPSL-CM5A (Hiver humide/Été extrême)"
2033,"3. Étang Exutoire",100,63.31814387297411,959.85216,9329762.9952,0.06061130478783639,0.15524434115641858,0.36777717406765503,"3. Aléatoire (Variable)","IPSL-CM5A  RCA4","IPSL-CM5A (Hiver humide/Été extrême)"
2034,"1. Étang de Tête",65.9456279312929,59.77053931289763,1219.97664,11858172.940800002,0.07384633493499132,0.13813902047165838,0.3671729144520383,"3. Aléatoire (Variable)","IPSL-CM5A  RCA4","IPSL-CM5A (Hiver humide/Été extrême)"
2034,"2. Étang de Milieu",74.48245862302743,69.1574284308602,1219.97664,11858172.940800002,0.07384633493499132,0.13813902047165838,0.3671729144520383,"3. Aléatoire (Variable)","IPSL-CM5A  RCA4","IPSL-CM5A (Hiver humide/Été extrême)"
2034,"3. Étang Exutoire",95.69695036840315,89.33502148028029,1219.97664,11858172.940800002,0.07384633493499132,0.13813902047165838,0.3671729144520383,"3. Aléatoire (Variable)","IPSL-CM5A  RCA4","IPSL-CM5A (Hiver humide/Été extrême)"
2035,"1. Étang de Tête",75.08449807400577,41.959654124622084,1179.7056,11466738.432,0.17887680535665365,0.13909794556944433,0.38981346071447026,"3. Aléatoire (Variable)","IPSL-CM5A  RCA4","IPSL-CM5A (Hiver humide/Été extrême)"
2035,"2. Étang de Milieu",76.54947417364511,50.042737098315804,1179.7056,11466738.432,0.17887680535665365,0.13909794556944433,0.38981346071447026,"3. Aléatoire (Variable)","IPSL-CM5A  RCA4","IPSL-CM5A (Hiver humide/Été extrême)"
2035,"3. Étang Exutoire",0,0,1179.7056,11466738.432,0.17887680535665365,0.13909794556944433,0.38981346071447026,"3. Aléatoire (Variable)","IPSL-CM5A  RCA4","IPSL-CM5A (Hiver humide/Été extrême)"
2036,"1. Étang de Tête",15.01050526821864,6.7730789608144555,895.98528,8708976.9216,0.08862280332801035,0.17212037862868365,0.336129646383349,"3. Aléatoire (Variable)","IPSL-CM5A  RCA4","IPSL-CM5A (Hiver humide/Été extrême)"
2036,"2. Étang de Milieu",41.62501497950148,30.99403068786581,895.98528,8708976.9216,0.08862280332801035,0.17212037862868365,0.336129646383349,"3. Aléatoire (Variable)","IPSL-CM5A  RCA4","IPSL-CM5A (Hiver humide/Été extrême)"
2036,"3. Étang Exutoire",98.8437939836128,73.67470205431223,895.98528,8708976.9216,0.08862280332801035,0.17212037862868365,0.336129646383349,"3. Aléatoire (Variable)","IPSL-CM5A  RCA4","IPSL-CM5A (Hiver humide/Été extrême)"
2037,"1. Étang de Tête",33.11831414703705,4.032368480310153,920.16864,8944039.1808,0.09259542203621308,0.18633995734586387,0.35825927342500397,"3. Aléatoire (Variable)","IPSL-CM5A  RCA4","IPSL-CM5A (Hiver humide/Été extrême)"
2037,"2. Étang de Milieu",41.98262660809409,15.78055802818239,920.16864,8944039.1808,0.09259542203621308,0.18633995734586387,0.35825927342500397,"3. Aléatoire (Variable)","IPSL-CM5A  RCA4","IPSL-CM5A (Hiver humide/Été extrême)"
2037,"3. Étang Exutoire",75.3450678540765,38.50334201440073,920.16864,8944039.1808,0.09259542203621308,0.18633995734586387,0.35825927342500397,"3. Aléatoire (Variable)","IPSL-CM5A  RCA4","IPSL-CM5A (Hiver humide/Été extrême)"
2038,"1. Étang de Tête",44.397187960080586,25.638071406342284,1095.32736,10646581.939199999,0.0895809337462455,0.16326291554993577,0.3740206597930974,"3. Aléatoire (Variable)","IPSL-CM5A  RCA4","IPSL-CM5A (Hiver humide/Été extrême)"
2038,"2. Étang de Milieu",67.57740702799312,43.21328275693717,1095.32736,10646581.939199999,0.0895809337462455,0.16326291554993577,0.3740206597930974,"3. Aléatoire (Variable)","IPSL-CM5A  RCA4","IPSL-CM5A (Hiver humide/Été extrême)"
2038,"3. Étang Exutoire",96.51542175320095,64.93248994407816,1095.32736,10646581.939199999,0.0895809337462455,0.16326291554993577,0.3740206597930974,"3. Aléatoire (Variable)","IPSL-CM5A  RCA4","IPSL-CM5A (Hiver humide/Été extrême)"
2039,"1. Étang de Tête",37.77402946683991,23.67377098011919,1110.69792,10795983.7824,0.07256735253436475,0.12452638886899406,0.3645076268728846,"3. Aléatoire (Variable)","IPSL-CM5A  RCA4","IPSL-CM5A (Hiver humide/Été extrême)"
2039,"2. Étang de Milieu",60.487648603557304,49.39648201884783,1110.69792,10795983.7824,0.07256735253436475,0.12452638886899406,0.3645076268728846,"3. Aléatoire (Variable)","IPSL-CM5A  RCA4","IPSL-CM5A (Hiver humide/Été extrême)"
2039,"3. Étang Exutoire",97.60618416390362,75.8253080256621,1110.69792,10795983.7824,0.07256735253436475,0.12452638886899406,0.3645076268728846,"3. Aléatoire (Variable)","IPSL-CM5A  RCA4","IPSL-CM5A (Hiver humide/Été extrême)"
2040,"1. Étang de Tête",34.31509426425191,10.16378181038408,932.80032,9066819.1104,0.12029633613495676,0.1878187562422898,0.35534009818973156,"3. Aléatoire (Variable)","IPSL-CM5A  RCA4","IPSL-CM5A (Hiver humide/Été extrême)"
2040,"2. Étang de Milieu",51.421166235786444,31.11766148114307,932.80032,9066819.1104,0.12029633613495676,0.1878187562422898,0.35534009818973156,"3. Aléatoire (Variable)","IPSL-CM5A  RCA4","IPSL-CM5A (Hiver humide/Été extrême)"
2040,"3. Étang Exutoire",97.60173328406793,55.57958731361595,932.80032,9066819.1104,0.12029633613495676,0.1878187562422898,0.35534009818973156,"3. Aléatoire (Variable)","IPSL-CM5A  RCA4","IPSL-CM5A (Hiver humide/Été extrême)"
2041,"1. Étang de Tête",56.22401495273722,0,821.67264,7986658.0608,0.13761709944251607,0.19417657095905066,0.3846656969300689,"3. Aléatoire (Variable)","IPSL-CM5A  RCA4","IPSL-CM5A (Hiver humide/Été extrême)"
2041,"2. Étang de Milieu",54.71918443221544,11.903914359934815,821.67264,7986658.0608,0.13761709944251607,0.19417657095905066,0.3846656969300689,"3. Aléatoire (Variable)","IPSL-CM5A  RCA4","IPSL-CM5A (Hiver humide/Été extrême)"
2041,"3. Étang Exutoire",99.77028062059965,22.213796027677244,821.67264,7986658.0608,0.13761709944251607,0.19417657095905066,0.3846656969300689,"3. Aléatoire (Variable)","IPSL-CM5A  RCA4","IPSL-CM5A (Hiver humide/Été extrême)"
2042,"1. Étang de Tête",14.474481485874913,0.4120882563076673,704.98944,6852497.356799999,0.06537698307982738,0.16732638934991245,0.34847484590811895,"3. Aléatoire (Variable)","IPSL-CM5A  RCA4","IPSL-CM5A (Hiver humide/Été extrême)"
2042,"2. Étang de Milieu",38.0451512504548,16.208847026688954,704.98944,6852497.356799999,0.06537698307982738,0.16732638934991245,0.34847484590811895,"3. Aléatoire (Variable)","IPSL-CM5A  RCA4","IPSL-CM5A (Hiver humide/Été extrême)"
2042,"3. Étang Exutoire",0,0,704.98944,6852497.356799999,0.06537698307982738,0.16732638934991245,0.34847484590811895,"3. Aléatoire (Variable)","IPSL-CM5A  RCA4","IPSL-CM5A (Hiver humide/Été extrême)"
2043,"1. Étang de Tête",45.743400178492216,26.13307004870801,998.80992,9708432.422400001,0.027748194610684826,0.1818109491544593,0.3711814594171857,"3. Aléatoire (Variable)","IPSL-CM5A  RCA4","IPSL-CM5A (Hiver humide/Été extrême)"
2043,"2. Étang de Milieu",57.88832542619436,34.95546820979326,998.80992,9708432.422400001,0.027748194610684826,0.1818109491544593,0.3711814594171857,"3. Aléatoire (Variable)","IPSL-CM5A  RCA4","IPSL-CM5A (Hiver humide/Été extrême)"
2043,"3. Étang Exutoire",100,51.96891042869417,998.80992,9708432.422400001,0.027748194610684826,0.1818109491544593,0.3711814594171857,"3. Aléatoire (Variable)","IPSL-CM5A  RCA4","IPSL-CM5A (Hiver humide/Été extrême)"
2044,"1. Étang de Tête",56.38099575106932,34.27085724941617,1140.03936,11081182.5792,0.05927231198137914,0.18558836927878583,0.36313146660869966,"3. Aléatoire (Variable)","IPSL-CM5A  RCA4","IPSL-CM5A (Hiver humide/Été extrême)"
2044,"2. Étang de Milieu",52.76614609379733,36.850273369364984,1140.03936,11081182.5792,0.05927231198137914,0.18558836927878583,0.36313146660869966,"3. Aléatoire (Variable)","IPSL-CM5A  RCA4","IPSL-CM5A (Hiver humide/Été extrême)"
2044,"3. Étang Exutoire",99.79575431849501,53.712634373267875,1140.03936,11081182.5792,0.05927231198137914,0.18558836927878583,0.36313146660869966,"3. Aléatoire (Variable)","IPSL-CM5A  RCA4","IPSL-CM5A (Hiver humide/Été extrême)"
2045,"1. Étang de Tête",86.22270960142454,36.577209611819306,1223.19936,11889497.7792,0.142174758501148,0.14763392790285673,0.3758220175106665,"3. Aléatoire (Variable)","IPSL-CM5A  RCA4","IPSL-CM5A (Hiver humide/Été extrême)"
2045,"2. Étang de Milieu",76.3757237435193,41.23095123193172,1223.19936,11889497.7792,0.142174758501148,0.14763392790285673,0.3758220175106665,"3. Aléatoire (Variable)","IPSL-CM5A  RCA4","IPSL-CM5A (Hiver humide/Été extrême)"
2045,"3. Étang Exutoire",99.71477087353321,54.16403401222071,1223.19936,11889497.7792,0.142174758501148,0.14763392790285673,0.3758220175106665,"3. Aléatoire (Variable)","IPSL-CM5A  RCA4","IPSL-CM5A (Hiver humide/Été extrême)"
2046,"1. Étang de Tête",19.667951890907325,1.3966296496713904,852.43968,8285713.6896,0.060939143593678684,0.20159969478641057,0.33417431214016463,"3. Aléatoire (Variable)","IPSL-CM5A  RCA4","IPSL-CM5A (Hiver humide/Été extrême)"
2046,"2. Étang de Milieu",55.67885352898931,33.07118843268291,852.43968,8285713.6896,0.060939143593678684,0.20159969478641057,0.33417431214016463,"3. Aléatoire (Variable)","IPSL-CM5A  RCA4","IPSL-CM5A (Hiver humide/Été extrême)"
2046,"3. Étang Exutoire",100,66.7691422773035,852.43968,8285713.6896,0.060939143593678684,0.20159969478641057,0.33417431214016463,"3. Aléatoire (Variable)","IPSL-CM5A  RCA4","IPSL-CM5A (Hiver humide/Été extrême)"
2047,"1. Étang de Tête",61.5384214437402,47.74303796684805,992.96064,9651577.4208,0.08274678017573414,0.1401610220408131,0.36962529575819447,"3. Aléatoire (Variable)","IPSL-CM5A  RCA4","IPSL-CM5A (Hiver humide/Été extrême)"
2047,"2. Étang de Milieu",52.61766347640277,42.32595100847744,992.96064,9651577.4208,0.08274678017573414,0.1401610220408131,0.36962529575819447,"3. Aléatoire (Variable)","IPSL-CM5A  RCA4","IPSL-CM5A (Hiver humide/Été extrême)"
2047,"3. Étang Exutoire",100,77.46209486346193,992.96064,9651577.4208,0.08274678017573414,0.1401610220408131,0.36962529575819447,"3. Aléatoire (Variable)","IPSL-CM5A  RCA4","IPSL-CM5A (Hiver humide/Été extrême)"
2048,"1. Étang de Tête",30.141236416728745,2.80132181142001,882.47232,8577630.950399999,0.08477009622441456,0.17744013091695937,0.34562202300568634,"3. Aléatoire (Variable)","IPSL-CM5A  RCA4","IPSL-CM5A (Hiver humide/Été extrême)"
2048,"2. Étang de Milieu",42.505188881492884,19.267543409844464,882.47232,8577630.950399999,0.08477009622441456,0.17744013091695937,0.34562202300568634,"3. Aléatoire (Variable)","IPSL-CM5A  RCA4","IPSL-CM5A (Hiver humide/Été extrême)"
2048,"3. Étang Exutoire",0,0,882.47232,8577630.950399999,0.08477009622441456,0.17744013091695937,0.34562202300568634,"3. Aléatoire (Variable)","IPSL-CM5A  RCA4","IPSL-CM5A (Hiver humide/Été extrême)"
2049,"1. Étang de Tête",51.31248303331284,11.760136708358882,1039.608,10104989.76,0.11382939743897066,0.1547853688063659,0.36341609064150154,"3. Aléatoire (Variable)","IPSL-CM5A  RCA4","IPSL-CM5A (Hiver humide/Été extrême)"
2049,"2. Étang de Milieu",45.2085854105904,14.24036647347883,1039.608,10104989.76,0.11382939743897066,0.1547853688063659,0.36341609064150154,"3. Aléatoire (Variable)","IPSL-CM5A  RCA4","IPSL-CM5A (Hiver humide/Été extrême)"
2049,"3. Étang Exutoire",100,42.57471466028308,1039.608,10104989.76,0.11382939743897066,0.1547853688063659,0.36341609064150154,"3. Aléatoire (Variable)","IPSL-CM5A  RCA4","IPSL-CM5A (Hiver humide/Été extrême)"
2050,"1. Étang de Tête",60.26794179089631,24.15562835062232,933.10272,9069758.4384,0.045264529572290636,0.21338173031255558,0.3741496291384989,"3. Aléatoire (Variable)","IPSL-CM5A  RCA4","IPSL-CM5A (Hiver humide/Été extrême)"
2050,"2. Étang de Milieu",59.67749141178971,27.425583421712687,933.10272,9069758.4384,0.045264529572290636,0.21338173031255558,0.3741496291384989,"3. Aléatoire (Variable)","IPSL-CM5A  RCA4","IPSL-CM5A (Hiver humide/Été extrême)"
2050,"3. Étang Exutoire",100,44.78307974018284,933.10272,9069758.4384,0.045264529572290636,0.21338173031255558,0.3741496291384989,"3. Aléatoire (Variable)","IPSL-CM5A  RCA4","IPSL-CM5A (Hiver humide/Été extrême)"
2051,"1. Étang de Tête",67.13799152695019,13.878942092413775,1129.30848,10976878.4256,0.046523320426265266,0.1878540963432252,0.359138890676683,"3. Aléatoire (Variable)","IPSL-CM5A  RCA4","IPSL-CM5A (Hiver humide/Été extrême)"
2051,"2. Étang de Milieu",62.04962769106213,22.32293019812896,1129.30848,10976878.4256,0.046523320426265266,0.1878540963432252,0.359138890676683,"3. Aléatoire (Variable)","IPSL-CM5A  RCA4","IPSL-CM5A (Hiver humide/Été extrême)"
2051,"3. Étang Exutoire",97.42935691286459,38.44508001445707,1129.30848,10976878.4256,0.046523320426265266,0.1878540963432252,0.359138890676683,"3. Aléatoire (Variable)","IPSL-CM5A  RCA4","IPSL-CM5A (Hiver humide/Été extrême)"
2052,"1. Étang de Tête",63.03668288189238,29.74630600193795,1451.3212800000001,14106842.8416,0.14758659440965374,0.12096841641281504,0.396786090776543,"3. Aléatoire (Variable)","IPSL-CM5A  RCA4","IPSL-CM5A (Hiver humide/Été extrême)"
2052,"2. Étang de Milieu",81.55664340287399,47.817048655037084,1451.3212800000001,14106842.8416,0.14758659440965374,0.12096841641281504,0.396786090776543,"3. Aléatoire (Variable)","IPSL-CM5A  RCA4","IPSL-CM5A (Hiver humide/Été extrême)"
2052,"3. Étang Exutoire",99.84886381091803,52.00928302261551,1451.3212800000001,14106842.8416,0.14758659440965374,0.12096841641281504,0.396786090776543,"3. Aléatoire (Variable)","IPSL-CM5A  RCA4","IPSL-CM5A (Hiver humide/Été extrême)"
2053,"1. Étang de Tête",71.0871869727822,53.59620384129915,1295.33472,12590653.4784,0.17358393188069415,0.12725500462374398,0.3929383922527633,"3. Aléatoire (Variable)","IPSL-CM5A  RCA4","IPSL-CM5A (Hiver humide/Été extrême)"
2053,"2. Étang de Milieu",74.91423581974236,60.511374365690465,1295.33472,12590653.4784,0.17358393188069415,0.12725500462374398,0.3929383922527633,"3. Aléatoire (Variable)","IPSL-CM5A  RCA4","IPSL-CM5A (Hiver humide/Été extrême)"
2053,"3. Étang Exutoire",100,83.25613996905284,1295.33472,12590653.4784,0.17358393188069415,0.12725500462374398,0.3929383922527633,"3. Aléatoire (Variable)","IPSL-CM5A  RCA4","IPSL-CM5A (Hiver humide/Été extrême)"
2054,"1. Étang de Tête",50.836641695083536,8.36258492856819,969.77952,9426256.9344,0.12722096628879678,0.16026215128441093,0.35088402862661605,"3. Aléatoire (Variable)","IPSL-CM5A  RCA4","IPSL-CM5A (Hiver humide/Été extrême)"
2054,"2. Étang de Milieu",61.82275209118256,27.762353266610656,969.77952,9426256.9344,0.12722096628879678,0.16026215128441093,0.35088402862661605,"3. Aléatoire (Variable)","IPSL-CM5A  RCA4","IPSL-CM5A (Hiver humide/Été extrême)"
2054,"3. Étang Exutoire",99.09447228014034,47.57862270457908,969.77952,9426256.9344,0.12722096628879678,0.16026215128441093,0.35088402862661605,"3. Aléatoire (Variable)","IPSL-CM5A  RCA4","IPSL-CM5A (Hiver humide/Été extrême)"
2055,"1. Étang de Tête",64.18680345743341,25.720406356853307,1071.94752,10419329.894399999,0.0899599613234607,0.16763782001909128,0.37831153422140346,"3. Aléatoire (Variable)","IPSL-CM5A  RCA4","IPSL-CM5A (Hiver humide/Été extrême)"
2055,"2. Étang de Milieu",72.70536502559948,38.60221751420821,1071.94752,10419329.894399999,0.0899599613234607,0.16763782001909128,0.37831153422140346,"3. Aléatoire (Variable)","IPSL-CM5A  RCA4","IPSL-CM5A (Hiver humide/Été extrême)"
2055,"3. Étang Exutoire",0,0,1071.94752,10419329.894399999,0.0899599613234607,0.16763782001909128,0.37831153422140346,"3. Aléatoire (Variable)","IPSL-CM5A  RCA4","IPSL-CM5A (Hiver humide/Été extrême)"
2056,"1. Étang de Tête",49.8819047662907,12.384632012717239,1067.24736,10373644.339200001,0.05381985128465413,0.1984864316319844,0.3588031258993029,"3. Aléatoire (Variable)","IPSL-CM5A  RCA4","IPSL-CM5A (Hiver humide/Été extrême)"
2056,"2. Étang de Milieu",67.25951566377583,27.09804168541618,1067.24736,10373644.339200001,0.05381985128465413,0.1984864316319844,0.3588031258993029,"3. Aléatoire (Variable)","IPSL-CM5A  RCA4","IPSL-CM5A (Hiver humide/Été extrême)"
2056,"3. Étang Exutoire",98.97226453397607,45.27621070449026,1067.24736,10373644.339200001,0.05381985128465413,0.1984864316319844,0.3588031258993029,"3. Aléatoire (Variable)","IPSL-CM5A  RCA4","IPSL-CM5A (Hiver humide/Été extrême)"
2057,"1. Étang de Tête",74.77230454517795,3.1468371549607044,977.59872,9502259.5584,0.14928917718115647,0.21586345726432354,0.38121906944287176,"3. Aléatoire (Variable)","IPSL-CM5A  RCA4","IPSL-CM5A (Hiver humide/Été extrême)"
2057,"2. Étang de Milieu",72.53834095387157,6.198242004606855,977.59872,9502259.5584,0.14928917718115647,0.21586345726432354,0.38121906944287176,"3. Aléatoire (Variable)","IPSL-CM5A  RCA4","IPSL-CM5A (Hiver humide/Été extrême)"
2057,"3. Étang Exutoire",100,10.795546165574686,977.59872,9502259.5584,0.14928917718115647,0.21586345726432354,0.38121906944287176,"3. Aléatoire (Variable)","IPSL-CM5A  RCA4","IPSL-CM5A (Hiver humide/Été extrême)"
2058,"1. Étang de Tête",37.290316662717096,14.178463123708434,1078.6176,10484163.072,0.033382532641278335,0.14003723537158297,0.345903928229403,"3. Aléatoire (Variable)","IPSL-CM5A  RCA4","IPSL-CM5A (Hiver humide/Été extrême)"
2058,"2. Étang de Milieu",36.50564805072727,22.739051457577833,1078.6176,10484163.072,0.033382532641278335,0.14003723537158297,0.345903928229403,"3. Aléatoire (Variable)","IPSL-CM5A  RCA4","IPSL-CM5A (Hiver humide/Été extrême)"
2058,"3. Étang Exutoire",99.72904117563786,76.4063271410245,1078.6176,10484163.072,0.033382532641278335,0.14003723537158297,0.345903928229403,"3. Aléatoire (Variable)","IPSL-CM5A  RCA4","IPSL-CM5A (Hiver humide/Été extrême)"
2059,"1. Étang de Tête",65.012567117078,28.795302978083935,1034.8992,10059220.224,0.07059983578967968,0.23684915094226236,0.3803662715939149,"3. Aléatoire (Variable)","IPSL-CM5A  RCA4","IPSL-CM5A (Hiver humide/Été extrême)"
2059,"2. Étang de Milieu",65.9761740637759,33.92880540144362,1034.8992,10059220.224,0.07059983578967968,0.23684915094226236,0.3803662715939149,"3. Aléatoire (Variable)","IPSL-CM5A  RCA4","IPSL-CM5A (Hiver humide/Été extrême)"
2059,"3. Étang Exutoire",98.75830406556146,46.42374296454452,1034.8992,10059220.224,0.07059983578967968,0.23684915094226236,0.3803662715939149,"3. Aléatoire (Variable)","IPSL-CM5A  RCA4","IPSL-CM5A (Hiver humide/Été extrême)"
2060,"1. Étang de Tête",41.05294687275939,0.7334288247609732,814.89024,7920733.1328,0.07138403633583856,0.25256650391952407,0.36183343270823815,"3. Aléatoire (Variable)","IPSL-CM5A  RCA4","IPSL-CM5A (Hiver humide/Été extrême)"
2060,"2. Étang de Milieu",56.99388162901258,9.702335021135273,814.89024,7920733.1328,0.07138403633583856,0.25256650391952407,0.36183343270823815,"3. Aléatoire (Variable)","IPSL-CM5A  RCA4","IPSL-CM5A (Hiver humide/Été extrême)"
2060,"3. Étang Exutoire",99.88212211061754,12.738171660386085,814.89024,7920733.1328,0.07138403633583856,0.25256650391952407,0.36183343270823815,"3. Aléatoire (Variable)","IPSL-CM5A  RCA4","IPSL-CM5A (Hiver humide/Été extrême)"
2061,"1. Étang de Tête",51.85918949995038,20.782312778399458,976.3977600000001,9490586.227200001,0.0487207316940732,0.14618794412292163,0.3711887708761859,"3. Aléatoire (Variable)","IPSL-CM5A  RCA4","IPSL-CM5A (Hiver humide/Été extrême)"
2061,"2. Étang de Milieu",50.153869851218154,23.180086179873946,976.3977600000001,9490586.227200001,0.0487207316940732,0.14618794412292163,0.3711887708761859,"3. Aléatoire (Variable)","IPSL-CM5A  RCA4","IPSL-CM5A (Hiver humide/Été extrême)"
2061,"3. Étang Exutoire",0,0,976.3977600000001,9490586.227200001,0.0487207316940732,0.14618794412292163,0.3711887708761859,"3. Aléatoire (Variable)","IPSL-CM5A  RCA4","IPSL-CM5A (Hiver humide/Été extrême)"
2062,"1. Étang de Tête",66.91120807005622,38.719897506386204,1212.39072,11784437.798400002,0.03959618682057692,0.15293627705046434,0.36473600368564996,"3. Aléatoire (Variable)","IPSL-CM5A  RCA4","IPSL-CM5A (Hiver humide/Été extrême)"
2062,"2. Étang de Milieu",70.17321543124427,48.33252110161601,1212.39072,11784437.798400002,0.03959618682057692,0.15293627705046434,0.36473600368564996,"3. Aléatoire (Variable)","IPSL-CM5A  RCA4","IPSL-CM5A (Hiver humide/Été extrême)"
2062,"3. Étang Exutoire",100,62.713687283462605,1212.39072,11784437.798400002,0.03959618682057692,0.15293627705046434,0.36473600368564996,"3. Aléatoire (Variable)","IPSL-CM5A  RCA4","IPSL-CM5A (Hiver humide/Été extrême)"
2063,"1. Étang de Tête",38.52046051384604,13.118061259993183,908.1936000000001,8827641.792,0.11779801981337874,0.23377000311899765,0.345032123004307,"3. Aléatoire (Variable)","IPSL-CM5A  RCA4","IPSL-CM5A (Hiver humide/Été extrême)"
2063,"2. Étang de Milieu",52.865148367949445,35.2424986776519,908.1936000000001,8827641.792,0.11779801981337874,0.23377000311899765,0.345032123004307,"3. Aléatoire (Variable)","IPSL-CM5A  RCA4","IPSL-CM5A (Hiver humide/Été extrême)"
2063,"3. Étang Exutoire",98.49181223605991,75.3379134056928,908.1936000000001,8827641.792,0.11779801981337874,0.23377000311899765,0.345032123004307,"3. Aléatoire (Variable)","IPSL-CM5A  RCA4","IPSL-CM5A (Hiver humide/Été extrême)"
2064,"1. Étang de Tête",64.85075074050063,40.761557739533636,1113.0912,10819246.464,0.0665921032092075,0.1569696351863982,0.3594157616878708,"3. Aléatoire (Variable)","IPSL-CM5A  RCA4","IPSL-CM5A (Hiver humide/Été extrême)"
2064,"2. Étang de Milieu",55.11763141900356,38.253571240356955,1113.0912,10819246.464,0.0665921032092075,0.1569696351863982,0.3594157616878708,"3. Aléatoire (Variable)","IPSL-CM5A  RCA4","IPSL-CM5A (Hiver humide/Été extrême)"
2064,"3. Étang Exutoire",43.39493153725762,65.81439877046978,1113.0912,10819246.464,0.0665921032092075,0.1569696351863982,0.3594157616878708,"3. Aléatoire (Variable)","IPSL-CM5A  RCA4","IPSL-CM5A (Hiver humide/Été extrême)"
2065,"1. Étang de Tête",46.289633435398414,4.7540331306388754,1067.79168,10378935.129600001,0.0863404866820353,0.17391370292606875,0.36678783519421254,"3. Aléatoire (Variable)","IPSL-CM5A  RCA4","IPSL-CM5A (Hiver humide/Été extrême)"
2065,"2. Étang de Milieu",61.554791797369056,23.987182785889946,1067.79168,10378935.129600001,0.0863404866820353,0.17391370292606875,0.36678783519421254,"3. Aléatoire (Variable)","IPSL-CM5A  RCA4","IPSL-CM5A (Hiver humide/Été extrême)"
2065,"3. Étang Exutoire",100,39.27204203902896,1067.79168,10378935.129600001,0.0863404866820353,0.17391370292606875,0.36678783519421254,"3. Aléatoire (Variable)","IPSL-CM5A  RCA4","IPSL-CM5A (Hiver humide/Été extrême)"
2066,"1. Étang de Tête",59.66310976970453,34.37215699697138,1196.10432,11626133.990399998,0.07811947686812014,0.14968409598140558,0.3771420721093998,"3. Aléatoire (Variable)","IPSL-CM5A  RCA4","IPSL-CM5A (Hiver humide/Été extrême)"
2066,"2. Étang de Milieu",72.53231448512743,48.62187456848748,1196.10432,11626133.990399998,0.07811947686812014,0.14968409598140558,0.3771420721093998,"3. Aléatoire (Variable)","IPSL-CM5A  RCA4","IPSL-CM5A (Hiver humide/Été extrême)"
2066,"3. Étang Exutoire",99.75342447656902,58.034626984667256,1196.10432,11626133.990399998,0.07811947686812014,0.14968409598140558,0.3771420721093998,"3. Aléatoire (Variable)","IPSL-CM5A  RCA4","IPSL-CM5A (Hiver humide/Été extrême)"
2067,"1. Étang de Tête",61.42652613503804,49.45652430306759,1085.15808,10547736.5376,0.11551304011873281,0.19418477070472767,0.3748012481847037,"3. Aléatoire (Variable)","IPSL-CM5A  RCA4","IPSL-CM5A (Hiver humide/Été extrême)"
2067,"2. Étang de Milieu",65.85665572977064,54.19810510581534,1085.15808,10547736.5376,0.11551304011873281,0.19418477070472767,0.3748012481847037,"3. Aléatoire (Variable)","IPSL-CM5A  RCA4","IPSL-CM5A (Hiver humide/Été extrême)"
2067,"3. Étang Exutoire",98.37939265338038,67.3466856435748,1085.15808,10547736.5376,0.11551304011873281,0.19418477070472767,0.3748012481847037,"3. Aléatoire (Variable)","IPSL-CM5A  RCA4","IPSL-CM5A (Hiver humide/Été extrême)"
2068,"1. Étang de Tête",44.263146424107745,7.30368795794705,984.08736,9565329.1392,0.1475736372970631,0.14555168506186694,0.3772753086311811,"3. Aléatoire (Variable)","IPSL-CM5A  RCA4","IPSL-CM5A (Hiver humide/Été extrême)"
2068,"2. Étang de Milieu",50.81834032221074,16.109254840406628,984.08736,9565329.1392,0.1475736372970631,0.14555168506186694,0.3772753086311811,"3. Aléatoire (Variable)","IPSL-CM5A  RCA4","IPSL-CM5A (Hiver humide/Été extrême)"
2068,"3. Étang Exutoire",0,0,984.08736,9565329.1392,0.1475736372970631,0.14555168506186694,0.3772753086311811,"3. Aléatoire (Variable)","IPSL-CM5A  RCA4","IPSL-CM5A (Hiver humide/Été extrême)"
2069,"1. Étang de Tête",73.73678190104708,16.25742292593956,1153.3968,11211016.896,0.049041101632875755,0.20482017539731176,0.36161086699777056,"3. Aléatoire (Variable)","IPSL-CM5A  RCA4","IPSL-CM5A (Hiver humide/Été extrême)"
2069,"2. Étang de Milieu",77.9175882682872,27.230452803616735,1153.3968,11211016.896,0.049041101632875755,0.20482017539731176,0.36161086699777056,"3. Aléatoire (Variable)","IPSL-CM5A  RCA4","IPSL-CM5A (Hiver humide/Été extrême)"
2069,"3. Étang Exutoire",100,43.1640879263363,1153.3968,11211016.896,0.049041101632875755,0.20482017539731176,0.36161086699777056,"3. Aléatoire (Variable)","IPSL-CM5A  RCA4","IPSL-CM5A (Hiver humide/Été extrême)"
2070,"1. Étang de Tête",56.421573500350625,31.455558140002214,1046.5632,10172594.304000001,0.07432190710888077,0.19258116506088016,0.36979671200977493,"3. Aléatoire (Variable)","IPSL-CM5A  RCA4","IPSL-CM5A (Hiver humide/Été extrême)"
2070,"2. Étang de Milieu",56.613531382098124,36.12941168424182,1046.5632,10172594.304000001,0.07432190710888077,0.19258116506088016,0.36979671200977493,"3. Aléatoire (Variable)","IPSL-CM5A  RCA4","IPSL-CM5A (Hiver humide/Été extrême)"
2070,"3. Étang Exutoire",97.71195127430542,57.70422729745126,1046.5632,10172594.304000001,0.07432190710888077,0.19258116506088016,0.36979671200977493,"3. Aléatoire (Variable)","IPSL-CM5A  RCA4","IPSL-CM5A (Hiver humide/Été extrême)"
2026,"1. Étang de Tête",86.77979458201855,34.39129729730906,756.5184,7353358.848,0.0075114661385774365,0.24690458027218723,0.35177853855994934,"3. Aléatoire (Variable)","IPSL-CM5A  WRF381P","IPSL-CM5A (Humide)"
2026,"2. Étang de Milieu",78.52102768616425,36.55945817547534,756.5184,7353358.848,0.0075114661385774365,0.24690458027218723,0.35177853855994934,"3. Aléatoire (Variable)","IPSL-CM5A  WRF381P","IPSL-CM5A (Humide)"
2026,"3. Étang Exutoire",91.39648444518699,45.5523593903996,756.5184,7353358.848,0.0075114661385774365,0.24690458027218723,0.35177853855994934,"3. Aléatoire (Variable)","IPSL-CM5A  WRF381P","IPSL-CM5A (Humide)"
2027,"1. Étang de Tête",65.32704078020208,51.68298131220176,1085.10624,10547232.652800001,0.1373470418859803,0.16648202921131644,0.37288871287946984,"3. Aléatoire (Variable)","IPSL-CM5A  WRF381P","IPSL-CM5A (Humide)"
2027,"2. Étang de Milieu",65.52292652232894,52.67930501336017,1085.10624,10547232.652800001,0.1373470418859803,0.16648202921131644,0.37288871287946984,"3. Aléatoire (Variable)","IPSL-CM5A  WRF381P","IPSL-CM5A (Humide)"
2027,"3. Étang Exutoire",99.40427947478582,76.62616977908937,1085.10624,10547232.652800001,0.1373470418859803,0.16648202921131644,0.37288871287946984,"3. Aléatoire (Variable)","IPSL-CM5A  WRF381P","IPSL-CM5A (Humide)"
2028,"1. Étang de Tête",47.15658730743488,27.19609295717356,977.63328,9502595.4816,0.06830938365621406,0.17999134923084084,0.3473327329494117,"3. Aléatoire (Variable)","IPSL-CM5A  WRF381P","IPSL-CM5A (Humide)"
2028,"2. Étang de Milieu",70.87969373038187,54.41474543249446,977.63328,9502595.4816,0.06830938365621406,0.17999134923084084,0.3473327329494117,"3. Aléatoire (Variable)","IPSL-CM5A  WRF381P","IPSL-CM5A (Humide)"
2028,"3. Étang Exutoire",99.16843702336054,78.836655244497,977.63328,9502595.4816,0.06830938365621406,0.17999134923084084,0.3473327329494117,"3. Aléatoire (Variable)","IPSL-CM5A  WRF381P","IPSL-CM5A (Humide)"
2029,"1. Étang de Tête",28.04246628543403,11.117553370982378,877.81536,8532365.2992,0.14731149318144693,0.14287679637387182,0.3668706071449181,"3. Aléatoire (Variable)","IPSL-CM5A  WRF381P","IPSL-CM5A (Humide)"
2029,"2. Étang de Milieu",53.81446100803673,35.685337433898276,877.81536,8532365.2992,0.14731149318144693,0.14287679637387182,0.3668706071449181,"3. Aléatoire (Variable)","IPSL-CM5A  WRF381P","IPSL-CM5A (Humide)"
2029,"3. Étang Exutoire",99.69540046273055,65.6165314890016,877.81536,8532365.2992,0.14731149318144693,0.14287679637387182,0.3668706071449181,"3. Aléatoire (Variable)","IPSL-CM5A  WRF381P","IPSL-CM5A (Humide)"
2030,"1. Étang de Tête",74.56770070384076,36.56958698191682,1121.96448,10905494.7456,0.08213232889993685,0.1212072287229279,0.3679887353988303,"3. Aléatoire (Variable)","IPSL-CM5A  WRF381P","IPSL-CM5A (Humide)"
2030,"2. Étang de Milieu",59.801979486724676,35.50590939619608,1121.96448,10905494.7456,0.08213232889993685,0.1212072287229279,0.3679887353988303,"3. Aléatoire (Variable)","IPSL-CM5A  WRF381P","IPSL-CM5A (Humide)"
2030,"3. Étang Exutoire",97.86064196014112,59.85316790701688,1121.96448,10905494.7456,0.08213232889993685,0.1212072287229279,0.3679887353988303,"3. Aléatoire (Variable)","IPSL-CM5A  WRF381P","IPSL-CM5A (Humide)"
2031,"1. Étang de Tête",63.681085137726356,82.85588199194126,1361.17152,13230587.1744,0.10089711439724072,0.09196623926439104,0.37962256765335933,"3. Aléatoire (Variable)","IPSL-CM5A  WRF381P","IPSL-CM5A (Humide)"
2031,"2. Étang de Milieu",68.85585041869611,76.96315871857475,1361.17152,13230587.1744,0.10089711439724072,0.09196623926439104,0.37962256765335933,"3. Aléatoire (Variable)","IPSL-CM5A  WRF381P","IPSL-CM5A (Humide)"
2031,"3. Étang Exutoire",0,0,1361.17152,13230587.1744,0.10089711439724072,0.09196623926439104,0.37962256765335933,"3. Aléatoire (Variable)","IPSL-CM5A  WRF381P","IPSL-CM5A (Humide)"
2032,"1. Étang de Tête",38.437723472390296,21.003690784878753,1021.8096,9931989.311999999,0.23642888956849448,0.15462935529798605,0.3849173878647721,"3. Aléatoire (Variable)","IPSL-CM5A  WRF381P","IPSL-CM5A (Humide)"
2032,"2. Étang de Milieu",65.81113732790557,42.70885106240697,1021.8096,9931989.311999999,0.23642888956849448,0.15462935529798605,0.3849173878647721,"3. Aléatoire (Variable)","IPSL-CM5A  WRF381P","IPSL-CM5A (Humide)"
2032,"3. Étang Exutoire",98.95192741422211,64.54767524635395,1021.8096,9931989.311999999,0.23642888956849448,0.15462935529798605,0.3849173878647721,"3. Aléatoire (Variable)","IPSL-CM5A  WRF381P","IPSL-CM5A (Humide)"
2033,"1. Étang de Tête",51.21610166345342,52.26468660915521,1157.7168,11253007.296,0.08591042836243348,0.11427452838419969,0.3627944588866173,"3. Aléatoire (Variable)","IPSL-CM5A  WRF381P","IPSL-CM5A (Humide)"
2033,"2. Étang de Milieu",60.59172534901016,55.483288282631015,1157.7168,11253007.296,0.08591042836243348,0.11427452838419969,0.3627944588866173,"3. Aléatoire (Variable)","IPSL-CM5A  WRF381P","IPSL-CM5A (Humide)"
2033,"3. Étang Exutoire",99.01538918188467,83.03996474953928,1157.7168,11253007.296,0.08591042836243348,0.11427452838419969,0.3627944588866173,"3. Aléatoire (Variable)","IPSL-CM5A  WRF381P","IPSL-CM5A (Humide)"
2034,"1. Étang de Tête",55.4412774812426,57.75538057170632,1261.31904,12260021.0688,0.12131662695981868,0.11946028074516442,0.3718798148895348,"3. Aléatoire (Variable)","IPSL-CM5A  WRF381P","IPSL-CM5A (Humide)"
2034,"2. Étang de Milieu",74.85328884108601,70.6024684989974,1261.31904,12260021.0688,0.12131662695981868,0.11946028074516442,0.3718798148895348,"3. Aléatoire (Variable)","IPSL-CM5A  WRF381P","IPSL-CM5A (Humide)"
2034,"3. Étang Exutoire",99.7658663278617,88.93569277847408,1261.31904,12260021.0688,0.12131662695981868,0.11946028074516442,0.3718798148895348,"3. Aléatoire (Variable)","IPSL-CM5A  WRF381P","IPSL-CM5A (Humide)"
2035,"1. Étang de Tête",59.50718812448868,65.70676782359115,1182.27168,11491680.729600001,0.2032504450104449,0.10942432253106602,0.3963210110277773,"3. Aléatoire (Variable)","IPSL-CM5A  WRF381P","IPSL-CM5A (Humide)"
2035,"2. Étang de Milieu",66.8010931457294,64.93265105953374,1182.27168,11491680.729600001,0.2032504450104449,0.10942432253106602,0.3963210110277773,"3. Aléatoire (Variable)","IPSL-CM5A  WRF381P","IPSL-CM5A (Humide)"
2035,"3. Étang Exutoire",0,0,1182.27168,11491680.729600001,0.2032504450104449,0.10942432253106602,0.3963210110277773,"3. Aléatoire (Variable)","IPSL-CM5A  WRF381P","IPSL-CM5A (Humide)"
2036,"1. Étang de Tête",50.55084529264234,2.2344294656614143,776.87424,7551217.6128,0.16119156103919144,0.21367493162748744,0.35437163624199147,"3. Aléatoire (Variable)","IPSL-CM5A  WRF381P","IPSL-CM5A (Humide)"
2036,"2. Étang de Milieu",61.05742944650656,17.075628257201547,776.87424,7551217.6128,0.16119156103919144,0.21367493162748744,0.35437163624199147,"3. Aléatoire (Variable)","IPSL-CM5A  WRF381P","IPSL-CM5A (Humide)"
2036,"3. Étang Exutoire",99.28352989491599,34.99124637344382,776.87424,7551217.6128,0.16119156103919144,0.21367493162748744,0.35437163624199147,"3. Aléatoire (Variable)","IPSL-CM5A  WRF381P","IPSL-CM5A (Humide)"
2037,"1. Étang de Tête",40.484188207552634,48.7453768426756,1176.18048,11432474.2656,0.049232443110390864,0.11976802194841149,0.36054113763250717,"3. Aléatoire (Variable)","IPSL-CM5A  WRF381P","IPSL-CM5A (Humide)"
2037,"2. Étang de Milieu",40.69613286660005,43.889700797483464,1176.18048,11432474.2656,0.049232443110390864,0.11976802194841149,0.36054113763250717,"3. Aléatoire (Variable)","IPSL-CM5A  WRF381P","IPSL-CM5A (Humide)"
2037,"3. Étang Exutoire",96.97751565748017,82.41462273255036,1176.18048,11432474.2656,0.049232443110390864,0.11976802194841149,0.36054113763250717,"3. Aléatoire (Variable)","IPSL-CM5A  WRF381P","IPSL-CM5A (Humide)"
2038,"1. Étang de Tête",46.875834313759164,28.496257069129836,1275.41088,12396993.7536,0.16647036322069936,0.14305632628420178,0.3867200367082559,"3. Aléatoire (Variable)","IPSL-CM5A  WRF381P","IPSL-CM5A (Humide)"
2038,"2. Étang de Milieu",77.45873115959698,56.53411966535286,1275.41088,12396993.7536,0.16647036322069936,0.14305632628420178,0.3867200367082559,"3. Aléatoire (Variable)","IPSL-CM5A  WRF381P","IPSL-CM5A (Humide)"
2038,"3. Étang Exutoire",95.18517113577902,67.637903660189,1275.41088,12396993.7536,0.16647036322069936,0.14305632628420178,0.3867200367082559,"3. Aléatoire (Variable)","IPSL-CM5A  WRF381P","IPSL-CM5A (Humide)"
2039,"1. Étang de Tête",44.315086871844215,30.03824193189775,1175.50656,11425923.7632,0.10414596033668677,0.1192073990215795,0.3625229582656588,"3. Aléatoire (Variable)","IPSL-CM5A  WRF381P","IPSL-CM5A (Humide)"
2039,"2. Étang de Milieu",67.01401577611087,56.07358154264569,1175.50656,11425923.7632,0.10414596033668677,0.1192073990215795,0.3625229582656588,"3. Aléatoire (Variable)","IPSL-CM5A  WRF381P","IPSL-CM5A (Humide)"
2039,"3. Étang Exutoire",98.66496794160801,81.80768983173196,1175.50656,11425923.7632,0.10414596033668677,0.1192073990215795,0.3625229582656588,"3. Aléatoire (Variable)","IPSL-CM5A  WRF381P","IPSL-CM5A (Humide)"
2040,"1. Étang de Tête",50.549301819382336,43.09441045542436,1002.21408,9741520.8576,0.13528423780361976,0.1398621482085102,0.3650126944110719,"3. Aléatoire (Variable)","IPSL-CM5A  WRF381P","IPSL-CM5A (Humide)"
2040,"2. Étang de Milieu",61.208725621024904,48.652021943312235,1002.21408,9741520.8576,0.13528423780361976,0.1398621482085102,0.3650126944110719,"3. Aléatoire (Variable)","IPSL-CM5A  WRF381P","IPSL-CM5A (Humide)"
2040,"3. Étang Exutoire",98.50138749413287,71.22639798416144,1002.21408,9741520.8576,0.13528423780361976,0.1398621482085102,0.3650126944110719,"3. Aléatoire (Variable)","IPSL-CM5A  WRF381P","IPSL-CM5A (Humide)"
2041,"1. Étang de Tête",49.69339622461884,15.874275974628366,941.18112,9148280.486399999,0.14770149679472244,0.16939931592313856,0.3730886670643136,"3. Aléatoire (Variable)","IPSL-CM5A  WRF381P","IPSL-CM5A (Humide)"
2041,"2. Étang de Milieu",53.039816906832854,26.894914911574503,941.18112,9148280.486399999,0.14770149679472244,0.16939931592313856,0.3730886670643136,"3. Aléatoire (Variable)","IPSL-CM5A  WRF381P","IPSL-CM5A (Humide)"
2041,"3. Étang Exutoire",100,54.856297773833184,941.18112,9148280.486399999,0.14770149679472244,0.16939931592313856,0.3730886670643136,"3. Aléatoire (Variable)","IPSL-CM5A  WRF381P","IPSL-CM5A (Humide)"
2042,"1. Étang de Tête",22.414044276309387,5.940256134465769,823.54752,8004881.8944,0.12399659858662791,0.12544785730224653,0.35221422370277805,"3. Aléatoire (Variable)","IPSL-CM5A  WRF381P","IPSL-CM5A (Humide)"
2042,"2. Étang de Milieu",46.610167423928914,24.74306253800856,823.54752,8004881.8944,0.12399659858662791,0.12544785730224653,0.35221422370277805,"3. Aléatoire (Variable)","IPSL-CM5A  WRF381P","IPSL-CM5A (Humide)"
2042,"3. Étang Exutoire",0,0,823.54752,8004881.8944,0.12399659858662791,0.12544785730224653,0.35221422370277805,"3. Aléatoire (Variable)","IPSL-CM5A  WRF381P","IPSL-CM5A (Humide)"
2043,"1. Étang de Tête",34.76524939387611,58.57733029528168,1140.3072,11083785.984000001,0.02579932726505248,0.11058895438630026,0.36471751232023314,"3. Aléatoire (Variable)","IPSL-CM5A  WRF381P","IPSL-CM5A (Humide)"
2043,"2. Étang de Milieu",50.65051956955087,66.6712886361511,1140.3072,11083785.984000001,0.02579932726505248,0.11058895438630026,0.36471751232023314,"3. Aléatoire (Variable)","IPSL-CM5A  WRF381P","IPSL-CM5A (Humide)"
2043,"3. Étang Exutoire",99.34571791734756,97.97199403976576,1140.3072,11083785.984000001,0.02579932726505248,0.11058895438630026,0.36471751232023314,"3. Aléatoire (Variable)","IPSL-CM5A  WRF381P","IPSL-CM5A (Humide)"
2044,"1. Étang de Tête",69.11008279189026,45.94197973286827,1264.56768,12291597.8496,0.14138963212660388,0.12257107987209098,0.38053861698313013,"3. Aléatoire (Variable)","IPSL-CM5A  WRF381P","IPSL-CM5A (Humide)"
2044,"2. Étang de Milieu",71.69729172141524,53.47728287928591,1264.56768,12291597.8496,0.14138963212660388,0.12257107987209098,0.38053861698313013,"3. Aléatoire (Variable)","IPSL-CM5A  WRF381P","IPSL-CM5A (Humide)"
2044,"3. Étang Exutoire",100,70.9486156371926,1264.56768,12291597.8496,0.14138963212660388,0.12257107987209098,0.38053861698313013,"3. Aléatoire (Variable)","IPSL-CM5A  WRF381P","IPSL-CM5A (Humide)"
2045,"1. Étang de Tête",77.74814101024334,24.28657238351992,1144.10016,11120653.5552,0.17929325930345447,0.15010667601812314,0.37845172757034046,"3. Aléatoire (Variable)","IPSL-CM5A  WRF381P","IPSL-CM5A (Humide)"
2045,"2. Étang de Milieu",69.84555655781026,30.811113012702002,1144.10016,11120653.5552,0.17929325930345447,0.15010667601812314,0.37845172757034046,"3. Aléatoire (Variable)","IPSL-CM5A  WRF381P","IPSL-CM5A (Humide)"
2045,"3. Étang Exutoire",100,46.89873413050179,1144.10016,11120653.5552,0.17929325930345447,0.15010667601812314,0.37845172757034046,"3. Aléatoire (Variable)","IPSL-CM5A  WRF381P","IPSL-CM5A (Humide)"
2046,"1. Étang de Tête",50.25269676754448,47.658498011407396,1335.96864,12985615.1808,0.11676115312873572,0.11590533049658656,0.37638861933879586,"3. Aléatoire (Variable)","IPSL-CM5A  WRF381P","IPSL-CM5A (Humide)"
2046,"2. Étang de Milieu",79.58664990307783,76.84086520662882,1335.96864,12985615.1808,0.11676115312873572,0.11590533049658656,0.37638861933879586,"3. Aléatoire (Variable)","IPSL-CM5A  WRF381P","IPSL-CM5A (Humide)"
2046,"3. Étang Exutoire",100,86.55418313629399,1335.96864,12985615.1808,0.11676115312873572,0.11590533049658656,0.37638861933879586,"3. Aléatoire (Variable)","IPSL-CM5A  WRF381P","IPSL-CM5A (Humide)"
2047,"1. Étang de Tête",64.86848910391257,69.07062692962572,1391.10912,13521580.6464,0.19046340833905237,0.08671545689513688,0.38820677528932707,"3. Aléatoire (Variable)","IPSL-CM5A  WRF381P","IPSL-CM5A (Humide)"
2047,"2. Étang de Milieu",60.94525418326786,66.87540809871706,1391.10912,13521580.6464,0.19046340833905237,0.08671545689513688,0.38820677528932707,"3. Aléatoire (Variable)","IPSL-CM5A  WRF381P","IPSL-CM5A (Humide)"
2047,"3. Étang Exutoire",99.12241504019461,96.69820537835022,1391.10912,13521580.6464,0.19046340833905237,0.08671545689513688,0.38820677528932707,"3. Aléatoire (Variable)","IPSL-CM5A  WRF381P","IPSL-CM5A (Humide)"
2048,"1. Étang de Tête",59.62992500045929,35.84382347207775,1217.15136,11830711.2192,0.17397421450731432,0.10921479776209844,0.376441686166255,"3. Aléatoire (Variable)","IPSL-CM5A  WRF381P","IPSL-CM5A (Humide)"
2048,"2. Étang de Milieu",58.414098471126735,40.2323078888127,1217.15136,11830711.2192,0.17397421450731432,0.10921479776209844,0.376441686166255,"3. Aléatoire (Variable)","IPSL-CM5A  WRF381P","IPSL-CM5A (Humide)"
2048,"3. Étang Exutoire",0,0,1217.15136,11830711.2192,0.17397421450731432,0.10921479776209844,0.376441686166255,"3. Aléatoire (Variable)","IPSL-CM5A  WRF381P","IPSL-CM5A (Humide)"
2049,"1. Étang de Tête",57.33552787478796,70.72176625008302,1318.67136,12817485.6192,0.16945182339930337,0.10046640168586399,0.38691475207170783,"3. Aléatoire (Variable)","IPSL-CM5A  WRF381P","IPSL-CM5A (Humide)"
2049,"2. Étang de Milieu",50.65604577729136,65.42696699658991,1318.67136,12817485.6192,0.16945182339930337,0.10046640168586399,0.38691475207170783,"3. Aléatoire (Variable)","IPSL-CM5A  WRF381P","IPSL-CM5A (Humide)"
2049,"3. Étang Exutoire",99.54691935371525,98.0377079071453,1318.67136,12817485.6192,0.16945182339930337,0.10046640168586399,0.38691475207170783,"3. Aléatoire (Variable)","IPSL-CM5A  WRF381P","IPSL-CM5A (Humide)"
2050,"1. Étang de Tête",84.69317574458998,78.76484081228774,1585.19808,15408125.337599998,0.16888384278107482,0.08800286857479621,0.39064151520950563,"3. Aléatoire (Variable)","IPSL-CM5A  WRF381P","IPSL-CM5A (Humide)"
2050,"2. Étang de Milieu",77.43638595060975,79.83476602615366,1585.19808,15408125.337599998,0.16888384278107482,0.08800286857479621,0.39064151520950563,"3. Aléatoire (Variable)","IPSL-CM5A  WRF381P","IPSL-CM5A (Humide)"
2050,"3. Étang Exutoire",100,89.76658688859315,1585.19808,15408125.337599998,0.16888384278107482,0.08800286857479621,0.39064151520950563,"3. Aléatoire (Variable)","IPSL-CM5A  WRF381P","IPSL-CM5A (Humide)"
2051,"1. Étang de Tête",64.3922991077168,43.216598419764274,1250.66592,12156472.7424,0.18911688935812354,0.13875180593596176,0.37906761266385286,"3. Aléatoire (Variable)","IPSL-CM5A  WRF381P","IPSL-CM5A (Humide)"
2051,"2. Étang de Milieu",64.45638108539805,49.21319916857047,1250.66592,12156472.7424,0.18911688935812354,0.13875180593596176,0.37906761266385286,"3. Aléatoire (Variable)","IPSL-CM5A  WRF381P","IPSL-CM5A (Humide)"
2051,"3. Étang Exutoire",93.43738335819486,69.98751114070723,1250.66592,12156472.7424,0.18911688935812354,0.13875180593596176,0.37906761266385286,"3. Aléatoire (Variable)","IPSL-CM5A  WRF381P","IPSL-CM5A (Humide)"
2052,"1. Étang de Tête",59.9553628962315,50.871149687642855,1309.96224,12732832.972800002,0.1725263592327296,0.10484608993057333,0.39273740337927865,"3. Aléatoire (Variable)","IPSL-CM5A  WRF381P","IPSL-CM5A (Humide)"
2052,"2. Étang de Milieu",80.9780081139582,72.77567784533127,1309.96224,12732832.972800002,0.1725263592327296,0.10484608993057333,0.39273740337927865,"3. Aléatoire (Variable)","IPSL-CM5A  WRF381P","IPSL-CM5A (Humide)"
2052,"3. Étang Exutoire",99.71702627376237,84.04058282359885,1309.96224,12732832.972800002,0.1725263592327296,0.10484608993057333,0.39273740337927865,"3. Aléatoire (Variable)","IPSL-CM5A  WRF381P","IPSL-CM5A (Humide)"
2053,"1. Étang de Tête",67.3891940904013,26.288167180316567,994.43808,9665938.137600001,0.1850091793093016,0.17482180511690412,0.3779779667835702,"3. Aléatoire (Variable)","IPSL-CM5A  WRF381P","IPSL-CM5A (Humide)"
2053,"2. Étang de Milieu",71.67374021738111,35.75349119857106,994.43808,9665938.137600001,0.1850091793093016,0.17482180511690412,0.3779779667835702,"3. Aléatoire (Variable)","IPSL-CM5A  WRF381P","IPSL-CM5A (Humide)"
2053,"3. Étang Exutoire",99.892104676918,51.80481556506925,994.43808,9665938.137600001,0.1850091793093016,0.17482180511690412,0.3779779667835702,"3. Aléatoire (Variable)","IPSL-CM5A  WRF381P","IPSL-CM5A (Humide)"
2054,"1. Étang de Tête",70.35914888648861,33.20129789270549,1115.61408,10843768.8576,0.0958871918610655,0.12226989781470307,0.36772754268664576,"3. Aléatoire (Variable)","IPSL-CM5A  WRF381P","IPSL-CM5A (Humide)"
2054,"2. Étang de Milieu",67.8676067526945,40.814357032205066,1115.61408,10843768.8576,0.0958871918610655,0.12226989781470307,0.36772754268664576,"3. Aléatoire (Variable)","IPSL-CM5A  WRF381P","IPSL-CM5A (Humide)"
2054,"3. Étang Exutoire",99.72612630210465,57.32686667382202,1115.61408,10843768.8576,0.0958871918610655,0.12226989781470307,0.36772754268664576,"3. Aléatoire (Variable)","IPSL-CM5A  WRF381P","IPSL-CM5A (Humide)"
2055,"1. Étang de Tête",61.05905873474109,30.401041284628274,1070.6515200000001,10406732.774400001,0.10219460278010913,0.16075026904755185,0.3662263745865835,"3. Aléatoire (Variable)","IPSL-CM5A  WRF381P","IPSL-CM5A (Humide)"
2055,"2. Étang de Milieu",72.44445110409252,45.01290408557025,1070.6515200000001,10406732.774400001,0.10219460278010913,0.16075026904755185,0.3662263745865835,"3. Aléatoire (Variable)","IPSL-CM5A  WRF381P","IPSL-CM5A (Humide)"
2055,"3. Étang Exutoire",0,0,1070.6515200000001,10406732.774400001,0.10219460278010913,0.16075026904755185,0.3662263745865835,"3. Aléatoire (Variable)","IPSL-CM5A  WRF381P","IPSL-CM5A (Humide)"
2056,"1. Étang de Tête",54.602931114999855,19.95748683243301,1394.6256,13555760.832,0.09901870384146139,0.12740590360022885,0.38065249414680496,"3. Aléatoire (Variable)","IPSL-CM5A  WRF381P","IPSL-CM5A (Humide)"
2056,"2. Étang de Milieu",75.51050674384547,37.6416387413018,1394.6256,13555760.832,0.09901870384146139,0.12740590360022885,0.38065249414680496,"3. Aléatoire (Variable)","IPSL-CM5A  WRF381P","IPSL-CM5A (Humide)"
2056,"3. Étang Exutoire",97.96054483699406,50.24284680359491,1394.6256,13555760.832,0.09901870384146139,0.12740590360022885,0.38065249414680496,"3. Aléatoire (Variable)","IPSL-CM5A  WRF381P","IPSL-CM5A (Humide)"
2057,"1. Étang de Tête",73.58510655248153,46.281640035918244,1362.06144,13239237.1968,0.19124426362567293,0.12442926239305215,0.3852185446039542,"3. Aléatoire (Variable)","IPSL-CM5A  WRF381P","IPSL-CM5A (Humide)"
2057,"2. Étang de Milieu",76.35538147303618,54.57196210011508,1362.06144,13239237.1968,0.19124426362567293,0.12442926239305215,0.3852185446039542,"3. Aléatoire (Variable)","IPSL-CM5A  WRF381P","IPSL-CM5A (Humide)"
2057,"3. Étang Exutoire",99.7785042547093,71.05922851044055,1362.06144,13239237.1968,0.19124426362567293,0.12442926239305215,0.3852185446039542,"3. Aléatoire (Variable)","IPSL-CM5A  WRF381P","IPSL-CM5A (Humide)"
2058,"1. Étang de Tête",67.22057685616471,30.1564828959102,1201.89312,11682401.1264,0.16287773577531328,0.11236322164011536,0.37910716048340337,"3. Aléatoire (Variable)","IPSL-CM5A  WRF381P","IPSL-CM5A (Humide)"
2058,"2. Étang de Milieu",58.47404112605538,34.59794646149562,1201.89312,11682401.1264,0.16287773577531328,0.11236322164011536,0.37910716048340337,"3. Aléatoire (Variable)","IPSL-CM5A  WRF381P","IPSL-CM5A (Humide)"
2058,"3. Étang Exutoire",99.64387546135217,63.20939073713569,1201.89312,11682401.1264,0.16287773577531328,0.11236322164011536,0.37910716048340337,"3. Aléatoire (Variable)","IPSL-CM5A  WRF381P","IPSL-CM5A (Humide)"
2059,"1. Étang de Tête",82.46581287159674,31.359347078636752,1109.808,10787333.76,0.12347022304193216,0.1851716757135739,0.387429679940362,"3. Aléatoire (Variable)","IPSL-CM5A  WRF381P","IPSL-CM5A (Humide)"
2059,"2. Étang de Milieu",78.6324980461809,38.80186526284071,1109.808,10787333.76,0.12347022304193216,0.1851716757135739,0.387429679940362,"3. Aléatoire (Variable)","IPSL-CM5A  WRF381P","IPSL-CM5A (Humide)"
2059,"3. Étang Exutoire",99.16268917563787,48.331525749879624,1109.808,10787333.76,0.12347022304193216,0.1851716757135739,0.387429679940362,"3. Aléatoire (Variable)","IPSL-CM5A  WRF381P","IPSL-CM5A (Humide)"
2060,"1. Étang de Tête",45.73785069651626,50.90201880033698,1285.0704,12490884.288,0.1176832688558131,0.10483481723678642,0.3723659878657324,"3. Aléatoire (Variable)","IPSL-CM5A  WRF381P","IPSL-CM5A (Humide)"
2060,"2. Étang de Milieu",65.50620592886162,72.3823611043747,1285.0704,12490884.288,0.1176832688558131,0.10483481723678642,0.3723659878657324,"3. Aléatoire (Variable)","IPSL-CM5A  WRF381P","IPSL-CM5A (Humide)"
2060,"3. Étang Exutoire",99.76026860420929,93.93206699017814,1285.0704,12490884.288,0.1176832688558131,0.10483481723678642,0.3723659878657324,"3. Aléatoire (Variable)","IPSL-CM5A  WRF381P","IPSL-CM5A (Humide)"
2061,"1. Étang de Tête",63.70746580081599,33.54102726799642,1215.15552,11811311.654400002,0.20881180880939074,0.1015816691486667,0.3916777850239739,"3. Aléatoire (Variable)","IPSL-CM5A  WRF381P","IPSL-CM5A (Humide)"
2061,"2. Étang de Milieu",62.008140082969646,37.17144426840028,1215.15552,11811311.654400002,0.20881180880939074,0.1015816691486667,0.3916777850239739,"3. Aléatoire (Variable)","IPSL-CM5A  WRF381P","IPSL-CM5A (Humide)"
2061,"3. Étang Exutoire",0,0,1215.15552,11811311.654400002,0.20881180880939074,0.1015816691486667,0.3916777850239739,"3. Aléatoire (Variable)","IPSL-CM5A  WRF381P","IPSL-CM5A (Humide)"
2062,"1. Étang de Tête",59.83645554238658,42.536144454250326,1210.54176,11766465.9072,0.05758717234305602,0.13798471813099517,0.3637391956442801,"3. Aléatoire (Variable)","IPSL-CM5A  WRF381P","IPSL-CM5A (Humide)"
2062,"2. Étang de Milieu",70.70693603253791,56.91151768042408,1210.54176,11766465.9072,0.05758717234305602,0.13798471813099517,0.3637391956442801,"3. Aléatoire (Variable)","IPSL-CM5A  WRF381P","IPSL-CM5A (Humide)"
2062,"3. Étang Exutoire",100,73.40184218671918,1210.54176,11766465.9072,0.05758717234305602,0.13798471813099517,0.3637391956442801,"3. Aléatoire (Variable)","IPSL-CM5A  WRF381P","IPSL-CM5A (Humide)"
2063,"1. Étang de Tête",62.32953807427967,52.6202145437844,1287.0576,12510199.872000001,0.14530490087051934,0.13824594010766772,0.369056243558806,"3. Aléatoire (Variable)","IPSL-CM5A  WRF381P","IPSL-CM5A (Humide)"
2063,"2. Étang de Milieu",69.66921594009919,59.119728308380125,1287.0576,12510199.872000001,0.14530490087051934,0.13824594010766772,0.369056243558806,"3. Aléatoire (Variable)","IPSL-CM5A  WRF381P","IPSL-CM5A (Humide)"
2063,"3. Étang Exutoire",97.22603179637986,79.9653266252967,1287.0576,12510199.872000001,0.14530490087051934,0.13824594010766772,0.369056243558806,"3. Aléatoire (Variable)","IPSL-CM5A  WRF381P","IPSL-CM5A (Humide)"
2064,"1. Étang de Tête",77.56390241323216,53.66213706331781,1232.0208,11975242.176,0.17730344596795902,0.1201344800663665,0.37856514214549386,"3. Aléatoire (Variable)","IPSL-CM5A  WRF381P","IPSL-CM5A (Humide)"
2064,"2. Étang de Milieu",70.06197376689921,53.746583412480746,1232.0208,11975242.176,0.17730344596795902,0.1201344800663665,0.37856514214549386,"3. Aléatoire (Variable)","IPSL-CM5A  WRF381P","IPSL-CM5A (Humide)"
2064,"3. Étang Exutoire",100,79.42386783974634,1232.0208,11975242.176,0.17730344596795902,0.1201344800663665,0.37856514214549386,"3. Aléatoire (Variable)","IPSL-CM5A  WRF381P","IPSL-CM5A (Humide)"
2065,"1. Étang de Tête",48.428717258095475,57.923968919379,1378.52928,13399304.6016,0.1837281358604008,0.09059672711999558,0.38800867621609625,"3. Aléatoire (Variable)","IPSL-CM5A  WRF381P","IPSL-CM5A (Humide)"
2065,"2. Étang de Milieu",65.70987363011791,65.97422841913783,1378.52928,13399304.6016,0.1837281358604008,0.09059672711999558,0.38800867621609625,"3. Aléatoire (Variable)","IPSL-CM5A  WRF381P","IPSL-CM5A (Humide)"
2065,"3. Étang Exutoire",100,96.5682256947579,1378.52928,13399304.6016,0.1837281358604008,0.09059672711999558,0.38800867621609625,"3. Aléatoire (Variable)","IPSL-CM5A  WRF381P","IPSL-CM5A (Humide)"
2066,"1. Étang de Tête",71.96544187375007,51.46991309958633,1542.18816,14990068.915199999,0.20385417705092387,0.09591260695143654,0.3997792022657813,"3. Aléatoire (Variable)","IPSL-CM5A  WRF381P","IPSL-CM5A (Humide)"
2066,"2. Étang de Milieu",87.00336298938078,67.42957493170293,1542.18816,14990068.915199999,0.20385417705092387,0.09591260695143654,0.3997792022657813,"3. Aléatoire (Variable)","IPSL-CM5A  WRF381P","IPSL-CM5A (Humide)"
2066,"3. Étang Exutoire",99.4742884855313,74.51515010965214,1542.18816,14990068.915199999,0.20385417705092387,0.09591260695143654,0.3997792022657813,"3. Aléatoire (Variable)","IPSL-CM5A  WRF381P","IPSL-CM5A (Humide)"
2067,"1. Étang de Tête",54.02144765946978,55.033154197378664,1022.69088,9940555.3536,0.1312369892248538,0.16424624185517034,0.3666999316454432,"3. Aléatoire (Variable)","IPSL-CM5A  WRF381P","IPSL-CM5A (Humide)"
2067,"2. Étang de Milieu",66.80859521913891,60.95112577784,1022.69088,9940555.3536,0.1312369892248538,0.16424624185517034,0.3666999316454432,"3. Aléatoire (Variable)","IPSL-CM5A  WRF381P","IPSL-CM5A (Humide)"
2067,"3. Étang Exutoire",98.4446863676661,80.06268340607477,1022.69088,9940555.3536,0.1312369892248538,0.16424624185517034,0.3666999316454432,"3. Aléatoire (Variable)","IPSL-CM5A  WRF381P","IPSL-CM5A (Humide)"
2068,"1. Étang de Tête",56.45063765930384,28.716533637052457,1368.91296,13305833.9712,0.1806011850037554,0.0941893087930166,0.3897884307793625,"3. Aléatoire (Variable)","IPSL-CM5A  WRF381P","IPSL-CM5A (Humide)"
2068,"2. Étang de Milieu",54.53904479209402,32.82722886247456,1368.91296,13305833.9712,0.1806011850037554,0.0941893087930166,0.3897884307793625,"3. Aléatoire (Variable)","IPSL-CM5A  WRF381P","IPSL-CM5A (Humide)"
2068,"3. Étang Exutoire",0,0,1368.91296,13305833.9712,0.1806011850037554,0.0941893087930166,0.3897884307793625,"3. Aléatoire (Variable)","IPSL-CM5A  WRF381P","IPSL-CM5A (Humide)"
2069,"1. Étang de Tête",68.09094760354621,64.43857749755081,1296.55296,12602494.7712,0.06328629283044816,0.144210153628028,0.3590340526820363,"3. Aléatoire (Variable)","IPSL-CM5A  WRF381P","IPSL-CM5A (Humide)"
2069,"2. Étang de Milieu",72.67763496022783,72.51938374851359,1296.55296,12602494.7712,0.06328629283044816,0.144210153628028,0.3590340526820363,"3. Aléatoire (Variable)","IPSL-CM5A  WRF381P","IPSL-CM5A (Humide)"
2069,"3. Étang Exutoire",100,97.26197001009812,1296.55296,12602494.7712,0.06328629283044816,0.144210153628028,0.3590340526820363,"3. Aléatoire (Variable)","IPSL-CM5A  WRF381P","IPSL-CM5A (Humide)"
2070,"1. Étang de Tête",57.97116141678348,69.45814248150033,1369.99296,13316331.571200002,0.14273443826219387,0.10754268476822357,0.37935551757555785,"3. Aléatoire (Variable)","IPSL-CM5A  WRF381P","IPSL-CM5A (Humide)"
2070,"2. Étang de Milieu",63.92666034276084,69.44499454351711,1369.99296,13316331.571200002,0.14273443826219387,0.10754268476822357,0.37935551757555785,"3. Aléatoire (Variable)","IPSL-CM5A  WRF381P","IPSL-CM5A (Humide)"
2070,"3. Étang Exutoire",99.20527203278073,82.31182856757819,1369.99296,13316331.571200002,0.14273443826219387,0.10754268476822357,0.37935551757555785,"3. Aléatoire (Variable)","IPSL-CM5A  WRF381P","IPSL-CM5A (Humide)"
2026,"1. Étang de Tête",76.56364420730904,71.57150597546806,741.93408,7211599.2576,0.008998150206744928,0.24747374727900354,0.3570042532776808,"3. Aléatoire (Variable)","MPI-ESM  REMO2009","MPI-ESM (Intermédiaire)"
2026,"2. Étang de Milieu",70.91239260305719,67.5481921203813,741.93408,7211599.2576,0.008998150206744928,0.24747374727900354,0.3570042532776808,"3. Aléatoire (Variable)","MPI-ESM  REMO2009","MPI-ESM (Intermédiaire)"
2026,"3. Étang Exutoire",72.59546044666307,84.71832763804362,741.93408,7211599.2576,0.008998150206744928,0.24747374727900354,0.3570042532776808,"3. Aléatoire (Variable)","MPI-ESM  REMO2009","MPI-ESM (Intermédiaire)"
2027,"1. Étang de Tête",81.5980841501889,22.62451476332923,883.94976,8591991.6672,0.17815294812580382,0.21870264560633804,0.3726011894249894,"3. Aléatoire (Variable)","MPI-ESM  REMO2009","MPI-ESM (Intermédiaire)"
2027,"2. Étang de Milieu",76.78892706664979,28.902399062524342,883.94976,8591991.6672,0.17815294812580382,0.21870264560633804,0.3726011894249894,"3. Aléatoire (Variable)","MPI-ESM  REMO2009","MPI-ESM (Intermédiaire)"
2027,"3. Étang Exutoire",99.76272485306066,39.180968392726385,883.94976,8591991.6672,0.17815294812580382,0.21870264560633804,0.3726011894249894,"3. Aléatoire (Variable)","MPI-ESM  REMO2009","MPI-ESM (Intermédiaire)"
2028,"1. Étang de Tête",15.210484870819972,8.266300888640629,977.78016,9504023.1552,0.03741038473745768,0.18318186055182561,0.33336395312017564,"3. Aléatoire (Variable)","MPI-ESM  REMO2009","MPI-ESM (Intermédiaire)"
2028,"2. Étang de Milieu",48.338634346599065,37.02574732812845,977.78016,9504023.1552,0.03741038473745768,0.18318186055182561,0.33336395312017564,"3. Aléatoire (Variable)","MPI-ESM  REMO2009","MPI-ESM (Intermédiaire)"
2028,"3. Étang Exutoire",5.8228175596733225,8.167291799859305,977.78016,9504023.1552,0.03741038473745768,0.18318186055182561,0.33336395312017564,"3. Aléatoire (Variable)","MPI-ESM  REMO2009","MPI-ESM (Intermédiaire)"
2029,"1. Étang de Tête",27.005876187293346,7.142210980181552,879.6470400000001,8550169.2288,0.1064271388861066,0.1522739650353824,0.364252865351032,"3. Aléatoire (Variable)","MPI-ESM  REMO2009","MPI-ESM (Intermédiaire)"
2029,"2. Étang de Milieu",51.09108195447937,30.763333276347833,879.6470400000001,8550169.2288,0.1064271388861066,0.1522739650353824,0.364252865351032,"3. Aléatoire (Variable)","MPI-ESM  REMO2009","MPI-ESM (Intermédiaire)"
2029,"3. Étang Exutoire",98.40359895548502,62.396978587564774,879.6470400000001,8550169.2288,0.1064271388861066,0.1522739650353824,0.364252865351032,"3. Aléatoire (Variable)","MPI-ESM  REMO2009","MPI-ESM (Intermédiaire)"
2030,"1. Étang de Tête",57.66399350341053,38.49168613774972,1079.6112,10493820.864000002,0.09438925668040134,0.13741954876148407,0.3734162427237549,"3. Aléatoire (Variable)","MPI-ESM  REMO2009","MPI-ESM (Intermédiaire)"
2030,"2. Étang de Milieu",52.38528871997036,38.364665438997044,1079.6112,10493820.864000002,0.09438925668040134,0.13741954876148407,0.3734162427237549,"3. Aléatoire (Variable)","MPI-ESM  REMO2009","MPI-ESM (Intermédiaire)"
2030,"3. Étang Exutoire",100,67.84035897202911,1079.6112,10493820.864000002,0.09438925668040134,0.13741954876148407,0.3734162427237549,"3. Aléatoire (Variable)","MPI-ESM  REMO2009","MPI-ESM (Intermédiaire)"
2031,"1. Étang de Tête",36.07116010281901,17.16206728307212,934.416,9082523.520000001,0.07991424154851942,0.1865260754226159,0.36359604768963927,"3. Aléatoire (Variable)","MPI-ESM  REMO2009","MPI-ESM (Intermédiaire)"
2031,"2. Étang de Milieu",51.98658273258879,31.764886562080324,934.416,9082523.520000001,0.07991424154851942,0.1865260754226159,0.36359604768963927,"3. Aléatoire (Variable)","MPI-ESM  REMO2009","MPI-ESM (Intermédiaire)"
2031,"3. Étang Exutoire",0,0,934.416,9082523.520000001,0.07991424154851942,0.1865260754226159,0.36359604768963927,"3. Aléatoire (Variable)","MPI-ESM  REMO2009","MPI-ESM (Intermédiaire)"
2032,"1. Étang de Tête",26.023676591956935,12.372089178381735,1027.65888,9988844.3136,0.0970969033673459,0.14775805398173347,0.3549699810765544,"3. Aléatoire (Variable)","MPI-ESM  REMO2009","MPI-ESM (Intermédiaire)"
2032,"2. Étang de Milieu",53.94705016061964,36.364196329799945,1027.65888,9988844.3136,0.0970969033673459,0.14775805398173347,0.3549699810765544,"3. Aléatoire (Variable)","MPI-ESM  REMO2009","MPI-ESM (Intermédiaire)"
2032,"3. Étang Exutoire",96.46767494640535,69.45071893421614,1027.65888,9988844.3136,0.0970969033673459,0.14775805398173347,0.3549699810765544,"3. Aléatoire (Variable)","MPI-ESM  REMO2009","MPI-ESM (Intermédiaire)"
2033,"1. Étang de Tête",65.33492833111683,74.66264219035665,1267.8768,12323762.496,0.11910977115417522,0.09004871487568962,0.38652603436883914,"3. Aléatoire (Variable)","MPI-ESM  REMO2009","MPI-ESM (Intermédiaire)"
2033,"2. Étang de Milieu",65.65100257231455,66.9216487023494,1267.8768,12323762.496,0.11910977115417522,0.09004871487568962,0.38652603436883914,"3. Aléatoire (Variable)","MPI-ESM  REMO2009","MPI-ESM (Intermédiaire)"
2033,"3. Étang Exutoire",100,93.7944300113121,1267.8768,12323762.496,0.11910977115417522,0.09004871487568962,0.38652603436883914,"3. Aléatoire (Variable)","MPI-ESM  REMO2009","MPI-ESM (Intermédiaire)"
2034,"1. Étang de Tête",72.76071369092155,39.755135975291296,1187.60256,11543496.8832,0.17075910130953204,0.15358607791767545,0.3840679545840605,"3. Aléatoire (Variable)","MPI-ESM  REMO2009","MPI-ESM (Intermédiaire)"
2034,"2. Étang de Milieu",80.70555866888273,47.56133439697192,1187.60256,11543496.8832,0.17075910130953204,0.15358607791767545,0.3840679545840605,"3. Aléatoire (Variable)","MPI-ESM  REMO2009","MPI-ESM (Intermédiaire)"
2034,"3. Étang Exutoire",99.58271841639085,54.7113666411479,1187.60256,11543496.8832,0.17075910130953204,0.15358607791767545,0.3840679545840605,"3. Aléatoire (Variable)","MPI-ESM  REMO2009","MPI-ESM (Intermédiaire)"
2035,"1. Étang de Tête",58.353996113865996,66.60243476268707,1170.53856,11377634.803199999,0.15303338816377707,0.12614994871532184,0.3894948146538649,"3. Aléatoire (Variable)","MPI-ESM  REMO2009","MPI-ESM (Intermédiaire)"
2035,"2. Étang de Milieu",67.4425350289376,66.34933993236459,1170.53856,11377634.803199999,0.15303338816377707,0.12614994871532184,0.3894948146538649,"3. Aléatoire (Variable)","MPI-ESM  REMO2009","MPI-ESM (Intermédiaire)"
2035,"3. Étang Exutoire",0,0,1170.53856,11377634.803199999,0.15303338816377707,0.12614994871532184,0.3894948146538649,"3. Aléatoire (Variable)","MPI-ESM  REMO2009","MPI-ESM (Intermédiaire)"
2036,"1. Étang de Tête",0.9177044963494628,0,542.16864,5269879.1808,0.12357876108488836,0.2480794444549791,0.3155120740312805,"3. Aléatoire (Variable)","MPI-ESM  REMO2009","MPI-ESM (Intermédiaire)"
2036,"2. Étang de Milieu",32.6909968316347,9.941592213897644,542.16864,5269879.1808,0.12357876108488836,0.2480794444549791,0.3155120740312805,"3. Aléatoire (Variable)","MPI-ESM  REMO2009","MPI-ESM (Intermédiaire)"
2036,"3. Étang Exutoire",96.12134041930958,40.620644225327304,542.16864,5269879.1808,0.12357876108488836,0.2480794444549791,0.3155120740312805,"3. Aléatoire (Variable)","MPI-ESM  REMO2009","MPI-ESM (Intermédiaire)"
2037,"1. Étang de Tête",8.081674539911784,7.776637233241881,923.79744,8979311.1168,0.027341148230188572,0.152052170981605,0.3338067312995103,"3. Aléatoire (Variable)","MPI-ESM  REMO2009","MPI-ESM (Intermédiaire)"
2037,"2. Étang de Milieu",15.349274854854574,14.056946938513697,923.79744,8979311.1168,0.027341148230188572,0.152052170981605,0.3338067312995103,"3. Aléatoire (Variable)","MPI-ESM  REMO2009","MPI-ESM (Intermédiaire)"
2037,"3. Étang Exutoire",31.43925196776096,48.25451252387561,923.79744,8979311.1168,0.027341148230188572,0.152052170981605,0.3338067312995103,"3. Aléatoire (Variable)","MPI-ESM  REMO2009","MPI-ESM (Intermédiaire)"
2038,"1. Étang de Tête",35.07254422351318,12.4315602174132,877.8672,8532869.184,0.137103781067842,0.19092087504103009,0.3843148813272636,"3. Aléatoire (Variable)","MPI-ESM  REMO2009","MPI-ESM (Intermédiaire)"
2038,"2. Étang de Milieu",57.075086248010145,22.702431936423675,877.8672,8532869.184,0.137103781067842,0.19092087504103009,0.3843148813272636,"3. Aléatoire (Variable)","MPI-ESM  REMO2009","MPI-ESM (Intermédiaire)"
2038,"3. Étang Exutoire",97.60905758424259,45.879337450582995,877.8672,8532869.184,0.137103781067842,0.19092087504103009,0.3843148813272636,"3. Aléatoire (Variable)","MPI-ESM  REMO2009","MPI-ESM (Intermédiaire)"
2039,"1. Étang de Tête",50.18660779660087,36.10342599134282,1157.30208,11248976.2176,0.10535514708978401,0.12260589644967833,0.3969037417796856,"3. Aléatoire (Variable)","MPI-ESM  REMO2009","MPI-ESM (Intermédiaire)"
2039,"2. Étang de Milieu",69.1791469024802,48.155575259334555,1157.30208,11248976.2176,0.10535514708978401,0.12260589644967833,0.3969037417796856,"3. Aléatoire (Variable)","MPI-ESM  REMO2009","MPI-ESM (Intermédiaire)"
2039,"3. Étang Exutoire",99.79142001639036,58.57506963927004,1157.30208,11248976.2176,0.10535514708978401,0.12260589644967833,0.3969037417796856,"3. Aléatoire (Variable)","MPI-ESM  REMO2009","MPI-ESM (Intermédiaire)"
2040,"1. Étang de Tête",40.282996301203156,1.0575926851889708,697.032,6775151.040000001,0.12813977559731404,0.2371708243841507,0.3475946941179424,"3. Aléatoire (Variable)","MPI-ESM  REMO2009","MPI-ESM (Intermédiaire)"
2040,"2. Étang de Milieu",54.46384593160684,14.009143830644353,697.032,6775151.040000001,0.12813977559731404,0.2371708243841507,0.3475946941179424,"3. Aléatoire (Variable)","MPI-ESM  REMO2009","MPI-ESM (Intermédiaire)"
2040,"3. Étang Exutoire",99.20412118697764,34.06599465283922,697.032,6775151.040000001,0.12813977559731404,0.2371708243841507,0.3475946941179424,"3. Aléatoire (Variable)","MPI-ESM  REMO2009","MPI-ESM (Intermédiaire)"
2041,"1. Étang de Tête",52.367014304576294,27.049346337616065,935.24544,9090585.6768,0.0679486091076509,0.15850866350714624,0.3681545220861496,"3. Aléatoire (Variable)","MPI-ESM  REMO2009","MPI-ESM (Intermédiaire)"
2041,"2. Étang de Milieu",47.0867950338582,28.05750158842282,935.24544,9090585.6768,0.0679486091076509,0.15850866350714624,0.3681545220861496,"3. Aléatoire (Variable)","MPI-ESM  REMO2009","MPI-ESM (Intermédiaire)"
2041,"3. Étang Exutoire",100,66.1210776386692,935.24544,9090585.6768,0.0679486091076509,0.15850866350714624,0.3681545220861496,"3. Aléatoire (Variable)","MPI-ESM  REMO2009","MPI-ESM (Intermédiaire)"
2042,"1. Étang de Tête",21.034433513873623,1.7506473371794606,969.2352,9420966.144,0.050882886776600855,0.13983485997104195,0.340768035407199,"3. Aléatoire (Variable)","MPI-ESM  REMO2009","MPI-ESM (Intermédiaire)"
2042,"2. Étang de Milieu",48.694294071827954,24.906916299800127,969.2352,9420966.144,0.050882886776600855,0.13983485997104195,0.340768035407199,"3. Aléatoire (Variable)","MPI-ESM  REMO2009","MPI-ESM (Intermédiaire)"
2042,"3. Étang Exutoire",0,0,969.2352,9420966.144,0.050882886776600855,0.13983485997104195,0.340768035407199,"3. Aléatoire (Variable)","MPI-ESM  REMO2009","MPI-ESM (Intermédiaire)"
2043,"1. Étang de Tête",70.35064299428237,36.94072143465418,1260.63648,12253386.5856,0.12067123136000697,0.12372335608050736,0.40476118436086017,"3. Aléatoire (Variable)","MPI-ESM  REMO2009","MPI-ESM (Intermédiaire)"
2043,"2. Étang de Milieu",82.57079462324374,51.82245069078401,1260.63648,12253386.5856,0.12067123136000697,0.12372335608050736,0.40476118436086017,"3. Aléatoire (Variable)","MPI-ESM  REMO2009","MPI-ESM (Intermédiaire)"
2043,"3. Étang Exutoire",100,53.96059728793746,1260.63648,12253386.5856,0.12067123136000697,0.12372335608050736,0.40476118436086017,"3. Aléatoire (Variable)","MPI-ESM  REMO2009","MPI-ESM (Intermédiaire)"
2044,"1. Étang de Tête",52.592932489247794,22.683300368704998,1020.30624,9917376.6528,0.151782437165943,0.1860935489763495,0.3819855318820296,"3. Aléatoire (Variable)","MPI-ESM  REMO2009","MPI-ESM (Intermédiaire)"
2044,"2. Étang de Milieu",58.321894494166024,35.25611506855478,1020.30624,9917376.6528,0.151782437165943,0.1860935489763495,0.3819855318820296,"3. Aléatoire (Variable)","MPI-ESM  REMO2009","MPI-ESM (Intermédiaire)"
2044,"3. Étang Exutoire",100,47.2703580144628,1020.30624,9917376.6528,0.151782437165943,0.1860935489763495,0.3819855318820296,"3. Aléatoire (Variable)","MPI-ESM  REMO2009","MPI-ESM (Intermédiaire)"
2045,"1. Étang de Tête",42.93469612955657,19.474346206054186,1041.56064,10123969.4208,0.1115636475615967,0.1513902626879516,0.35104213644228327,"3. Aléatoire (Variable)","MPI-ESM  REMO2009","MPI-ESM (Intermédiaire)"
2045,"2. Étang de Milieu",50.026145237519565,29.52644933148215,1041.56064,10123969.4208,0.1115636475615967,0.1513902626879516,0.35104213644228327,"3. Aléatoire (Variable)","MPI-ESM  REMO2009","MPI-ESM (Intermédiaire)"
2045,"3. Étang Exutoire",99.09123428725299,63.49890407584249,1041.56064,10123969.4208,0.1115636475615967,0.1513902626879516,0.35104213644228327,"3. Aléatoire (Variable)","MPI-ESM  REMO2009","MPI-ESM (Intermédiaire)"
2046,"1. Étang de Tête",59.90790650404732,41.62072986507781,1293.26112,12570498.086399999,0.11554793080108264,0.13105944215814794,0.3845707609493548,"3. Aléatoire (Variable)","MPI-ESM  REMO2009","MPI-ESM (Intermédiaire)"
2046,"2. Étang de Milieu",84.54917358304398,66.15374171291253,1293.26112,12570498.086399999,0.11554793080108264,0.13105944215814794,0.3845707609493548,"3. Aléatoire (Variable)","MPI-ESM  REMO2009","MPI-ESM (Intermédiaire)"
2046,"3. Étang Exutoire",100,71.81686012407563,1293.26112,12570498.086399999,0.11554793080108264,0.13105944215814794,0.3845707609493548,"3. Aléatoire (Variable)","MPI-ESM  REMO2009","MPI-ESM (Intermédiaire)"
2047,"1. Étang de Tête",50.225878636514864,11.642727216694766,822.13056,7991109.043199999,0.19347980285371774,0.17090893433809706,0.36526723106174736,"3. Aléatoire (Variable)","MPI-ESM  REMO2009","MPI-ESM (Intermédiaire)"
2047,"2. Étang de Milieu",55.11171562519009,28.11312199406911,822.13056,7991109.043199999,0.19347980285371774,0.17090893433809706,0.36526723106174736,"3. Aléatoire (Variable)","MPI-ESM  REMO2009","MPI-ESM (Intermédiaire)"
2047,"3. Étang Exutoire",99.0328145305877,56.93171121940872,822.13056,7991109.043199999,0.19347980285371774,0.17090893433809706,0.36526723106174736,"3. Aléatoire (Variable)","MPI-ESM  REMO2009","MPI-ESM (Intermédiaire)"
2048,"1. Étang de Tête",41.03132703813518,23.99624313761281,866.1168,8418655.296,0.06541419390688909,0.1456876426433513,0.35605169841991174,"3. Aléatoire (Variable)","MPI-ESM  REMO2009","MPI-ESM (Intermédiaire)"
2048,"2. Étang de Milieu",47.792865157831166,33.13405792907661,866.1168,8418655.296,0.06541419390688909,0.1456876426433513,0.35605169841991174,"3. Aléatoire (Variable)","MPI-ESM  REMO2009","MPI-ESM (Intermédiaire)"
2048,"3. Étang Exutoire",0,0,866.1168,8418655.296,0.06541419390688909,0.1456876426433513,0.35605169841991174,"3. Aléatoire (Variable)","MPI-ESM  REMO2009","MPI-ESM (Intermédiaire)"
2049,"1. Étang de Tête",15.496023812473581,0.45808097548468785,747.00576,7260895.9872,0.08716455844279974,0.1802667808945662,0.3310862301626907,"3. Aléatoire (Variable)","MPI-ESM  REMO2009","MPI-ESM (Intermédiaire)"
2049,"2. Étang de Milieu",30.710168651190937,7.861016143621769,747.00576,7260895.9872,0.08716455844279974,0.1802667808945662,0.3310862301626907,"3. Aléatoire (Variable)","MPI-ESM  REMO2009","MPI-ESM (Intermédiaire)"
2049,"3. Étang Exutoire",93.95657900689015,33.86623846287106,747.00576,7260895.9872,0.08716455844279974,0.1802667808945662,0.3310862301626907,"3. Aléatoire (Variable)","MPI-ESM  REMO2009","MPI-ESM (Intermédiaire)"
2050,"1. Étang de Tête",82.68680025782805,63.259845214848994,1513.46016,14710832.755200002,0.10111727651892283,0.09094605857508595,0.38975440486515134,"3. Aléatoire (Variable)","MPI-ESM  REMO2009","MPI-ESM (Intermédiaire)"
2050,"2. Étang de Milieu",75.87571190468313,65.89965830750666,1513.46016,14710832.755200002,0.10111727651892283,0.09094605857508595,0.38975440486515134,"3. Aléatoire (Variable)","MPI-ESM  REMO2009","MPI-ESM (Intermédiaire)"
2050,"3. Étang Exutoire",100,75.01385670044436,1513.46016,14710832.755200002,0.10111727651892283,0.09094605857508595,0.38975440486515134,"3. Aléatoire (Variable)","MPI-ESM  REMO2009","MPI-ESM (Intermédiaire)"
2051,"1. Étang de Tête",65.12172893325793,40.9487234061698,1061.35488,10316369.433600001,0.1881147220252121,0.15890413526440927,0.3834517513755482,"3. Aléatoire (Variable)","MPI-ESM  REMO2009","MPI-ESM (Intermédiaire)"
2051,"2. Étang de Milieu",66.9383021643197,47.8774508340944,1061.35488,10316369.433600001,0.1881147220252121,0.15890413526440927,0.3834517513755482,"3. Aléatoire (Variable)","MPI-ESM  REMO2009","MPI-ESM (Intermédiaire)"
2051,"3. Étang Exutoire",99.80987258781893,69.10075018909842,1061.35488,10316369.433600001,0.1881147220252121,0.15890413526440927,0.3834517513755482,"3. Aléatoire (Variable)","MPI-ESM  REMO2009","MPI-ESM (Intermédiaire)"
2052,"1. Étang de Tête",59.492966170630496,52.43125833575586,1443.81312,14033863.5264,0.16354863376784223,0.08948693555951617,0.385701539432455,"3. Aléatoire (Variable)","MPI-ESM  REMO2009","MPI-ESM (Intermédiaire)"
2052,"2. Étang de Milieu",77.18307596986163,75.00963419831274,1443.81312,14033863.5264,0.16354863376784223,0.08948693555951617,0.385701539432455,"3. Aléatoire (Variable)","MPI-ESM  REMO2009","MPI-ESM (Intermédiaire)"
2052,"3. Étang Exutoire",99.7389011592475,85.87589510188522,1443.81312,14033863.5264,0.16354863376784223,0.08948693555951617,0.385701539432455,"3. Aléatoire (Variable)","MPI-ESM  REMO2009","MPI-ESM (Intermédiaire)"
2053,"1. Étang de Tête",26.10472212270058,0,681.08256,6620122.483199999,0.2132371307503113,0.25054630375564857,0.35632159941833813,"3. Aléatoire (Variable)","MPI-ESM  REMO2009","MPI-ESM (Intermédiaire)"
2053,"2. Étang de Milieu",54.1875560723042,15.221005438882997,681.08256,6620122.483199999,0.2132371307503113,0.25054630375564857,0.35632159941833813,"3. Aléatoire (Variable)","MPI-ESM  REMO2009","MPI-ESM (Intermédiaire)"
2053,"3. Étang Exutoire",99.6978897634568,36.19265371522523,681.08256,6620122.483199999,0.2132371307503113,0.25054630375564857,0.35632159941833813,"3. Aléatoire (Variable)","MPI-ESM  REMO2009","MPI-ESM (Intermédiaire)"
2054,"1. Étang de Tête",70.02755932026476,43.792378935033184,1324.27872,12871989.1584,0.08670934190824231,0.10467616576507414,0.38052972063247564,"3. Aléatoire (Variable)","MPI-ESM  REMO2009","MPI-ESM (Intermédiaire)"
2054,"2. Étang de Milieu",67.47122584941962,43.99217025990283,1324.27872,12871989.1584,0.08670934190824231,0.10467616576507414,0.38052972063247564,"3. Aléatoire (Variable)","MPI-ESM  REMO2009","MPI-ESM (Intermédiaire)"
2054,"3. Étang Exutoire",99.61505115885012,61.061111856858005,1324.27872,12871989.1584,0.08670934190824231,0.10467616576507414,0.38052972063247564,"3. Aléatoire (Variable)","MPI-ESM  REMO2009","MPI-ESM (Intermédiaire)"
2055,"1. Étang de Tête",69.6417835537278,20.56046193737119,958.42656,9315906.1632,0.1148327312421416,0.20577012887709115,0.3769157748122172,"3. Aléatoire (Variable)","MPI-ESM  REMO2009","MPI-ESM (Intermédiaire)"
2055,"2. Étang de Milieu",79.56675465879523,36.207683414146935,958.42656,9315906.1632,0.1148327312421416,0.20577012887709115,0.3769157748122172,"3. Aléatoire (Variable)","MPI-ESM  REMO2009","MPI-ESM (Intermédiaire)"
2055,"3. Étang Exutoire",0,0,958.42656,9315906.1632,0.1148327312421416,0.20577012887709115,0.3769157748122172,"3. Aléatoire (Variable)","MPI-ESM  REMO2009","MPI-ESM (Intermédiaire)"
2056,"1. Étang de Tête",61.18466185874569,35.85025151246786,1492.35264,14505667.660799999,0.12187253558867045,0.11248024844611386,0.38392016679129554,"3. Aléatoire (Variable)","MPI-ESM  REMO2009","MPI-ESM (Intermédiaire)"
2056,"2. Étang de Milieu",79.87298735308028,56.198757083957474,1492.35264,14505667.660799999,0.12187253558867045,0.11248024844611386,0.38392016679129554,"3. Aléatoire (Variable)","MPI-ESM  REMO2009","MPI-ESM (Intermédiaire)"
2056,"3. Étang Exutoire",99.7801406042093,63.87865026347869,1492.35264,14505667.660799999,0.12187253558867045,0.11248024844611386,0.38392016679129554,"3. Aléatoire (Variable)","MPI-ESM  REMO2009","MPI-ESM (Intermédiaire)"
2057,"1. Étang de Tête",56.074643976588355,24.648393155127817,969.69312,9425417.126400001,0.22543591424883566,0.1745736852193174,0.3746013666047699,"3. Aléatoire (Variable)","MPI-ESM  REMO2009","MPI-ESM (Intermédiaire)"
2057,"2. Étang de Milieu",66.16384271053894,38.63437997797258,969.69312,9425417.126400001,0.22543591424883566,0.1745736852193174,0.3746013666047699,"3. Aléatoire (Variable)","MPI-ESM  REMO2009","MPI-ESM (Intermédiaire)"
2057,"3. Étang Exutoire",98.36737461827124,62.47862003531749,969.69312,9425417.126400001,0.22543591424883566,0.1745736852193174,0.3746013666047699,"3. Aléatoire (Variable)","MPI-ESM  REMO2009","MPI-ESM (Intermédiaire)"
2058,"1. Étang de Tête",35.696682827968594,18.335039584617775,875.34432,8508346.7904,0.08268448120404508,0.16143497057128928,0.3574534137173988,"3. Aléatoire (Variable)","MPI-ESM  REMO2009","MPI-ESM (Intermédiaire)"
2058,"2. Étang de Milieu",38.260572249184364,22.986067257905642,875.34432,8508346.7904,0.08268448120404508,0.16143497057128928,0.3574534137173988,"3. Aléatoire (Variable)","MPI-ESM  REMO2009","MPI-ESM (Intermédiaire)"
2058,"3. Étang Exutoire",98.67287343316306,66.2147436154076,875.34432,8508346.7904,0.08268448120404508,0.16143497057128928,0.3574534137173988,"3. Aléatoire (Variable)","MPI-ESM  REMO2009","MPI-ESM (Intermédiaire)"
2059,"1. Étang de Tête",68.69416393674095,4.491284975434761,991.17216,9634193.3952,0.046584702555705,0.22764161991291768,0.35927463204798715,"3. Aléatoire (Variable)","MPI-ESM  REMO2009","MPI-ESM (Intermédiaire)"
2059,"2. Étang de Milieu",69.37089519632156,19.83188903602661,991.17216,9634193.3952,0.046584702555705,0.22764161991291768,0.35927463204798715,"3. Aléatoire (Variable)","MPI-ESM  REMO2009","MPI-ESM (Intermédiaire)"
2059,"3. Étang Exutoire",99.43832856447325,34.20127773756828,991.17216,9634193.3952,0.046584702555705,0.22764161991291768,0.35927463204798715,"3. Aléatoire (Variable)","MPI-ESM  REMO2009","MPI-ESM (Intermédiaire)"
2060,"1. Étang de Tête",57.5800041475096,16.77251282648357,947.23776,9207151.0272,0.09114573299192412,0.21385677491738647,0.38778876475041535,"3. Aléatoire (Variable)","MPI-ESM  REMO2009","MPI-ESM (Intermédiaire)"
2060,"2. Étang de Milieu",75.21753669072754,37.88054051581192,947.23776,9207151.0272,0.09114573299192412,0.21385677491738647,0.38778876475041535,"3. Aléatoire (Variable)","MPI-ESM  REMO2009","MPI-ESM (Intermédiaire)"
2060,"3. Étang Exutoire",99.10621609834216,47.17550258567218,947.23776,9207151.0272,0.09114573299192412,0.21385677491738647,0.38778876475041535,"3. Aléatoire (Variable)","MPI-ESM  REMO2009","MPI-ESM (Intermédiaire)"
2061,"1. Étang de Tête",46.35611616555461,25.18787993587873,1026.53568,9977926.8096,0.102288009425546,0.12483049184179526,0.37314059215706824,"3. Aléatoire (Variable)","MPI-ESM  REMO2009","MPI-ESM (Intermédiaire)"
2061,"2. Étang de Milieu",50.448295101010565,28.57001103330725,1026.53568,9977926.8096,0.102288009425546,0.12483049184179526,0.37314059215706824,"3. Aléatoire (Variable)","MPI-ESM  REMO2009","MPI-ESM (Intermédiaire)"
2061,"3. Étang Exutoire",0,0,1026.53568,9977926.8096,0.102288009425546,0.12483049184179526,0.37314059215706824,"3. Aléatoire (Variable)","MPI-ESM  REMO2009","MPI-ESM (Intermédiaire)"
2062,"1. Étang de Tête",68.47480283263614,41.9015093977036,1090.24704,10597201.228799999,0.04427708125583471,0.15615197209648557,0.36164051636851374,"3. Aléatoire (Variable)","MPI-ESM  REMO2009","MPI-ESM (Intermédiaire)"
2062,"2. Étang de Milieu",71.73141363781816,49.42776951672852,1090.24704,10597201.228799999,0.04427708125583471,0.15615197209648557,0.36164051636851374,"3. Aléatoire (Variable)","MPI-ESM  REMO2009","MPI-ESM (Intermédiaire)"
2062,"3. Étang Exutoire",99.05212577984716,69.11548574074436,1090.24704,10597201.228799999,0.04427708125583471,0.15615197209648557,0.36164051636851374,"3. Aléatoire (Variable)","MPI-ESM  REMO2009","MPI-ESM (Intermédiaire)"
2063,"1. Étang de Tête",80.81921723671014,63.4580726473905,1179.32544,11463043.276800001,0.12523332472219126,0.16858907427486838,0.36621979550420064,"3. Aléatoire (Variable)","MPI-ESM  REMO2009","MPI-ESM (Intermédiaire)"
2063,"2. Étang de Milieu",75.48712614516893,60.43599173281321,1179.32544,11463043.276800001,0.12523332472219126,0.16858907427486838,0.36621979550420064,"3. Aléatoire (Variable)","MPI-ESM  REMO2009","MPI-ESM (Intermédiaire)"
2063,"3. Étang Exutoire",100,77.98128007538033,1179.32544,11463043.276800001,0.12523332472219126,0.16858907427486838,0.36621979550420064,"3. Aléatoire (Variable)","MPI-ESM  REMO2009","MPI-ESM (Intermédiaire)"
2064,"1. Étang de Tête",57.68682336531932,16.765507373157163,907.74432,8823274.7904,0.1395155445884995,0.20974093636105595,0.36994191586171765,"3. Aléatoire (Variable)","MPI-ESM  REMO2009","MPI-ESM (Intermédiaire)"
2064,"2. Étang de Milieu",62.713248971740875,27.342922382057147,907.74432,8823274.7904,0.1395155445884995,0.20974093636105595,0.36994191586171765,"3. Aléatoire (Variable)","MPI-ESM  REMO2009","MPI-ESM (Intermédiaire)"
2064,"3. Étang Exutoire",96.93571254241816,40.567010117128156,907.74432,8823274.7904,0.1395155445884995,0.20974093636105595,0.36994191586171765,"3. Aléatoire (Variable)","MPI-ESM  REMO2009","MPI-ESM (Intermédiaire)"
2065,"1. Étang de Tête",53.45667379979258,40.19458272442737,1143.42624,11114103.0528,0.1003554950354533,0.1364827960881165,0.38396141525711897,"3. Aléatoire (Variable)","MPI-ESM  REMO2009","MPI-ESM (Intermédiaire)"
2065,"2. Étang de Milieu",61.011615135823924,46.57336016632276,1143.42624,11114103.0528,0.1003554950354533,0.1364827960881165,0.38396141525711897,"3. Aléatoire (Variable)","MPI-ESM  REMO2009","MPI-ESM (Intermédiaire)"
2065,"3. Étang Exutoire",99.03696816390361,70.36083413589881,1143.42624,11114103.0528,0.1003554950354533,0.1364827960881165,0.38396141525711897,"3. Aléatoire (Variable)","MPI-ESM  REMO2009","MPI-ESM (Intermédiaire)"
2066,"1. Étang de Tête",37.548433184969454,10.596834874208472,824.02272,8009500.838400001,0.08044706002636637,0.19697637120607653,0.35005093270013965,"3. Aléatoire (Variable)","MPI-ESM  REMO2009","MPI-ESM (Intermédiaire)"
2066,"2. Étang de Milieu",58.037899284747525,30.409270767629085,824.02272,8009500.838400001,0.08044706002636637,0.19697637120607653,0.35005093270013965,"3. Aléatoire (Variable)","MPI-ESM  REMO2009","MPI-ESM (Intermédiaire)"
2066,"3. Étang Exutoire",100,56.6776149946433,824.02272,8009500.838400001,0.08044706002636637,0.19697637120607653,0.35005093270013965,"3. Aléatoire (Variable)","MPI-ESM  REMO2009","MPI-ESM (Intermédiaire)"
2067,"1. Étang de Tête",26.459283462300643,5.523822262026674,822.54528,7995140.1216,0.07287214639253536,0.2221264302906916,0.3424211611761739,"3. Aléatoire (Variable)","MPI-ESM  REMO2009","MPI-ESM (Intermédiaire)"
2067,"2. Étang de Milieu",40.7580980172794,22.21839198124204,822.54528,7995140.1216,0.07287214639253536,0.2221264302906916,0.3424211611761739,"3. Aléatoire (Variable)","MPI-ESM  REMO2009","MPI-ESM (Intermédiaire)"
2067,"3. Étang Exutoire",99.3554833828722,62.883219389189904,822.54528,7995140.1216,0.07287214639253536,0.2221264302906916,0.3424211611761739,"3. Aléatoire (Variable)","MPI-ESM  REMO2009","MPI-ESM (Intermédiaire)"
2068,"1. Étang de Tête",40.99916787076136,29.86619762566658,1037.34432,10082986.7904,0.056739632347808606,0.1066141786407172,0.36249877865286156,"3. Aléatoire (Variable)","MPI-ESM  REMO2009","MPI-ESM (Intermédiaire)"
2068,"2. Étang de Milieu",40.82738733448444,32.25436047735556,1037.34432,10082986.7904,0.056739632347808606,0.1066141786407172,0.36249877865286156,"3. Aléatoire (Variable)","MPI-ESM  REMO2009","MPI-ESM (Intermédiaire)"
2068,"3. Étang Exutoire",0,0,1037.34432,10082986.7904,0.056739632347808606,0.1066141786407172,0.36249877865286156,"3. Aléatoire (Variable)","MPI-ESM  REMO2009","MPI-ESM (Intermédiaire)"
2069,"1. Étang de Tête",73.82544874173661,41.23874782031427,1222.05024,11878328.3328,0.10259927967205675,0.16537490356777476,0.3814501168653432,"3. Aléatoire (Variable)","MPI-ESM  REMO2009","MPI-ESM (Intermédiaire)"
2069,"2. Étang de Milieu",77.25334482586723,47.79090727489855,1222.05024,11878328.3328,0.10259927967205675,0.16537490356777476,0.3814501168653432,"3. Aléatoire (Variable)","MPI-ESM  REMO2009","MPI-ESM (Intermédiaire)"
2069,"3. Étang Exutoire",100,56.4564989809194,1222.05024,11878328.3328,0.10259927967205675,0.16537490356777476,0.3814501168653432,"3. Aléatoire (Variable)","MPI-ESM  REMO2009","MPI-ESM (Intermédiaire)"
2070,"1. Étang de Tête",70.66740006586997,13.593813289482105,979.46496,9520399.4112,0.1017303514517812,0.20544748290131115,0.3614574989257006,"3. Aléatoire (Variable)","MPI-ESM  REMO2009","MPI-ESM (Intermédiaire)"
2070,"2. Étang de Milieu",69.7411115818936,28.073132222382107,979.46496,9520399.4112,0.1017303514517812,0.20544748290131115,0.3614574989257006,"3. Aléatoire (Variable)","MPI-ESM  REMO2009","MPI-ESM (Intermédiaire)"
2070,"3. Étang Exutoire",100,37.774393447270526,979.46496,9520399.4112,0.1017303514517812,0.20544748290131115,0.3614574989257006,"3. Aléatoire (Variable)","MPI-ESM  REMO2009","MPI-ESM (Intermédiaire)"
2026,"1. Étang de Tête",63.586847503062884,67.26550196704724,982.67904,9551640.2688,0.08340333204665668,0.1876638231073371,0.38598251975916553,"4. Opti (Vidange seule)","CNRM-CM5  ALADIN63","CNRM-CM5 (Modéré)"
2026,"2. Étang de Milieu",83.75105688453654,78.16742223692617,982.67904,9551640.2688,0.08340333204665668,0.1876638231073371,0.38598251975916553,"4. Opti (Vidange seule)","CNRM-CM5  ALADIN63","CNRM-CM5 (Modéré)"
2026,"3. Étang Exutoire",100,81.13235952006771,982.67904,9551640.2688,0.08340333204665668,0.1876638231073371,0.38598251975916553,"4. Opti (Vidange seule)","CNRM-CM5  ALADIN63","CNRM-CM5 (Modéré)"
2027,"1. Étang de Tête",26.00066566804413,6.426950310347147,965.68416,9386450.0352,0.09891983179872424,0.1737558830523111,0.3346768527888474,"4. Opti (Vidange seule)","CNRM-CM5  ALADIN63","CNRM-CM5 (Modéré)"
2027,"2. Étang de Milieu",59.91342228629019,30.3157810190798,965.68416,9386450.0352,0.09891983179872424,0.1737558830523111,0.3346768527888474,"4. Opti (Vidange seule)","CNRM-CM5  ALADIN63","CNRM-CM5 (Modéré)"
2027,"3. Étang Exutoire",96.29578150408366,49.193565285225134,965.68416,9386450.0352,0.09891983179872424,0.1737558830523111,0.3346768527888474,"4. Opti (Vidange seule)","CNRM-CM5  ALADIN63","CNRM-CM5 (Modéré)"
2028,"1. Étang de Tête",29.224461634873965,33.99968541877592,1124.6515200000001,10931612.774400001,0.09203414657798822,0.12404082149827884,0.36824653547593944,"4. Opti (Vidange seule)","CNRM-CM5  ALADIN63","CNRM-CM5 (Modéré)"
2028,"2. Étang de Milieu",65.73545377662056,61.545599443295664,1124.6515200000001,10931612.774400001,0.09203414657798822,0.12404082149827884,0.36824653547593944,"4. Opti (Vidange seule)","CNRM-CM5  ALADIN63","CNRM-CM5 (Modéré)"
2028,"3. Étang Exutoire",97.65157158734806,85.42402861897858,1124.6515200000001,10931612.774400001,0.09203414657798822,0.12404082149827884,0.36824653547593944,"4. Opti (Vidange seule)","CNRM-CM5  ALADIN63","CNRM-CM5 (Modéré)"
2029,"1. Étang de Tête",36.195508927072154,15.292629815948915,966.384,9393252.48,0.09712653727292106,0.1707943921511253,0.35987858419027935,"4. Opti (Vidange seule)","CNRM-CM5  ALADIN63","CNRM-CM5 (Modéré)"
2029,"2. Étang de Milieu",65.81127618672546,45.8915563436409,966.384,9393252.48,0.09712653727292106,0.1707943921511253,0.35987858419027935,"4. Opti (Vidange seule)","CNRM-CM5  ALADIN63","CNRM-CM5 (Modéré)"
2029,"3. Étang Exutoire",99.68944920841858,73.62571907658752,966.384,9393252.48,0.09712653727292106,0.1707943921511253,0.35987858419027935,"4. Opti (Vidange seule)","CNRM-CM5  ALADIN63","CNRM-CM5 (Modéré)"
2030,"1. Étang de Tête",47.70912940051553,28.551425018135934,1098.99936,10682273.7792,0.1218926877558453,0.14703294529117153,0.37303378211757393,"4. Opti (Vidange seule)","CNRM-CM5  ALADIN63","CNRM-CM5 (Modéré)"
2030,"2. Étang de Milieu",81.69214968175842,60.81441317663398,1098.99936,10682273.7792,0.1218926877558453,0.14703294529117153,0.37303378211757393,"4. Opti (Vidange seule)","CNRM-CM5  ALADIN63","CNRM-CM5 (Modéré)"
2030,"3. Étang Exutoire",0,0,1098.99936,10682273.7792,0.1218926877558453,0.14703294529117153,0.37303378211757393,"4. Opti (Vidange seule)","CNRM-CM5  ALADIN63","CNRM-CM5 (Modéré)"
2031,"1. Étang de Tête",0,0,1544.7456,15014927.231999999,0.1717316986119899,0.07489120103597388,0.3851489022925483,"4. Opti (Vidange seule)","CNRM-CM5  ALADIN63","CNRM-CM5 (Modéré)"
2031,"2. Étang de Milieu",82.76340390419651,78.73282327042149,1544.7456,15014927.231999999,0.1717316986119899,0.07489120103597388,0.3851489022925483,"4. Opti (Vidange seule)","CNRM-CM5  ALADIN63","CNRM-CM5 (Modéré)"
2031,"3. Étang Exutoire",99.5118686042093,88.35617346539398,1544.7456,15014927.231999999,0.1717316986119899,0.07489120103597388,0.3851489022925483,"4. Opti (Vidange seule)","CNRM-CM5  ALADIN63","CNRM-CM5 (Modéré)"
2032,"1. Étang de Tête",47.282499108508055,40.37264954447468,954.77184,9280382.2848,0.145476357315138,0.1646082454260739,0.3744509679680955,"4. Opti (Vidange seule)","CNRM-CM5  ALADIN63","CNRM-CM5 (Modéré)"
2032,"2. Étang de Milieu",65.56418890731331,52.983493284884624,954.77184,9280382.2848,0.145476357315138,0.1646082454260739,0.3744509679680955,"4. Opti (Vidange seule)","CNRM-CM5  ALADIN63","CNRM-CM5 (Modéré)"
2032,"3. Étang Exutoire",99.6306355446518,76.44919973707326,954.77184,9280382.2848,0.145476357315138,0.1646082454260739,0.3744509679680955,"4. Opti (Vidange seule)","CNRM-CM5  ALADIN63","CNRM-CM5 (Modéré)"
2033,"1. Étang de Tête",27.294371597495775,25.06379707361028,1207.01664,11732201.7408,0.08649094312428021,0.12006360154680416,0.35649938638184286,"4. Opti (Vidange seule)","CNRM-CM5  ALADIN63","CNRM-CM5 (Modéré)"
2033,"2. Étang de Milieu",66.14471357253358,52.924975549048064,1207.01664,11732201.7408,0.08649094312428021,0.12006360154680416,0.35649938638184286,"4. Opti (Vidange seule)","CNRM-CM5  ALADIN63","CNRM-CM5 (Modéré)"
2033,"3. Étang Exutoire",100,70.50319143820109,1207.01664,11732201.7408,0.08649094312428021,0.12006360154680416,0.35649938638184286,"4. Opti (Vidange seule)","CNRM-CM5  ALADIN63","CNRM-CM5 (Modéré)"
2034,"1. Étang de Tête",29.863790381382785,3.4083607138916503,1036.42848,10074084.8256,0.18069527764528273,0.17519780485044456,0.378135782959118,"4. Opti (Vidange seule)","CNRM-CM5  ALADIN63","CNRM-CM5 (Modéré)"
2034,"2. Étang de Milieu",66.82859913389167,32.13002160844628,1036.42848,10074084.8256,0.18069527764528273,0.17519780485044456,0.378135782959118,"4. Opti (Vidange seule)","CNRM-CM5  ALADIN63","CNRM-CM5 (Modéré)"
2034,"3. Étang Exutoire",96.04562416012227,54.03663629423728,1036.42848,10074084.8256,0.18069527764528273,0.17519780485044456,0.378135782959118,"4. Opti (Vidange seule)","CNRM-CM5  ALADIN63","CNRM-CM5 (Modéré)"
2035,"1. Étang de Tête",53.91353771436133,44.08531605260217,1441.52352,14011608.6144,0.10219929493942512,0.11823473650485002,0.37704046966878685,"4. Opti (Vidange seule)","CNRM-CM5  ALADIN63","CNRM-CM5 (Modéré)"
2035,"2. Étang de Milieu",83.6928114694102,73.44591304509743,1441.52352,14011608.6144,0.10219929493942512,0.11823473650485002,0.37704046966878685,"4. Opti (Vidange seule)","CNRM-CM5  ALADIN63","CNRM-CM5 (Modéré)"
2035,"3. Étang Exutoire",0,0,1441.52352,14011608.6144,0.10219929493942512,0.11823473650485002,0.37704046966878685,"4. Opti (Vidange seule)","CNRM-CM5  ALADIN63","CNRM-CM5 (Modéré)"
2036,"1. Étang de Tête",0,0,1179.80064,11467662.2208,0.20585468929312775,0.11169707728337903,0.38296976003789196,"4. Opti (Vidange seule)","CNRM-CM5  ALADIN63","CNRM-CM5 (Modéré)"
2036,"2. Étang de Milieu",82.60000462013545,67.24575406625631,1179.80064,11467662.2208,0.20585468929312775,0.11169707728337903,0.38296976003789196,"4. Opti (Vidange seule)","CNRM-CM5  ALADIN63","CNRM-CM5 (Modéré)"
2036,"3. Étang Exutoire",99.54309603278074,76.02578746325314,1179.80064,11467662.2208,0.20585468929312775,0.11169707728337903,0.38296976003789196,"4. Opti (Vidange seule)","CNRM-CM5  ALADIN63","CNRM-CM5 (Modéré)"
2037,"1. Étang de Tête",46.81602831286456,18.997564446582462,1039.79808,10106837.3376,0.12157671891615918,0.1663990511079974,0.3627702051269223,"4. Opti (Vidange seule)","CNRM-CM5  ALADIN63","CNRM-CM5 (Modéré)"
2037,"2. Étang de Milieu",63.705748086692886,35.18753175427195,1039.79808,10106837.3376,0.12157671891615918,0.1663990511079974,0.3627702051269223,"4. Opti (Vidange seule)","CNRM-CM5  ALADIN63","CNRM-CM5 (Modéré)"
2037,"3. Étang Exutoire",94.76354129051904,50.00492900245288,1039.79808,10106837.3376,0.12157671891615918,0.1663990511079974,0.3627702051269223,"4. Opti (Vidange seule)","CNRM-CM5  ALADIN63","CNRM-CM5 (Modéré)"
2038,"1. Étang de Tête",56.782346676133955,42.70633886547868,1276.88832,12411354.4704,0.12133758871291495,0.10748614056868838,0.3837811549326401,"4. Opti (Vidange seule)","CNRM-CM5  ALADIN63","CNRM-CM5 (Modéré)"
2038,"2. Étang de Milieu",72.38263838263046,54.28704596773646,1276.88832,12411354.4704,0.12133758871291495,0.10748614056868838,0.3837811549326401,"4. Opti (Vidange seule)","CNRM-CM5  ALADIN63","CNRM-CM5 (Modéré)"
2038,"3. Étang Exutoire",99.90627895173706,66.9862385595812,1276.88832,12411354.4704,0.12133758871291495,0.10748614056868838,0.3837811549326401,"4. Opti (Vidange seule)","CNRM-CM5  ALADIN63","CNRM-CM5 (Modéré)"
2039,"1. Étang de Tête",51.673462091844115,24.810203798166484,1260.16128,12248767.6416,0.14346353101908088,0.1368293150539994,0.37223126993202704,"4. Opti (Vidange seule)","CNRM-CM5  ALADIN63","CNRM-CM5 (Modéré)"
2039,"2. Étang de Milieu",71.81710166229642,50.19734926173501,1260.16128,12248767.6416,0.14346353101908088,0.1368293150539994,0.37223126993202704,"4. Opti (Vidange seule)","CNRM-CM5  ALADIN63","CNRM-CM5 (Modéré)"
2039,"3. Étang Exutoire",98.91206959939174,74.54431395010708,1260.16128,12248767.6416,0.14346353101908088,0.1368293150539994,0.37223126993202704,"4. Opti (Vidange seule)","CNRM-CM5  ALADIN63","CNRM-CM5 (Modéré)"
2040,"1. Étang de Tête",34.20200004323054,23.90470159378628,964.58688,9375784.4736,0.09092821150042957,0.18622448663910438,0.3546088117530083,"4. Opti (Vidange seule)","CNRM-CM5  ALADIN63","CNRM-CM5 (Modéré)"
2040,"2. Étang de Milieu",72.28315364729782,59.5020992470155,964.58688,9375784.4736,0.09092821150042957,0.18622448663910438,0.3546088117530083,"4. Opti (Vidange seule)","CNRM-CM5  ALADIN63","CNRM-CM5 (Modéré)"
2040,"3. Étang Exutoire",0,0,964.58688,9375784.4736,0.09092821150042957,0.18622448663910438,0.3546088117530083,"4. Opti (Vidange seule)","CNRM-CM5  ALADIN63","CNRM-CM5 (Modéré)"
2041,"1. Étang de Tête",0,0,1007.95968,9797368.0896,0.13738090586154142,0.1525570130850717,0.3736594001002812,"4. Opti (Vidange seule)","CNRM-CM5  ALADIN63","CNRM-CM5 (Modéré)"
2041,"2. Étang de Milieu",81.06311240479421,42.47032520075435,1007.95968,9797368.0896,0.13738090586154142,0.1525570130850717,0.3736594001002812,"4. Opti (Vidange seule)","CNRM-CM5  ALADIN63","CNRM-CM5 (Modéré)"
2041,"3. Étang Exutoire",99.60447928432394,51.42075648562613,1007.95968,9797368.0896,0.13738090586154142,0.1525570130850717,0.3736594001002812,"4. Opti (Vidange seule)","CNRM-CM5  ALADIN63","CNRM-CM5 (Modéré)"
2042,"1. Étang de Tête",33.923460663938094,7.357388191303463,848.49984,8247418.4448,0.05902912531282709,0.2018683776305712,0.3473986460932819,"4. Opti (Vidange seule)","CNRM-CM5  ALADIN63","CNRM-CM5 (Modéré)"
2042,"2. Étang de Milieu",55.9563228983845,31.91074849711815,848.49984,8247418.4448,0.05902912531282709,0.2018683776305712,0.3473986460932819,"4. Opti (Vidange seule)","CNRM-CM5  ALADIN63","CNRM-CM5 (Modéré)"
2042,"3. Étang Exutoire",96.9167509230014,59.38670984271484,848.49984,8247418.4448,0.05902912531282709,0.2018683776305712,0.3473986460932819,"4. Opti (Vidange seule)","CNRM-CM5  ALADIN63","CNRM-CM5 (Modéré)"
2043,"1. Étang de Tête",43.30294920997533,42.26407539894231,1177.48512,11445155.3664,0.0604243430023488,0.1080641983504158,0.3612728365919201,"4. Opti (Vidange seule)","CNRM-CM5  ALADIN63","CNRM-CM5 (Modéré)"
2043,"2. Étang de Milieu",63.877227868662736,57.52928907455021,1177.48512,11445155.3664,0.0604243430023488,0.1080641983504158,0.3612728365919201,"4. Opti (Vidange seule)","CNRM-CM5  ALADIN63","CNRM-CM5 (Modéré)"
2043,"3. Étang Exutoire",99.2794141909029,82.73036796721915,1177.48512,11445155.3664,0.0604243430023488,0.1080641983504158,0.3612728365919201,"4. Opti (Vidange seule)","CNRM-CM5  ALADIN63","CNRM-CM5 (Modéré)"
2044,"1. Étang de Tête",54.70986551474225,76.86711528282629,1405.75392,13663928.102400001,0.14708890367221114,0.10825639779372738,0.3850340366166764,"4. Opti (Vidange seule)","CNRM-CM5  ALADIN63","CNRM-CM5 (Modéré)"
2044,"2. Étang de Milieu",70.90710044626042,69.86327397580355,1405.75392,13663928.102400001,0.14708890367221114,0.10825639779372738,0.3850340366166764,"4. Opti (Vidange seule)","CNRM-CM5  ALADIN63","CNRM-CM5 (Modéré)"
2044,"3. Étang Exutoire",98.3794175362258,92.21911865566558,1405.75392,13663928.102400001,0.14708890367221114,0.10825639779372738,0.3850340366166764,"4. Opti (Vidange seule)","CNRM-CM5  ALADIN63","CNRM-CM5 (Modéré)"
2045,"1. Étang de Tête",52.077383207885696,75.54216297179381,1388.22336,13493531.0592,0.1651897027787904,0.10033143585141656,0.37948078577939315,"4. Opti (Vidange seule)","CNRM-CM5  ALADIN63","CNRM-CM5 (Modéré)"
2045,"2. Étang de Milieu",82.87197904124449,84.3805337446862,1388.22336,13493531.0592,0.1651897027787904,0.10033143585141656,0.37948078577939315,"4. Opti (Vidange seule)","CNRM-CM5  ALADIN63","CNRM-CM5 (Modéré)"
2045,"3. Étang Exutoire",0,0,1388.22336,13493531.0592,0.1651897027787904,0.10033143585141656,0.37948078577939315,"4. Opti (Vidange seule)","CNRM-CM5  ALADIN63","CNRM-CM5 (Modéré)"
2046,"1. Étang de Tête",0,0,1230.23232,11957858.1504,0.1916212090786566,0.11614539167418032,0.3773991047724415,"4. Opti (Vidange seule)","CNRM-CM5  ALADIN63","CNRM-CM5 (Modéré)"
2046,"2. Étang de Milieu",81.89888145708929,53.377356221862335,1230.23232,11957858.1504,0.1916212090786566,0.11614539167418032,0.3773991047724415,"4. Opti (Vidange seule)","CNRM-CM5  ALADIN63","CNRM-CM5 (Modéré)"
2046,"3. Étang Exutoire",96.33104023604444,63.955274062309684,1230.23232,11957858.1504,0.1916212090786566,0.11614539167418032,0.3773991047724415,"4. Opti (Vidange seule)","CNRM-CM5  ALADIN63","CNRM-CM5 (Modéré)"
2047,"1. Étang de Tête",63.10630146094414,29.268475365047937,1169.3808,11366381.376,0.15406559385622964,0.12942782055866603,0.383040393324835,"4. Opti (Vidange seule)","CNRM-CM5  ALADIN63","CNRM-CM5 (Modéré)"
2047,"2. Étang de Milieu",68.2933653432054,42.89940470674127,1169.3808,11366381.376,0.15406559385622964,0.12942782055866603,0.383040393324835,"4. Opti (Vidange seule)","CNRM-CM5  ALADIN63","CNRM-CM5 (Modéré)"
2047,"3. Étang Exutoire",100,59.544839285789344,1169.3808,11366381.376,0.15406559385622964,0.12942782055866603,0.383040393324835,"4. Opti (Vidange seule)","CNRM-CM5  ALADIN63","CNRM-CM5 (Modéré)"
2048,"1. Étang de Tête",29.403646594285718,40.23587181823898,1132.20288,11005011.9936,0.12881103839387514,0.13048476498944933,0.3819981657195522,"4. Opti (Vidange seule)","CNRM-CM5  ALADIN63","CNRM-CM5 (Modéré)"
2048,"2. Étang de Milieu",68.19261088527846,54.041987051371045,1132.20288,11005011.9936,0.12881103839387514,0.13048476498944933,0.3819981657195522,"4. Opti (Vidange seule)","CNRM-CM5  ALADIN63","CNRM-CM5 (Modéré)"
2048,"3. Étang Exutoire",99.05536001303375,66.31200607600188,1132.20288,11005011.9936,0.12881103839387514,0.13048476498944933,0.3819981657195522,"4. Opti (Vidange seule)","CNRM-CM5  ALADIN63","CNRM-CM5 (Modéré)"
2049,"1. Étang de Tête",33.165270045666446,7.91180346211322,887.2416,8623988.352,0.08810696044995009,0.1920161230448739,0.3478443018230716,"4. Opti (Vidange seule)","CNRM-CM5  ALADIN63","CNRM-CM5 (Modéré)"
2049,"2. Étang de Milieu",63.89567174792463,39.711260688752574,887.2416,8623988.352,0.08810696044995009,0.1920161230448739,0.3478443018230716,"4. Opti (Vidange seule)","CNRM-CM5  ALADIN63","CNRM-CM5 (Modéré)"
2049,"3. Étang Exutoire",98.35788563009122,66.77791355619995,887.2416,8623988.352,0.08810696044995009,0.1920161230448739,0.3478443018230716,"4. Opti (Vidange seule)","CNRM-CM5  ALADIN63","CNRM-CM5 (Modéré)"
2050,"1. Étang de Tête",39.08815240981607,4.62782819392557,882.76608,8580486.297600001,0.07853244561041055,0.2193991844393726,0.3579276868521294,"4. Opti (Vidange seule)","CNRM-CM5  ALADIN63","CNRM-CM5 (Modéré)"
2050,"2. Étang de Milieu",70.15398348481874,26.835349237416857,882.76608,8580486.297600001,0.07853244561041055,0.2193991844393726,0.3579276868521294,"4. Opti (Vidange seule)","CNRM-CM5  ALADIN63","CNRM-CM5 (Modéré)"
2050,"3. Étang Exutoire",0,0,882.76608,8580486.297600001,0.07853244561041055,0.2193991844393726,0.3579276868521294,"4. Opti (Vidange seule)","CNRM-CM5  ALADIN63","CNRM-CM5 (Modéré)"
2051,"1. Étang de Tête",48.48551723986013,24.38780609840372,1110.40416,10793128.435200002,0.06458223357517223,0.16245856962439065,0.37084832733873524,"4. Opti (Vidange seule)","CNRM-CM5  ALADIN63","CNRM-CM5 (Modéré)"
2051,"2. Étang de Milieu",77.99218588571517,48.53091334941588,1110.40416,10793128.435200002,0.06458223357517223,0.16245856962439065,0.37084832733873524,"4. Opti (Vidange seule)","CNRM-CM5  ALADIN63","CNRM-CM5 (Modéré)"
2051,"3. Étang Exutoire",99.49483546135215,55.033146908580356,1110.40416,10793128.435200002,0.06458223357517223,0.16245856962439065,0.37084832733873524,"4. Opti (Vidange seule)","CNRM-CM5  ALADIN63","CNRM-CM5 (Modéré)"
2052,"1. Étang de Tête",29.907627199959833,18.153140186221233,913.40352,8878282.2144,0.09873049829165839,0.17049596684709534,0.35723266429425027,"4. Opti (Vidange seule)","CNRM-CM5  ALADIN63","CNRM-CM5 (Modéré)"
2052,"2. Étang de Milieu",59.614439193245424,43.21308899897489,913.40352,8878282.2144,0.09873049829165839,0.17049596684709534,0.35723266429425027,"4. Opti (Vidange seule)","CNRM-CM5  ALADIN63","CNRM-CM5 (Modéré)"
2052,"3. Étang Exutoire",97.07727765944404,67.83727501321015,913.40352,8878282.2144,0.09873049829165839,0.17049596684709534,0.35723266429425027,"4. Opti (Vidange seule)","CNRM-CM5  ALADIN63","CNRM-CM5 (Modéré)"
2053,"1. Étang de Tête",14.356593142185707,0.08038357376956853,983.32704,9557938.8288,0.03583877772512801,0.1594829138948388,0.33537229884835706,"4. Opti (Vidange seule)","CNRM-CM5  ALADIN63","CNRM-CM5 (Modéré)"
2053,"2. Étang de Milieu",49.92565874617696,29.399501777845433,983.32704,9557938.8288,0.03583877772512801,0.1594829138948388,0.33537229884835706,"4. Opti (Vidange seule)","CNRM-CM5  ALADIN63","CNRM-CM5 (Modéré)"
2053,"3. Étang Exutoire",98.5315076114955,59.76910473925403,983.32704,9557938.8288,0.03583877772512801,0.1594829138948388,0.33537229884835706,"4. Opti (Vidange seule)","CNRM-CM5  ALADIN63","CNRM-CM5 (Modéré)"
2054,"1. Étang de Tête",44.779482403379326,13.130968255123875,989.66016,9619496.7552,0.1291263888587829,0.19463596007472841,0.39184493853535224,"4. Opti (Vidange seule)","CNRM-CM5  ALADIN63","CNRM-CM5 (Modéré)"
2054,"2. Étang de Milieu",71.94543800249807,33.64125995684877,989.66016,9619496.7552,0.1291263888587829,0.19463596007472841,0.39184493853535224,"4. Opti (Vidange seule)","CNRM-CM5  ALADIN63","CNRM-CM5 (Modéré)"
2054,"3. Étang Exutoire",100,49.07375678443582,989.66016,9619496.7552,0.1291263888587829,0.19463596007472841,0.39184493853535224,"4. Opti (Vidange seule)","CNRM-CM5  ALADIN63","CNRM-CM5 (Modéré)"
2055,"1. Étang de Tête",50.083202643540595,31.376389524578308,1070.35776,10403877.4272,0.06312825693760031,0.1811565153776146,0.36357856468109345,"4. Opti (Vidange seule)","CNRM-CM5  ALADIN63","CNRM-CM5 (Modéré)"
2055,"2. Étang de Milieu",72.93303538015087,50.53751151368839,1070.35776,10403877.4272,0.06312825693760031,0.1811565153776146,0.36357856468109345,"4. Opti (Vidange seule)","CNRM-CM5  ALADIN63","CNRM-CM5 (Modéré)"
2055,"3. Étang Exutoire",0,0,1070.35776,10403877.4272,0.06312825693760031,0.1811565153776146,0.36357856468109345,"4. Opti (Vidange seule)","CNRM-CM5  ALADIN63","CNRM-CM5 (Modéré)"
2056,"1. Étang de Tête",0,0,850.12416,8263206.8352,0.05684794824108166,0.1956563743621881,0.3338605450656005,"4. Opti (Vidange seule)","CNRM-CM5  ALADIN63","CNRM-CM5 (Modéré)"
2056,"2. Étang de Milieu",59.599688084196636,22.081621114474036,850.12416,8263206.8352,0.05684794824108166,0.1956563743621881,0.3338605450656005,"4. Opti (Vidange seule)","CNRM-CM5  ALADIN63","CNRM-CM5 (Modéré)"
2056,"3. Étang Exutoire",96.35679056502777,44.70292519834463,850.12416,8263206.8352,0.05684794824108166,0.1956563743621881,0.3338605450656005,"4. Opti (Vidange seule)","CNRM-CM5  ALADIN63","CNRM-CM5 (Modéré)"
2057,"1. Étang de Tête",72.82498026927993,52.921428229561826,1336.64256,12992165.683200002,0.09307942338643778,0.10472787264317185,0.37956709480836687,"4. Opti (Vidange seule)","CNRM-CM5  ALADIN63","CNRM-CM5 (Modéré)"
2057,"2. Étang de Milieu",64.515849467953,50.68007121496933,1336.64256,12992165.683200002,0.09307942338643778,0.10472787264317185,0.37956709480836687,"4. Opti (Vidange seule)","CNRM-CM5  ALADIN63","CNRM-CM5 (Modéré)"
2057,"3. Étang Exutoire",100,77.36902670466648,1336.64256,12992165.683200002,0.09307942338643778,0.10472787264317185,0.37956709480836687,"4. Opti (Vidange seule)","CNRM-CM5  ALADIN63","CNRM-CM5 (Modéré)"
2058,"1. Étang de Tête",24.201132119350568,11.61453654415745,1055.81664,10262537.7408,0.16376759599472884,0.15805061693666084,0.37655758353625135,"4. Opti (Vidange seule)","CNRM-CM5  ALADIN63","CNRM-CM5 (Modéré)"
2058,"2. Étang de Milieu",70.09123034867682,52.513389909498564,1055.81664,10262537.7408,0.16376759599472884,0.15805061693666084,0.37655758353625135,"4. Opti (Vidange seule)","CNRM-CM5  ALADIN63","CNRM-CM5 (Modéré)"
2058,"3. Étang Exutoire",97.04539334071015,69.0185917361903,1055.81664,10262537.7408,0.16376759599472884,0.15805061693666084,0.37655758353625135,"4. Opti (Vidange seule)","CNRM-CM5  ALADIN63","CNRM-CM5 (Modéré)"
2059,"1. Étang de Tête",43.36294566922865,33.35914450518038,1135.57248,11037764.5056,0.056616431688115275,0.14206769418096807,0.3484029757749783,"4. Opti (Vidange seule)","CNRM-CM5  ALADIN63","CNRM-CM5 (Modéré)"
2059,"2. Étang de Milieu",58.31386106178678,49.279592018428936,1135.57248,11037764.5056,0.056616431688115275,0.14206769418096807,0.3484029757749783,"4. Opti (Vidange seule)","CNRM-CM5  ALADIN63","CNRM-CM5 (Modéré)"
2059,"3. Étang Exutoire",99.77603435127574,86.66588082695931,1135.57248,11037764.5056,0.056616431688115275,0.14206769418096807,0.3484029757749783,"4. Opti (Vidange seule)","CNRM-CM5  ALADIN63","CNRM-CM5 (Modéré)"
2060,"1. Étang de Tête",25.042098433526434,2.2311030749342176,815.4518400000001,7926191.8848,0.1585284843179906,0.19557905072421153,0.3703372823289116,"4. Opti (Vidange seule)","CNRM-CM5  ALADIN63","CNRM-CM5 (Modéré)"
2060,"2. Étang de Milieu",75.2722661831592,38.261318756229976,815.4518400000001,7926191.8848,0.1585284843179906,0.19557905072421153,0.3703372823289116,"4. Opti (Vidange seule)","CNRM-CM5  ALADIN63","CNRM-CM5 (Modéré)"
2060,"3. Étang Exutoire",0,0,815.4518400000001,7926191.8848,0.1585284843179906,0.19557905072421153,0.3703372823289116,"4. Opti (Vidange seule)","CNRM-CM5  ALADIN63","CNRM-CM5 (Modéré)"
2061,"1. Étang de Tête",0,0,1309.50432,12728381.990400001,0.07327442253088254,0.10910024061537693,0.3588371553675247,"4. Opti (Vidange seule)","CNRM-CM5  ALADIN63","CNRM-CM5 (Modéré)"
2061,"2. Étang de Milieu",73.48672796631098,61.70562867996223,1309.50432,12728381.990400001,0.07327442253088254,0.10910024061537693,0.3588371553675247,"4. Opti (Vidange seule)","CNRM-CM5  ALADIN63","CNRM-CM5 (Modéré)"
2061,"3. Étang Exutoire",99.94950579132026,85.81941700563013,1309.50432,12728381.990400001,0.07327442253088254,0.10910024061537693,0.3588371553675247,"4. Opti (Vidange seule)","CNRM-CM5  ALADIN63","CNRM-CM5 (Modéré)"
2062,"1. Étang de Tête",65.81578153473612,43.18585019034716,1214.84448,11808288.345599998,0.15634513500329225,0.1381523336960144,0.3854303804535702,"4. Opti (Vidange seule)","CNRM-CM5  ALADIN63","CNRM-CM5 (Modéré)"
2062,"2. Étang de Milieu",69.49444932781837,51.59551209372447,1214.84448,11808288.345599998,0.15634513500329225,0.1381523336960144,0.3854303804535702,"4. Opti (Vidange seule)","CNRM-CM5  ALADIN63","CNRM-CM5 (Modéré)"
2062,"3. Étang Exutoire",99.37130616636539,70.74756261602484,1214.84448,11808288.345599998,0.15634513500329225,0.1381523336960144,0.3854303804535702,"4. Opti (Vidange seule)","CNRM-CM5  ALADIN63","CNRM-CM5 (Modéré)"
2063,"1. Étang de Tête",56.073359816868496,25.173621437970304,1323.80352,12867370.2144,0.1394493029455525,0.12255459010559216,0.3708912324274337,"4. Opti (Vidange seule)","CNRM-CM5  ALADIN63","CNRM-CM5 (Modéré)"
2063,"2. Étang de Milieu",71.92096375701335,47.8657434478917,1323.80352,12867370.2144,0.1394493029455525,0.12255459010559216,0.3708912324274337,"4. Opti (Vidange seule)","CNRM-CM5  ALADIN63","CNRM-CM5 (Modéré)"
2063,"3. Étang Exutoire",96.22205285617859,59.58652841467232,1323.80352,12867370.2144,0.1394493029455525,0.12255459010559216,0.3708912324274337,"4. Opti (Vidange seule)","CNRM-CM5  ALADIN63","CNRM-CM5 (Modéré)"
2064,"1. Étang de Tête",40.25629635013098,69.76151815751363,1358.06112,13200354.0864,0.12036089417658809,0.119409674648478,0.3784442315140419,"4. Opti (Vidange seule)","CNRM-CM5  ALADIN63","CNRM-CM5 (Modéré)"
2064,"2. Étang de Milieu",68.16081847775214,69.80030030003546,1358.06112,13200354.0864,0.12036089417658809,0.119409674648478,0.3784442315140419,"4. Opti (Vidange seule)","CNRM-CM5  ALADIN63","CNRM-CM5 (Modéré)"
2064,"3. Étang Exutoire",97.5295578279358,95.21713519149783,1358.06112,13200354.0864,0.12036089417658809,0.119409674648478,0.3784442315140419,"4. Opti (Vidange seule)","CNRM-CM5  ALADIN63","CNRM-CM5 (Modéré)"
2065,"1. Étang de Tête",46.917992982023776,2.651077435703467,976.35456,9490166.3232,0.22381590774328522,0.21435145808036798,0.38734557291492194,"4. Opti (Vidange seule)","CNRM-CM5  ALADIN63","CNRM-CM5 (Modéré)"
2065,"2. Étang de Milieu",84.54409104228421,23.83026133952524,976.35456,9490166.3232,0.22381590774328522,0.21435145808036798,0.38734557291492194,"4. Opti (Vidange seule)","CNRM-CM5  ALADIN63","CNRM-CM5 (Modéré)"
2065,"3. Étang Exutoire",0,0,976.35456,9490166.3232,0.22381590774328522,0.21435145808036798,0.38734557291492194,"4. Opti (Vidange seule)","CNRM-CM5  ALADIN63","CNRM-CM5 (Modéré)"
2066,"1. Étang de Tête",0,0,857.44224,8334338.5728,0.05710817132220071,0.177954628916976,0.35604165453282866,"4. Opti (Vidange seule)","CNRM-CM5  ALADIN63","CNRM-CM5 (Modéré)"
2066,"2. Étang de Milieu",68.6407393547961,28.825952958035234,857.44224,8334338.5728,0.05710817132220071,0.177954628916976,0.35604165453282866,"4. Opti (Vidange seule)","CNRM-CM5  ALADIN63","CNRM-CM5 (Modéré)"
2066,"3. Étang Exutoire",98.45607830318653,50.50451067120141,857.44224,8334338.5728,0.05710817132220071,0.177954628916976,0.35604165453282866,"4. Opti (Vidange seule)","CNRM-CM5  ALADIN63","CNRM-CM5 (Modéré)"
2067,"1. Étang de Tête",33.52591794998081,8.55479721284751,907.33824,8819327.6928,0.03951541729753902,0.17983144574196785,0.34859254179486304,"4. Opti (Vidange seule)","CNRM-CM5  ALADIN63","CNRM-CM5 (Modéré)"
2067,"2. Étang de Milieu",46.64022685737415,19.0607019811548,907.33824,8819327.6928,0.03951541729753902,0.17983144574196785,0.34859254179486304,"4. Opti (Vidange seule)","CNRM-CM5  ALADIN63","CNRM-CM5 (Modéré)"
2067,"3. Étang Exutoire",100,45.796460303652395,907.33824,8819327.6928,0.03951541729753902,0.17983144574196785,0.34859254179486304,"4. Opti (Vidange seule)","CNRM-CM5  ALADIN63","CNRM-CM5 (Modéré)"
2068,"1. Étang de Tête",37.5078466367698,10.13995861745706,1004.79744,9766631.1168,0.03239982207009025,0.15089547301707687,0.3565645635210034,"4. Opti (Vidange seule)","CNRM-CM5  ALADIN63","CNRM-CM5 (Modéré)"
2068,"2. Étang de Milieu",55.775597225883374,29.793917462344105,1004.79744,9766631.1168,0.03239982207009025,0.15089547301707687,0.3565645635210034,"4. Opti (Vidange seule)","CNRM-CM5  ALADIN63","CNRM-CM5 (Modéré)"
2068,"3. Étang Exutoire",99.54370790806432,54.14465190411133,1004.79744,9766631.1168,0.03239982207009025,0.15089547301707687,0.3565645635210034,"4. Opti (Vidange seule)","CNRM-CM5  ALADIN63","CNRM-CM5 (Modéré)"
2069,"1. Étang de Tête",44.91792842079868,16.61901963305089,1126.67328,10951264.281599998,0.06392466906212708,0.1688842142776814,0.3666458747565746,"4. Opti (Vidange seule)","CNRM-CM5  ALADIN63","CNRM-CM5 (Modéré)"
2069,"2. Étang de Milieu",66.51147001270566,42.228818095384966,1126.67328,10951264.281599998,0.06392466906212708,0.1688842142776814,0.3666458747565746,"4. Opti (Vidange seule)","CNRM-CM5  ALADIN63","CNRM-CM5 (Modéré)"
2069,"3. Étang Exutoire",98.40944717302354,64.80679298229336,1126.67328,10951264.281599998,0.06392466906212708,0.1688842142776814,0.3666458747565746,"4. Opti (Vidange seule)","CNRM-CM5  ALADIN63","CNRM-CM5 (Modéré)"
2070,"1. Étang de Tête",35.44181537334302,13.293215980615619,993.56544,9657456.0768,0.12228389401978855,0.19760340097727674,0.3722716033399517,"4. Opti (Vidange seule)","CNRM-CM5  ALADIN63","CNRM-CM5 (Modéré)"
2070,"2. Étang de Milieu",77.68450435872002,50.99700041145749,993.56544,9657456.0768,0.12228389401978855,0.19760340097727674,0.3722716033399517,"4. Opti (Vidange seule)","CNRM-CM5  ALADIN63","CNRM-CM5 (Modéré)"
2070,"3. Étang Exutoire",0,0,993.56544,9657456.0768,0.12228389401978855,0.19760340097727674,0.3722716033399517,"4. Opti (Vidange seule)","CNRM-CM5  ALADIN63","CNRM-CM5 (Modéré)"
2026,"1. Étang de Tête",56.79399531026733,24.84043695992167,814.29408,7914938.4576,0.06523866434495759,0.24013899889107893,0.38076778839386344,"4. Opti (Vidange seule)","HadGEM2  CCLM4-8-17","HadGEM2 (Extrême sec)"
2026,"2. Étang de Milieu",78.32171882785947,44.26675634341839,814.29408,7914938.4576,0.06523866434495759,0.24013899889107893,0.38076778839386344,"4. Opti (Vidange seule)","HadGEM2  CCLM4-8-17","HadGEM2 (Extrême sec)"
2026,"3. Étang Exutoire",97.08238810636304,43.773159110117305,814.29408,7914938.4576,0.06523866434495759,0.24013899889107893,0.38076778839386344,"4. Opti (Vidange seule)","HadGEM2  CCLM4-8-17","HadGEM2 (Extrême sec)"
2027,"1. Étang de Tête",64.0617458817082,11.439409938640006,865.84032,8415967.9104,0.11821834652753757,0.20559560777172436,0.3674884873522073,"4. Opti (Vidange seule)","HadGEM2  CCLM4-8-17","HadGEM2 (Extrême sec)"
2027,"2. Étang de Milieu",67.95181086561219,29.46305876995304,865.84032,8415967.9104,0.11821834652753757,0.20559560777172436,0.3674884873522073,"4. Opti (Vidange seule)","HadGEM2  CCLM4-8-17","HadGEM2 (Extrême sec)"
2027,"3. Étang Exutoire",100,39.788585655097904,865.84032,8415967.9104,0.11821834652753757,0.20559560777172436,0.3674884873522073,"4. Opti (Vidange seule)","HadGEM2  CCLM4-8-17","HadGEM2 (Extrême sec)"
2028,"1. Étang de Tête",34.15189565946579,9.63486895707452,809.04096,7863878.131200001,0.06293385479548763,0.20013864931458966,0.36328131746070275,"4. Opti (Vidange seule)","HadGEM2  CCLM4-8-17","HadGEM2 (Extrême sec)"
2028,"2. Étang de Milieu",61.61245399281419,34.241683521481,809.04096,7863878.131200001,0.06293385479548763,0.20013864931458966,0.36328131746070275,"4. Opti (Vidange seule)","HadGEM2  CCLM4-8-17","HadGEM2 (Extrême sec)"
2028,"3. Étang Exutoire",95.46883688931393,51.23659303045181,809.04096,7863878.131200001,0.06293385479548763,0.20013864931458966,0.36328131746070275,"4. Opti (Vidange seule)","HadGEM2  CCLM4-8-17","HadGEM2 (Extrême sec)"
2029,"1. Étang de Tête",27.96159837633891,5.279444872551876,910.75104,8852500.1088,0.03722462995879769,0.18633896277758116,0.3467642463883734,"4. Opti (Vidange seule)","HadGEM2  CCLM4-8-17","HadGEM2 (Extrême sec)"
2029,"2. Étang de Milieu",49.94977554673024,22.380858382845954,910.75104,8852500.1088,0.03722462995879769,0.18633896277758116,0.3467642463883734,"4. Opti (Vidange seule)","HadGEM2  CCLM4-8-17","HadGEM2 (Extrême sec)"
2029,"3. Étang Exutoire",100,59.36675695605849,910.75104,8852500.1088,0.03722462995879769,0.18633896277758116,0.3467642463883734,"4. Opti (Vidange seule)","HadGEM2  CCLM4-8-17","HadGEM2 (Extrême sec)"
2030,"1. Étang de Tête",42.915001085352095,1.2651639301111717,754.82496,7336898.6112,0.06668998806539338,0.23789343157318354,0.3731665675133718,"4. Opti (Vidange seule)","HadGEM2  CCLM4-8-17","HadGEM2 (Extrême sec)"
2030,"2. Étang de Milieu",70.27975739103515,14.122116054116244,754.82496,7336898.6112,0.06668998806539338,0.23789343157318354,0.3731665675133718,"4. Opti (Vidange seule)","HadGEM2  CCLM4-8-17","HadGEM2 (Extrême sec)"
2030,"3. Étang Exutoire",0,0,754.82496,7336898.6112,0.06668998806539338,0.23789343157318354,0.3731665675133718,"4. Opti (Vidange seule)","HadGEM2  CCLM4-8-17","HadGEM2 (Extrême sec)"
2031,"1. Étang de Tête",0,0,1225.22976,11909233.2672,0.12959869585281045,0.11023436139151054,0.395986537209633,"4. Opti (Vidange seule)","HadGEM2  CCLM4-8-17","HadGEM2 (Extrême sec)"
2031,"2. Étang de Milieu",78.51798437256866,57.41896098104205,1225.22976,11909233.2672,0.12959869585281045,0.11023436139151054,0.395986537209633,"4. Opti (Vidange seule)","HadGEM2  CCLM4-8-17","HadGEM2 (Extrême sec)"
2031,"3. Étang Exutoire",99.11288412210293,63.779783183024605,1225.22976,11909233.2672,0.12959869585281045,0.11023436139151054,0.395986537209633,"4. Opti (Vidange seule)","HadGEM2  CCLM4-8-17","HadGEM2 (Extrême sec)"
2032,"1. Étang de Tête",55.11817309348781,65.01856005323562,1162.24416,11297013.235199999,0.10311174688991809,0.09961773495339273,0.36845075051115844,"4. Opti (Vidange seule)","HadGEM2  CCLM4-8-17","HadGEM2 (Extrême sec)"
2032,"2. Étang de Milieu",66.10313252809237,62.04723168041986,1162.24416,11297013.235199999,0.10311174688991809,0.09961773495339273,0.36845075051115844,"4. Opti (Vidange seule)","HadGEM2  CCLM4-8-17","HadGEM2 (Extrême sec)"
2032,"3. Étang Exutoire",99.85245544496179,87.1091460180483,1162.24416,11297013.235199999,0.10311174688991809,0.09961773495339273,0.36845075051115844,"4. Opti (Vidange seule)","HadGEM2  CCLM4-8-17","HadGEM2 (Extrême sec)"
2033,"1. Étang de Tête",40.98847264015996,25.73571150287635,1205.97984,11722124.0448,0.1418150949195828,0.1162065888807189,0.36990052769202536,"4. Opti (Vidange seule)","HadGEM2  CCLM4-8-17","HadGEM2 (Extrême sec)"
2033,"2. Étang de Milieu",72.41095361847265,52.29419975889885,1205.97984,11722124.0448,0.1418150949195828,0.1162065888807189,0.36990052769202536,"4. Opti (Vidange seule)","HadGEM2  CCLM4-8-17","HadGEM2 (Extrême sec)"
2033,"3. Étang Exutoire",99.75789983727026,67.45912967645103,1205.97984,11722124.0448,0.1418150949195828,0.1162065888807189,0.36990052769202536,"4. Opti (Vidange seule)","HadGEM2  CCLM4-8-17","HadGEM2 (Extrême sec)"
2034,"1. Étang de Tête",47.26912635963315,7.469088864056119,833.27616,8099444.2752,0.1669699265278904,0.2202973945914593,0.388444458545238,"4. Opti (Vidange seule)","HadGEM2  CCLM4-8-17","HadGEM2 (Extrême sec)"
2034,"2. Étang de Milieu",70.65322018617124,31.431438113505596,833.27616,8099444.2752,0.1669699265278904,0.2202973945914593,0.388444458545238,"4. Opti (Vidange seule)","HadGEM2  CCLM4-8-17","HadGEM2 (Extrême sec)"
2034,"3. Étang Exutoire",99.36260707439365,45.76357557854321,833.27616,8099444.2752,0.1669699265278904,0.2202973945914593,0.388444458545238,"4. Opti (Vidange seule)","HadGEM2  CCLM4-8-17","HadGEM2 (Extrême sec)"
2035,"1. Étang de Tête",32.0098015308527,3.8385911417691356,864.84672,8406310.1184,0.0623587630151291,0.21831325778852234,0.35669358726705874,"4. Opti (Vidange seule)","HadGEM2  CCLM4-8-17","HadGEM2 (Extrême sec)"
2035,"2. Étang de Milieu",68.98686591346288,22.546549206051008,864.84672,8406310.1184,0.0623587630151291,0.21831325778852234,0.35669358726705874,"4. Opti (Vidange seule)","HadGEM2  CCLM4-8-17","HadGEM2 (Extrême sec)"
2035,"3. Étang Exutoire",0,0,864.84672,8406310.1184,0.0623587630151291,0.21831325778852234,0.35669358726705874,"4. Opti (Vidange seule)","HadGEM2  CCLM4-8-17","HadGEM2 (Extrême sec)"
2036,"1. Étang de Tête",0,0,936.45504,9102342.9888,0.08492590289775859,0.17380698156821694,0.3761494227794338,"4. Opti (Vidange seule)","HadGEM2  CCLM4-8-17","HadGEM2 (Extrême sec)"
2036,"2. Étang de Milieu",69.54744535941202,35.24387787507896,936.45504,9102342.9888,0.08492590289775859,0.17380698156821694,0.3761494227794338,"4. Opti (Vidange seule)","HadGEM2  CCLM4-8-17","HadGEM2 (Extrême sec)"
2036,"3. Étang Exutoire",98.50133544609437,45.18535976199637,936.45504,9102342.9888,0.08492590289775859,0.17380698156821694,0.3761494227794338,"4. Opti (Vidange seule)","HadGEM2  CCLM4-8-17","HadGEM2 (Extrême sec)"
2037,"1. Étang de Tête",31.50807499511799,38.08033457751531,912.66048,8871059.8656,0.05033172957522347,0.17054033280051897,0.36386382595687655,"4. Opti (Vidange seule)","HadGEM2  CCLM4-8-17","HadGEM2 (Extrême sec)"
2037,"2. Étang de Milieu",49.768442110636315,38.83138034716182,912.66048,8871059.8656,0.05033172957522347,0.17054033280051897,0.36386382595687655,"4. Opti (Vidange seule)","HadGEM2  CCLM4-8-17","HadGEM2 (Extrême sec)"
2037,"3. Étang Exutoire",99.45225260420929,65.76109713443519,912.66048,8871059.8656,0.05033172957522347,0.17054033280051897,0.36386382595687655,"4. Opti (Vidange seule)","HadGEM2  CCLM4-8-17","HadGEM2 (Extrême sec)"
2038,"1. Étang de Tête",33.74351399377898,16.729160600554394,1104.08832,10731738.470400002,0.045989599122190354,0.1419929098295498,0.35345562728521074,"4. Opti (Vidange seule)","HadGEM2  CCLM4-8-17","HadGEM2 (Extrême sec)"
2038,"2. Étang de Milieu",59.83182361751155,38.04070764627676,1104.08832,10731738.470400002,0.045989599122190354,0.1419929098295498,0.35345562728521074,"4. Opti (Vidange seule)","HadGEM2  CCLM4-8-17","HadGEM2 (Extrême sec)"
2038,"3. Étang Exutoire",100,54.029607826326696,1104.08832,10731738.470400002,0.045989599122190354,0.1419929098295498,0.35345562728521074,"4. Opti (Vidange seule)","HadGEM2  CCLM4-8-17","HadGEM2 (Extrême sec)"
2039,"1. Étang de Tête",79.78732414986852,53.679335527940474,1387.43712,13485888.806400001,0.15899016135217944,0.11619380416313749,0.3953348175795097,"4. Opti (Vidange seule)","HadGEM2  CCLM4-8-17","HadGEM2 (Extrême sec)"
2039,"2. Étang de Milieu",76.18913042407193,53.01233988076663,1387.43712,13485888.806400001,0.15899016135217944,0.11619380416313749,0.3953348175795097,"4. Opti (Vidange seule)","HadGEM2  CCLM4-8-17","HadGEM2 (Extrême sec)"
2039,"3. Étang Exutoire",99.64717041683717,69.17488628423145,1387.43712,13485888.806400001,0.15899016135217944,0.11619380416313749,0.3953348175795097,"4. Opti (Vidange seule)","HadGEM2  CCLM4-8-17","HadGEM2 (Extrême sec)"
2040,"1. Étang de Tête",38.206268133759345,26.576253442125495,1140.06528,11081434.5216,0.18142903879709327,0.16177420024143666,0.388326517592492,"4. Opti (Vidange seule)","HadGEM2  CCLM4-8-17","HadGEM2 (Extrême sec)"
2040,"2. Étang de Milieu",81.5661870076052,42.645930727859074,1140.06528,11081434.5216,0.18142903879709327,0.16177420024143666,0.388326517592492,"4. Opti (Vidange seule)","HadGEM2  CCLM4-8-17","HadGEM2 (Extrême sec)"
2040,"3. Étang Exutoire",0,0,1140.06528,11081434.5216,0.18142903879709327,0.16177420024143666,0.388326517592492,"4. Opti (Vidange seule)","HadGEM2  CCLM4-8-17","HadGEM2 (Extrême sec)"
2041,"1. Étang de Tête",0,0,635.35968,6175696.0896,0.13857770705649836,0.2599806815928164,0.37328789698831044,"4. Opti (Vidange seule)","HadGEM2  CCLM4-8-17","HadGEM2 (Extrême sec)"
2041,"2. Étang de Milieu",74.07441647356687,10.287624549079952,635.35968,6175696.0896,0.13857770705649836,0.2599806815928164,0.37328789698831044,"4. Opti (Vidange seule)","HadGEM2  CCLM4-8-17","HadGEM2 (Extrême sec)"
2041,"3. Étang Exutoire",100,12.317404869503443,635.35968,6175696.0896,0.13857770705649836,0.2599806815928164,0.37328789698831044,"4. Opti (Vidange seule)","HadGEM2  CCLM4-8-17","HadGEM2 (Extrême sec)"
2042,"1. Étang de Tête",68.654289252424,26.287066889334277,1183.04064,11499155.0208,0.0982093552832878,0.15290483166175725,0.3861646877321263,"4. Opti (Vidange seule)","HadGEM2  CCLM4-8-17","HadGEM2 (Extrême sec)"
2042,"2. Étang de Milieu",65.36890976412987,33.16508128441984,1183.04064,11499155.0208,0.0982093552832878,0.15290483166175725,0.3861646877321263,"4. Opti (Vidange seule)","HadGEM2  CCLM4-8-17","HadGEM2 (Extrême sec)"
2042,"3. Étang Exutoire",100,46.71405157967665,1183.04064,11499155.0208,0.0982093552832878,0.15290483166175725,0.3861646877321263,"4. Opti (Vidange seule)","HadGEM2  CCLM4-8-17","HadGEM2 (Extrême sec)"
2043,"1. Étang de Tête",20.60861289288489,19.13066737872583,893.82528,8687981.7216,0.05478627212058327,0.17283416304268168,0.35074202978447344,"4. Opti (Vidange seule)","HadGEM2  CCLM4-8-17","HadGEM2 (Extrême sec)"
2043,"2. Étang de Milieu",62.394769592755445,33.01564333207876,893.82528,8687981.7216,0.05478627212058327,0.17283416304268168,0.35074202978447344,"4. Opti (Vidange seule)","HadGEM2  CCLM4-8-17","HadGEM2 (Extrême sec)"
2043,"3. Étang Exutoire",98.68882808195181,49.699267112423854,893.82528,8687981.7216,0.05478627212058327,0.17283416304268168,0.35074202978447344,"4. Opti (Vidange seule)","HadGEM2  CCLM4-8-17","HadGEM2 (Extrême sec)"
2044,"1. Étang de Tête",51.14248468133199,20.746145864675274,1284.01632,12480638.6304,0.1594687459461269,0.14317105107238087,0.397935450195998,"4. Opti (Vidange seule)","HadGEM2  CCLM4-8-17","HadGEM2 (Extrême sec)"
2044,"2. Étang de Milieu",73.24095745082228,42.601215262821576,1284.01632,12480638.6304,0.1594687459461269,0.14317105107238087,0.397935450195998,"4. Opti (Vidange seule)","HadGEM2  CCLM4-8-17","HadGEM2 (Extrême sec)"
2044,"3. Étang Exutoire",100,58.681028450352514,1284.01632,12480638.6304,0.1594687459461269,0.14317105107238087,0.397935450195998,"4. Opti (Vidange seule)","HadGEM2  CCLM4-8-17","HadGEM2 (Extrême sec)"
2045,"1. Étang de Tête",48.135641953620734,25.213894726936807,924.15168,8982754.3296,0.10496800413465264,0.19225794072125935,0.3823108864469614,"4. Opti (Vidange seule)","HadGEM2  CCLM4-8-17","HadGEM2 (Extrême sec)"
2045,"2. Étang de Milieu",75.9308552243238,46.16222573391051,924.15168,8982754.3296,0.10496800413465264,0.19225794072125935,0.3823108864469614,"4. Opti (Vidange seule)","HadGEM2  CCLM4-8-17","HadGEM2 (Extrême sec)"
2045,"3. Étang Exutoire",0,0,924.15168,8982754.3296,0.10496800413465264,0.19225794072125935,0.3823108864469614,"4. Opti (Vidange seule)","HadGEM2  CCLM4-8-17","HadGEM2 (Extrême sec)"
2046,"1. Étang de Tête",0,0,1106.68032,10756932.7104,0.10894013194460593,0.10261639692692497,0.37907873696795574,"4. Opti (Vidange seule)","HadGEM2  CCLM4-8-17","HadGEM2 (Extrême sec)"
2046,"2. Étang de Milieu",72.3870850666326,75.86011702781384,1106.68032,10756932.7104,0.10894013194460593,0.10261639692692497,0.37907873696795574,"4. Opti (Vidange seule)","HadGEM2  CCLM4-8-17","HadGEM2 (Extrême sec)"
2046,"3. Étang Exutoire",100,86.71381313920318,1106.68032,10756932.7104,0.10894013194460593,0.10261639692692497,0.37907873696795574,"4. Opti (Vidange seule)","HadGEM2  CCLM4-8-17","HadGEM2 (Extrême sec)"
2047,"1. Étang de Tête",53.84749635811499,18.340008614280535,987.5692799999999,9599173.4016,0.13127187344531285,0.19680277199747387,0.3729910559912944,"4. Opti (Vidange seule)","HadGEM2  CCLM4-8-17","HadGEM2 (Extrême sec)"
2047,"2. Étang de Milieu",66.12975001527619,30.038115390603526,987.5692799999999,9599173.4016,0.13127187344531285,0.19680277199747387,0.3729910559912944,"4. Opti (Vidange seule)","HadGEM2  CCLM4-8-17","HadGEM2 (Extrême sec)"
2047,"3. Étang Exutoire",99.38695888992358,37.93681242874945,987.5692799999999,9599173.4016,0.13127187344531285,0.19680277199747387,0.3729910559912944,"4. Opti (Vidange seule)","HadGEM2  CCLM4-8-17","HadGEM2 (Extrême sec)"
2048,"1. Étang de Tête",62.22044097199938,19.3384975499391,1133.24832,11015173.6704,0.13748832484356127,0.15481356538720062,0.39929703409996214,"4. Opti (Vidange seule)","HadGEM2  CCLM4-8-17","HadGEM2 (Extrême sec)"
2048,"2. Étang de Milieu",73.47636475116546,33.689185573655195,1133.24832,11015173.6704,0.13748832484356127,0.15481356538720062,0.39929703409996214,"4. Opti (Vidange seule)","HadGEM2  CCLM4-8-17","HadGEM2 (Extrême sec)"
2048,"3. Étang Exutoire",100,34.04845438845787,1133.24832,11015173.6704,0.13748832484356127,0.15481356538720062,0.39929703409996214,"4. Opti (Vidange seule)","HadGEM2  CCLM4-8-17","HadGEM2 (Extrême sec)"
2049,"1. Étang de Tête",57.515392850151706,5.789205942090038,830.736,8074753.92,0.05485869238421973,0.25116132951360154,0.3629280255172289,"4. Opti (Vidange seule)","HadGEM2  CCLM4-8-17","HadGEM2 (Extrême sec)"
2049,"2. Étang de Milieu",64.63969590224853,21.112945725636376,830.736,8074753.92,0.05485869238421973,0.25116132951360154,0.3629280255172289,"4. Opti (Vidange seule)","HadGEM2  CCLM4-8-17","HadGEM2 (Extrême sec)"
2049,"3. Étang Exutoire",100,43.250239474422145,830.736,8074753.92,0.05485869238421973,0.25116132951360154,0.3629280255172289,"4. Opti (Vidange seule)","HadGEM2  CCLM4-8-17","HadGEM2 (Extrême sec)"
2050,"1. Étang de Tête",50.491769553379704,34.49453004660293,1135.35648,11035664.9856,0.05299222241238395,0.17212890279919682,0.36628103849333477,"4. Opti (Vidange seule)","HadGEM2  CCLM4-8-17","HadGEM2 (Extrême sec)"
2050,"2. Étang de Milieu",70.36693702184881,52.20080056686178,1135.35648,11035664.9856,0.05299222241238395,0.17212890279919682,0.36628103849333477,"4. Opti (Vidange seule)","HadGEM2  CCLM4-8-17","HadGEM2 (Extrême sec)"
2050,"3. Étang Exutoire",0,0,1135.35648,11035664.9856,0.05299222241238395,0.17212890279919682,0.36628103849333477,"4. Opti (Vidange seule)","HadGEM2  CCLM4-8-17","HadGEM2 (Extrême sec)"
2051,"1. Étang de Tête",39.186098018591046,30.503085806018408,1150.85664,11186326.5408,0.07771567606261263,0.14590332940628434,0.3624891254636019,"4. Opti (Vidange seule)","HadGEM2  CCLM4-8-17","HadGEM2 (Extrême sec)"
2051,"2. Étang de Milieu",76.46064886805507,61.24036963452134,1150.85664,11186326.5408,0.07771567606261263,0.14590332940628434,0.3624891254636019,"4. Opti (Vidange seule)","HadGEM2  CCLM4-8-17","HadGEM2 (Extrême sec)"
2051,"3. Étang Exutoire",100,68.97601797745577,1150.85664,11186326.5408,0.07771567606261263,0.14590332940628434,0.3624891254636019,"4. Opti (Vidange seule)","HadGEM2  CCLM4-8-17","HadGEM2 (Extrême sec)"
2052,"1. Étang de Tête",58.06372658910852,5.472422426073785,823.85856,8007905.2032,0.20744837652289072,0.2564864218887698,0.3954099735311707,"4. Opti (Vidange seule)","HadGEM2  CCLM4-8-17","HadGEM2 (Extrême sec)"
2052,"2. Étang de Milieu",68.03242732514596,18.670281099325223,823.85856,8007905.2032,0.20744837652289072,0.2564864218887698,0.3954099735311707,"4. Opti (Vidange seule)","HadGEM2  CCLM4-8-17","HadGEM2 (Extrême sec)"
2052,"3. Étang Exutoire",100,21.865630384017923,823.85856,8007905.2032,0.20744837652289072,0.2564864218887698,0.3954099735311707,"4. Opti (Vidange seule)","HadGEM2  CCLM4-8-17","HadGEM2 (Extrême sec)"
2053,"1. Étang de Tête",50.83754904209048,10.098392891736362,946.19232,9196989.3504,0.06230603670944167,0.19945233205025564,0.38071644992105136,"4. Opti (Vidange seule)","HadGEM2  CCLM4-8-17","HadGEM2 (Extrême sec)"
2053,"2. Étang de Milieu",69.29215681769169,28.64359040969934,946.19232,9196989.3504,0.06230603670944167,0.19945233205025564,0.38071644992105136,"4. Opti (Vidange seule)","HadGEM2  CCLM4-8-17","HadGEM2 (Extrême sec)"
2053,"3. Étang Exutoire",99.66509087353322,35.97108882256258,946.19232,9196989.3504,0.06230603670944167,0.19945233205025564,0.38071644992105136,"4. Opti (Vidange seule)","HadGEM2  CCLM4-8-17","HadGEM2 (Extrême sec)"
2054,"1. Étang de Tête",33.56432544416709,6.206421050883969,1010.80224,9824997.7728,0.05786393610764585,0.21600282245308658,0.3712503967067657,"4. Opti (Vidange seule)","HadGEM2  CCLM4-8-17","HadGEM2 (Extrême sec)"
2054,"2. Étang de Milieu",58.77633208775995,20.575663828999108,1010.80224,9824997.7728,0.05786393610764585,0.21600282245308658,0.3712503967067657,"4. Opti (Vidange seule)","HadGEM2  CCLM4-8-17","HadGEM2 (Extrême sec)"
2054,"3. Étang Exutoire",97.82188617321582,30.60174299775249,1010.80224,9824997.7728,0.05786393610764585,0.21600282245308658,0.3712503967067657,"4. Opti (Vidange seule)","HadGEM2  CCLM4-8-17","HadGEM2 (Extrême sec)"
2055,"1. Étang de Tête",29.48661738244669,12.807415151826978,883.53504,8587960.5888,0.04446261991716047,0.2131739724887159,0.3586713778377275,"4. Opti (Vidange seule)","HadGEM2  CCLM4-8-17","HadGEM2 (Extrême sec)"
2055,"2. Étang de Milieu",57.841106700450574,29.073524744186305,883.53504,8587960.5888,0.04446261991716047,0.2131739724887159,0.3586713778377275,"4. Opti (Vidange seule)","HadGEM2  CCLM4-8-17","HadGEM2 (Extrême sec)"
2055,"3. Étang Exutoire",0,0,883.53504,8587960.5888,0.04446261991716047,0.2131739724887159,0.3586713778377275,"4. Opti (Vidange seule)","HadGEM2  CCLM4-8-17","HadGEM2 (Extrême sec)"
2056,"1. Étang de Tête",0,0,1065.75264,10359115.660799999,0.11870416102780126,0.11238838336597728,0.3960125862874199,"4. Opti (Vidange seule)","HadGEM2  CCLM4-8-17","HadGEM2 (Extrême sec)"
2056,"2. Étang de Milieu",67.84314367214536,59.37786109990405,1065.75264,10359115.660799999,0.11870416102780126,0.11238838336597728,0.3960125862874199,"4. Opti (Vidange seule)","HadGEM2  CCLM4-8-17","HadGEM2 (Extrême sec)"
2056,"3. Étang Exutoire",98.72868718098917,69.69691074974803,1065.75264,10359115.660799999,0.11870416102780126,0.11238838336597728,0.3960125862874199,"4. Opti (Vidange seule)","HadGEM2  CCLM4-8-17","HadGEM2 (Extrême sec)"
2057,"1. Étang de Tête",33.90476300354611,33.54638350148372,1047.01248,10176961.3056,0.08310444118946053,0.15268375270628204,0.3545388432759804,"4. Opti (Vidange seule)","HadGEM2  CCLM4-8-17","HadGEM2 (Extrême sec)"
2057,"2. Étang de Milieu",62.449294206097406,51.83147721429063,1047.01248,10176961.3056,0.08310444118946053,0.15268375270628204,0.3545388432759804,"4. Opti (Vidange seule)","HadGEM2  CCLM4-8-17","HadGEM2 (Extrême sec)"
2057,"3. Étang Exutoire",100,79.04571169846001,1047.01248,10176961.3056,0.08310444118946053,0.15268375270628204,0.3545388432759804,"4. Opti (Vidange seule)","HadGEM2  CCLM4-8-17","HadGEM2 (Extrême sec)"
2058,"1. Étang de Tête",39.399116934043384,0,736.87104,7162386.5088,0.17030689420156855,0.24542741025940754,0.3844474639615303,"4. Opti (Vidange seule)","HadGEM2  CCLM4-8-17","HadGEM2 (Extrême sec)"
2058,"2. Étang de Milieu",70.7534712820934,6.933122428041417,736.87104,7162386.5088,0.17030689420156855,0.24542741025940754,0.3844474639615303,"4. Opti (Vidange seule)","HadGEM2  CCLM4-8-17","HadGEM2 (Extrême sec)"
2058,"3. Étang Exutoire",98.5114566502998,0,736.87104,7162386.5088,0.17030689420156855,0.24542741025940754,0.3844474639615303,"4. Opti (Vidange seule)","HadGEM2  CCLM4-8-17","HadGEM2 (Extrême sec)"
2059,"1. Étang de Tête",45.67160978336184,7.4124490473227285,904.80672,8794721.318400001,0.028271137343537953,0.22989275773171092,0.3689663183996433,"4. Opti (Vidange seule)","HadGEM2  CCLM4-8-17","HadGEM2 (Extrême sec)"
2059,"2. Étang de Milieu",48.76442524748983,13.209524144263368,904.80672,8794721.318400001,0.028271137343537953,0.22989275773171092,0.3689663183996433,"4. Opti (Vidange seule)","HadGEM2  CCLM4-8-17","HadGEM2 (Extrême sec)"
2059,"3. Étang Exutoire",99.76042063699002,33.4111036973974,904.80672,8794721.318400001,0.028271137343537953,0.22989275773171092,0.3689663183996433,"4. Opti (Vidange seule)","HadGEM2  CCLM4-8-17","HadGEM2 (Extrême sec)"
2060,"1. Étang de Tête",18.785035795407257,0.03030969882559016,810.61344,7879162.6367999995,0.043618682091188014,0.2256241096675014,0.35705760918792906,"4. Opti (Vidange seule)","HadGEM2  CCLM4-8-17","HadGEM2 (Extrême sec)"
2060,"2. Étang de Milieu",61.164253280912014,19.44036479963564,810.61344,7879162.6367999995,0.043618682091188014,0.2256241096675014,0.35705760918792906,"4. Opti (Vidange seule)","HadGEM2  CCLM4-8-17","HadGEM2 (Extrême sec)"
2060,"3. Étang Exutoire",0,0,810.61344,7879162.6367999995,0.043618682091188014,0.2256241096675014,0.35705760918792906,"4. Opti (Vidange seule)","HadGEM2  CCLM4-8-17","HadGEM2 (Extrême sec)"
2061,"1. Étang de Tête",0,0,714.55392,6945464.1024,0.026470763226780932,0.21946951929577554,0.3473003793772129,"4. Opti (Vidange seule)","HadGEM2  CCLM4-8-17","HadGEM2 (Extrême sec)"
2061,"2. Étang de Milieu",54.67214855169371,5.897098741576849,714.55392,6945464.1024,0.026470763226780932,0.21946951929577554,0.3473003793772129,"4. Opti (Vidange seule)","HadGEM2  CCLM4-8-17","HadGEM2 (Extrême sec)"
2061,"3. Étang Exutoire",94.63688771570439,12.374119410206498,714.55392,6945464.1024,0.026470763226780932,0.21946951929577554,0.3473003793772129,"4. Opti (Vidange seule)","HadGEM2  CCLM4-8-17","HadGEM2 (Extrême sec)"
2062,"1. Étang de Tête",64.14978196764876,13.56312757340323,1118.81952,10874925.7344,0.09812136859788838,0.18110663337162947,0.3923660615608321,"4. Opti (Vidange seule)","HadGEM2  CCLM4-8-17","HadGEM2 (Extrême sec)"
2062,"2. Étang de Milieu",62.101039339477204,22.436938182664612,1118.81952,10874925.7344,0.09812136859788838,0.18110663337162947,0.3923660615608321,"4. Opti (Vidange seule)","HadGEM2  CCLM4-8-17","HadGEM2 (Extrême sec)"
2062,"3. Étang Exutoire",100,28.597246875125965,1118.81952,10874925.7344,0.09812136859788838,0.18110663337162947,0.3923660615608321,"4. Opti (Vidange seule)","HadGEM2  CCLM4-8-17","HadGEM2 (Extrême sec)"
2063,"1. Étang de Tête",51.60445757511325,3.8112478525764977,924.90336,8990060.6592,0.033090492834711153,0.20479713030883206,0.3590918549233728,"4. Opti (Vidange seule)","HadGEM2  CCLM4-8-17","HadGEM2 (Extrême sec)"
2063,"2. Étang de Milieu",64.04280199845643,18.545325726964457,924.90336,8990060.6592,0.033090492834711153,0.20479713030883206,0.3590918549233728,"4. Opti (Vidange seule)","HadGEM2  CCLM4-8-17","HadGEM2 (Extrême sec)"
2063,"3. Étang Exutoire",100,24.62222678439431,924.90336,8990060.6592,0.033090492834711153,0.20479713030883206,0.3590918549233728,"4. Opti (Vidange seule)","HadGEM2  CCLM4-8-17","HadGEM2 (Extrême sec)"
2064,"1. Étang de Tête",35.34552192202977,17.250237945875224,895.12992,8700662.8224,0.06616476167832946,0.21900481015415235,0.38083284469492,"4. Opti (Vidange seule)","HadGEM2  CCLM4-8-17","HadGEM2 (Extrême sec)"
2064,"2. Étang de Milieu",54.73440550849309,34.132537575222436,895.12992,8700662.8224,0.06616476167832946,0.21900481015415235,0.38083284469492,"4. Opti (Vidange seule)","HadGEM2  CCLM4-8-17","HadGEM2 (Extrême sec)"
2064,"3. Étang Exutoire",97.07384800351277,49.34620683443974,895.12992,8700662.8224,0.06616476167832946,0.21900481015415235,0.38083284469492,"4. Opti (Vidange seule)","HadGEM2  CCLM4-8-17","HadGEM2 (Extrême sec)"
2065,"1. Étang de Tête",38.56678442135382,31.083298519657177,1222.05888,11878412.3136,0.05922264663167904,0.14087746517612176,0.3686785478873795,"4. Opti (Vidange seule)","HadGEM2  CCLM4-8-17","HadGEM2 (Extrême sec)"
2065,"2. Étang de Milieu",68.58463432453489,48.49570607997592,1222.05888,11878412.3136,0.05922264663167904,0.14087746517612176,0.3686785478873795,"4. Opti (Vidange seule)","HadGEM2  CCLM4-8-17","HadGEM2 (Extrême sec)"
2065,"3. Étang Exutoire",0,0,1222.05888,11878412.3136,0.05922264663167904,0.14087746517612176,0.3686785478873795,"4. Opti (Vidange seule)","HadGEM2  CCLM4-8-17","HadGEM2 (Extrême sec)"
2066,"1. Étang de Tête",0,0,1148.2128,11160628.416,0.20592898256608014,0.14955774144011744,0.3959569913110128,"4. Opti (Vidange seule)","HadGEM2  CCLM4-8-17","HadGEM2 (Extrême sec)"
2066,"2. Étang de Milieu",86.6033638677032,34.56181162454329,1148.2128,11160628.416,0.20592898256608014,0.14955774144011744,0.3959569913110128,"4. Opti (Vidange seule)","HadGEM2  CCLM4-8-17","HadGEM2 (Extrême sec)"
2066,"3. Étang Exutoire",99.80135601639036,35.571661826571464,1148.2128,11160628.416,0.20592898256608014,0.14955774144011744,0.3959569913110128,"4. Opti (Vidange seule)","HadGEM2  CCLM4-8-17","HadGEM2 (Extrême sec)"
2067,"1. Étang de Tête",61.63675448334527,27.116566829208086,1154.09664,11217819.3408,0.1406066763678078,0.14440447458920472,0.3939863161259802,"4. Opti (Vidange seule)","HadGEM2  CCLM4-8-17","HadGEM2 (Extrême sec)"
2067,"2. Étang de Milieu",69.71282397568838,43.16846935448473,1154.09664,11217819.3408,0.1406066763678078,0.14440447458920472,0.3939863161259802,"4. Opti (Vidange seule)","HadGEM2  CCLM4-8-17","HadGEM2 (Extrême sec)"
2067,"3. Étang Exutoire",99.21670347774251,58.03850586848749,1154.09664,11217819.3408,0.1406066763678078,0.14440447458920472,0.3939863161259802,"4. Opti (Vidange seule)","HadGEM2  CCLM4-8-17","HadGEM2 (Extrême sec)"
2068,"1. Étang de Tête",61.9342710215217,9.320682232095535,994.02336,9661907.0592,0.10429675544856963,0.21450809201460044,0.37788331248789936,"4. Opti (Vidange seule)","HadGEM2  CCLM4-8-17","HadGEM2 (Extrême sec)"
2068,"2. Étang de Milieu",70.78643250299302,26.380590666737046,994.02336,9661907.0592,0.10429675544856963,0.21450809201460044,0.37788331248789936,"4. Opti (Vidange seule)","HadGEM2  CCLM4-8-17","HadGEM2 (Extrême sec)"
2068,"3. Étang Exutoire",100,24.90479602904355,994.02336,9661907.0592,0.10429675544856963,0.21450809201460044,0.37788331248789936,"4. Opti (Vidange seule)","HadGEM2  CCLM4-8-17","HadGEM2 (Extrême sec)"
2069,"1. Étang de Tête",49.972818427844906,23.450329480003717,1026.2592,9975239.423999999,0.06619239416055263,0.18085145258545723,0.3746544191999736,"4. Opti (Vidange seule)","HadGEM2  CCLM4-8-17","HadGEM2 (Extrême sec)"
2069,"2. Étang de Milieu",62.454665728502526,36.266326685994734,1026.2592,9975239.423999999,0.06619239416055263,0.18085145258545723,0.3746544191999736,"4. Opti (Vidange seule)","HadGEM2  CCLM4-8-17","HadGEM2 (Extrême sec)"
2069,"3. Étang Exutoire",100,48.617625611853505,1026.2592,9975239.423999999,0.06619239416055263,0.18085145258545723,0.3746544191999736,"4. Opti (Vidange seule)","HadGEM2  CCLM4-8-17","HadGEM2 (Extrême sec)"
2070,"1. Étang de Tête",51.71968103843809,11.32125778752157,861.65856,8375321.203199999,0.10420690532657775,0.2507282106771508,0.3798407606490544,"4. Opti (Vidange seule)","HadGEM2  CCLM4-8-17","HadGEM2 (Extrême sec)"
2070,"2. Étang de Milieu",75.55036878566995,28.6990491287544,861.65856,8375321.203199999,0.10420690532657775,0.2507282106771508,0.3798407606490544,"4. Opti (Vidange seule)","HadGEM2  CCLM4-8-17","HadGEM2 (Extrême sec)"
2070,"3. Étang Exutoire",0,0,861.65856,8375321.203199999,0.10420690532657775,0.2507282106771508,0.3798407606490544,"4. Opti (Vidange seule)","HadGEM2  CCLM4-8-17","HadGEM2 (Extrême sec)"
2026,"1. Étang de Tête",58.95043244151483,49.18521244287568,1157.30208,11248976.2176,0.06862256160216845,0.14663217499616765,0.3730733594962856,"4. Opti (Vidange seule)","HadGEM2  RegCM4-6","HadGEM2 (Chaud/Sec modéré)"
2026,"2. Étang de Milieu",82.20642084148692,68.15988539089693,1157.30208,11248976.2176,0.06862256160216845,0.14663217499616765,0.3730733594962856,"4. Opti (Vidange seule)","HadGEM2  RegCM4-6","HadGEM2 (Chaud/Sec modéré)"
2026,"3. Étang Exutoire",99.77580630210464,74.02241946253073,1157.30208,11248976.2176,0.06862256160216845,0.14663217499616765,0.3730733594962856,"4. Opti (Vidange seule)","HadGEM2  RegCM4-6","HadGEM2 (Chaud/Sec modéré)"
2027,"1. Étang de Tête",56.66854189206968,65.77418479880302,1218.11904,11840117.068799999,0.25731619287954993,0.12410425571832304,0.40001149303000644,"4. Opti (Vidange seule)","HadGEM2  RegCM4-6","HadGEM2 (Chaud/Sec modéré)"
2027,"2. Étang de Milieu",70.51169403912425,57.19707554234179,1218.11904,11840117.068799999,0.25731619287954993,0.12410425571832304,0.40001149303000644,"4. Opti (Vidange seule)","HadGEM2  RegCM4-6","HadGEM2 (Chaud/Sec modéré)"
2027,"3. Étang Exutoire",100,79.16478892395978,1218.11904,11840117.068799999,0.25731619287954993,0.12410425571832304,0.40001149303000644,"4. Opti (Vidange seule)","HadGEM2  RegCM4-6","HadGEM2 (Chaud/Sec modéré)"
2028,"1. Étang de Tête",34.639217927096276,20.647971149041776,1092.36384,10617776.524799999,0.17892785130813546,0.13143044865702855,0.37538806237086253,"4. Opti (Vidange seule)","HadGEM2  RegCM4-6","HadGEM2 (Chaud/Sec modéré)"
2028,"2. Étang de Milieu",70.40900758452891,54.596790933438044,1092.36384,10617776.524799999,0.17892785130813546,0.13143044865702855,0.37538806237086253,"4. Opti (Vidange seule)","HadGEM2  RegCM4-6","HadGEM2 (Chaud/Sec modéré)"
2028,"3. Étang Exutoire",96.45828176871701,69.95557826875746,1092.36384,10617776.524799999,0.17892785130813546,0.13143044865702855,0.37538806237086253,"4. Opti (Vidange seule)","HadGEM2  RegCM4-6","HadGEM2 (Chaud/Sec modéré)"
2029,"1. Étang de Tête",23.72995422916926,23.351843419852685,964.4832,9374776.704,0.05931370067887292,0.1745034701398057,0.34536869252124414,"4. Opti (Vidange seule)","HadGEM2  RegCM4-6","HadGEM2 (Chaud/Sec modéré)"
2029,"2. Étang de Milieu",55.313742552549876,48.43549427551638,964.4832,9374776.704,0.05931370067887292,0.1745034701398057,0.34536869252124414,"4. Opti (Vidange seule)","HadGEM2  RegCM4-6","HadGEM2 (Chaud/Sec modéré)"
2029,"3. Étang Exutoire",98.18297417911768,88.9234689588691,964.4832,9374776.704,0.05931370067887292,0.1745034701398057,0.34536869252124414,"4. Opti (Vidange seule)","HadGEM2  RegCM4-6","HadGEM2 (Chaud/Sec modéré)"
2030,"1. Étang de Tête",66.629329822631,22.562844564819944,1075.68,10455609.600000001,0.10814790547540015,0.19480764138009588,0.37417341880924254,"4. Opti (Vidange seule)","HadGEM2  RegCM4-6","HadGEM2 (Chaud/Sec modéré)"
2030,"2. Étang de Milieu",82.9757104517932,40.88720682034583,1075.68,10455609.600000001,0.10814790547540015,0.19480764138009588,0.37417341880924254,"4. Opti (Vidange seule)","HadGEM2  RegCM4-6","HadGEM2 (Chaud/Sec modéré)"
2030,"3. Étang Exutoire",0,0,1075.68,10455609.600000001,0.10814790547540015,0.19480764138009588,0.37417341880924254,"4. Opti (Vidange seule)","HadGEM2  RegCM4-6","HadGEM2 (Chaud/Sec modéré)"
2031,"1. Étang de Tête",0,0,1354.45824,13165334.0928,0.13731737674256272,0.10066348297710187,0.3860248665898331,"4. Opti (Vidange seule)","HadGEM2  RegCM4-6","HadGEM2 (Chaud/Sec modéré)"
2031,"2. Étang de Milieu",83.33892547723616,63.06622451363397,1354.45824,13165334.0928,0.13731737674256272,0.10066348297710187,0.3860248665898331,"4. Opti (Vidange seule)","HadGEM2  RegCM4-6","HadGEM2 (Chaud/Sec modéré)"
2031,"3. Étang Exutoire",98.91302177984716,69.66005501091537,1354.45824,13165334.0928,0.13731737674256272,0.10066348297710187,0.3860248665898331,"4. Opti (Vidange seule)","HadGEM2  RegCM4-6","HadGEM2 (Chaud/Sec modéré)"
2032,"1. Étang de Tête",71.12397722606715,40.658241458024584,1256.00544,12208372.876799999,0.15306327308288548,0.1142678138816844,0.3771413984725963,"4. Opti (Vidange seule)","HadGEM2  RegCM4-6","HadGEM2 (Chaud/Sec modéré)"
2032,"2. Étang de Milieu",70.05081226195834,52.34965144878051,1256.00544,12208372.876799999,0.15306327308288548,0.1142678138816844,0.3771413984725963,"4. Opti (Vidange seule)","HadGEM2  RegCM4-6","HadGEM2 (Chaud/Sec modéré)"
2032,"3. Étang Exutoire",99.74939772877865,73.9940858547191,1256.00544,12208372.876799999,0.15306327308288548,0.1142678138816844,0.3771413984725963,"4. Opti (Vidange seule)","HadGEM2  RegCM4-6","HadGEM2 (Chaud/Sec modéré)"
2033,"1. Étang de Tête",36.133005843068155,21.699916816061826,922.07808,8962598.9376,0.12331849288060509,0.1722079449003432,0.370644239449048,"4. Opti (Vidange seule)","HadGEM2  RegCM4-6","HadGEM2 (Chaud/Sec modéré)"
2033,"2. Étang de Milieu",67.5179216930999,44.868113142686475,922.07808,8962598.9376,0.12331849288060509,0.1722079449003432,0.370644239449048,"4. Opti (Vidange seule)","HadGEM2  RegCM4-6","HadGEM2 (Chaud/Sec modéré)"
2033,"3. Étang Exutoire",98.54162764069254,54.88795021535997,922.07808,8962598.9376,0.12331849288060509,0.1722079449003432,0.370644239449048,"4. Opti (Vidange seule)","HadGEM2  RegCM4-6","HadGEM2 (Chaud/Sec modéré)"
2034,"1. Étang de Tête",22.127748424775938,1.121038078438706,892.92672,8679247.718400002,0.06778026197144492,0.19443988632711193,0.34178512093367874,"4. Opti (Vidange seule)","HadGEM2  RegCM4-6","HadGEM2 (Chaud/Sec modéré)"
2034,"2. Étang de Milieu",57.20604776745394,26.06812017396318,892.92672,8679247.718400002,0.06778026197144492,0.19443988632711193,0.34178512093367874,"4. Opti (Vidange seule)","HadGEM2  RegCM4-6","HadGEM2 (Chaud/Sec modéré)"
2034,"3. Étang Exutoire",99.03884369081722,61.73012120017487,892.92672,8679247.718400002,0.06778026197144492,0.19443988632711193,0.34178512093367874,"4. Opti (Vidange seule)","HadGEM2  RegCM4-6","HadGEM2 (Chaud/Sec modéré)"
2035,"1. Étang de Tête",41.215510912011425,16.967166185859796,1077.30432,10471397.9904,0.07069901935779041,0.16725060581210388,0.3587682505069526,"4. Opti (Vidange seule)","HadGEM2  RegCM4-6","HadGEM2 (Chaud/Sec modéré)"
2035,"2. Étang de Milieu",74.70687762184434,44.23796678374456,1077.30432,10471397.9904,0.07069901935779041,0.16725060581210388,0.3587682505069526,"4. Opti (Vidange seule)","HadGEM2  RegCM4-6","HadGEM2 (Chaud/Sec modéré)"
2035,"3. Étang Exutoire",0,0,1077.30432,10471397.9904,0.07069901935779041,0.16725060581210388,0.3587682505069526,"4. Opti (Vidange seule)","HadGEM2  RegCM4-6","HadGEM2 (Chaud/Sec modéré)"
2036,"1. Étang de Tête",0,0,986.28192,9586660.262400001,0.12087146471164283,0.13452627025609287,0.377647375838032,"4. Opti (Vidange seule)","HadGEM2  RegCM4-6","HadGEM2 (Chaud/Sec modéré)"
2036,"2. Étang de Milieu",75.6667220661545,53.4578675271222,986.28192,9586660.262400001,0.12087146471164283,0.13452627025609287,0.377647375838032,"4. Opti (Vidange seule)","HadGEM2  RegCM4-6","HadGEM2 (Chaud/Sec modéré)"
2036,"3. Étang Exutoire",98.86065216772138,63.09382367588648,986.28192,9586660.262400001,0.12087146471164283,0.13452627025609287,0.377647375838032,"4. Opti (Vidange seule)","HadGEM2  RegCM4-6","HadGEM2 (Chaud/Sec modéré)"
2037,"1. Étang de Tête",33.90356615791465,20.269806151588373,901.53216,8762892.5952,0.08669188159035313,0.17341361357932278,0.3527160358892954,"4. Opti (Vidange seule)","HadGEM2  RegCM4-6","HadGEM2 (Chaud/Sec modéré)"
2037,"2. Étang de Milieu",59.30821851732223,42.8410257898435,901.53216,8762892.5952,0.08669188159035313,0.17341361357932278,0.3527160358892954,"4. Opti (Vidange seule)","HadGEM2  RegCM4-6","HadGEM2 (Chaud/Sec modéré)"
2037,"3. Étang Exutoire",99.6395411592475,69.50034364029237,901.53216,8762892.5952,0.08669188159035313,0.17341361357932278,0.3527160358892954,"4. Opti (Vidange seule)","HadGEM2  RegCM4-6","HadGEM2 (Chaud/Sec modéré)"
2038,"1. Étang de Tête",60.68669765200307,64.68061525485643,1505.54592,14633906.3424,0.10849254184417419,0.07620613887267927,0.3806768569309531,"4. Opti (Vidange seule)","HadGEM2  RegCM4-6","HadGEM2 (Chaud/Sec modéré)"
2038,"2. Étang de Milieu",68.21992018427024,63.57407103436575,1505.54592,14633906.3424,0.10849254184417419,0.07620613887267927,0.3806768569309531,"4. Opti (Vidange seule)","HadGEM2  RegCM4-6","HadGEM2 (Chaud/Sec modéré)"
2038,"3. Étang Exutoire",100,85.28251442656244,1505.54592,14633906.3424,0.10849254184417419,0.07620613887267927,0.3806768569309531,"4. Opti (Vidange seule)","HadGEM2  RegCM4-6","HadGEM2 (Chaud/Sec modéré)"
2039,"1. Étang de Tête",63.747901551685494,50.495962894753994,1118.30976,10869970.8672,0.1947933693077177,0.15034254176488437,0.38876462818437313,"4. Opti (Vidange seule)","HadGEM2  RegCM4-6","HadGEM2 (Chaud/Sec modéré)"
2039,"2. Étang de Milieu",74.2208424003661,58.86764847851699,1118.30976,10869970.8672,0.1947933693077177,0.15034254176488437,0.38876462818437313,"4. Opti (Vidange seule)","HadGEM2  RegCM4-6","HadGEM2 (Chaud/Sec modéré)"
2039,"3. Étang Exutoire",100,80.60703761012942,1118.30976,10869970.8672,0.1947933693077177,0.15034254176488437,0.38876462818437313,"4. Opti (Vidange seule)","HadGEM2  RegCM4-6","HadGEM2 (Chaud/Sec modéré)"
2040,"1. Étang de Tête",32.05785582153321,85.88307057301967,1373.44032,13349839.9104,0.12361576316293983,0.09458868936242233,0.3744421378988067,"4. Opti (Vidange seule)","HadGEM2  RegCM4-6","HadGEM2 (Chaud/Sec modéré)"
2040,"2. Étang de Milieu",74.50225701420152,86.82233727318243,1373.44032,13349839.9104,0.12361576316293983,0.09458868936242233,0.3744421378988067,"4. Opti (Vidange seule)","HadGEM2  RegCM4-6","HadGEM2 (Chaud/Sec modéré)"
2040,"3. Étang Exutoire",0,0,1373.44032,13349839.9104,0.12361576316293983,0.09458868936242233,0.3744421378988067,"4. Opti (Vidange seule)","HadGEM2  RegCM4-6","HadGEM2 (Chaud/Sec modéré)"
2041,"1. Étang de Tête",0,0,880.5542399999999,8558987.2128,0.15776448621855765,0.1621755470964647,0.35631152476577765,"4. Opti (Vidange seule)","HadGEM2  RegCM4-6","HadGEM2 (Chaud/Sec modéré)"
2041,"2. Étang de Milieu",74.57820011125776,65.92931624111303,880.5542399999999,8558987.2128,0.15776448621855765,0.1621755470964647,0.35631152476577765,"4. Opti (Vidange seule)","HadGEM2  RegCM4-6","HadGEM2 (Chaud/Sec modéré)"
2041,"3. Étang Exutoire",99.3964471082098,83.62762995866613,880.5542399999999,8558987.2128,0.15776448621855765,0.1621755470964647,0.35631152476577765,"4. Opti (Vidange seule)","HadGEM2  RegCM4-6","HadGEM2 (Chaud/Sec modéré)"
2042,"1. Étang de Tête",46.905365692511275,10.191041191585398,1132.13376,11004340.1472,0.09722464819329366,0.17665538071495948,0.36224597204219816,"4. Opti (Vidange seule)","HadGEM2  RegCM4-6","HadGEM2 (Chaud/Sec modéré)"
2042,"2. Étang de Milieu",64.04509335469639,23.44108093766565,1132.13376,11004340.1472,0.09722464819329366,0.17665538071495948,0.36224597204219816,"4. Opti (Vidange seule)","HadGEM2  RegCM4-6","HadGEM2 (Chaud/Sec modéré)"
2042,"3. Étang Exutoire",99.54387180573848,29.954152910393212,1132.13376,11004340.1472,0.09722464819329366,0.17665538071495948,0.36224597204219816,"4. Opti (Vidange seule)","HadGEM2  RegCM4-6","HadGEM2 (Chaud/Sec modéré)"
2043,"1. Étang de Tête",19.076276243295602,14.085038179176907,1003.104,9750170.879999999,0.0907276030194371,0.15115201799533315,0.37159233247455814,"4. Opti (Vidange seule)","HadGEM2  RegCM4-6","HadGEM2 (Chaud/Sec modéré)"
2043,"2. Étang de Milieu",64.9609905637746,50.3854824397842,1003.104,9750170.879999999,0.0907276030194371,0.15115201799533315,0.37159233247455814,"4. Opti (Vidange seule)","HadGEM2  RegCM4-6","HadGEM2 (Chaud/Sec modéré)"
2043,"3. Étang Exutoire",98.85898741060798,69.55778310872226,1003.104,9750170.879999999,0.0907276030194371,0.15115201799533315,0.37159233247455814,"4. Opti (Vidange seule)","HadGEM2  RegCM4-6","HadGEM2 (Chaud/Sec modéré)"
2044,"1. Étang de Tête",52.27002472952687,52.29170842734038,1499.67072,14576799.398400001,0.16673081277848206,0.12449882860406256,0.3922028333067141,"4. Opti (Vidange seule)","HadGEM2  RegCM4-6","HadGEM2 (Chaud/Sec modéré)"
2044,"2. Étang de Milieu",71.09876483311038,50.972174261349146,1499.67072,14576799.398400001,0.16673081277848206,0.12449882860406256,0.3922028333067141,"4. Opti (Vidange seule)","HadGEM2  RegCM4-6","HadGEM2 (Chaud/Sec modéré)"
2044,"3. Étang Exutoire",97.30879950040438,66.49089801195694,1499.67072,14576799.398400001,0.16673081277848206,0.12449882860406256,0.3922028333067141,"4. Opti (Vidange seule)","HadGEM2  RegCM4-6","HadGEM2 (Chaud/Sec modéré)"
2045,"1. Étang de Tête",43.45414717981379,29.666776336983396,1016.08128,9876310.0416,0.13158175948500297,0.16631638034238097,0.37756763013757266,"4. Opti (Vidange seule)","HadGEM2  RegCM4-6","HadGEM2 (Chaud/Sec modéré)"
2045,"2. Étang de Milieu",77.4258924124975,51.8363779790629,1016.08128,9876310.0416,0.13158175948500297,0.16631638034238097,0.37756763013757266,"4. Opti (Vidange seule)","HadGEM2  RegCM4-6","HadGEM2 (Chaud/Sec modéré)"
2045,"3. Étang Exutoire",0,0,1016.08128,9876310.0416,0.13158175948500297,0.16631638034238097,0.37756763013757266,"4. Opti (Vidange seule)","HadGEM2  RegCM4-6","HadGEM2 (Chaud/Sec modéré)"
2046,"1. Étang de Tête",0,0,877.36608,8527998.2976,0.07858965177856432,0.1426289327056185,0.34936504441243565,"4. Opti (Vidange seule)","HadGEM2  RegCM4-6","HadGEM2 (Chaud/Sec modéré)"
2046,"2. Étang de Milieu",67.29097416493947,67.50256693330934,877.36608,8527998.2976,0.07858965177856432,0.1426289327056185,0.34936504441243565,"4. Opti (Vidange seule)","HadGEM2  RegCM4-6","HadGEM2 (Chaud/Sec modéré)"
2046,"3. Étang Exutoire",99.88161564864416,99.4597211528496,877.36608,8527998.2976,0.07858965177856432,0.1426289327056185,0.34936504441243565,"4. Opti (Vidange seule)","HadGEM2  RegCM4-6","HadGEM2 (Chaud/Sec modéré)"
2047,"1. Étang de Tête",56.90428046929169,9.929056264353644,899.9856,8747860.032,0.10560991582203959,0.20193981329779678,0.3626737730069645,"4. Opti (Vidange seule)","HadGEM2  RegCM4-6","HadGEM2 (Chaud/Sec modéré)"
2047,"2. Étang de Milieu",62.5935584126198,25.970376291356633,899.9856,8747860.032,0.10560991582203959,0.20193981329779678,0.3626737730069645,"4. Opti (Vidange seule)","HadGEM2  RegCM4-6","HadGEM2 (Chaud/Sec modéré)"
2047,"3. Étang Exutoire",96.55525958053879,38.609899066708444,899.9856,8747860.032,0.10560991582203959,0.20193981329779678,0.3626737730069645,"4. Opti (Vidange seule)","HadGEM2  RegCM4-6","HadGEM2 (Chaud/Sec modéré)"
2048,"1. Étang de Tête",65.96844135192602,65.72326211302112,1477.28448,14359205.1456,0.1252243907043014,0.09598585935069597,0.38911080895866673,"4. Opti (Vidange seule)","HadGEM2  RegCM4-6","HadGEM2 (Chaud/Sec modéré)"
2048,"2. Étang de Milieu",73.65236530647421,65.97126471198418,1477.28448,14359205.1456,0.1252243907043014,0.09598585935069597,0.38911080895866673,"4. Opti (Vidange seule)","HadGEM2  RegCM4-6","HadGEM2 (Chaud/Sec modéré)"
2048,"3. Étang Exutoire",100,83.03502171875178,1477.28448,14359205.1456,0.1252243907043014,0.09598585935069597,0.38911080895866673,"4. Opti (Vidange seule)","HadGEM2  RegCM4-6","HadGEM2 (Chaud/Sec modéré)"
2049,"1. Étang de Tête",57.359512699592024,8.99711944731396,949.02624,9224535.0528,0.1345036712194641,0.199700400992437,0.3582764827065904,"4. Opti (Vidange seule)","HadGEM2  RegCM4-6","HadGEM2 (Chaud/Sec modéré)"
2049,"2. Étang de Milieu",70.90864639128826,33.31740984781757,949.02624,9224535.0528,0.1345036712194641,0.199700400992437,0.3582764827065904,"4. Opti (Vidange seule)","HadGEM2  RegCM4-6","HadGEM2 (Chaud/Sec modéré)"
2049,"3. Étang Exutoire",99.62106772103108,50.459007000828116,949.02624,9224535.0528,0.1345036712194641,0.199700400992437,0.3582764827065904,"4. Opti (Vidange seule)","HadGEM2  RegCM4-6","HadGEM2 (Chaud/Sec modéré)"
2050,"1. Étang de Tête",54.12448566773695,67.65484181930496,1365.37056,13271401.8432,0.10166655750219472,0.11527262900920665,0.3783875572798825,"4. Opti (Vidange seule)","HadGEM2  RegCM4-6","HadGEM2 (Chaud/Sec modéré)"
2050,"2. Étang de Milieu",79.5734295353298,73.94211061528084,1365.37056,13271401.8432,0.10166655750219472,0.11527262900920665,0.3783875572798825,"4. Opti (Vidange seule)","HadGEM2  RegCM4-6","HadGEM2 (Chaud/Sec modéré)"
2050,"3. Étang Exutoire",0,0,1365.37056,13271401.8432,0.10166655750219472,0.11527262900920665,0.3783875572798825,"4. Opti (Vidange seule)","HadGEM2  RegCM4-6","HadGEM2 (Chaud/Sec modéré)"
2051,"1. Étang de Tête",53.01364805491814,31.60225651189184,1305.6336,12690758.591999998,0.1863782832224792,0.13481594146390327,0.38839330934097605,"4. Opti (Vidange seule)","HadGEM2  RegCM4-6","HadGEM2 (Chaud/Sec modéré)"
2051,"2. Étang de Milieu",91.65929276527007,61.58261713899739,1305.6336,12690758.591999998,0.1863782832224792,0.13481594146390327,0.38839330934097605,"4. Opti (Vidange seule)","HadGEM2  RegCM4-6","HadGEM2 (Chaud/Sec modéré)"
2051,"3. Étang Exutoire",100,61.07682521774945,1305.6336,12690758.591999998,0.1863782832224792,0.13481594146390327,0.38839330934097605,"4. Opti (Vidange seule)","HadGEM2  RegCM4-6","HadGEM2 (Chaud/Sec modéré)"
2052,"1. Étang de Tête",44.894124276123904,19.744787239335967,846.97056,8232553.8432,0.1344155216899889,0.20554108678283362,0.36535268749450156,"4. Opti (Vidange seule)","HadGEM2  RegCM4-6","HadGEM2 (Chaud/Sec modéré)"
2052,"2. Étang de Milieu",67.9195739941509,44.54387694557957,846.97056,8232553.8432,0.1344155216899889,0.20554108678283362,0.36535268749450156,"4. Opti (Vidange seule)","HadGEM2  RegCM4-6","HadGEM2 (Chaud/Sec modéré)"
2052,"3. Étang Exutoire",100,61.124124054597075,846.97056,8232553.8432,0.1344155216899889,0.20554108678283362,0.36535268749450156,"4. Opti (Vidange seule)","HadGEM2  RegCM4-6","HadGEM2 (Chaud/Sec modéré)"
2053,"1. Étang de Tête",24.25296987088627,14.160277182601657,1124.94528,10934468.1216,0.08024889840442266,0.14220754599894045,0.35807455242674424,"4. Opti (Vidange seule)","HadGEM2  RegCM4-6","HadGEM2 (Chaud/Sec modéré)"
2053,"2. Étang de Milieu",63.62371846553977,43.67285338004715,1124.94528,10934468.1216,0.08024889840442266,0.14220754599894045,0.35807455242674424,"4. Opti (Vidange seule)","HadGEM2  RegCM4-6","HadGEM2 (Chaud/Sec modéré)"
2053,"3. Étang Exutoire",97.73463881976218,60.541367599084296,1124.94528,10934468.1216,0.08024889840442266,0.14220754599894045,0.35807455242674424,"4. Opti (Vidange seule)","HadGEM2  RegCM4-6","HadGEM2 (Chaud/Sec modéré)"
2054,"1. Étang de Tête",50.3798078825792,16.56815711984499,1140.23808,11083114.137600001,0.13024487416380762,0.15531997784909507,0.3789097310464158,"4. Opti (Vidange seule)","HadGEM2  RegCM4-6","HadGEM2 (Chaud/Sec modéré)"
2054,"2. Étang de Milieu",71.10895577467471,39.28980942366996,1140.23808,11083114.137600001,0.13024487416380762,0.15531997784909507,0.3789097310464158,"4. Opti (Vidange seule)","HadGEM2  RegCM4-6","HadGEM2 (Chaud/Sec modéré)"
2054,"3. Étang Exutoire",98.19715151026675,54.57916982773373,1140.23808,11083114.137600001,0.13024487416380762,0.15531997784909507,0.3789097310464158,"4. Opti (Vidange seule)","HadGEM2  RegCM4-6","HadGEM2 (Chaud/Sec modéré)"
2055,"1. Étang de Tête",26.76372276746332,3.819097754823906,826.39008,8032511.5775999995,0.07752378189969643,0.2534612538245235,0.3604953433631358,"4. Opti (Vidange seule)","HadGEM2  RegCM4-6","HadGEM2 (Chaud/Sec modéré)"
2055,"2. Étang de Milieu",62.27342739998828,20.093086933014813,826.39008,8032511.5775999995,0.07752378189969643,0.2534612538245235,0.3604953433631358,"4. Opti (Vidange seule)","HadGEM2  RegCM4-6","HadGEM2 (Chaud/Sec modéré)"
2055,"3. Étang Exutoire",0,0,826.39008,8032511.5775999995,0.07752378189969643,0.2534612538245235,0.3604953433631358,"4. Opti (Vidange seule)","HadGEM2  RegCM4-6","HadGEM2 (Chaud/Sec modéré)"
2056,"1. Étang de Tête",0,0,976.67424,9493273.6128,0.03587541196798322,0.1275453451892098,0.3577296920324489,"4. Opti (Vidange seule)","HadGEM2  RegCM4-6","HadGEM2 (Chaud/Sec modéré)"
2056,"2. Étang de Milieu",47.17449426640511,52.85129681704435,976.67424,9493273.6128,0.03587541196798322,0.1275453451892098,0.3577296920324489,"4. Opti (Vidange seule)","HadGEM2  RegCM4-6","HadGEM2 (Chaud/Sec modéré)"
2056,"3. Étang Exutoire",97.25162381695995,82.74616618377615,976.67424,9493273.6128,0.03587541196798322,0.1275453451892098,0.3577296920324489,"4. Opti (Vidange seule)","HadGEM2  RegCM4-6","HadGEM2 (Chaud/Sec modéré)"
2057,"1. Étang de Tête",20.527888114386172,20.496296560253775,956.04192,9292727.4624,0.07445838925683214,0.16771864133322878,0.35146577298887155,"4. Opti (Vidange seule)","HadGEM2  RegCM4-6","HadGEM2 (Chaud/Sec modéré)"
2057,"2. Étang de Milieu",54.29068844629777,43.29786096858007,956.04192,9292727.4624,0.07445838925683214,0.16771864133322878,0.35146577298887155,"4. Opti (Vidange seule)","HadGEM2  RegCM4-6","HadGEM2 (Chaud/Sec modéré)"
2057,"3. Étang Exutoire",100,72.73088429024426,956.04192,9292727.4624,0.07445838925683214,0.16771864133322878,0.35146577298887155,"4. Opti (Vidange seule)","HadGEM2  RegCM4-6","HadGEM2 (Chaud/Sec modéré)"
2058,"1. Étang de Tête",38.74101580464254,2.2140724896428785,835.75584,8123546.7648,0.10069307415921028,0.20989630458992894,0.36898689283531894,"4. Opti (Vidange seule)","HadGEM2  RegCM4-6","HadGEM2 (Chaud/Sec modéré)"
2058,"2. Étang de Milieu",66.68081143828039,19.61118065863237,835.75584,8123546.7648,0.10069307415921028,0.20989630458992894,0.36898689283531894,"4. Opti (Vidange seule)","HadGEM2  RegCM4-6","HadGEM2 (Chaud/Sec modéré)"
2058,"3. Étang Exutoire",97.29676602687137,24.438424312324177,835.75584,8123546.7648,0.10069307415921028,0.20989630458992894,0.36898689283531894,"4. Opti (Vidange seule)","HadGEM2  RegCM4-6","HadGEM2 (Chaud/Sec modéré)"
2059,"1. Étang de Tête",48.04398156624088,24.326515558895583,1080.70848,10504486.4256,0.048413688462831096,0.1797741148597617,0.37190872311466,"4. Opti (Vidange seule)","HadGEM2  RegCM4-6","HadGEM2 (Chaud/Sec modéré)"
2059,"2. Étang de Milieu",51.40546096777458,32.101020792905175,1080.70848,10504486.4256,0.048413688462831096,0.1797741148597617,0.37190872311466,"4. Opti (Vidange seule)","HadGEM2  RegCM4-6","HadGEM2 (Chaud/Sec modéré)"
2059,"3. Étang Exutoire",99.81577835127572,45.20948226399695,1080.70848,10504486.4256,0.048413688462831096,0.1797741148597617,0.37190872311466,"4. Opti (Vidange seule)","HadGEM2  RegCM4-6","HadGEM2 (Chaud/Sec modéré)"
2060,"1. Étang de Tête",34.27757363408117,45.803961819309535,1197.2102399999999,11636883.5328,0.09161385802794118,0.15680716008531811,0.3760260159516082,"4. Opti (Vidange seule)","HadGEM2  RegCM4-6","HadGEM2 (Chaud/Sec modéré)"
2060,"2. Étang de Milieu",75.54373035659167,61.43723012542106,1197.2102399999999,11636883.5328,0.09161385802794118,0.15680716008531811,0.3760260159516082,"4. Opti (Vidange seule)","HadGEM2  RegCM4-6","HadGEM2 (Chaud/Sec modéré)"
2060,"3. Étang Exutoire",0,0,1197.2102399999999,11636883.5328,0.09161385802794118,0.15680716008531811,0.3760260159516082,"4. Opti (Vidange seule)","HadGEM2  RegCM4-6","HadGEM2 (Chaud/Sec modéré)"
2061,"1. Étang de Tête",0,0,873.39168,8489367.1296,0.1110429702990256,0.19155135503326445,0.3423231486444635,"4. Opti (Vidange seule)","HadGEM2  RegCM4-6","HadGEM2 (Chaud/Sec modéré)"
2061,"2. Étang de Milieu",68.09948015833538,24.132760489753668,873.39168,8489367.1296,0.1110429702990256,0.19155135503326445,0.3423231486444635,"4. Opti (Vidange seule)","HadGEM2  RegCM4-6","HadGEM2 (Chaud/Sec modéré)"
2061,"3. Étang Exutoire",93.97565644617774,40.133663978317415,873.39168,8489367.1296,0.1110429702990256,0.19155135503326445,0.3423231486444635,"4. Opti (Vidange seule)","HadGEM2  RegCM4-6","HadGEM2 (Chaud/Sec modéré)"
2062,"1. Étang de Tête",56.36202446862993,41.49918343449391,1260.63648,12253386.5856,0.10164304879143939,0.13931833047186493,0.38267475871996187,"4. Opti (Vidange seule)","HadGEM2  RegCM4-6","HadGEM2 (Chaud/Sec modéré)"
2062,"2. Étang de Milieu",60.69250161498073,42.36734240663052,1260.63648,12253386.5856,0.10164304879143939,0.13931833047186493,0.38267475871996187,"4. Opti (Vidange seule)","HadGEM2  RegCM4-6","HadGEM2 (Chaud/Sec modéré)"
2062,"3. Étang Exutoire",100,59.21973498767947,1260.63648,12253386.5856,0.10164304879143939,0.13931833047186493,0.38267475871996187,"4. Opti (Vidange seule)","HadGEM2  RegCM4-6","HadGEM2 (Chaud/Sec modéré)"
2063,"1. Étang de Tête",47.347995867020316,36.90757284275507,1150.848,11186242.56,0.0808949118731741,0.14019356496470417,0.36296486540752193,"4. Opti (Vidange seule)","HadGEM2  RegCM4-6","HadGEM2 (Chaud/Sec modéré)"
2063,"2. Étang de Milieu",69.31302278491839,53.49428277327058,1150.848,11186242.56,0.0808949118731741,0.14019356496470417,0.36296486540752193,"4. Opti (Vidange seule)","HadGEM2  RegCM4-6","HadGEM2 (Chaud/Sec modéré)"
2063,"3. Étang Exutoire",99.70013053335018,68.24773096936205,1150.848,11186242.56,0.0808949118731741,0.14019356496470417,0.36296486540752193,"4. Opti (Vidange seule)","HadGEM2  RegCM4-6","HadGEM2 (Chaud/Sec modéré)"
2064,"1. Étang de Tête",51.113113151666724,44.617563764403194,1102.97376,10720904.9472,0.08369554088605563,0.1448445455196135,0.35918336710835225,"4. Opti (Vidange seule)","HadGEM2  RegCM4-6","HadGEM2 (Chaud/Sec modéré)"
2064,"2. Étang de Milieu",66.97570429204852,61.107564332628854,1102.97376,10720904.9472,0.08369554088605563,0.1448445455196135,0.35918336710835225,"4. Opti (Vidange seule)","HadGEM2  RegCM4-6","HadGEM2 (Chaud/Sec modéré)"
2064,"3. Étang Exutoire",97.96555252449154,92.43841270771253,1102.97376,10720904.9472,0.08369554088605563,0.1448445455196135,0.35918336710835225,"4. Opti (Vidange seule)","HadGEM2  RegCM4-6","HadGEM2 (Chaud/Sec modéré)"
2065,"1. Étang de Tête",44.98233527519146,47.279958915489566,1477.5696,14361976.512,0.14809847584062943,0.12294601752370342,0.3859074207153794,"4. Opti (Vidange seule)","HadGEM2  RegCM4-6","HadGEM2 (Chaud/Sec modéré)"
2065,"2. Étang de Milieu",79.12624595293418,53.24498683248473,1477.5696,14361976.512,0.14809847584062943,0.12294601752370342,0.3859074207153794,"4. Opti (Vidange seule)","HadGEM2  RegCM4-6","HadGEM2 (Chaud/Sec modéré)"
2065,"3. Étang Exutoire",0,0,1477.5696,14361976.512,0.14809847584062943,0.12294601752370342,0.3859074207153794,"4. Opti (Vidange seule)","HadGEM2  RegCM4-6","HadGEM2 (Chaud/Sec modéré)"
2066,"1. Étang de Tête",0,0,1309.85856,12731825.2032,0.24283233188314837,0.1186481142694694,0.39766520271682193,"4. Opti (Vidange seule)","HadGEM2  RegCM4-6","HadGEM2 (Chaud/Sec modéré)"
2066,"2. Étang de Milieu",86.08613773385302,44.728220157553956,1309.85856,12731825.2032,0.24283233188314837,0.1186481142694694,0.39766520271682193,"4. Opti (Vidange seule)","HadGEM2  RegCM4-6","HadGEM2 (Chaud/Sec modéré)"
2066,"3. Étang Exutoire",100,49.709763132888924,1309.85856,12731825.2032,0.24283233188314837,0.1186481142694694,0.39766520271682193,"4. Opti (Vidange seule)","HadGEM2  RegCM4-6","HadGEM2 (Chaud/Sec modéré)"
2067,"1. Étang de Tête",42.12043544578555,22.024300144705208,971.28288,9440869.5936,0.08610838408341452,0.16178480777314738,0.3636894967782143,"4. Opti (Vidange seule)","HadGEM2  RegCM4-6","HadGEM2 (Chaud/Sec modéré)"
2067,"2. Étang de Milieu",63.38394431851972,45.29442953970119,971.28288,9440869.5936,0.08610838408341452,0.16178480777314738,0.3636894967782143,"4. Opti (Vidange seule)","HadGEM2  RegCM4-6","HadGEM2 (Chaud/Sec modéré)"
2067,"3. Étang Exutoire",97.15873522061283,68.53338439858133,971.28288,9440869.5936,0.08610838408341452,0.16178480777314738,0.3636894967782143,"4. Opti (Vidange seule)","HadGEM2  RegCM4-6","HadGEM2 (Chaud/Sec modéré)"
2068,"1. Étang de Tête",22.791712319050557,29.229951477164718,1022.30208,9936776.2176,0.08283062647456907,0.17190653622949592,0.36522665819332417,"4. Opti (Vidange seule)","HadGEM2  RegCM4-6","HadGEM2 (Chaud/Sec modéré)"
2068,"2. Étang de Milieu",58.34384674514989,44.84338797549259,1022.30208,9936776.2176,0.08283062647456907,0.17190653622949592,0.36522665819332417,"4. Opti (Vidange seule)","HadGEM2  RegCM4-6","HadGEM2 (Chaud/Sec modéré)"
2068,"3. Étang Exutoire",99.78432287353323,60.11756845736389,1022.30208,9936776.2176,0.08283062647456907,0.17190653622949592,0.36522665819332417,"4. Opti (Vidange seule)","HadGEM2  RegCM4-6","HadGEM2 (Chaud/Sec modéré)"
2069,"1. Étang de Tête",49.73325779905613,34.03184838599256,1200.3552,11667452.544,0.06805369830028425,0.14889327171797756,0.3604408250687668,"4. Opti (Vidange seule)","HadGEM2  RegCM4-6","HadGEM2 (Chaud/Sec modéré)"
2069,"2. Étang de Milieu",61.81832179670868,42.65305099531884,1200.3552,11667452.544,0.06805369830028425,0.14889327171797756,0.3604408250687668,"4. Opti (Vidange seule)","HadGEM2  RegCM4-6","HadGEM2 (Chaud/Sec modéré)"
2069,"3. Étang Exutoire",100,58.41719578143627,1200.3552,11667452.544,0.06805369830028425,0.14889327171797756,0.3604408250687668,"4. Opti (Vidange seule)","HadGEM2  RegCM4-6","HadGEM2 (Chaud/Sec modéré)"
2070,"1. Étang de Tête",51.682330594764835,28.69645010750051,992.15712,9643767.2064,0.11603432657872377,0.1972091411352691,0.3739135506283612,"4. Opti (Vidange seule)","HadGEM2  RegCM4-6","HadGEM2 (Chaud/Sec modéré)"
2070,"2. Étang de Milieu",78.83930513586282,51.88761559349721,992.15712,9643767.2064,0.11603432657872377,0.1972091411352691,0.3739135506283612,"4. Opti (Vidange seule)","HadGEM2  RegCM4-6","HadGEM2 (Chaud/Sec modéré)"
2070,"3. Étang Exutoire",0,0,992.15712,9643767.2064,0.11603432657872377,0.1972091411352691,0.3739135506283612,"4. Opti (Vidange seule)","HadGEM2  RegCM4-6","HadGEM2 (Chaud/Sec modéré)"
2026,"1. Étang de Tête",61.067093970948726,34.337621938698916,699.58944,6800009.3568,0.01516449455577065,0.24583328795715625,0.3625753524064421,"4. Opti (Vidange seule)","IPSL-CM5A  RCA4","IPSL-CM5A (Hiver humide/Été extrême)"
2026,"2. Étang de Milieu",81.22108359777336,57.624755776769256,699.58944,6800009.3568,0.01516449455577065,0.24583328795715625,0.3625753524064421,"4. Opti (Vidange seule)","IPSL-CM5A  RCA4","IPSL-CM5A (Hiver humide/Été extrême)"
2026,"3. Étang Exutoire",99.54018115924751,73.21814337664338,699.58944,6800009.3568,0.01516449455577065,0.24583328795715625,0.3625753524064421,"4. Opti (Vidange seule)","IPSL-CM5A  RCA4","IPSL-CM5A (Hiver humide/Été extrême)"
2027,"1. Étang de Tête",21.069493020488455,3.686436790538166,712.48032,6925308.7104,0.10532041145016138,0.19085924714127098,0.32183499127847287,"4. Opti (Vidange seule)","IPSL-CM5A  RCA4","IPSL-CM5A (Hiver humide/Été extrême)"
2027,"2. Étang de Milieu",53.190485681566074,25.187576967954264,712.48032,6925308.7104,0.10532041145016138,0.19085924714127098,0.32183499127847287,"4. Opti (Vidange seule)","IPSL-CM5A  RCA4","IPSL-CM5A (Hiver humide/Été extrême)"
2027,"3. Étang Exutoire",99.61325265952978,53.943629390458504,712.48032,6925308.7104,0.10532041145016138,0.19085924714127098,0.32183499127847287,"4. Opti (Vidange seule)","IPSL-CM5A  RCA4","IPSL-CM5A (Hiver humide/Été extrême)"
2028,"1. Étang de Tête",60.36223930397775,14.923854611800273,1062.58176,10328294.7072,0.05781340986212311,0.15485196226893583,0.36784184685704496,"4. Opti (Vidange seule)","IPSL-CM5A  RCA4","IPSL-CM5A (Hiver humide/Été extrême)"
2028,"2. Étang de Milieu",68.20518749084066,33.97007182413465,1062.58176,10328294.7072,0.05781340986212311,0.15485196226893583,0.36784184685704496,"4. Opti (Vidange seule)","IPSL-CM5A  RCA4","IPSL-CM5A (Hiver humide/Été extrême)"
2028,"3. Étang Exutoire",97.82335673533218,45.690155103578576,1062.58176,10328294.7072,0.05781340986212311,0.15485196226893583,0.36784184685704496,"4. Opti (Vidange seule)","IPSL-CM5A  RCA4","IPSL-CM5A (Hiver humide/Été extrême)"
2029,"1. Étang de Tête",36.81641521368728,13.03079806854238,869.28768,8449476.2496,0.08221466660803675,0.1859416952978835,0.3702880354082119,"4. Opti (Vidange seule)","IPSL-CM5A  RCA4","IPSL-CM5A (Hiver humide/Été extrême)"
2029,"2. Étang de Milieu",66.29163712247873,43.962932229863256,869.28768,8449476.2496,0.08221466660803675,0.1859416952978835,0.3702880354082119,"4. Opti (Vidange seule)","IPSL-CM5A  RCA4","IPSL-CM5A (Hiver humide/Été extrême)"
2029,"3. Étang Exutoire",99.86830315631934,71.30635245015118,869.28768,8449476.2496,0.08221466660803675,0.1859416952978835,0.3702880354082119,"4. Opti (Vidange seule)","IPSL-CM5A  RCA4","IPSL-CM5A (Hiver humide/Été extrême)"
2030,"1. Étang de Tête",28.865458890433484,8.471312420577334,993.4099199999999,9655944.4224,0.053244090226322295,0.17064973659561347,0.34137487997583277,"4. Opti (Vidange seule)","IPSL-CM5A  RCA4","IPSL-CM5A (Hiver humide/Été extrême)"
2030,"2. Étang de Milieu",62.05717721351202,40.758555295557734,993.4099199999999,9655944.4224,0.053244090226322295,0.17064973659561347,0.34137487997583277,"4. Opti (Vidange seule)","IPSL-CM5A  RCA4","IPSL-CM5A (Hiver humide/Été extrême)"
2030,"3. Étang Exutoire",0,0,993.4099199999999,9655944.4224,0.053244090226322295,0.17064973659561347,0.34137487997583277,"4. Opti (Vidange seule)","IPSL-CM5A  RCA4","IPSL-CM5A (Hiver humide/Été extrême)"
2031,"1. Étang de Tête",0,0,980.73504,9532744.5888,0.11460849844186885,0.1380528857503455,0.36556251832776104,"4. Opti (Vidange seule)","IPSL-CM5A  RCA4","IPSL-CM5A (Hiver humide/Été extrême)"
2031,"2. Étang de Milieu",74.53915700463465,40.430755946726336,980.73504,9532744.5888,0.11460849844186885,0.1380528857503455,0.36556251832776104,"4. Opti (Vidange seule)","IPSL-CM5A  RCA4","IPSL-CM5A (Hiver humide/Été extrême)"
2031,"3. Étang Exutoire",99.82548630210464,59.81520021804434,980.73504,9532744.5888,0.11460849844186885,0.1380528857503455,0.36556251832776104,"4. Opti (Vidange seule)","IPSL-CM5A  RCA4","IPSL-CM5A (Hiver humide/Été extrême)"
2032,"1. Étang de Tête",52.11691659741615,7.814338638949834,933.74208,9075973.0176,0.10418405768920366,0.18990855921991592,0.3717182682814393,"4. Opti (Vidange seule)","IPSL-CM5A  RCA4","IPSL-CM5A (Hiver humide/Été extrême)"
2032,"2. Étang de Milieu",61.6064997027347,19.99809249599702,933.74208,9075973.0176,0.10418405768920366,0.18990855921991592,0.3717182682814393,"4. Opti (Vidange seule)","IPSL-CM5A  RCA4","IPSL-CM5A (Hiver humide/Été extrême)"
2032,"3. Étang Exutoire",98.38361756617005,32.101755217647685,933.74208,9075973.0176,0.10418405768920366,0.18990855921991592,0.3717182682814393,"4. Opti (Vidange seule)","IPSL-CM5A  RCA4","IPSL-CM5A (Hiver humide/Été extrême)"
2033,"1. Étang de Tête",45.791605179547076,28.538270516367035,959.85216,9329762.9952,0.049343671114344345,0.15968410945316847,0.36704284968282924,"4. Opti (Vidange seule)","IPSL-CM5A  RCA4","IPSL-CM5A (Hiver humide/Été extrême)"
2033,"2. Étang de Milieu",60.50364303543347,43.278266495766196,959.85216,9329762.9952,0.049343671114344345,0.15968410945316847,0.36704284968282924,"4. Opti (Vidange seule)","IPSL-CM5A  RCA4","IPSL-CM5A (Hiver humide/Été extrême)"
2033,"3. Étang Exutoire",100,62.644955578216255,959.85216,9329762.9952,0.049343671114344345,0.15968410945316847,0.36704284968282924,"4. Opti (Vidange seule)","IPSL-CM5A  RCA4","IPSL-CM5A (Hiver humide/Été extrême)"
2034,"1. Étang de Tête",46.208204154549485,40.864235926080745,1219.97664,11858172.940800002,0.09109258825891806,0.13086573219733563,0.3676824321214544,"4. Opti (Vidange seule)","IPSL-CM5A  RCA4","IPSL-CM5A (Hiver humide/Été extrême)"
2034,"2. Étang de Milieu",69.82328142545421,64.8605129216543,1219.97664,11858172.940800002,0.09109258825891806,0.13086573219733563,0.3676824321214544,"4. Opti (Vidange seule)","IPSL-CM5A  RCA4","IPSL-CM5A (Hiver humide/Été extrême)"
2034,"3. Étang Exutoire",97.48182998462188,93.9965886606778,1219.97664,11858172.940800002,0.09109258825891806,0.13086573219733563,0.3676824321214544,"4. Opti (Vidange seule)","IPSL-CM5A  RCA4","IPSL-CM5A (Hiver humide/Été extrême)"
2035,"1. Étang de Tête",52.96632055239407,25.91892568828046,1179.7056,11466738.432,0.1820786225724576,0.1505416098284578,0.3873907549746954,"4. Opti (Vidange seule)","IPSL-CM5A  RCA4","IPSL-CM5A (Hiver humide/Été extrême)"
2035,"2. Étang de Milieu",82.94498154466083,52.250634181053016,1179.7056,11466738.432,0.1820786225724576,0.1505416098284578,0.3873907549746954,"4. Opti (Vidange seule)","IPSL-CM5A  RCA4","IPSL-CM5A (Hiver humide/Été extrême)"
2035,"3. Étang Exutoire",0,0,1179.7056,11466738.432,0.1820786225724576,0.1505416098284578,0.3873907549746954,"4. Opti (Vidange seule)","IPSL-CM5A  RCA4","IPSL-CM5A (Hiver humide/Été extrême)"
2036,"1. Étang de Tête",0,0,895.98528,8708976.9216,0.06766382009030414,0.14428639094807033,0.3375151023625256,"4. Opti (Vidange seule)","IPSL-CM5A  RCA4","IPSL-CM5A (Hiver humide/Été extrême)"
2036,"2. Étang de Milieu",59.3906793320349,43.95824701295449,895.98528,8708976.9216,0.06766382009030414,0.14428639094807033,0.3375151023625256,"4. Opti (Vidange seule)","IPSL-CM5A  RCA4","IPSL-CM5A (Hiver humide/Été extrême)"
2036,"3. Étang Exutoire",98.88961042946993,73.67470205431223,895.98528,8708976.9216,0.06766382009030414,0.14428639094807033,0.3375151023625256,"4. Opti (Vidange seule)","IPSL-CM5A  RCA4","IPSL-CM5A (Hiver humide/Été extrême)"
2037,"1. Étang de Tête",37.44779714495991,11.92103384074189,920.16864,8944039.1808,0.10592657905150907,0.17632130062464024,0.35898002717870375,"4. Opti (Vidange seule)","IPSL-CM5A  RCA4","IPSL-CM5A (Hiver humide/Été extrême)"
2037,"2. Étang de Milieu",58.444266216382424,28.583049106795062,920.16864,8944039.1808,0.10592657905150907,0.17632130062464024,0.35898002717870375,"4. Opti (Vidange seule)","IPSL-CM5A  RCA4","IPSL-CM5A (Hiver humide/Été extrême)"
2037,"3. Étang Exutoire",95.9289997035084,51.643089162957054,920.16864,8944039.1808,0.10592657905150907,0.17632130062464024,0.35898002717870375,"4. Opti (Vidange seule)","IPSL-CM5A  RCA4","IPSL-CM5A (Hiver humide/Été extrême)"
2038,"1. Étang de Tête",43.40496437519515,24.061583306449776,1095.32736,10646581.939199999,0.09519877270545687,0.14212975686859547,0.37506507661928,"4. Opti (Vidange seule)","IPSL-CM5A  RCA4","IPSL-CM5A (Hiver humide/Été extrême)"
2038,"2. Étang de Milieu",67.92256151159592,46.69711872207217,1095.32736,10646581.939199999,0.09519877270545687,0.14212975686859547,0.37506507661928,"4. Opti (Vidange seule)","IPSL-CM5A  RCA4","IPSL-CM5A (Hiver humide/Été extrême)"
2038,"3. Étang Exutoire",96.15776901671977,63.91038483509735,1095.32736,10646581.939199999,0.09519877270545687,0.14212975686859547,0.37506507661928,"4. Opti (Vidange seule)","IPSL-CM5A  RCA4","IPSL-CM5A (Hiver humide/Été extrême)"
2039,"1. Étang de Tête",38.36671789910566,23.423262413887645,1110.69792,10795983.7824,0.07783191152224901,0.1338307485263912,0.36303524538429094,"4. Opti (Vidange seule)","IPSL-CM5A  RCA4","IPSL-CM5A (Hiver humide/Été extrême)"
2039,"2. Étang de Milieu",66.06893064431507,52.34478918572782,1110.69792,10795983.7824,0.07783191152224901,0.1338307485263912,0.36303524538429094,"4. Opti (Vidange seule)","IPSL-CM5A  RCA4","IPSL-CM5A (Hiver humide/Été extrême)"
2039,"3. Étang Exutoire",97.86396179847159,81.08595367369394,1110.69792,10795983.7824,0.07783191152224901,0.1338307485263912,0.36303524538429094,"4. Opti (Vidange seule)","IPSL-CM5A  RCA4","IPSL-CM5A (Hiver humide/Été extrême)"
2040,"1. Étang de Tête",23.694127176001103,8.408632624441164,932.80032,9066819.1104,0.10853130274504065,0.1934267407143511,0.35459808943150034,"4. Opti (Vidange seule)","IPSL-CM5A  RCA4","IPSL-CM5A (Hiver humide/Été extrême)"
2040,"2. Étang de Milieu",68.56257467984881,39.08568671485397,932.80032,9066819.1104,0.10853130274504065,0.1934267407143511,0.35459808943150034,"4. Opti (Vidange seule)","IPSL-CM5A  RCA4","IPSL-CM5A (Hiver humide/Été extrême)"
2040,"3. Étang Exutoire",0,0,932.80032,9066819.1104,0.10853130274504065,0.1934267407143511,0.35459808943150034,"4. Opti (Vidange seule)","IPSL-CM5A  RCA4","IPSL-CM5A (Hiver humide/Été extrême)"
2041,"1. Étang de Tête",0,0,821.67264,7986658.0608,0.1429567945633846,0.21314782613007496,0.3849552412673806,"4. Opti (Vidange seule)","IPSL-CM5A  RCA4","IPSL-CM5A (Hiver humide/Été extrême)"
2041,"2. Étang de Milieu",80.7393822334669,14.497572738124864,821.67264,7986658.0608,0.1429567945633846,0.21314782613007496,0.3849552412673806,"4. Opti (Vidange seule)","IPSL-CM5A  RCA4","IPSL-CM5A (Hiver humide/Été extrême)"
2041,"3. Étang Exutoire",99.75309544496179,17.89352149531111,821.67264,7986658.0608,0.1429567945633846,0.21314782613007496,0.3849552412673806,"4. Opti (Vidange seule)","IPSL-CM5A  RCA4","IPSL-CM5A (Hiver humide/Été extrême)"
2042,"1. Étang de Tête",18.67055073015326,0.8728762865454334,704.98944,6852497.356799999,0.032054813055197647,0.21250161977768134,0.34702680227592114,"4. Opti (Vidange seule)","IPSL-CM5A  RCA4","IPSL-CM5A (Hiver humide/Été extrême)"
2042,"2. Étang de Milieu",46.77345878795584,20.41551182914473,704.98944,6852497.356799999,0.032054813055197647,0.21250161977768134,0.34702680227592114,"4. Opti (Vidange seule)","IPSL-CM5A  RCA4","IPSL-CM5A (Hiver humide/Été extrême)"
2042,"3. Étang Exutoire",98.90556813072601,51.77229879147844,704.98944,6852497.356799999,0.032054813055197647,0.21250161977768134,0.34702680227592114,"4. Opti (Vidange seule)","IPSL-CM5A  RCA4","IPSL-CM5A (Hiver humide/Été extrême)"
2043,"1. Étang de Tête",36.189596617990624,21.12147768138819,998.80992,9708432.422400001,0.04612192149942847,0.16413653441335083,0.371840177537416,"4. Opti (Vidange seule)","IPSL-CM5A  RCA4","IPSL-CM5A (Hiver humide/Été extrême)"
2043,"2. Étang de Milieu",60.94325473288571,37.125217151646005,998.80992,9708432.422400001,0.04612192149942847,0.16413653441335083,0.371840177537416,"4. Opti (Vidange seule)","IPSL-CM5A  RCA4","IPSL-CM5A (Hiver humide/Été extrême)"
2043,"3. Étang Exutoire",100,51.96891042869417,998.80992,9708432.422400001,0.04612192149942847,0.16413653441335083,0.371840177537416,"4. Opti (Vidange seule)","IPSL-CM5A  RCA4","IPSL-CM5A (Hiver humide/Été extrême)"
2044,"1. Étang de Tête",62.32358755369507,36.670979847370795,1140.03936,11081182.5792,0.05244653496887016,0.1807250411818235,0.36359850503305885,"4. Opti (Vidange seule)","IPSL-CM5A  RCA4","IPSL-CM5A (Hiver humide/Été extrême)"
2044,"2. Étang de Milieu",59.911144268230125,41.41474455662546,1140.03936,11081182.5792,0.05244653496887016,0.1807250411818235,0.36359850503305885,"4. Opti (Vidange seule)","IPSL-CM5A  RCA4","IPSL-CM5A (Hiver humide/Été extrême)"
2044,"3. Étang Exutoire",99.81293949413288,55.44470111566613,1140.03936,11081182.5792,0.05244653496887016,0.1807250411818235,0.36359850503305885,"4. Opti (Vidange seule)","IPSL-CM5A  RCA4","IPSL-CM5A (Hiver humide/Été extrême)"
2045,"1. Étang de Tête",63.56972976296926,21.690542548491507,1223.19936,11889497.7792,0.1319830861988866,0.14664788310624124,0.37610588148645924,"4. Opti (Vidange seule)","IPSL-CM5A  RCA4","IPSL-CM5A (Hiver humide/Été extrême)"
2045,"2. Étang de Milieu",85.72032764290749,48.63842237935311,1223.19936,11889497.7792,0.1319830861988866,0.14664788310624124,0.37610588148645924,"4. Opti (Vidange seule)","IPSL-CM5A  RCA4","IPSL-CM5A (Hiver humide/Été extrême)"
2045,"3. Étang Exutoire",0,0,1223.19936,11889497.7792,0.1319830861988866,0.14664788310624124,0.37610588148645924,"4. Opti (Vidange seule)","IPSL-CM5A  RCA4","IPSL-CM5A (Hiver humide/Été extrême)"
2046,"1. Étang de Tête",0,0,852.43968,8285713.6896,0.06464976107462356,0.1627821237988619,0.3360617237046922,"4. Opti (Vidange seule)","IPSL-CM5A  RCA4","IPSL-CM5A (Hiver humide/Été extrême)"
2046,"2. Étang de Milieu",61.701521453792566,37.55669211107325,852.43968,8285713.6896,0.06464976107462356,0.1627821237988619,0.3360617237046922,"4. Opti (Vidange seule)","IPSL-CM5A  RCA4","IPSL-CM5A (Hiver humide/Été extrême)"
2046,"3. Étang Exutoire",100,66.7691422773035,852.43968,8285713.6896,0.06464976107462356,0.1627821237988619,0.3360617237046922,"4. Opti (Vidange seule)","IPSL-CM5A  RCA4","IPSL-CM5A (Hiver humide/Été extrême)"
2047,"1. Étang de Tête",49.715426306735864,38.183800958100385,992.96064,9651577.4208,0.0924699309971451,0.14781671856714118,0.3684304273169449,"4. Opti (Vidange seule)","IPSL-CM5A  RCA4","IPSL-CM5A (Hiver humide/Été extrême)"
2047,"2. Étang de Milieu",61.146187187919885,48.517695032062974,992.96064,9651577.4208,0.0924699309971451,0.14781671856714118,0.3684304273169449,"4. Opti (Vidange seule)","IPSL-CM5A  RCA4","IPSL-CM5A (Hiver humide/Été extrême)"
2047,"3. Étang Exutoire",100,77.16711389839936,992.96064,9651577.4208,0.0924699309971451,0.14781671856714118,0.3684304273169449,"4. Opti (Vidange seule)","IPSL-CM5A  RCA4","IPSL-CM5A (Hiver humide/Été extrême)"
2048,"1. Étang de Tête",22.179452327799247,1.1121796382868168,882.47232,8577630.950399999,0.06643273926962061,0.19128739376316936,0.34461304578412294,"4. Opti (Vidange seule)","IPSL-CM5A  RCA4","IPSL-CM5A (Hiver humide/Été extrême)"
2048,"2. Étang de Milieu",60.8977773177315,32.82542803214078,882.47232,8577630.950399999,0.06643273926962061,0.19128739376316936,0.34461304578412294,"4. Opti (Vidange seule)","IPSL-CM5A  RCA4","IPSL-CM5A (Hiver humide/Été extrême)"
2048,"3. Étang Exutoire",98.0426681246945,55.09534832521674,882.47232,8577630.950399999,0.06643273926962061,0.19128739376316936,0.34461304578412294,"4. Opti (Vidange seule)","IPSL-CM5A  RCA4","IPSL-CM5A (Hiver humide/Été extrême)"
2049,"1. Étang de Tête",36.58091439335625,7.111274750296576,1039.608,10104989.76,0.07978936376673731,0.17968113185290072,0.36244130061723945,"4. Opti (Vidange seule)","IPSL-CM5A  RCA4","IPSL-CM5A (Hiver humide/Été extrême)"
2049,"2. Étang de Milieu",66.80059123005154,26.36435879664727,1039.608,10104989.76,0.07978936376673731,0.17968113185290072,0.36244130061723945,"4. Opti (Vidange seule)","IPSL-CM5A  RCA4","IPSL-CM5A (Hiver humide/Été extrême)"
2049,"3. Étang Exutoire",100,45.65815339244697,1039.608,10104989.76,0.07978936376673731,0.17968113185290072,0.36244130061723945,"4. Opti (Vidange seule)","IPSL-CM5A  RCA4","IPSL-CM5A (Hiver humide/Été extrême)"
2050,"1. Étang de Tête",45.611712347576685,15.377562958145573,933.10272,9069758.4384,0.0703169914432426,0.22438811044670331,0.3727870397795605,"4. Opti (Vidange seule)","IPSL-CM5A  RCA4","IPSL-CM5A (Hiver humide/Été extrême)"
2050,"2. Étang de Milieu",69.48087689331697,33.39811615499818,933.10272,9069758.4384,0.0703169914432426,0.22438811044670331,0.3727870397795605,"4. Opti (Vidange seule)","IPSL-CM5A  RCA4","IPSL-CM5A (Hiver humide/Été extrême)"
2050,"3. Étang Exutoire",0,0,933.10272,9069758.4384,0.0703169914432426,0.22438811044670331,0.3727870397795605,"4. Opti (Vidange seule)","IPSL-CM5A  RCA4","IPSL-CM5A (Hiver humide/Été extrême)"
2051,"1. Étang de Tête",46.32685943322623,11.203932637104884,1129.30848,10976878.4256,0.04829669249791564,0.1938823386689219,0.3602667506227572,"4. Opti (Vidange seule)","IPSL-CM5A  RCA4","IPSL-CM5A (Hiver humide/Été extrême)"
2051,"2. Étang de Milieu",79.3523254566016,29.206661273263357,1129.30848,10976878.4256,0.04829669249791564,0.1938823386689219,0.3602667506227572,"4. Opti (Vidange seule)","IPSL-CM5A  RCA4","IPSL-CM5A (Hiver humide/Été extrême)"
2051,"3. Étang Exutoire",97.27388413282702,38.42922914718852,1129.30848,10976878.4256,0.04829669249791564,0.1938823386689219,0.3602667506227572,"4. Opti (Vidange seule)","IPSL-CM5A  RCA4","IPSL-CM5A (Hiver humide/Été extrême)"
2052,"1. Étang de Tête",67.08409243249875,29.20584577253466,1451.3212800000001,14106842.8416,0.162163545607646,0.11756803182727552,0.3962658744866608,"4. Opti (Vidange seule)","IPSL-CM5A  RCA4","IPSL-CM5A (Hiver humide/Été extrême)"
2052,"2. Étang de Milieu",70.21210111242108,40.05856662579944,1451.3212800000001,14106842.8416,0.162163545607646,0.11756803182727552,0.3962658744866608,"4. Opti (Vidange seule)","IPSL-CM5A  RCA4","IPSL-CM5A (Hiver humide/Été extrême)"
2052,"3. Étang Exutoire",99.8595206640657,52.11273321810228,1451.3212800000001,14106842.8416,0.162163545607646,0.11756803182727552,0.3962658744866608,"4. Opti (Vidange seule)","IPSL-CM5A  RCA4","IPSL-CM5A (Hiver humide/Été extrême)"
2053,"1. Étang de Tête",62.73912424154659,48.30037777524677,1295.33472,12590653.4784,0.17022749764219416,0.11228052081389223,0.3945752466984445,"4. Opti (Vidange seule)","IPSL-CM5A  RCA4","IPSL-CM5A (Hiver humide/Été extrême)"
2053,"2. Étang de Milieu",74.61478771054387,62.001427637334004,1295.33472,12590653.4784,0.17022749764219416,0.11228052081389223,0.3945752466984445,"4. Opti (Vidange seule)","IPSL-CM5A  RCA4","IPSL-CM5A (Hiver humide/Été extrême)"
2053,"3. Étang Exutoire",100,77.65676369484201,1295.33472,12590653.4784,0.17022749764219416,0.11228052081389223,0.3945752466984445,"4. Opti (Vidange seule)","IPSL-CM5A  RCA4","IPSL-CM5A (Hiver humide/Été extrême)"
2054,"1. Étang de Tête",46.096638893410876,6.660935648010449,969.77952,9426256.9344,0.08284711906817013,0.1922167444805899,0.34833310133844275,"4. Opti (Vidange seule)","IPSL-CM5A  RCA4","IPSL-CM5A (Hiver humide/Été extrême)"
2054,"2. Étang de Milieu",66.19821293657874,31.52967432145629,969.77952,9426256.9344,0.08284711906817013,0.1922167444805899,0.34833310133844275,"4. Opti (Vidange seule)","IPSL-CM5A  RCA4","IPSL-CM5A (Hiver humide/Été extrême)"
2054,"3. Étang Exutoire",99.59988584100729,52.51388497684077,969.77952,9426256.9344,0.08284711906817013,0.1922167444805899,0.34833310133844275,"4. Opti (Vidange seule)","IPSL-CM5A  RCA4","IPSL-CM5A (Hiver humide/Été extrême)"
2055,"1. Étang de Tête",55.89991920964058,20.16758867451702,1071.94752,10419329.894399999,0.10175054822951256,0.17693847667556,0.37718922862968385,"4. Opti (Vidange seule)","IPSL-CM5A  RCA4","IPSL-CM5A (Hiver humide/Été extrême)"
2055,"2. Étang de Milieu",81.66243854997877,45.17448323142745,1071.94752,10419329.894399999,0.10175054822951256,0.17693847667556,0.37718922862968385,"4. Opti (Vidange seule)","IPSL-CM5A  RCA4","IPSL-CM5A (Hiver humide/Été extrême)"
2055,"3. Étang Exutoire",0,0,1071.94752,10419329.894399999,0.10175054822951256,0.17693847667556,0.37718922862968385,"4. Opti (Vidange seule)","IPSL-CM5A  RCA4","IPSL-CM5A (Hiver humide/Été extrême)"
2056,"1. Étang de Tête",0,0,1067.24736,10373644.339200001,0.09595836017049146,0.16192220390805026,0.3612932195920926,"4. Opti (Vidange seule)","IPSL-CM5A  RCA4","IPSL-CM5A (Hiver humide/Été extrême)"
2056,"2. Étang de Milieu",80.42608256549934,33.66141776271176,1067.24736,10373644.339200001,0.09595836017049146,0.16192220390805026,0.3612932195920926,"4. Opti (Vidange seule)","IPSL-CM5A  RCA4","IPSL-CM5A (Hiver humide/Été extrême)"
2056,"3. Étang Exutoire",98.92237370162898,44.347022000417816,1067.24736,10373644.339200001,0.09595836017049146,0.16192220390805026,0.3612932195920926,"4. Opti (Vidange seule)","IPSL-CM5A  RCA4","IPSL-CM5A (Hiver humide/Été extrême)"
2057,"1. Étang de Tête",69.49693529670148,1.49149498704682,977.59872,9502259.5584,0.11131646125354511,0.2103160392753564,0.38170154005255663,"4. Opti (Vidange seule)","IPSL-CM5A  RCA4","IPSL-CM5A (Hiver humide/Été extrême)"
2057,"2. Étang de Milieu",66.95404626616966,10.777541184828008,977.59872,9502259.5584,0.11131646125354511,0.2103160392753564,0.38170154005255663,"4. Opti (Vidange seule)","IPSL-CM5A  RCA4","IPSL-CM5A (Hiver humide/Été extrême)"
2057,"3. Étang Exutoire",100,10.795546165574686,977.59872,9502259.5584,0.11131646125354511,0.2103160392753564,0.38170154005255663,"4. Opti (Vidange seule)","IPSL-CM5A  RCA4","IPSL-CM5A (Hiver humide/Été extrême)"
2058,"1. Étang de Tête",32.687382220284356,11.409166744995797,1078.6176,10484163.072,0.02031424043380171,0.1521928074714622,0.34498485941883333,"4. Opti (Vidange seule)","IPSL-CM5A  RCA4","IPSL-CM5A (Hiver humide/Été extrême)"
2058,"2. Étang de Milieu",56.89458038894419,40.28629518810591,1078.6176,10484163.072,0.02031424043380171,0.1521928074714622,0.34498485941883333,"4. Opti (Vidange seule)","IPSL-CM5A  RCA4","IPSL-CM5A (Hiver humide/Été extrême)"
2058,"3. Étang Exutoire",99.72044858781894,70.95392568718454,1078.6176,10484163.072,0.02031424043380171,0.1521928074714622,0.34498485941883333,"4. Opti (Vidange seule)","IPSL-CM5A  RCA4","IPSL-CM5A (Hiver humide/Été extrême)"
2059,"1. Étang de Tête",41.386040960896935,16.400182604048922,1034.8992,10059220.224,0.10752090933519717,0.20775626336042427,0.3832432309142469,"4. Opti (Vidange seule)","IPSL-CM5A  RCA4","IPSL-CM5A (Hiver humide/Été extrême)"
2059,"2. Étang de Milieu",68.9035517810979,36.61762750956391,1034.8992,10059220.224,0.10752090933519717,0.20775626336042427,0.3832432309142469,"4. Opti (Vidange seule)","IPSL-CM5A  RCA4","IPSL-CM5A (Hiver humide/Été extrême)"
2059,"3. Étang Exutoire",98.86141511938864,50.82229664159495,1034.8992,10059220.224,0.10752090933519717,0.20775626336042427,0.3832432309142469,"4. Opti (Vidange seule)","IPSL-CM5A  RCA4","IPSL-CM5A (Hiver humide/Été extrême)"
2060,"1. Étang de Tête",35.96846026317914,0.7334288247609732,814.89024,7920733.1328,0.07103493840984382,0.24987225144939582,0.36195120999490676,"4. Opti (Vidange seule)","IPSL-CM5A  RCA4","IPSL-CM5A (Hiver humide/Été extrême)"
2060,"2. Étang de Milieu",66.97220887592881,8.929433156737316,814.89024,7920733.1328,0.07103493840984382,0.24987225144939582,0.36195120999490676,"4. Opti (Vidange seule)","IPSL-CM5A  RCA4","IPSL-CM5A (Hiver humide/Été extrême)"
2060,"3. Étang Exutoire",0,0,814.89024,7920733.1328,0.07103493840984382,0.24987225144939582,0.36195120999490676,"4. Opti (Vidange seule)","IPSL-CM5A  RCA4","IPSL-CM5A (Hiver humide/Été extrême)"
2061,"1. Étang de Tête",0,0,976.3977600000001,9490586.227200001,0.050019163430711465,0.1638667673778461,0.36903280381846093,"4. Opti (Vidange seule)","IPSL-CM5A  RCA4","IPSL-CM5A (Hiver humide/Été extrême)"
2061,"2. Étang de Milieu",67.57458029337377,31.52565858120299,976.3977600000001,9490586.227200001,0.050019163430711465,0.1638667673778461,0.36903280381846093,"4. Opti (Vidange seule)","IPSL-CM5A  RCA4","IPSL-CM5A (Hiver humide/Été extrême)"
2061,"3. Étang Exutoire",97.21901047502386,45.57337907382046,976.3977600000001,9490586.227200001,0.050019163430711465,0.1638667673778461,0.36903280381846093,"4. Opti (Vidange seule)","IPSL-CM5A  RCA4","IPSL-CM5A (Hiver humide/Été extrême)"
2062,"1. Étang de Tête",66.3775626612744,35.6594802599015,1212.39072,11784437.798400002,0.07243990323290872,0.13735209368296242,0.36594516880687805,"4. Opti (Vidange seule)","IPSL-CM5A  RCA4","IPSL-CM5A (Hiver humide/Été extrême)"
2062,"2. Étang de Milieu",63.94731077751358,42.042517764219355,1212.39072,11784437.798400002,0.07243990323290872,0.13735209368296242,0.36594516880687805,"4. Opti (Vidange seule)","IPSL-CM5A  RCA4","IPSL-CM5A (Hiver humide/Été extrême)"
2062,"3. Étang Exutoire",100,62.713687283462605,1212.39072,11784437.798400002,0.07243990323290872,0.13735209368296242,0.36594516880687805,"4. Opti (Vidange seule)","IPSL-CM5A  RCA4","IPSL-CM5A (Hiver humide/Été extrême)"
2063,"1. Étang de Tête",29.6685184112129,10.674794589086348,908.1936000000001,8827641.792,0.06501387702304343,0.18657937042857548,0.34734747690198964,"4. Opti (Vidange seule)","IPSL-CM5A  RCA4","IPSL-CM5A (Hiver humide/Été extrême)"
2063,"2. Étang de Milieu",62.56098745965926,48.515767136550835,908.1936000000001,8827641.792,0.06501387702304343,0.18657937042857548,0.34734747690198964,"4. Opti (Vidange seule)","IPSL-CM5A  RCA4","IPSL-CM5A (Hiver humide/Été extrême)"
2063,"3. Étang Exutoire",98.59278556782976,76.97177296685722,908.1936000000001,8827641.792,0.06501387702304343,0.18657937042857548,0.34734747690198964,"4. Opti (Vidange seule)","IPSL-CM5A  RCA4","IPSL-CM5A (Hiver humide/Été extrême)"
2064,"1. Étang de Tête",53.06666320679248,30.91455845333237,1113.0912,10819246.464,0.06884198091090525,0.1622386440311406,0.35921003814133945,"4. Opti (Vidange seule)","IPSL-CM5A  RCA4","IPSL-CM5A (Hiver humide/Été extrême)"
2064,"2. Étang de Milieu",65.35631156555986,46.618632308356936,1113.0912,10819246.464,0.06884198091090525,0.1622386440311406,0.35921003814133945,"4. Opti (Vidange seule)","IPSL-CM5A  RCA4","IPSL-CM5A (Hiver humide/Été extrême)"
2064,"3. Étang Exutoire",99.74691968070756,69.98687346536865,1113.0912,10819246.464,0.06884198091090525,0.1622386440311406,0.35921003814133945,"4. Opti (Vidange seule)","IPSL-CM5A  RCA4","IPSL-CM5A (Hiver humide/Été extrême)"
2065,"1. Étang de Tête",49.389933128211055,4.671689024578498,1067.79168,10378935.129600001,0.10863046461579585,0.18437704715284933,0.3654051991563836,"4. Opti (Vidange seule)","IPSL-CM5A  RCA4","IPSL-CM5A (Hiver humide/Été extrême)"
2065,"2. Étang de Milieu",81.5710002888781,28.95276030580412,1067.79168,10378935.129600001,0.10863046461579585,0.18437704715284933,0.3654051991563836,"4. Opti (Vidange seule)","IPSL-CM5A  RCA4","IPSL-CM5A (Hiver humide/Été extrême)"
2065,"3. Étang Exutoire",0,0,1067.79168,10378935.129600001,0.10863046461579585,0.18437704715284933,0.3654051991563836,"4. Opti (Vidange seule)","IPSL-CM5A  RCA4","IPSL-CM5A (Hiver humide/Été extrême)"
2066,"1. Étang de Tête",0,0,1196.10432,11626133.990399998,0.10135323141514262,0.12780300691705682,0.37908109607788076,"4. Opti (Vidange seule)","IPSL-CM5A  RCA4","IPSL-CM5A (Hiver humide/Été extrême)"
2066,"2. Étang de Milieu",79.84408032323518,50.95374400091495,1196.10432,11626133.990399998,0.10135323141514262,0.12780300691705682,0.37908109607788076,"4. Opti (Vidange seule)","IPSL-CM5A  RCA4","IPSL-CM5A (Hiver humide/Été extrême)"
2066,"3. Étang Exutoire",99.83492043057954,58.034626984667256,1196.10432,11626133.990399998,0.10135323141514262,0.12780300691705682,0.37908109607788076,"4. Opti (Vidange seule)","IPSL-CM5A  RCA4","IPSL-CM5A (Hiver humide/Été extrême)"
2067,"1. Étang de Tête",48.217960972933405,40.561507905512414,1085.15808,10547736.5376,0.1107605955328814,0.1758799475993546,0.3764630760459346,"4. Opti (Vidange seule)","IPSL-CM5A  RCA4","IPSL-CM5A (Hiver humide/Été extrême)"
2067,"2. Étang de Milieu",63.4397747760498,47.4984112594036,1085.15808,10547736.5376,0.1107605955328814,0.1758799475993546,0.3764630760459346,"4. Opti (Vidange seule)","IPSL-CM5A  RCA4","IPSL-CM5A (Hiver humide/Été extrême)"
2067,"3. Étang Exutoire",98.37939265338038,68.32828649996657,1085.15808,10547736.5376,0.1107605955328814,0.1758799475993546,0.3764630760459346,"4. Opti (Vidange seule)","IPSL-CM5A  RCA4","IPSL-CM5A (Hiver humide/Été extrême)"
2068,"1. Étang de Tête",43.39156549892678,4.857449208282483,984.08736,9565329.1392,0.10905107800894885,0.19118308174336865,0.3716091344582895,"4. Opti (Vidange seule)","IPSL-CM5A  RCA4","IPSL-CM5A (Hiver humide/Été extrême)"
2068,"2. Étang de Milieu",72.22046693199154,27.370896445832646,984.08736,9565329.1392,0.10905107800894885,0.19118308174336865,0.3716091344582895,"4. Opti (Vidange seule)","IPSL-CM5A  RCA4","IPSL-CM5A (Hiver humide/Été extrême)"
2068,"3. Étang Exutoire",100,31.093449433398092,984.08736,9565329.1392,0.10905107800894885,0.19118308174336865,0.3716091344582895,"4. Opti (Vidange seule)","IPSL-CM5A  RCA4","IPSL-CM5A (Hiver humide/Été extrême)"
2069,"1. Étang de Tête",57.35390234337403,7.921245388739849,1153.3968,11211016.896,0.06490303829426682,0.18189908107394606,0.3631106369268922,"4. Opti (Vidange seule)","IPSL-CM5A  RCA4","IPSL-CM5A (Hiver humide/Été extrême)"
2069,"2. Étang de Milieu",72.05647738533946,29.997500618749875,1153.3968,11211016.896,0.06490303829426682,0.18189908107394606,0.3631106369268922,"4. Opti (Vidange seule)","IPSL-CM5A  RCA4","IPSL-CM5A (Hiver humide/Été extrême)"
2069,"3. Étang Exutoire",100,44.5616408656476,1153.3968,11211016.896,0.06490303829426682,0.18189908107394606,0.3631106369268922,"4. Opti (Vidange seule)","IPSL-CM5A  RCA4","IPSL-CM5A (Hiver humide/Été extrême)"
2070,"1. Étang de Tête",40.91774382069947,21.516924411793,1046.5632,10172594.304000001,0.07748822187173075,0.191146645881244,0.37033069255880297,"4. Opti (Vidange seule)","IPSL-CM5A  RCA4","IPSL-CM5A (Hiver humide/Été extrême)"
2070,"2. Étang de Milieu",71.15818288521298,46.35919292971427,1046.5632,10172594.304000001,0.07748822187173075,0.191146645881244,0.37033069255880297,"4. Opti (Vidange seule)","IPSL-CM5A  RCA4","IPSL-CM5A (Hiver humide/Été extrême)"
2070,"3. Étang Exutoire",0,0,1046.5632,10172594.304000001,0.07748822187173075,0.191146645881244,0.37033069255880297,"4. Opti (Vidange seule)","IPSL-CM5A  RCA4","IPSL-CM5A (Hiver humide/Été extrême)"
2026,"1. Étang de Tête",56.17938389247042,17.55136609438819,756.5184,7353358.848,0.009347505891488939,0.23123001140499452,0.3519890108932052,"4. Opti (Vidange seule)","IPSL-CM5A  WRF381P","IPSL-CM5A (Humide)"
2026,"2. Étang de Milieu",77.07044322321404,37.60495277955374,756.5184,7353358.848,0.009347505891488939,0.23123001140499452,0.3519890108932052,"4. Opti (Vidange seule)","IPSL-CM5A  WRF381P","IPSL-CM5A (Humide)"
2026,"3. Étang Exutoire",91.39648444518699,45.5523593903996,756.5184,7353358.848,0.009347505891488939,0.23123001140499452,0.3519890108932052,"4. Opti (Vidange seule)","IPSL-CM5A  WRF381P","IPSL-CM5A (Humide)"
2027,"1. Étang de Tête",47.80141181634524,37.1812820842985,1085.10624,10547232.652800001,0.14150789056105675,0.13404577943479157,0.37627273571823594,"4. Opti (Vidange seule)","IPSL-CM5A  WRF381P","IPSL-CM5A (Humide)"
2027,"2. Étang de Milieu",65.89696244795184,53.09437998423347,1085.10624,10547232.652800001,0.14150789056105675,0.13404577943479157,0.37627273571823594,"4. Opti (Vidange seule)","IPSL-CM5A  WRF381P","IPSL-CM5A (Humide)"
2027,"3. Étang Exutoire",99.53316003278073,76.62616977908937,1085.10624,10547232.652800001,0.14150789056105675,0.13404577943479157,0.37627273571823594,"4. Opti (Vidange seule)","IPSL-CM5A  WRF381P","IPSL-CM5A (Humide)"
2028,"1. Étang de Tête",34.162061504428515,17.920889426919327,977.63328,9502595.4816,0.08689389350731504,0.1383116125482389,0.3500147343644317,"4. Opti (Vidange seule)","IPSL-CM5A  WRF381P","IPSL-CM5A (Humide)"
2028,"2. Étang de Milieu",65.94283760475922,54.29640938404538,977.63328,9502595.4816,0.08689389350731504,0.1383116125482389,0.3500147343644317,"4. Opti (Vidange seule)","IPSL-CM5A  WRF381P","IPSL-CM5A (Humide)"
2028,"3. Étang Exutoire",99.16843702336054,78.96140320392661,977.63328,9502595.4816,0.08689389350731504,0.1383116125482389,0.3500147343644317,"4. Opti (Vidange seule)","IPSL-CM5A  WRF381P","IPSL-CM5A (Humide)"
2029,"1. Étang de Tête",41.86763996087602,17.77908561488074,877.81536,8532365.2992,0.09613400311422639,0.18233058330331242,0.36315430201560617,"4. Opti (Vidange seule)","IPSL-CM5A  WRF381P","IPSL-CM5A (Humide)"
2029,"2. Étang de Milieu",63.58076288807899,42.96299562056523,877.81536,8532365.2992,0.09613400311422639,0.18233058330331242,0.36315430201560617,"4. Opti (Vidange seule)","IPSL-CM5A  WRF381P","IPSL-CM5A (Humide)"
2029,"3. Étang Exutoire",100,70.07418491327552,877.81536,8532365.2992,0.09613400311422639,0.18233058330331242,0.36315430201560617,"4. Opti (Vidange seule)","IPSL-CM5A  WRF381P","IPSL-CM5A (Humide)"
2030,"1. Étang de Tête",67.13007930540051,29.91509018646223,1121.96448,10905494.7456,0.08762272625886507,0.1466187767389173,0.3645994815710337,"4. Opti (Vidange seule)","IPSL-CM5A  WRF381P","IPSL-CM5A (Humide)"
2030,"2. Étang de Milieu",80.37189761328587,49.098837698540926,1121.96448,10905494.7456,0.08762272625886507,0.1466187767389173,0.3645994815710337,"4. Opti (Vidange seule)","IPSL-CM5A  WRF381P","IPSL-CM5A (Humide)"
2030,"3. Étang Exutoire",0,0,1121.96448,10905494.7456,0.08762272625886507,0.1466187767389173,0.3645994815710337,"4. Opti (Vidange seule)","IPSL-CM5A  WRF381P","IPSL-CM5A (Humide)"
2031,"1. Étang de Tête",0,0,1361.17152,13230587.1744,0.14921406753976607,0.07238582437808111,0.38391200454487207,"4. Opti (Vidange seule)","IPSL-CM5A  WRF381P","IPSL-CM5A (Humide)"
2031,"2. Étang de Milieu",81.89402425577083,86.88535579003921,1361.17152,13230587.1744,0.14921406753976607,0.07238582437808111,0.38391200454487207,"4. Opti (Vidange seule)","IPSL-CM5A  WRF381P","IPSL-CM5A (Humide)"
2031,"3. Étang Exutoire",99.68929717563788,98.37915358431691,1361.17152,13230587.1744,0.14921406753976607,0.07238582437808111,0.38391200454487207,"4. Opti (Vidange seule)","IPSL-CM5A  WRF381P","IPSL-CM5A (Humide)"
2032,"1. Étang de Tête",60.804564126676986,33.01402148161061,1021.8096,9931989.311999999,0.17290883603326435,0.1594479561175896,0.3836306122060125,"4. Opti (Vidange seule)","IPSL-CM5A  WRF381P","IPSL-CM5A (Humide)"
2032,"2. Étang de Milieu",67.44120827380638,46.58421544326452,1021.8096,9931989.311999999,0.17290883603326435,0.1594479561175896,0.3836306122060125,"4. Opti (Vidange seule)","IPSL-CM5A  WRF381P","IPSL-CM5A (Humide)"
2032,"3. Étang Exutoire",98.9975382936843,64.54767524635395,1021.8096,9931989.311999999,0.17290883603326435,0.1594479561175896,0.3836306122060125,"4. Opti (Vidange seule)","IPSL-CM5A  WRF381P","IPSL-CM5A (Humide)"
2033,"1. Étang de Tête",38.45023502225711,44.710391206360406,1157.7168,11253007.296,0.08884078091551036,0.11795417667527117,0.36208164905534734,"4. Opti (Vidange seule)","IPSL-CM5A  WRF381P","IPSL-CM5A (Humide)"
2033,"2. Étang de Milieu",67.55120570476043,62.38004326636813,1157.7168,11253007.296,0.08884078091551036,0.11795417667527117,0.36208164905534734,"4. Opti (Vidange seule)","IPSL-CM5A  WRF381P","IPSL-CM5A (Humide)"
2033,"3. Étang Exutoire",99.18921617496393,83.03996474953928,1157.7168,11253007.296,0.08884078091551036,0.11795417667527117,0.36208164905534734,"4. Opti (Vidange seule)","IPSL-CM5A  WRF381P","IPSL-CM5A (Humide)"
2034,"1. Étang de Tête",46.0255981741228,49.85855561373618,1261.31904,12260021.0688,0.13254800778833836,0.11403519887101546,0.37253472360602374,"4. Opti (Vidange seule)","IPSL-CM5A  WRF381P","IPSL-CM5A (Humide)"
2034,"2. Étang de Milieu",70.92741740369775,65.5697386454908,1261.31904,12260021.0688,0.13254800778833836,0.11403519887101546,0.37253472360602374,"4. Opti (Vidange seule)","IPSL-CM5A  WRF381P","IPSL-CM5A (Humide)"
2034,"3. Étang Exutoire",99.90753015162008,93.73022163108521,1261.31904,12260021.0688,0.13254800778833836,0.11403519887101546,0.37253472360602374,"4. Opti (Vidange seule)","IPSL-CM5A  WRF381P","IPSL-CM5A (Humide)"
2035,"1. Étang de Tête",45.55257007357108,54.60699919758131,1182.27168,11491680.729600001,0.20438172774711055,0.1226039924753938,0.39370000679250616,"4. Opti (Vidange seule)","IPSL-CM5A  WRF381P","IPSL-CM5A (Humide)"
2035,"2. Étang de Milieu",81.15312338754512,70.98146082583489,1182.27168,11491680.729600001,0.20438172774711055,0.1226039924753938,0.39370000679250616,"4. Opti (Vidange seule)","IPSL-CM5A  WRF381P","IPSL-CM5A (Humide)"
2035,"3. Étang Exutoire",0,0,1182.27168,11491680.729600001,0.20438172774711055,0.1226039924753938,0.39370000679250616,"4. Opti (Vidange seule)","IPSL-CM5A  WRF381P","IPSL-CM5A (Humide)"
2036,"1. Étang de Tête",0,0,776.87424,7551217.6128,0.1558803071495569,0.18903110091122918,0.3564498764909468,"4. Opti (Vidange seule)","IPSL-CM5A  WRF381P","IPSL-CM5A (Humide)"
2036,"2. Étang de Milieu",79.70993930251394,26.70495636966426,776.87424,7551217.6128,0.1558803071495569,0.18903110091122918,0.3564498764909468,"4. Opti (Vidange seule)","IPSL-CM5A  WRF381P","IPSL-CM5A (Humide)"
2036,"3. Étang Exutoire",99.28352989491599,34.99124637344382,776.87424,7551217.6128,0.1558803071495569,0.18903110091122918,0.3564498764909468,"4. Opti (Vidange seule)","IPSL-CM5A  WRF381P","IPSL-CM5A (Humide)"
2037,"1. Étang de Tête",41.86240266084551,47.82117233379618,1176.18048,11432474.2656,0.061732621624304096,0.11446017466111198,0.3612553489069373,"4. Opti (Vidange seule)","IPSL-CM5A  WRF381P","IPSL-CM5A (Humide)"
2037,"2. Étang de Milieu",57.5026750237858,51.26271464923658,1176.18048,11432474.2656,0.061732621624304096,0.11446017466111198,0.3612553489069373,"4. Opti (Vidange seule)","IPSL-CM5A  WRF381P","IPSL-CM5A (Humide)"
2037,"3. Étang Exutoire",99.91559506299008,80.28736308044382,1176.18048,11432474.2656,0.061732621624304096,0.11446017466111198,0.3612553489069373,"4. Opti (Vidange seule)","IPSL-CM5A  WRF381P","IPSL-CM5A (Humide)"
2038,"1. Étang de Tête",47.178895335074074,25.14492783282648,1275.41088,12396993.7536,0.18057822466753795,0.12428812686964898,0.38795780458970963,"4. Opti (Vidange seule)","IPSL-CM5A  WRF381P","IPSL-CM5A (Humide)"
2038,"2. Étang de Milieu",70.56427387994488,52.47759108785906,1275.41088,12396993.7536,0.18057822466753795,0.12428812686964898,0.38795780458970963,"4. Opti (Vidange seule)","IPSL-CM5A  WRF381P","IPSL-CM5A (Humide)"
2038,"3. Étang Exutoire",95.18517113577902,67.637903660189,1275.41088,12396993.7536,0.18057822466753795,0.12428812686964898,0.38795780458970963,"4. Opti (Vidange seule)","IPSL-CM5A  WRF381P","IPSL-CM5A (Humide)"
2039,"1. Étang de Tête",46.780933801893724,32.1094820433499,1175.50656,11425923.7632,0.09571511093378025,0.1270179276605025,0.3611587409263198,"4. Opti (Vidange seule)","IPSL-CM5A  WRF381P","IPSL-CM5A (Humide)"
2039,"2. Étang de Milieu",69.54217010549881,56.972624928280545,1175.50656,11425923.7632,0.09571511093378025,0.1270179276605025,0.3611587409263198,"4. Opti (Vidange seule)","IPSL-CM5A  WRF381P","IPSL-CM5A (Humide)"
2039,"3. Étang Exutoire",99.15351333954146,84.30905899916169,1175.50656,11425923.7632,0.09571511093378025,0.1270179276605025,0.3611587409263198,"4. Opti (Vidange seule)","IPSL-CM5A  WRF381P","IPSL-CM5A (Humide)"
2040,"1. Étang de Tête",38.76028309834561,32.318536752377064,1002.21408,9741520.8576,0.12049322876755245,0.14635511271289003,0.36404570641487033,"4. Opti (Vidange seule)","IPSL-CM5A  WRF381P","IPSL-CM5A (Humide)"
2040,"2. Étang de Milieu",74.74376479157141,58.55407080043732,1002.21408,9741520.8576,0.12049322876755245,0.14635511271289003,0.36404570641487033,"4. Opti (Vidange seule)","IPSL-CM5A  WRF381P","IPSL-CM5A (Humide)"
2040,"3. Étang Exutoire",0,0,1002.21408,9741520.8576,0.12049322876755245,0.14635511271289003,0.36404570641487033,"4. Opti (Vidange seule)","IPSL-CM5A  WRF381P","IPSL-CM5A (Humide)"
2041,"1. Étang de Tête",0,0,941.18112,9148280.486399999,0.15411512164094854,0.1569439206649394,0.37392861478234835,"4. Opti (Vidange seule)","IPSL-CM5A  WRF381P","IPSL-CM5A (Humide)"
2041,"2. Étang de Milieu",79.83942227022783,43.59181326188179,941.18112,9148280.486399999,0.15411512164094854,0.1569439206649394,0.37392861478234835,"4. Opti (Vidange seule)","IPSL-CM5A  WRF381P","IPSL-CM5A (Humide)"
2041,"3. Étang Exutoire",100,51.495854861273706,941.18112,9148280.486399999,0.15411512164094854,0.1569439206649394,0.37392861478234835,"4. Opti (Vidange seule)","IPSL-CM5A  WRF381P","IPSL-CM5A (Humide)"
2042,"1. Étang de Tête",30.119012449138072,9.453812484336169,823.54752,8004881.8944,0.08508060855352347,0.17542323909987723,0.35077164649839426,"4. Opti (Vidange seule)","IPSL-CM5A  WRF381P","IPSL-CM5A (Humide)"
2042,"2. Étang de Milieu",57.95357060562002,30.11913856497142,823.54752,8004881.8944,0.08508060855352347,0.17542323909987723,0.35077164649839426,"4. Opti (Vidange seule)","IPSL-CM5A  WRF381P","IPSL-CM5A (Humide)"
2042,"3. Étang Exutoire",96.73369022018427,52.42363162660845,823.54752,8004881.8944,0.08508060855352347,0.17542323909987723,0.35077164649839426,"4. Opti (Vidange seule)","IPSL-CM5A  WRF381P","IPSL-CM5A (Humide)"
2043,"1. Étang de Tête",31.0677013179883,62.467041873242515,1140.3072,11083785.984000001,0.05556906638143003,0.10476231660797314,0.36566540718229856,"4. Opti (Vidange seule)","IPSL-CM5A  WRF381P","IPSL-CM5A (Humide)"
2043,"2. Étang de Milieu",56.37856882211041,64.61866244942837,1140.3072,11083785.984000001,0.05556906638143003,0.10476231660797314,0.36566540718229856,"4. Opti (Vidange seule)","IPSL-CM5A  WRF381P","IPSL-CM5A (Humide)"
2043,"3. Étang Exutoire",99.34571791734756,97.99099105424995,1140.3072,11083785.984000001,0.05556906638143003,0.10476231660797314,0.36566540718229856,"4. Opti (Vidange seule)","IPSL-CM5A  WRF381P","IPSL-CM5A (Humide)"
2044,"1. Étang de Tête",63.042956074425774,40.585279395731995,1264.56768,12291597.8496,0.14870526624125233,0.11792044930983302,0.3810624207516715,"4. Opti (Vidange seule)","IPSL-CM5A  WRF381P","IPSL-CM5A (Humide)"
2044,"2. Étang de Milieu",74.02834611223501,55.17845930254917,1264.56768,12291597.8496,0.14870526624125233,0.11792044930983302,0.3810624207516715,"4. Opti (Vidange seule)","IPSL-CM5A  WRF381P","IPSL-CM5A (Humide)"
2044,"3. Étang Exutoire",100,72.80099794644549,1264.56768,12291597.8496,0.14870526624125233,0.11792044930983302,0.3810624207516715,"4. Opti (Vidange seule)","IPSL-CM5A  WRF381P","IPSL-CM5A (Humide)"
2045,"1. Étang de Tête",54.17583769711088,15.158093867797072,1144.10016,11120653.5552,0.13666051974150675,0.14744780259843043,0.37859867598876235,"4. Opti (Vidange seule)","IPSL-CM5A  WRF381P","IPSL-CM5A (Humide)"
2045,"2. Étang de Milieu",84.85880281198602,41.435016779267926,1144.10016,11120653.5552,0.13666051974150675,0.14744780259843043,0.37859867598876235,"4. Opti (Vidange seule)","IPSL-CM5A  WRF381P","IPSL-CM5A (Humide)"
2045,"3. Étang Exutoire",0,0,1144.10016,11120653.5552,0.13666051974150675,0.14744780259843043,0.37859867598876235,"4. Opti (Vidange seule)","IPSL-CM5A  WRF381P","IPSL-CM5A (Humide)"
2046,"1. Étang de Tête",0,0,1335.96864,12985615.1808,0.1508555393439109,0.08714019671764497,0.38082521520496804,"4. Opti (Vidange seule)","IPSL-CM5A  WRF381P","IPSL-CM5A (Humide)"
2046,"2. Étang de Milieu",84.3617339021738,77.30361218053542,1335.96864,12985615.1808,0.1508555393439109,0.08714019671764497,0.38082521520496804,"4. Opti (Vidange seule)","IPSL-CM5A  WRF381P","IPSL-CM5A (Humide)"
2046,"3. Étang Exutoire",100,86.596931625963,1335.96864,12985615.1808,0.1508555393439109,0.08714019671764497,0.38082521520496804,"4. Opti (Vidange seule)","IPSL-CM5A  WRF381P","IPSL-CM5A (Humide)"
2047,"1. Étang de Tête",58.204314409612216,69.42191127833831,1391.10912,13521580.6464,0.1757746956597169,0.0924665073911916,0.38694601517107413,"4. Opti (Vidange seule)","IPSL-CM5A  WRF381P","IPSL-CM5A (Humide)"
2047,"2. Étang de Milieu",67.45779277199466,68.00477138881226,1391.10912,13521580.6464,0.1757746956597169,0.0924665073911916,0.38694601517107413,"4. Opti (Vidange seule)","IPSL-CM5A  WRF381P","IPSL-CM5A (Humide)"
2047,"3. Étang Exutoire",98.86053228416642,96.69820537835022,1391.10912,13521580.6464,0.1757746956597169,0.0924665073911916,0.38694601517107413,"4. Opti (Vidange seule)","IPSL-CM5A  WRF381P","IPSL-CM5A (Humide)"
2048,"1. Étang de Tête",48.863461853267275,23.231808402760038,1217.15136,11830711.2192,0.16338872149983663,0.11413215090285178,0.3744555832002921,"4. Opti (Vidange seule)","IPSL-CM5A  WRF381P","IPSL-CM5A (Humide)"
2048,"2. Étang de Milieu",73.28882995249045,56.153709980036595,1217.15136,11830711.2192,0.16338872149983663,0.11413215090285178,0.3744555832002921,"4. Opti (Vidange seule)","IPSL-CM5A  WRF381P","IPSL-CM5A (Humide)"
2048,"3. Étang Exutoire",99.20968512589388,71.5309781603385,1217.15136,11830711.2192,0.16338872149983663,0.11413215090285178,0.3744555832002921,"4. Opti (Vidange seule)","IPSL-CM5A  WRF381P","IPSL-CM5A (Humide)"
2049,"1. Étang de Tête",48.421817969956855,73.10049233568346,1318.67136,12817485.6192,0.1613778340427894,0.10645098912120116,0.38543204430942796,"4. Opti (Vidange seule)","IPSL-CM5A  WRF381P","IPSL-CM5A (Humide)"
2049,"2. Étang de Milieu",72.0684679713302,73.756131532662,1318.67136,12817485.6192,0.1613778340427894,0.10645098912120116,0.38543204430942796,"4. Opti (Vidange seule)","IPSL-CM5A  WRF381P","IPSL-CM5A (Humide)"
2049,"3. Étang Exutoire",99.64137448828158,98.32818328764165,1318.67136,12817485.6192,0.1613778340427894,0.10645098912120116,0.38543204430942796,"4. Opti (Vidange seule)","IPSL-CM5A  WRF381P","IPSL-CM5A (Humide)"
2050,"1. Étang de Tête",64.6847923426192,75.20447663018324,1585.19808,15408125.337599998,0.19026447543654798,0.09363527498655393,0.3891283083788921,"4. Opti (Vidange seule)","IPSL-CM5A  WRF381P","IPSL-CM5A (Humide)"
2050,"2. Étang de Milieu",85.98960188735715,80.1433498173269,1585.19808,15408125.337599998,0.19026447543654798,0.09363527498655393,0.3891283083788921,"4. Opti (Vidange seule)","IPSL-CM5A  WRF381P","IPSL-CM5A (Humide)"
2050,"3. Étang Exutoire",0,0,1585.19808,15408125.337599998,0.19026447543654798,0.09363527498655393,0.3891283083788921,"4. Opti (Vidange seule)","IPSL-CM5A  WRF381P","IPSL-CM5A (Humide)"
2051,"1. Étang de Tête",50.45099892711271,36.06207413269622,1250.66592,12156472.7424,0.17020357323979401,0.1376244114939229,0.38060627103342953,"4. Opti (Vidange seule)","IPSL-CM5A  WRF381P","IPSL-CM5A (Humide)"
2051,"2. Étang de Milieu",87.67758782487161,68.13176972601075,1250.66592,12156472.7424,0.17020357323979401,0.1376244114939229,0.38060627103342953,"4. Opti (Vidange seule)","IPSL-CM5A  WRF381P","IPSL-CM5A (Humide)"
2051,"3. Étang Exutoire",93.42901364002138,69.98751114070723,1250.66592,12156472.7424,0.17020357323979401,0.1376244114939229,0.38060627103342953,"4. Opti (Vidange seule)","IPSL-CM5A  WRF381P","IPSL-CM5A (Humide)"
2052,"1. Étang de Tête",70.97464540737957,64.85494982330117,1309.96224,12732832.972800002,0.20729890270127735,0.10423086477459598,0.39240379754914495,"4. Opti (Vidange seule)","IPSL-CM5A  WRF381P","IPSL-CM5A (Humide)"
2052,"2. Étang de Milieu",70.39855939084907,60.383444589753935,1309.96224,12732832.972800002,0.20729890270127735,0.10423086477459598,0.39240379754914495,"4. Opti (Vidange seule)","IPSL-CM5A  WRF381P","IPSL-CM5A (Humide)"
2052,"3. Étang Exutoire",99.71702627376237,84.81373723873413,1309.96224,12732832.972800002,0.20729890270127735,0.10423086477459598,0.39240379754914495,"4. Opti (Vidange seule)","IPSL-CM5A  WRF381P","IPSL-CM5A (Humide)"
2053,"1. Étang de Tête",60.275562164705356,17.509784897017337,994.43808,9665938.137600001,0.17013737332238563,0.149971332333832,0.3794889586408245,"4. Opti (Vidange seule)","IPSL-CM5A  WRF381P","IPSL-CM5A (Humide)"
2053,"2. Étang de Milieu",74.18001234860236,41.17310563648394,994.43808,9665938.137600001,0.17013737332238563,0.149971332333832,0.3794889586408245,"4. Opti (Vidange seule)","IPSL-CM5A  WRF381P","IPSL-CM5A (Humide)"
2053,"3. Étang Exutoire",99.82428499396286,49.31712817748776,994.43808,9665938.137600001,0.17013737332238563,0.149971332333832,0.3794889586408245,"4. Opti (Vidange seule)","IPSL-CM5A  WRF381P","IPSL-CM5A (Humide)"
2054,"1. Étang de Tête",60.11372774629463,23.799055266972058,1115.61408,10843768.8576,0.08838540576664902,0.14704475755696297,0.36403430951906873,"4. Opti (Vidange seule)","IPSL-CM5A  WRF381P","IPSL-CM5A (Humide)"
2054,"2. Étang de Milieu",72.27848815555353,43.826821941126624,1115.61408,10843768.8576,0.08838540576664902,0.14704475755696297,0.36403430951906873,"4. Opti (Vidange seule)","IPSL-CM5A  WRF381P","IPSL-CM5A (Humide)"
2054,"3. Étang Exutoire",99.75190406556143,64.04249202203837,1115.61408,10843768.8576,0.08838540576664902,0.14704475755696297,0.36403430951906873,"4. Opti (Vidange seule)","IPSL-CM5A  WRF381P","IPSL-CM5A (Humide)"
2055,"1. Étang de Tête",49.749274158500505,20.71974373430302,1070.6515200000001,10406732.774400001,0.104090690383496,0.1679783328270885,0.3654353013973503,"4. Opti (Vidange seule)","IPSL-CM5A  WRF381P","IPSL-CM5A (Humide)"
2055,"2. Étang de Milieu",81.52623461350532,52.708298571666944,1070.6515200000001,10406732.774400001,0.104090690383496,0.1679783328270885,0.3654353013973503,"4. Opti (Vidange seule)","IPSL-CM5A  WRF381P","IPSL-CM5A (Humide)"
2055,"3. Étang Exutoire",0,0,1070.6515200000001,10406732.774400001,0.104090690383496,0.1679783328270885,0.3654353013973503,"4. Opti (Vidange seule)","IPSL-CM5A  WRF381P","IPSL-CM5A (Humide)"
2056,"1. Étang de Tête",0,0,1394.6256,13555760.832,0.1390976645310512,0.10036585995246321,0.3839074736301115,"4. Opti (Vidange seule)","IPSL-CM5A  WRF381P","IPSL-CM5A (Humide)"
2056,"2. Étang de Milieu",85.00594315111921,43.588022855562365,1394.6256,13555760.832,0.1390976645310512,0.10036585995246321,0.3839074736301115,"4. Opti (Vidange seule)","IPSL-CM5A  WRF381P","IPSL-CM5A (Humide)"
2056,"3. Étang Exutoire",97.77641033100507,49.5021479344074,1394.6256,13555760.832,0.1390976645310512,0.10036585995246321,0.3839074736301115,"4. Opti (Vidange seule)","IPSL-CM5A  WRF381P","IPSL-CM5A (Humide)"
2057,"1. Étang de Tête",67.66928885591584,41.01235235445826,1362.06144,13239237.1968,0.16022637681955681,0.11782551245281757,0.3855106219504412,"4. Opti (Vidange seule)","IPSL-CM5A  WRF381P","IPSL-CM5A (Humide)"
2057,"2. Étang de Milieu",70.12851553149831,51.96909445455764,1362.06144,13239237.1968,0.16022637681955681,0.11782551245281757,0.3855106219504412,"4. Opti (Vidange seule)","IPSL-CM5A  WRF381P","IPSL-CM5A (Humide)"
2057,"3. Étang Exutoire",99.7785042547093,71.05922851044055,1362.06144,13239237.1968,0.16022637681955681,0.11782551245281757,0.3855106219504412,"4. Opti (Vidange seule)","IPSL-CM5A  WRF381P","IPSL-CM5A (Humide)"
2058,"1. Étang de Tête",57.3538689618204,21.679408348250547,1201.89312,11682401.1264,0.15467228539555486,0.11456465872545703,0.37676528654321334,"4. Opti (Vidange seule)","IPSL-CM5A  WRF381P","IPSL-CM5A (Humide)"
2058,"2. Étang de Milieu",73.36205806410022,47.15359105906739,1201.89312,11682401.1264,0.15467228539555486,0.11456465872545703,0.37676528654321334,"4. Opti (Vidange seule)","IPSL-CM5A  WRF381P","IPSL-CM5A (Humide)"
2058,"3. Étang Exutoire",98.54442965783285,57.43774946077497,1201.89312,11682401.1264,0.15467228539555486,0.11456465872545703,0.37676528654321334,"4. Opti (Vidange seule)","IPSL-CM5A  WRF381P","IPSL-CM5A (Humide)"
2059,"1. Étang de Tête",56.33966400891713,18.630312409658277,1109.808,10787333.76,0.170274855663689,0.15801295640630328,0.39051374494443614,"4. Opti (Vidange seule)","IPSL-CM5A  WRF381P","IPSL-CM5A (Humide)"
2059,"2. Étang de Milieu",73.35280721568037,38.165878855714844,1109.808,10787333.76,0.170274855663689,0.15801295640630328,0.39051374494443614,"4. Opti (Vidange seule)","IPSL-CM5A  WRF381P","IPSL-CM5A (Humide)"
2059,"3. Étang Exutoire",99.21424470255145,52.0550216053508,1109.808,10787333.76,0.170274855663689,0.15801295640630328,0.39051374494443614,"4. Opti (Vidange seule)","IPSL-CM5A  WRF381P","IPSL-CM5A (Humide)"
2060,"1. Étang de Tête",38.37379322970804,57.664432102186034,1285.0704,12490884.288,0.09813484096981678,0.10522365665331845,0.3726029558808255,"4. Opti (Vidange seule)","IPSL-CM5A  WRF381P","IPSL-CM5A (Humide)"
2060,"2. Étang de Milieu",78.17579628837352,79.9579574213514,1285.0704,12490884.288,0.09813484096981678,0.10522365665331845,0.3726029558808255,"4. Opti (Vidange seule)","IPSL-CM5A  WRF381P","IPSL-CM5A (Humide)"
2060,"3. Étang Exutoire",0,0,1285.0704,12490884.288,0.09813484096981678,0.10522365665331845,0.3726029558808255,"4. Opti (Vidange seule)","IPSL-CM5A  WRF381P","IPSL-CM5A (Humide)"
2061,"1. Étang de Tête",0,0,1215.15552,11811311.654400002,0.2077109726795109,0.1128101416572548,0.3876866332988252,"4. Opti (Vidange seule)","IPSL-CM5A  WRF381P","IPSL-CM5A (Humide)"
2061,"2. Étang de Milieu",85.01681747688932,51.72099951790267,1215.15552,11811311.654400002,0.2077109726795109,0.1128101416572548,0.3876866332988252,"4. Opti (Vidange seule)","IPSL-CM5A  WRF381P","IPSL-CM5A (Humide)"
2061,"3. Étang Exutoire",97.44863281374403,56.12570918092956,1215.15552,11811311.654400002,0.2077109726795109,0.1128101416572548,0.3876866332988252,"4. Opti (Vidange seule)","IPSL-CM5A  WRF381P","IPSL-CM5A (Humide)"
2062,"1. Étang de Tête",56.376345457746815,39.35371561596542,1210.54176,11766465.9072,0.10103417578679567,0.12481383748477422,0.3647972744133186,"4. Opti (Vidange seule)","IPSL-CM5A  WRF381P","IPSL-CM5A (Humide)"
2062,"2. Étang de Milieu",67.42464099459609,52.05433844325222,1210.54176,11766465.9072,0.10103417578679567,0.12481383748477422,0.3647972744133186,"4. Opti (Vidange seule)","IPSL-CM5A  WRF381P","IPSL-CM5A (Humide)"
2062,"3. Étang Exutoire",100,73.40184218671918,1210.54176,11766465.9072,0.10103417578679567,0.12481383748477422,0.3647972744133186,"4. Opti (Vidange seule)","IPSL-CM5A  WRF381P","IPSL-CM5A (Humide)"
2063,"1. Étang de Tête",46.204561967128264,37.81710410298666,1287.0576,12510199.872000001,0.12764236018972452,0.10988525711576273,0.3730061085460986,"4. Opti (Vidange seule)","IPSL-CM5A  WRF381P","IPSL-CM5A (Humide)"
2063,"2. Étang de Milieu",72.09073099157835,62.05561579654238,1287.0576,12510199.872000001,0.12764236018972452,0.10988525711576273,0.3730061085460986,"4. Opti (Vidange seule)","IPSL-CM5A  WRF381P","IPSL-CM5A (Humide)"
2063,"3. Étang Exutoire",97.31273095087316,79.9653266252967,1287.0576,12510199.872000001,0.12764236018972452,0.10988525711576273,0.3730061085460986,"4. Opti (Vidange seule)","IPSL-CM5A  WRF381P","IPSL-CM5A (Humide)"
2064,"1. Étang de Tête",60.68633998823844,38.84266922588629,1232.0208,11975242.176,0.16035515597156816,0.1245105735956201,0.3783137877185403,"4. Opti (Vidange seule)","IPSL-CM5A  WRF381P","IPSL-CM5A (Humide)"
2064,"2. Étang de Milieu",73.64419708330506,57.63398292586997,1232.0208,11975242.176,0.16035515597156816,0.1245105735956201,0.3783137877185403,"4. Opti (Vidange seule)","IPSL-CM5A  WRF381P","IPSL-CM5A (Humide)"
2064,"3. Étang Exutoire",100,83.02955785957931,1232.0208,11975242.176,0.16035515597156816,0.1245105735956201,0.3783137877185403,"4. Opti (Vidange seule)","IPSL-CM5A  WRF381P","IPSL-CM5A (Humide)"
2065,"1. Étang de Tête",49.48904323865337,68.8419025913777,1378.52928,13399304.6016,0.17337682799459866,0.10273212526727354,0.38639232310252664,"4. Opti (Vidange seule)","IPSL-CM5A  WRF381P","IPSL-CM5A (Humide)"
2065,"2. Étang de Milieu",83.51234152528093,82.03274081307984,1378.52928,13399304.6016,0.17337682799459866,0.10273212526727354,0.38639232310252664,"4. Opti (Vidange seule)","IPSL-CM5A  WRF381P","IPSL-CM5A (Humide)"
2065,"3. Étang Exutoire",0,0,1378.52928,13399304.6016,0.17337682799459866,0.10273212526727354,0.38639232310252664,"4. Opti (Vidange seule)","IPSL-CM5A  WRF381P","IPSL-CM5A (Humide)"
2066,"1. Étang de Tête",0,0,1542.18816,14990068.915199999,0.2364281029112034,0.08180158932304904,0.401691649005666,"4. Opti (Vidange seule)","IPSL-CM5A  WRF381P","IPSL-CM5A (Humide)"
2066,"2. Étang de Milieu",87.22696833095098,66.94079865366167,1542.18816,14990068.915199999,0.2364281029112034,0.08180158932304904,0.401691649005666,"4. Opti (Vidange seule)","IPSL-CM5A  WRF381P","IPSL-CM5A (Humide)"
2066,"3. Étang Exutoire",99.4742884855313,74.51515010965214,1542.18816,14990068.915199999,0.2364281029112034,0.08180158932304904,0.401691649005666,"4. Opti (Vidange seule)","IPSL-CM5A  WRF381P","IPSL-CM5A (Humide)"
2067,"1. Étang de Tête",41.02679028706252,41.57934382128908,1022.69088,9940555.3536,0.11893607506389353,0.14833008769449643,0.36806565453190354,"4. Opti (Vidange seule)","IPSL-CM5A  WRF381P","IPSL-CM5A (Humide)"
2067,"2. Étang de Milieu",65.15540518514554,55.739722376034365,1022.69088,9940555.3536,0.11893607506389353,0.14833008769449643,0.36806565453190354,"4. Opti (Vidange seule)","IPSL-CM5A  WRF381P","IPSL-CM5A (Humide)"
2067,"3. Étang Exutoire",98.4446863676661,81.79014340920287,1022.69088,9940555.3536,0.11893607506389353,0.14833008769449643,0.36806565453190354,"4. Opti (Vidange seule)","IPSL-CM5A  WRF381P","IPSL-CM5A (Humide)"
2068,"1. Étang de Tête",55.46419205653537,27.588876946428165,1368.91296,13305833.9712,0.16150992793720337,0.12490808239361112,0.38308853333143034,"4. Opti (Vidange seule)","IPSL-CM5A  WRF381P","IPSL-CM5A (Humide)"
2068,"2. Étang de Milieu",73.77194361465693,46.47918535231828,1368.91296,13305833.9712,0.16150992793720337,0.12490808239361112,0.38308853333143034,"4. Opti (Vidange seule)","IPSL-CM5A  WRF381P","IPSL-CM5A (Humide)"
2068,"3. Étang Exutoire",99.78529144347071,54.54106032803,1368.91296,13305833.9712,0.16150992793720337,0.12490808239361112,0.38308853333143034,"4. Opti (Vidange seule)","IPSL-CM5A  WRF381P","IPSL-CM5A (Humide)"
2069,"1. Étang de Tête",50.859107631613,53.63871642054178,1296.55296,12602494.7712,0.08718168191651757,0.13050369744836626,0.36061216360631027,"4. Opti (Vidange seule)","IPSL-CM5A  WRF381P","IPSL-CM5A (Humide)"
2069,"2. Étang de Milieu",70.45352145016788,67.10661871979418,1296.55296,12602494.7712,0.08718168191651757,0.13050369744836626,0.36061216360631027,"4. Opti (Vidange seule)","IPSL-CM5A  WRF381P","IPSL-CM5A (Humide)"
2069,"3. Étang Exutoire",100,98.7242123465139,1296.55296,12602494.7712,0.08718168191651757,0.13050369744836626,0.36061216360631027,"4. Opti (Vidange seule)","IPSL-CM5A  WRF381P","IPSL-CM5A (Humide)"
2070,"1. Étang de Tête",39.98487435595897,69.40125496142178,1369.99296,13316331.571200002,0.14745868943656543,0.10835238909807501,0.3796802927990922,"4. Opti (Vidange seule)","IPSL-CM5A  WRF381P","IPSL-CM5A (Humide)"
2070,"2. Étang de Milieu",78.29494413466416,73.38426482084076,1369.99296,13316331.571200002,0.14745868943656543,0.10835238909807501,0.3796802927990922,"4. Opti (Vidange seule)","IPSL-CM5A  WRF381P","IPSL-CM5A (Humide)"
2070,"3. Étang Exutoire",0,0,1369.99296,13316331.571200002,0.14745868943656543,0.10835238909807501,0.3796802927990922,"4. Opti (Vidange seule)","IPSL-CM5A  WRF381P","IPSL-CM5A (Humide)"
2026,"1. Étang de Tête",46.443040432068216,44.739374091474865,741.93408,7211599.2576,0.012927524288267968,0.24140991829876793,0.35723360295468765,"4. Opti (Vidange seule)","MPI-ESM  REMO2009","MPI-ESM (Intermédiaire)"
2026,"2. Étang de Milieu",70.10645554196664,66.50150353758949,741.93408,7211599.2576,0.012927524288267968,0.24140991829876793,0.35723360295468765,"4. Opti (Vidange seule)","MPI-ESM  REMO2009","MPI-ESM (Intermédiaire)"
2026,"3. Étang Exutoire",72.59546044666307,84.71832763804362,741.93408,7211599.2576,0.012927524288267968,0.24140991829876793,0.35723360295468765,"4. Opti (Vidange seule)","MPI-ESM  REMO2009","MPI-ESM (Intermédiaire)"
2027,"1. Étang de Tête",55.994851543019145,12.263889126689012,883.94976,8591991.6672,0.1763024057703567,0.18433183796300298,0.3768924514383511,"4. Opti (Vidange seule)","MPI-ESM  REMO2009","MPI-ESM (Intermédiaire)"
2027,"2. Étang de Milieu",67.85281738098938,30.343133750681897,883.94976,8591991.6672,0.1763024057703567,0.18433183796300298,0.3768924514383511,"4. Opti (Vidange seule)","MPI-ESM  REMO2009","MPI-ESM (Intermédiaire)"
2027,"3. Étang Exutoire",100,40.84524385685407,883.94976,8591991.6672,0.1763024057703567,0.18433183796300298,0.3768924514383511,"4. Opti (Vidange seule)","MPI-ESM  REMO2009","MPI-ESM (Intermédiaire)"
2028,"1. Étang de Tête",8.998204473521058,7.756912418259177,977.78016,9504023.1552,0.03950460840609956,0.15048014596754644,0.3349331763434933,"4. Opti (Vidange seule)","MPI-ESM  REMO2009","MPI-ESM (Intermédiaire)"
2028,"2. Étang de Milieu",53.77603697879763,40.02985606938311,977.78016,9504023.1552,0.03950460840609956,0.15048014596754644,0.3349331763434933,"4. Opti (Vidange seule)","MPI-ESM  REMO2009","MPI-ESM (Intermédiaire)"
2028,"3. Étang Exutoire",98.6755847555101,75.3375849136251,977.78016,9504023.1552,0.03950460840609956,0.15048014596754644,0.3349331763434933,"4. Opti (Vidange seule)","MPI-ESM  REMO2009","MPI-ESM (Intermédiaire)"
2029,"1. Étang de Tête",39.411373827749664,10.822413446718866,879.6470400000001,8550169.2288,0.07029437611693136,0.1984907134412906,0.3608963083738274,"4. Opti (Vidange seule)","MPI-ESM  REMO2009","MPI-ESM (Intermédiaire)"
2029,"2. Étang de Milieu",57.13853010604936,31.258138395730192,879.6470400000001,8550169.2288,0.07029437611693136,0.1984907134412906,0.3608963083738274,"4. Opti (Vidange seule)","MPI-ESM  REMO2009","MPI-ESM (Intermédiaire)"
2029,"3. Étang Exutoire",98.5582655362258,65.50506576625833,879.6470400000001,8550169.2288,0.07029437611693136,0.1984907134412906,0.3608963083738274,"4. Opti (Vidange seule)","MPI-ESM  REMO2009","MPI-ESM (Intermédiaire)"
2030,"1. Étang de Tête",42.37733239931781,31.020236505410352,1079.6112,10493820.864000002,0.08405054299278143,0.1684535291315706,0.37007689567379437,"4. Opti (Vidange seule)","MPI-ESM  REMO2009","MPI-ESM (Intermédiaire)"
2030,"2. Étang de Milieu",71.86216348295446,52.894781574376424,1079.6112,10493820.864000002,0.08405054299278143,0.1684535291315706,0.37007689567379437,"4. Opti (Vidange seule)","MPI-ESM  REMO2009","MPI-ESM (Intermédiaire)"
2030,"3. Étang Exutoire",0,0,1079.6112,10493820.864000002,0.08405054299278143,0.1684535291315706,0.37007689567379437,"4. Opti (Vidange seule)","MPI-ESM  REMO2009","MPI-ESM (Intermédiaire)"
2031,"1. Étang de Tête",0,0,934.416,9082523.520000001,0.1125487789598918,0.1500545163729244,0.3668514691148586,"4. Opti (Vidange seule)","MPI-ESM  REMO2009","MPI-ESM (Intermédiaire)"
2031,"2. Étang de Milieu",70.20861984744937,45.916994621055764,934.416,9082523.520000001,0.1125487789598918,0.1500545163729244,0.3668514691148586,"4. Opti (Vidange seule)","MPI-ESM  REMO2009","MPI-ESM (Intermédiaire)"
2031,"3. Étang Exutoire",100,59.593587034897766,934.416,9082523.520000001,0.1125487789598918,0.1500545163729244,0.3668514691148586,"4. Opti (Vidange seule)","MPI-ESM  REMO2009","MPI-ESM (Intermédiaire)"
2032,"1. Étang de Tête",38.61054418201004,22.84722061763848,1027.65888,9988844.3136,0.08534172326709427,0.1525142381886594,0.3540696869299364,"4. Opti (Vidange seule)","MPI-ESM  REMO2009","MPI-ESM (Intermédiaire)"
2032,"2. Étang de Milieu",59.56420222691235,43.019119620087714,1027.65888,9988844.3136,0.08534172326709427,0.1525142381886594,0.3540696869299364,"4. Opti (Vidange seule)","MPI-ESM  REMO2009","MPI-ESM (Intermédiaire)"
2032,"3. Étang Exutoire",96.67544753581448,69.80434769034657,1027.65888,9988844.3136,0.08534172326709427,0.1525142381886594,0.3540696869299364,"4. Opti (Vidange seule)","MPI-ESM  REMO2009","MPI-ESM (Intermédiaire)"
2033,"1. Étang de Tête",51.135279076316486,72.81045628302202,1267.8768,12323762.496,0.12836345038040284,0.09316670715164482,0.3852141533476482,"4. Opti (Vidange seule)","MPI-ESM  REMO2009","MPI-ESM (Intermédiaire)"
2033,"2. Étang de Milieu",71.61715154172111,71.97080995257716,1267.8768,12323762.496,0.12836345038040284,0.09316670715164482,0.3852141533476482,"4. Opti (Vidange seule)","MPI-ESM  REMO2009","MPI-ESM (Intermédiaire)"
2033,"3. Étang Exutoire",100,93.7944300113121,1267.8768,12323762.496,0.12836345038040284,0.09316670715164482,0.3852141533476482,"4. Opti (Vidange seule)","MPI-ESM  REMO2009","MPI-ESM (Intermédiaire)"
2034,"1. Étang de Tête",67.56638478700816,33.20812667196138,1187.60256,11543496.8832,0.18665192445562764,0.14588741692676885,0.3849712306533841,"4. Opti (Vidange seule)","MPI-ESM  REMO2009","MPI-ESM (Intermédiaire)"
2034,"2. Étang de Milieu",74.07996057022868,43.99135618947386,1187.60256,11543496.8832,0.18665192445562764,0.14588741692676885,0.3849712306533841,"4. Opti (Vidange seule)","MPI-ESM  REMO2009","MPI-ESM (Intermédiaire)"
2034,"3. Étang Exutoire",99.65868410030585,60.93471499890577,1187.60256,11543496.8832,0.18665192445562764,0.14588741692676885,0.3849712306533841,"4. Opti (Vidange seule)","MPI-ESM  REMO2009","MPI-ESM (Intermédiaire)"
2035,"1. Étang de Tête",44.98601550968904,61.064422695508256,1170.53856,11377634.803199999,0.14921904812307074,0.14099963323140333,0.3867540207388049,"4. Opti (Vidange seule)","MPI-ESM  REMO2009","MPI-ESM (Intermédiaire)"
2035,"2. Étang de Milieu",81.56713211834463,71.11517603935881,1170.53856,11377634.803199999,0.14921904812307074,0.14099963323140333,0.3867540207388049,"4. Opti (Vidange seule)","MPI-ESM  REMO2009","MPI-ESM (Intermédiaire)"
2035,"3. Étang Exutoire",0,0,1170.53856,11377634.803199999,0.14921904812307074,0.14099963323140333,0.3867540207388049,"4. Opti (Vidange seule)","MPI-ESM  REMO2009","MPI-ESM (Intermédiaire)"
2036,"1. Étang de Tête",0,0,542.16864,5269879.1808,0.07199185042008542,0.26375277529596053,0.31551366348107784,"4. Opti (Vidange seule)","MPI-ESM  REMO2009","MPI-ESM (Intermédiaire)"
2036,"2. Étang de Milieu",52.22109690454428,18.17968967012656,542.16864,5269879.1808,0.07199185042008542,0.26375277529596053,0.31551366348107784,"4. Opti (Vidange seule)","MPI-ESM  REMO2009","MPI-ESM (Intermédiaire)"
2036,"3. Étang Exutoire",96.93374528339311,41.81265973058677,542.16864,5269879.1808,0.07199185042008542,0.26375277529596053,0.31551366348107784,"4. Opti (Vidange seule)","MPI-ESM  REMO2009","MPI-ESM (Intermédiaire)"
2037,"1. Étang de Tête",7.277257213147785,9.284294382271138,923.79744,8979311.1168,0.02931572333902958,0.1466856703093831,0.3340913698202566,"4. Opti (Vidange seule)","MPI-ESM  REMO2009","MPI-ESM (Intermédiaire)"
2037,"2. Étang de Milieu",34.25216720705798,33.58144491067982,923.79744,8979311.1168,0.02931572333902958,0.1466856703093831,0.3340913698202566,"4. Opti (Vidange seule)","MPI-ESM  REMO2009","MPI-ESM (Intermédiaire)"
2037,"3. Étang Exutoire",96.97911911613569,90.3382241863896,923.79744,8979311.1168,0.02931572333902958,0.1466856703093831,0.3340913698202566,"4. Opti (Vidange seule)","MPI-ESM  REMO2009","MPI-ESM (Intermédiaire)"
2038,"1. Étang de Tête",24.181083137036897,9.417955495780076,877.8672,8532869.184,0.12564079838009018,0.1670677278955283,0.3847829254682746,"4. Opti (Vidange seule)","MPI-ESM  REMO2009","MPI-ESM (Intermédiaire)"
2038,"2. Étang de Milieu",67.12451910197379,32.841078783203464,877.8672,8532869.184,0.12564079838009018,0.1670677278955283,0.3847829254682746,"4. Opti (Vidange seule)","MPI-ESM  REMO2009","MPI-ESM (Intermédiaire)"
2038,"3. Étang Exutoire",97.60905758424259,45.879337450582995,877.8672,8532869.184,0.12564079838009018,0.1670677278955283,0.3847829254682746,"4. Opti (Vidange seule)","MPI-ESM  REMO2009","MPI-ESM (Intermédiaire)"
2039,"1. Étang de Tête",56.55693522233068,41.47538671074362,1157.30208,11248976.2176,0.13455648728479674,0.13441602150807602,0.3944664449397652,"4. Opti (Vidange seule)","MPI-ESM  REMO2009","MPI-ESM (Intermédiaire)"
2039,"2. Étang de Milieu",72.01690232948293,48.03645880493741,1157.30208,11248976.2176,0.13455648728479674,0.13441602150807602,0.3944664449397652,"4. Opti (Vidange seule)","MPI-ESM  REMO2009","MPI-ESM (Intermédiaire)"
2039,"3. Étang Exutoire",99.81719777984716,61.597965986246535,1157.30208,11248976.2176,0.13455648728479674,0.13441602150807602,0.3944664449397652,"4. Opti (Vidange seule)","MPI-ESM  REMO2009","MPI-ESM (Intermédiaire)"
2040,"1. Étang de Tête",27.412035754214198,1.0575926851889708,697.032,6775151.040000001,0.08971040865442632,0.24666162900193508,0.3469513351134572,"4. Opti (Vidange seule)","MPI-ESM  REMO2009","MPI-ESM (Intermédiaire)"
2040,"2. Étang de Milieu",70.35287308083257,21.05127083402505,697.032,6775151.040000001,0.08971040865442632,0.24666162900193508,0.3469513351134572,"4. Opti (Vidange seule)","MPI-ESM  REMO2009","MPI-ESM (Intermédiaire)"
2040,"3. Étang Exutoire",0,0,697.032,6775151.040000001,0.08971040865442632,0.24666162900193508,0.3469513351134572,"4. Opti (Vidange seule)","MPI-ESM  REMO2009","MPI-ESM (Intermédiaire)"
2041,"1. Étang de Tête",0,0,935.24544,9090585.6768,0.0756090889889686,0.14131766819538247,0.3694222826586849,"4. Opti (Vidange seule)","MPI-ESM  REMO2009","MPI-ESM (Intermédiaire)"
2041,"2. Étang de Milieu",69.41781128395897,45.131271878923414,935.24544,9090585.6768,0.0756090889889686,0.14131766819538247,0.3694222826586849,"4. Opti (Vidange seule)","MPI-ESM  REMO2009","MPI-ESM (Intermédiaire)"
2041,"3. Étang Exutoire",100,62.385704690397105,935.24544,9090585.6768,0.0756090889889686,0.14131766819538247,0.3694222826586849,"4. Opti (Vidange seule)","MPI-ESM  REMO2009","MPI-ESM (Intermédiaire)"
2042,"1. Étang de Tête",24.995680759295766,3.0169232971466626,969.2352,9420966.144,0.04583799077122834,0.17132874834223125,0.3396437526078339,"4. Opti (Vidange seule)","MPI-ESM  REMO2009","MPI-ESM (Intermédiaire)"
2042,"2. Étang de Milieu",51.588048855265896,27.39833762013966,969.2352,9420966.144,0.04583799077122834,0.17132874834223125,0.3396437526078339,"4. Opti (Vidange seule)","MPI-ESM  REMO2009","MPI-ESM (Intermédiaire)"
2042,"3. Étang Exutoire",96.35831486286122,55.88796866256467,969.2352,9420966.144,0.04583799077122834,0.17132874834223125,0.3396437526078339,"4. Opti (Vidange seule)","MPI-ESM  REMO2009","MPI-ESM (Intermédiaire)"
2043,"1. Étang de Tête",76.36239251654193,41.61868538839059,1260.63648,12253386.5856,0.14754215640975296,0.11535988557088679,0.40573570549328386,"4. Opti (Vidange seule)","MPI-ESM  REMO2009","MPI-ESM (Intermédiaire)"
2043,"2. Étang de Milieu",74.32619574017012,46.920727367103375,1260.63648,12253386.5856,0.14754215640975296,0.11535988557088679,0.40573570549328386,"4. Opti (Vidange seule)","MPI-ESM  REMO2009","MPI-ESM (Intermédiaire)"
2043,"3. Étang Exutoire",100,54.236738488659164,1260.63648,12253386.5856,0.14754215640975296,0.11535988557088679,0.40573570549328386,"4. Opti (Vidange seule)","MPI-ESM  REMO2009","MPI-ESM (Intermédiaire)"
2044,"1. Étang de Tête",38.745336198149765,14.238977371994519,1020.30624,9917376.6528,0.15417818929153923,0.1748916456488204,0.3823233888025211,"4. Opti (Vidange seule)","MPI-ESM  REMO2009","MPI-ESM (Intermédiaire)"
2044,"2. Étang de Milieu",69.90083930029274,36.670071467840565,1020.30624,9917376.6528,0.15417818929153923,0.1748916456488204,0.3823233888025211,"4. Opti (Vidange seule)","MPI-ESM  REMO2009","MPI-ESM (Intermédiaire)"
2044,"3. Étang Exutoire",100,50.98274497014133,1020.30624,9917376.6528,0.15417818929153923,0.1748916456488204,0.3823233888025211,"4. Opti (Vidange seule)","MPI-ESM  REMO2009","MPI-ESM (Intermédiaire)"
2045,"1. Étang de Tête",22.748433250533886,8.13861998773641,1041.56064,10123969.4208,0.06594421181607091,0.15221938739380078,0.35117850489079616,"4. Opti (Vidange seule)","MPI-ESM  REMO2009","MPI-ESM (Intermédiaire)"
2045,"2. Étang de Milieu",66.37289367248039,41.4959420883186,1041.56064,10123969.4208,0.06594421181607091,0.15221938739380078,0.35117850489079616,"4. Opti (Vidange seule)","MPI-ESM  REMO2009","MPI-ESM (Intermédiaire)"
2045,"3. Étang Exutoire",0,0,1041.56064,10123969.4208,0.06594421181607091,0.15221938739380078,0.35117850489079616,"4. Opti (Vidange seule)","MPI-ESM  REMO2009","MPI-ESM (Intermédiaire)"
2046,"1. Étang de Tête",0,0,1293.26112,12570498.086399999,0.15668890339404437,0.09825417785129825,0.38957955093057606,"4. Opti (Vidange seule)","MPI-ESM  REMO2009","MPI-ESM (Intermédiaire)"
2046,"2. Étang de Milieu",86.47227990836356,65.01531890602028,1293.26112,12570498.086399999,0.15668890339404437,0.09825417785129825,0.38957955093057606,"4. Opti (Vidange seule)","MPI-ESM  REMO2009","MPI-ESM (Intermédiaire)"
2046,"3. Étang Exutoire",100,73.14580343718939,1293.26112,12570498.086399999,0.15668890339404437,0.09825417785129825,0.38957955093057606,"4. Opti (Vidange seule)","MPI-ESM  REMO2009","MPI-ESM (Intermédiaire)"
2047,"1. Étang de Tête",49.53165192926588,13.489874152328756,822.13056,7991109.043199999,0.13368010380723674,0.1872528803553343,0.364362274062263,"4. Opti (Vidange seule)","MPI-ESM  REMO2009","MPI-ESM (Intermédiaire)"
2047,"2. Étang de Milieu",65.63695284337584,37.31414026647635,822.13056,7991109.043199999,0.13368010380723674,0.1872528803553343,0.364362274062263,"4. Opti (Vidange seule)","MPI-ESM  REMO2009","MPI-ESM (Intermédiaire)"
2047,"3. Étang Exutoire",99.0328145305877,56.40117836276056,822.13056,7991109.043199999,0.13368010380723674,0.1872528803553343,0.364362274062263,"4. Opti (Vidange seule)","MPI-ESM  REMO2009","MPI-ESM (Intermédiaire)"
2048,"1. Étang de Tête",32.46368109681627,13.93016341784277,866.1168,8418655.296,0.07115545386479542,0.1532189331924269,0.3548078304868983,"4. Opti (Vidange seule)","MPI-ESM  REMO2009","MPI-ESM (Intermédiaire)"
2048,"2. Étang de Milieu",62.37946547431004,47.14468698107406,866.1168,8418655.296,0.07115545386479542,0.1532189331924269,0.3548078304868983,"4. Opti (Vidange seule)","MPI-ESM  REMO2009","MPI-ESM (Intermédiaire)"
2048,"3. Étang Exutoire",100,73.43292053390748,866.1168,8418655.296,0.07115545386479542,0.1532189331924269,0.3548078304868983,"4. Opti (Vidange seule)","MPI-ESM  REMO2009","MPI-ESM (Intermédiaire)"
2049,"1. Étang de Tête",11.571734664132336,0.5417011559107904,747.00576,7260895.9872,0.05337075406357602,0.21859284993850647,0.33073524819609873,"4. Opti (Vidange seule)","MPI-ESM  REMO2009","MPI-ESM (Intermédiaire)"
2049,"2. Étang de Milieu",41.16346367449926,10.989051825798178,747.00576,7260895.9872,0.05337075406357602,0.21859284993850647,0.33073524819609873,"4. Opti (Vidange seule)","MPI-ESM  REMO2009","MPI-ESM (Intermédiaire)"
2049,"3. Étang Exutoire",94.33465287092316,35.40693049743266,747.00576,7260895.9872,0.05337075406357602,0.21859284993850647,0.33073524819609873,"4. Opti (Vidange seule)","MPI-ESM  REMO2009","MPI-ESM (Intermédiaire)"
2050,"1. Étang de Tête",64.10562312032025,59.007825329473576,1513.46016,14710832.755200002,0.10694371682760288,0.09679927474797084,0.3882727486225515,"4. Opti (Vidange seule)","MPI-ESM  REMO2009","MPI-ESM (Intermédiaire)"
2050,"2. Étang de Milieu",85.5016074516682,67.78557932865945,1513.46016,14710832.755200002,0.10694371682760288,0.09679927474797084,0.3882727486225515,"4. Opti (Vidange seule)","MPI-ESM  REMO2009","MPI-ESM (Intermédiaire)"
2050,"3. Étang Exutoire",0,0,1513.46016,14710832.755200002,0.10694371682760288,0.09679927474797084,0.3882727486225515,"4. Opti (Vidange seule)","MPI-ESM  REMO2009","MPI-ESM (Intermédiaire)"
2051,"1. Étang de Tête",53.314699008258195,34.80224851797096,1061.35488,10316369.433600001,0.17670032994275928,0.15509995699167664,0.38487862442135296,"4. Opti (Vidange seule)","MPI-ESM  REMO2009","MPI-ESM (Intermédiaire)"
2051,"2. Étang de Milieu",91.08964826782403,66.07144596242988,1061.35488,10316369.433600001,0.17670032994275928,0.15509995699167664,0.38487862442135296,"4. Opti (Vidange seule)","MPI-ESM  REMO2009","MPI-ESM (Intermédiaire)"
2051,"3. Étang Exutoire",99.80987258781893,69.10075018909842,1061.35488,10316369.433600001,0.17670032994275928,0.15509995699167664,0.38487862442135296,"4. Opti (Vidange seule)","MPI-ESM  REMO2009","MPI-ESM (Intermédiaire)"
2052,"1. Étang de Tête",72.04751062291625,74.39561965044503,1443.81312,14033863.5264,0.19131155630881133,0.08922274323525707,0.38570758741212835,"4. Opti (Vidange seule)","MPI-ESM  REMO2009","MPI-ESM (Intermédiaire)"
2052,"2. Étang de Milieu",70.28523717772694,61.40271323299414,1443.81312,14033863.5264,0.19131155630881133,0.08922274323525707,0.38570758741212835,"4. Opti (Vidange seule)","MPI-ESM  REMO2009","MPI-ESM (Intermédiaire)"
2052,"3. Étang Exutoire",99.7389011592475,87.00083149424287,1443.81312,14033863.5264,0.19131155630881133,0.08922274323525707,0.38570758741212835,"4. Opti (Vidange seule)","MPI-ESM  REMO2009","MPI-ESM (Intermédiaire)"
2053,"1. Étang de Tête",28.63885246652052,0,681.08256,6620122.483199999,0.14407479499495057,0.23528079905689925,0.3577775146243514,"4. Opti (Vidange seule)","MPI-ESM  REMO2009","MPI-ESM (Intermédiaire)"
2053,"2. Étang de Milieu",68.2087684347264,26.79714603110746,681.08256,6620122.483199999,0.14407479499495057,0.23528079905689925,0.3577775146243514,"4. Opti (Vidange seule)","MPI-ESM  REMO2009","MPI-ESM (Intermédiaire)"
2053,"3. Étang Exutoire",99.68070458781894,33.19964264952818,681.08256,6620122.483199999,0.14407479499495057,0.23528079905689925,0.3577775146243514,"4. Opti (Vidange seule)","MPI-ESM  REMO2009","MPI-ESM (Intermédiaire)"
2054,"1. Étang de Tête",70.70733967604457,46.86739643165318,1324.27872,12871989.1584,0.09003969592506605,0.13104078013941106,0.3760119084265424,"4. Opti (Vidange seule)","MPI-ESM  REMO2009","MPI-ESM (Intermédiaire)"
2054,"2. Étang de Milieu",70.88670675518856,49.72772686469641,1324.27872,12871989.1584,0.09003969592506605,0.13104078013941106,0.3760119084265424,"4. Opti (Vidange seule)","MPI-ESM  REMO2009","MPI-ESM (Intermédiaire)"
2054,"3. Étang Exutoire",99.68946437089966,63.53928862154883,1324.27872,12871989.1584,0.09003969592506605,0.13104078013941106,0.3760119084265424,"4. Opti (Vidange seule)","MPI-ESM  REMO2009","MPI-ESM (Intermédiaire)"
2055,"1. Étang de Tête",68.55102811965835,17.475063147721354,958.42656,9315906.1632,0.13890712635828215,0.21487773277264952,0.37573965068905923,"4. Opti (Vidange seule)","MPI-ESM  REMO2009","MPI-ESM (Intermédiaire)"
2055,"2. Étang de Milieu",84.72108588393041,39.921077638688445,958.42656,9315906.1632,0.13890712635828215,0.21487773277264952,0.37573965068905923,"4. Opti (Vidange seule)","MPI-ESM  REMO2009","MPI-ESM (Intermédiaire)"
2055,"3. Étang Exutoire",0,0,958.42656,9315906.1632,0.13890712635828215,0.21487773277264952,0.37573965068905923,"4. Opti (Vidange seule)","MPI-ESM  REMO2009","MPI-ESM (Intermédiaire)"
2056,"1. Étang de Tête",0,0,1492.35264,14505667.660799999,0.16019262927671898,0.08567008474443787,0.3874836364529644,"4. Opti (Vidange seule)","MPI-ESM  REMO2009","MPI-ESM (Intermédiaire)"
2056,"2. Étang de Milieu",88.03920615386005,57.27461046734429,1492.35264,14505667.660799999,0.16019262927671898,0.08567008474443787,0.3874836364529644,"4. Opti (Vidange seule)","MPI-ESM  REMO2009","MPI-ESM (Intermédiaire)"
2056,"3. Étang Exutoire",99.77154801639035,62.731431656862746,1492.35264,14505667.660799999,0.16019262927671898,0.08567008474443787,0.3874836364529644,"4. Opti (Vidange seule)","MPI-ESM  REMO2009","MPI-ESM (Intermédiaire)"
2057,"1. Étang de Tête",52.706373701617835,25.049407776205708,969.69312,9425417.126400001,0.14943485886387428,0.1662239656007811,0.3748177804112136,"4. Opti (Vidange seule)","MPI-ESM  REMO2009","MPI-ESM (Intermédiaire)"
2057,"2. Étang de Milieu",66.40214183615026,44.21611585413041,969.69312,9425417.126400001,0.14943485886387428,0.1662239656007811,0.3748177804112136,"4. Opti (Vidange seule)","MPI-ESM  REMO2009","MPI-ESM (Intermédiaire)"
2057,"3. Étang Exutoire",98.36737461827124,63.12613286995832,969.69312,9425417.126400001,0.14943485886387428,0.1662239656007811,0.3748177804112136,"4. Opti (Vidange seule)","MPI-ESM  REMO2009","MPI-ESM (Intermédiaire)"
2058,"1. Étang de Tête",34.48520340924752,16.695461433792115,875.34432,8508346.7904,0.07682634316449104,0.17561280076314195,0.35635909679213185,"4. Opti (Vidange seule)","MPI-ESM  REMO2009","MPI-ESM (Intermédiaire)"
2058,"2. Étang de Milieu",61.63762433724312,41.70758570860468,875.34432,8508346.7904,0.07682634316449104,0.17561280076314195,0.35635909679213185,"4. Opti (Vidange seule)","MPI-ESM  REMO2009","MPI-ESM (Intermédiaire)"
2058,"3. Étang Exutoire",98.35558312561332,61.033240719424995,875.34432,8508346.7904,0.07682634316449104,0.17561280076314195,0.35635909679213185,"4. Opti (Vidange seule)","MPI-ESM  REMO2009","MPI-ESM (Intermédiaire)"
2059,"1. Étang de Tête",50.187199058181186,4.307173985838848,991.17216,9634193.3952,0.07710353245609294,0.19865970559306645,0.36123795035947864,"4. Opti (Vidange seule)","MPI-ESM  REMO2009","MPI-ESM (Intermédiaire)"
2059,"2. Étang de Milieu",68.67509594940611,23.013493731545495,991.17216,9634193.3952,0.07710353245609294,0.19865970559306645,0.36123795035947864,"4. Opti (Vidange seule)","MPI-ESM  REMO2009","MPI-ESM (Intermédiaire)"
2059,"3. Étang Exutoire",99.57030445102825,39.87264266317586,991.17216,9634193.3952,0.07710353245609294,0.19865970559306645,0.36123795035947864,"4. Opti (Vidange seule)","MPI-ESM  REMO2009","MPI-ESM (Intermédiaire)"
2060,"1. Étang de Tête",58.22392587779865,16.686011210744986,947.23776,9207151.0272,0.10017597036285059,0.20711424548300622,0.38816018104929334,"4. Opti (Vidange seule)","MPI-ESM  REMO2009","MPI-ESM (Intermédiaire)"
2060,"2. Étang de Milieu",81.65863687143607,40.372957652165525,947.23776,9207151.0272,0.10017597036285059,0.20711424548300622,0.38816018104929334,"4. Opti (Vidange seule)","MPI-ESM  REMO2009","MPI-ESM (Intermédiaire)"
2060,"3. Étang Exutoire",0,0,947.23776,9207151.0272,0.10017597036285059,0.20711424548300622,0.38816018104929334,"4. Opti (Vidange seule)","MPI-ESM  REMO2009","MPI-ESM (Intermédiaire)"
2061,"1. Étang de Tête",0,0,1026.53568,9977926.8096,0.09144950921087325,0.14055559009666543,0.37074646327184196,"4. Opti (Vidange seule)","MPI-ESM  REMO2009","MPI-ESM (Intermédiaire)"
2061,"2. Étang de Milieu",71.45918242857098,43.10030884912923,1026.53568,9977926.8096,0.09144950921087325,0.14055559009666543,0.37074646327184196,"4. Opti (Vidange seule)","MPI-ESM  REMO2009","MPI-ESM (Intermédiaire)"
2061,"3. Étang Exutoire",100,55.41673437780999,1026.53568,9977926.8096,0.09144950921087325,0.14055559009666543,0.37074646327184196,"4. Opti (Vidange seule)","MPI-ESM  REMO2009","MPI-ESM (Intermédiaire)"
2062,"1. Étang de Tête",68.25336023118915,38.589154991804236,1090.24704,10597201.228799999,0.08286479027399964,0.1414305613792517,0.36297955284961586,"4. Opti (Vidange seule)","MPI-ESM  REMO2009","MPI-ESM (Intermédiaire)"
2062,"2. Étang de Milieu",65.09608211305509,46.444154862839866,1090.24704,10597201.228799999,0.08286479027399964,0.1414305613792517,0.36297955284961586,"4. Opti (Vidange seule)","MPI-ESM  REMO2009","MPI-ESM (Intermédiaire)"
2062,"3. Étang Exutoire",99.05212577984716,69.11548574074436,1090.24704,10597201.228799999,0.08286479027399964,0.1414305613792517,0.36297955284961586,"4. Opti (Vidange seule)","MPI-ESM  REMO2009","MPI-ESM (Intermédiaire)"
2063,"1. Étang de Tête",66.4066455299634,50.393130120005196,1179.32544,11463043.276800001,0.10802149718937556,0.13186287396137136,0.370566806324949,"4. Opti (Vidange seule)","MPI-ESM  REMO2009","MPI-ESM (Intermédiaire)"
2063,"2. Étang de Milieu",73.93241016005594,60.87576639902819,1179.32544,11463043.276800001,0.10802149718937556,0.13186287396137136,0.370566806324949,"4. Opti (Vidange seule)","MPI-ESM  REMO2009","MPI-ESM (Intermédiaire)"
2063,"3. Étang Exutoire",100,77.98128007538033,1179.32544,11463043.276800001,0.10802149718937556,0.13186287396137136,0.370566806324949,"4. Opti (Vidange seule)","MPI-ESM  REMO2009","MPI-ESM (Intermédiaire)"
2064,"1. Étang de Tête",43.63154721392226,10.45670779993479,907.74432,8823274.7904,0.13425778291556786,0.21304721881923477,0.3694782393544965,"4. Opti (Vidange seule)","MPI-ESM  REMO2009","MPI-ESM (Intermédiaire)"
2064,"2. Étang de Milieu",67.56013425288846,30.262910655478382,907.74432,8823274.7904,0.13425778291556786,0.21304721881923477,0.3694782393544965,"4. Opti (Vidange seule)","MPI-ESM  REMO2009","MPI-ESM (Intermédiaire)"
2064,"3. Étang Exutoire",98.21925010269526,43.41050475413092,907.74432,8823274.7904,0.13425778291556786,0.21304721881923477,0.3694782393544965,"4. Opti (Vidange seule)","MPI-ESM  REMO2009","MPI-ESM (Intermédiaire)"
2065,"1. Étang de Tête",61.7438681369728,45.407844927473185,1143.42624,11114103.0528,0.1000408562976564,0.1531711132116505,0.38134009923905593,"4. Opti (Vidange seule)","MPI-ESM  REMO2009","MPI-ESM (Intermédiaire)"
2065,"2. Étang de Milieu",80.37465653239315,59.1546031287,1143.42624,11114103.0528,0.1000408562976564,0.1531711132116505,0.38134009923905593,"4. Opti (Vidange seule)","MPI-ESM  REMO2009","MPI-ESM (Intermédiaire)"
2065,"3. Étang Exutoire",0,0,1143.42624,11114103.0528,0.1000408562976564,0.1531711132116505,0.38134009923905593,"4. Opti (Vidange seule)","MPI-ESM  REMO2009","MPI-ESM (Intermédiaire)"
2066,"1. Étang de Tête",0,0,824.02272,8009500.838400001,0.08935702027900203,0.17221208154157316,0.3517850839354127,"4. Opti (Vidange seule)","MPI-ESM  REMO2009","MPI-ESM (Intermédiaire)"
2066,"2. Étang de Milieu",71.95025231985446,40.2319284575787,824.02272,8009500.838400001,0.08935702027900203,0.17221208154157316,0.3517850839354127,"4. Opti (Vidange seule)","MPI-ESM  REMO2009","MPI-ESM (Intermédiaire)"
2066,"3. Étang Exutoire",100,56.6776149946433,824.02272,8009500.838400001,0.08935702027900203,0.17221208154157316,0.3517850839354127,"4. Opti (Vidange seule)","MPI-ESM  REMO2009","MPI-ESM (Intermédiaire)"
2067,"1. Étang de Tête",26.61028939314924,6.51526880656168,822.54528,7995140.1216,0.059088794708017076,0.21166722683597455,0.34327326178141565,"4. Opti (Vidange seule)","MPI-ESM  REMO2009","MPI-ESM (Intermédiaire)"
2067,"2. Étang de Milieu",50.54502583268442,30.40472186428126,822.54528,7995140.1216,0.059088794708017076,0.21166722683597455,0.34327326178141565,"4. Opti (Vidange seule)","MPI-ESM  REMO2009","MPI-ESM (Intermédiaire)"
2067,"3. Étang Exutoire",99.3554833828722,62.883219389189904,822.54528,7995140.1216,0.059088794708017076,0.21166722683597455,0.34327326178141565,"4. Opti (Vidange seule)","MPI-ESM  REMO2009","MPI-ESM (Intermédiaire)"
2068,"1. Étang de Tête",45.70371988042478,31.840085641456415,1037.34432,10082986.7904,0.0436489074636705,0.14414152078409367,0.35818844687649115,"4. Opti (Vidange seule)","MPI-ESM  REMO2009","MPI-ESM (Intermédiaire)"
2068,"2. Étang de Milieu",61.45065959874728,49.38216671762097,1037.34432,10082986.7904,0.0436489074636705,0.14414152078409367,0.35818844687649115,"4. Opti (Vidange seule)","MPI-ESM  REMO2009","MPI-ESM (Intermédiaire)"
2068,"3. Étang Exutoire",99.38353762223385,72.78084291416424,1037.34432,10082986.7904,0.0436489074636705,0.14414152078409367,0.35818844687649115,"4. Opti (Vidange seule)","MPI-ESM  REMO2009","MPI-ESM (Intermédiaire)"
2069,"1. Étang de Tête",58.66550477620238,37.258016059314016,1222.05024,11878328.3328,0.14069231613092875,0.1493637078214006,0.3839415950403794,"4. Opti (Vidange seule)","MPI-ESM  REMO2009","MPI-ESM (Intermédiaire)"
2069,"2. Étang de Milieu",72.28560468042699,43.19253032017161,1222.05024,11878328.3328,0.14069231613092875,0.1493637078214006,0.3839415950403794,"4. Opti (Vidange seule)","MPI-ESM  REMO2009","MPI-ESM (Intermédiaire)"
2069,"3. Étang Exutoire",100,58.286014325893554,1222.05024,11878328.3328,0.14069231613092875,0.1493637078214006,0.3839415950403794,"4. Opti (Vidange seule)","MPI-ESM  REMO2009","MPI-ESM (Intermédiaire)"
2070,"1. Étang de Tête",52.41911585605078,7.801432424989852,979.46496,9520399.4112,0.09654170211659091,0.19973820304505108,0.3623848512579627,"4. Opti (Vidange seule)","MPI-ESM  REMO2009","MPI-ESM (Intermédiaire)"
2070,"2. Étang de Milieu",81.70271695558836,31.439755626005766,979.46496,9520399.4112,0.09654170211659091,0.19973820304505108,0.3623848512579627,"4. Opti (Vidange seule)","MPI-ESM  REMO2009","MPI-ESM (Intermédiaire)"
2070,"3. Étang Exutoire",0,0,979.46496,9520399.4112,0.09654170211659091,0.19973820304505108,0.3623848512579627,"4. Opti (Vidange seule)","MPI-ESM  REMO2009","MPI-ESM (Intermédiaire)"
2026,"1. Étang de Tête",63.586847503062884,67.26550196704724,982.67904,9551640.2688,0.0889507736305281,0.18030473849060968,0.3872263378185091,"5. Opti (Synchronisation Totale)","CNRM-CM5  ALADIN63","CNRM-CM5 (Modéré)"
2026,"2. Étang de Milieu",79.79415075821721,73.34544829823172,982.67904,9551640.2688,0.0889507736305281,0.18030473849060968,0.3872263378185091,"5. Opti (Synchronisation Totale)","CNRM-CM5  ALADIN63","CNRM-CM5 (Modéré)"
2026,"3. Étang Exutoire",100,81.13235952006771,982.67904,9551640.2688,0.0889507736305281,0.18030473849060968,0.3872263378185091,"5. Opti (Synchronisation Totale)","CNRM-CM5  ALADIN63","CNRM-CM5 (Modéré)"
2027,"1. Étang de Tête",26.00066566804413,6.426950310347147,965.68416,9386450.0352,0.09883141867862986,0.17159924058144777,0.33467439198806537,"5. Opti (Synchronisation Totale)","CNRM-CM5  ALADIN63","CNRM-CM5 (Modéré)"
2027,"2. Étang de Milieu",58.26206140612201,29.264003258259883,965.68416,9386450.0352,0.09883141867862986,0.17159924058144777,0.33467439198806537,"5. Opti (Synchronisation Totale)","CNRM-CM5  ALADIN63","CNRM-CM5 (Modéré)"
2027,"3. Étang Exutoire",96.29578150408366,49.193565285225134,965.68416,9386450.0352,0.09883141867862986,0.17159924058144777,0.33467439198806537,"5. Opti (Synchronisation Totale)","CNRM-CM5  ALADIN63","CNRM-CM5 (Modéré)"
2028,"1. Étang de Tête",29.224461634873965,33.99968541877592,1124.6515200000001,10931612.774400001,0.09226392293411818,0.12432482729691602,0.36813938920798756,"5. Opti (Synchronisation Totale)","CNRM-CM5  ALADIN63","CNRM-CM5 (Modéré)"
2028,"2. Étang de Milieu",64.74687690229258,60.55702256896769,1124.6515200000001,10931612.774400001,0.09226392293411818,0.12432482729691602,0.36813938920798756,"5. Opti (Synchronisation Totale)","CNRM-CM5  ALADIN63","CNRM-CM5 (Modéré)"
2028,"3. Étang Exutoire",97.65157158734806,85.42402861897858,1124.6515200000001,10931612.774400001,0.09226392293411818,0.12432482729691602,0.36813938920798756,"5. Opti (Synchronisation Totale)","CNRM-CM5  ALADIN63","CNRM-CM5 (Modéré)"
2029,"1. Étang de Tête",36.195508927072154,15.292629815948915,966.384,9393252.48,0.08883059384732317,0.17087901268536598,0.3598065310208327,"5. Opti (Synchronisation Totale)","CNRM-CM5  ALADIN63","CNRM-CM5 (Modéré)"
2029,"2. Étang de Milieu",65.81127618672546,45.8915563436409,966.384,9393252.48,0.08883059384732317,0.17087901268536598,0.3598065310208327,"5. Opti (Synchronisation Totale)","CNRM-CM5  ALADIN63","CNRM-CM5 (Modéré)"
2029,"3. Étang Exutoire",99.68944920841858,73.62571907658752,966.384,9393252.48,0.08883059384732317,0.17087901268536598,0.3598065310208327,"5. Opti (Synchronisation Totale)","CNRM-CM5  ALADIN63","CNRM-CM5 (Modéré)"
2030,"1. Étang de Tête",47.70912940051553,28.551425018135934,1098.99936,10682273.7792,0.12610226074451758,0.14715427300053371,0.37296892789626196,"5. Opti (Synchronisation Totale)","CNRM-CM5  ALADIN63","CNRM-CM5 (Modéré)"
2030,"2. Étang de Milieu",81.69214968175842,60.81441317663398,1098.99936,10682273.7792,0.12610226074451758,0.14715427300053371,0.37296892789626196,"5. Opti (Synchronisation Totale)","CNRM-CM5  ALADIN63","CNRM-CM5 (Modéré)"
2030,"3. Étang Exutoire",0,0,1098.99936,10682273.7792,0.12610226074451758,0.14715427300053371,0.37296892789626196,"5. Opti (Synchronisation Totale)","CNRM-CM5  ALADIN63","CNRM-CM5 (Modéré)"
2031,"1. Étang de Tête",0,0,1544.7456,15014927.231999999,0.17462213675957605,0.07518665188222601,0.3846202165979229,"5. Opti (Synchronisation Totale)","CNRM-CM5  ALADIN63","CNRM-CM5 (Modéré)"
2031,"2. Étang de Milieu",82.86015071235332,78.73282327042149,1544.7456,15014927.231999999,0.17462213675957605,0.07518665188222601,0.3846202165979229,"5. Opti (Synchronisation Totale)","CNRM-CM5  ALADIN63","CNRM-CM5 (Modéré)"
2031,"3. Étang Exutoire",99.5118686042093,88.35617346539398,1544.7456,15014927.231999999,0.17462213675957605,0.07518665188222601,0.3846202165979229,"5. Opti (Synchronisation Totale)","CNRM-CM5  ALADIN63","CNRM-CM5 (Modéré)"
2032,"1. Étang de Tête",47.282499108508055,40.37264954447468,954.77184,9280382.2848,0.1461387773881541,0.16466027791153592,0.3743089979363679,"5. Opti (Synchronisation Totale)","CNRM-CM5  ALADIN63","CNRM-CM5 (Modéré)"
2032,"2. Étang de Milieu",65.57109450835799,52.99039888592931,954.77184,9280382.2848,0.1461387773881541,0.16466027791153592,0.3743089979363679,"5. Opti (Synchronisation Totale)","CNRM-CM5  ALADIN63","CNRM-CM5 (Modéré)"
2032,"3. Étang Exutoire",99.6306355446518,76.44919973707326,954.77184,9280382.2848,0.1461387773881541,0.16466027791153592,0.3743089979363679,"5. Opti (Synchronisation Totale)","CNRM-CM5  ALADIN63","CNRM-CM5 (Modéré)"
2033,"1. Étang de Tête",27.294371597495775,25.06379707361028,1207.01664,11732201.7408,0.08744478459943357,0.12046403937194339,0.35643258959409146,"5. Opti (Synchronisation Totale)","CNRM-CM5  ALADIN63","CNRM-CM5 (Modéré)"
2033,"2. Étang de Milieu",66.18087855743912,52.9611405339536,1207.01664,11732201.7408,0.08744478459943357,0.12046403937194339,0.35643258959409146,"5. Opti (Synchronisation Totale)","CNRM-CM5  ALADIN63","CNRM-CM5 (Modéré)"
2033,"3. Étang Exutoire",100,70.50319143820109,1207.01664,11732201.7408,0.08744478459943357,0.12046403937194339,0.35643258959409146,"5. Opti (Synchronisation Totale)","CNRM-CM5  ALADIN63","CNRM-CM5 (Modéré)"
2034,"1. Étang de Tête",29.863790381382785,3.4083607138916503,1036.42848,10074084.8256,0.18141201661650935,0.17532758543923477,0.37771677101252826,"5. Opti (Synchronisation Totale)","CNRM-CM5  ALADIN63","CNRM-CM5 (Modéré)"
2034,"2. Étang de Milieu",66.82859913389167,32.13002160844628,1036.42848,10074084.8256,0.18141201661650935,0.17532758543923477,0.37771677101252826,"5. Opti (Synchronisation Totale)","CNRM-CM5  ALADIN63","CNRM-CM5 (Modéré)"
2034,"3. Étang Exutoire",96.04562416012227,54.03663629423728,1036.42848,10074084.8256,0.18141201661650935,0.17532758543923477,0.37771677101252826,"5. Opti (Synchronisation Totale)","CNRM-CM5  ALADIN63","CNRM-CM5 (Modéré)"
2035,"1. Étang de Tête",53.91353771436133,44.08531605260217,1441.52352,14011608.6144,0.10336545867257232,0.11827897054801438,0.3769572198466811,"5. Opti (Synchronisation Totale)","CNRM-CM5  ALADIN63","CNRM-CM5 (Modéré)"
2035,"2. Étang de Milieu",83.6928114694102,73.44591304509743,1441.52352,14011608.6144,0.10336545867257232,0.11827897054801438,0.3769572198466811,"5. Opti (Synchronisation Totale)","CNRM-CM5  ALADIN63","CNRM-CM5 (Modéré)"
2035,"3. Étang Exutoire",0,0,1441.52352,14011608.6144,0.10336545867257232,0.11827897054801438,0.3769572198466811,"5. Opti (Synchronisation Totale)","CNRM-CM5  ALADIN63","CNRM-CM5 (Modéré)"
2036,"1. Étang de Tête",0,0,1179.80064,11467662.2208,0.20778642119890542,0.11194184538488501,0.3824582683636291,"5. Opti (Synchronisation Totale)","CNRM-CM5  ALADIN63","CNRM-CM5 (Modéré)"
2036,"2. Étang de Milieu",82.65554410946021,67.2497786959201,1179.80064,11467662.2208,0.20778642119890542,0.11194184538488501,0.3824582683636291,"5. Opti (Synchronisation Totale)","CNRM-CM5  ALADIN63","CNRM-CM5 (Modéré)"
2036,"3. Étang Exutoire",99.54309603278074,76.02578746325314,1179.80064,11467662.2208,0.20778642119890542,0.11194184538488501,0.3824582683636291,"5. Opti (Synchronisation Totale)","CNRM-CM5  ALADIN63","CNRM-CM5 (Modéré)"
2037,"1. Étang de Tête",46.81602831286456,18.997564446582462,1039.79808,10106837.3376,0.12241135859278698,0.16648813011100372,0.36258619202767595,"5. Opti (Synchronisation Totale)","CNRM-CM5  ALADIN63","CNRM-CM5 (Modéré)"
2037,"2. Étang de Milieu",63.76544941342082,35.247233080999884,1039.79808,10106837.3376,0.12241135859278698,0.16648813011100372,0.36258619202767595,"5. Opti (Synchronisation Totale)","CNRM-CM5  ALADIN63","CNRM-CM5 (Modéré)"
2037,"3. Étang Exutoire",94.76354129051904,50.00492900245288,1039.79808,10106837.3376,0.12241135859278698,0.16648813011100372,0.36258619202767595,"5. Opti (Synchronisation Totale)","CNRM-CM5  ALADIN63","CNRM-CM5 (Modéré)"
2038,"1. Étang de Tête",56.782346676133955,42.70633886547868,1276.88832,12411354.4704,0.12247462262798134,0.10765887122160289,0.3835075524671945,"5. Opti (Synchronisation Totale)","CNRM-CM5  ALADIN63","CNRM-CM5 (Modéré)"
2038,"2. Étang de Milieu",72.47144518586778,54.28704596773646,1276.88832,12411354.4704,0.12247462262798134,0.10765887122160289,0.3835075524671945,"5. Opti (Synchronisation Totale)","CNRM-CM5  ALADIN63","CNRM-CM5 (Modéré)"
2038,"3. Étang Exutoire",99.90627895173706,66.9862385595812,1276.88832,12411354.4704,0.12247462262798134,0.10765887122160289,0.3835075524671945,"5. Opti (Synchronisation Totale)","CNRM-CM5  ALADIN63","CNRM-CM5 (Modéré)"
2039,"1. Étang de Tête",51.673462091844115,24.810203798166484,1260.16128,12248767.6416,0.14102845651873555,0.13698137321474393,0.3720889765341772,"5. Opti (Synchronisation Totale)","CNRM-CM5  ALADIN63","CNRM-CM5 (Modéré)"
2039,"2. Étang de Milieu",71.81710166229642,50.19734926173501,1260.16128,12248767.6416,0.14102845651873555,0.13698137321474393,0.3720889765341772,"5. Opti (Synchronisation Totale)","CNRM-CM5  ALADIN63","CNRM-CM5 (Modéré)"
2039,"3. Étang Exutoire",98.91206959939174,74.54431395010708,1260.16128,12248767.6416,0.14102845651873555,0.13698137321474393,0.3720889765341772,"5. Opti (Synchronisation Totale)","CNRM-CM5  ALADIN63","CNRM-CM5 (Modéré)"
2040,"1. Étang de Tête",34.20200004323054,23.90470159378628,964.58688,9375784.4736,0.0951783906193824,0.18640876204083695,0.35456137515014624,"5. Opti (Synchronisation Totale)","CNRM-CM5  ALADIN63","CNRM-CM5 (Modéré)"
2040,"2. Étang de Milieu",72.28315364729782,59.5020992470155,964.58688,9375784.4736,0.0951783906193824,0.18640876204083695,0.35456137515014624,"5. Opti (Synchronisation Totale)","CNRM-CM5  ALADIN63","CNRM-CM5 (Modéré)"
2040,"3. Étang Exutoire",0,0,964.58688,9375784.4736,0.0951783906193824,0.18640876204083695,0.35456137515014624,"5. Opti (Synchronisation Totale)","CNRM-CM5  ALADIN63","CNRM-CM5 (Modéré)"
2041,"1. Étang de Tête",0,0,1007.95968,9797368.0896,0.13950897971563295,0.15288542946868725,0.3731957026459073,"5. Opti (Synchronisation Totale)","CNRM-CM5  ALADIN63","CNRM-CM5 (Modéré)"
2041,"2. Étang de Milieu",81.12125151667448,42.51505522256914,1007.95968,9797368.0896,0.13950897971563295,0.15288542946868725,0.3731957026459073,"5. Opti (Synchronisation Totale)","CNRM-CM5  ALADIN63","CNRM-CM5 (Modéré)"
2041,"3. Étang Exutoire",99.60447928432394,51.42075648562613,1007.95968,9797368.0896,0.13950897971563295,0.15288542946868725,0.3731957026459073,"5. Opti (Synchronisation Totale)","CNRM-CM5  ALADIN63","CNRM-CM5 (Modéré)"
2042,"1. Étang de Tête",33.923460663938094,7.357388191303463,848.49984,8247418.4448,0.06019955630178475,0.20204267258651248,0.3473011251749397,"5. Opti (Synchronisation Totale)","CNRM-CM5  ALADIN63","CNRM-CM5 (Modéré)"
2042,"2. Étang de Milieu",56.281390422255335,32.235816020988985,848.49984,8247418.4448,0.06019955630178475,0.20204267258651248,0.3473011251749397,"5. Opti (Synchronisation Totale)","CNRM-CM5  ALADIN63","CNRM-CM5 (Modéré)"
2042,"3. Étang Exutoire",96.9167509230014,59.38670984271484,848.49984,8247418.4448,0.06019955630178475,0.20204267258651248,0.3473011251749397,"5. Opti (Synchronisation Totale)","CNRM-CM5  ALADIN63","CNRM-CM5 (Modéré)"
2043,"1. Étang de Tête",43.30294920997533,42.26407539894231,1177.48512,11445155.3664,0.06207336322362338,0.1082409346463136,0.3610474606590764,"5. Opti (Synchronisation Totale)","CNRM-CM5  ALADIN63","CNRM-CM5 (Modéré)"
2043,"2. Étang de Milieu",63.905627392303444,57.557688598190914,1177.48512,11445155.3664,0.06207336322362338,0.1082409346463136,0.3610474606590764,"5. Opti (Synchronisation Totale)","CNRM-CM5  ALADIN63","CNRM-CM5 (Modéré)"
2043,"3. Étang Exutoire",99.2794141909029,82.73036796721915,1177.48512,11445155.3664,0.06207336322362338,0.1082409346463136,0.3610474606590764,"5. Opti (Synchronisation Totale)","CNRM-CM5  ALADIN63","CNRM-CM5 (Modéré)"
2044,"1. Étang de Tête",54.70986551474225,76.86711528282629,1405.75392,13663928.102400001,0.1444773145506044,0.10839101758354143,0.3849778395683851,"5. Opti (Synchronisation Totale)","CNRM-CM5  ALADIN63","CNRM-CM5 (Modéré)"
2044,"2. Étang de Milieu",70.90710044626042,69.86327397580355,1405.75392,13663928.102400001,0.1444773145506044,0.10839101758354143,0.3849778395683851,"5. Opti (Synchronisation Totale)","CNRM-CM5  ALADIN63","CNRM-CM5 (Modéré)"
2044,"3. Étang Exutoire",98.3794175362258,92.21911865566558,1405.75392,13663928.102400001,0.1444773145506044,0.10839101758354143,0.3849778395683851,"5. Opti (Synchronisation Totale)","CNRM-CM5  ALADIN63","CNRM-CM5 (Modéré)"
2045,"1. Étang de Tête",52.077383207885696,75.54216297179381,1388.22336,13493531.0592,0.1689280083208742,0.10040633695826182,0.37942300479345276,"5. Opti (Synchronisation Totale)","CNRM-CM5  ALADIN63","CNRM-CM5 (Modéré)"
2045,"2. Étang de Milieu",82.87197904124449,84.3805337446862,1388.22336,13493531.0592,0.1689280083208742,0.10040633695826182,0.37942300479345276,"5. Opti (Synchronisation Totale)","CNRM-CM5  ALADIN63","CNRM-CM5 (Modéré)"
2045,"3. Étang Exutoire",0,0,1388.22336,13493531.0592,0.1689280083208742,0.10040633695826182,0.37942300479345276,"5. Opti (Synchronisation Totale)","CNRM-CM5  ALADIN63","CNRM-CM5 (Modéré)"
2046,"1. Étang de Tête",0,0,1230.23232,11957858.1504,0.1938955821403927,0.11639866701357132,0.37681917993030906,"5. Opti (Synchronisation Totale)","CNRM-CM5  ALADIN63","CNRM-CM5 (Modéré)"
2046,"2. Étang de Milieu",81.91282610844748,53.39130087322053,1230.23232,11957858.1504,0.1938955821403927,0.11639866701357132,0.37681917993030906,"5. Opti (Synchronisation Totale)","CNRM-CM5  ALADIN63","CNRM-CM5 (Modéré)"
2046,"3. Étang Exutoire",96.33104023604444,63.955274062309684,1230.23232,11957858.1504,0.1938955821403927,0.11639866701357132,0.37681917993030906,"5. Opti (Synchronisation Totale)","CNRM-CM5  ALADIN63","CNRM-CM5 (Modéré)"
2047,"1. Étang de Tête",63.10630146094414,29.268475365047937,1169.3808,11366381.376,0.1543213659373702,0.12952048240261732,0.3829277539719614,"5. Opti (Synchronisation Totale)","CNRM-CM5  ALADIN63","CNRM-CM5 (Modéré)"
2047,"2. Étang de Milieu",68.37267099859757,42.97871036213344,1169.3808,11366381.376,0.1543213659373702,0.12952048240261732,0.3829277539719614,"5. Opti (Synchronisation Totale)","CNRM-CM5  ALADIN63","CNRM-CM5 (Modéré)"
2047,"3. Étang Exutoire",100,59.544839285789344,1169.3808,11366381.376,0.1543213659373702,0.12952048240261732,0.3829277539719614,"5. Opti (Synchronisation Totale)","CNRM-CM5  ALADIN63","CNRM-CM5 (Modéré)"
2048,"1. Étang de Tête",29.403646594285718,40.23587181823898,1132.20288,11005011.9936,0.12947456603574328,0.13064926278496158,0.3818592853410262,"5. Opti (Synchronisation Totale)","CNRM-CM5  ALADIN63","CNRM-CM5 (Modéré)"
2048,"2. Étang de Milieu",68.30521103498678,54.041987051371045,1132.20288,11005011.9936,0.12947456603574328,0.13064926278496158,0.3818592853410262,"5. Opti (Synchronisation Totale)","CNRM-CM5  ALADIN63","CNRM-CM5 (Modéré)"
2048,"3. Étang Exutoire",99.05536001303375,66.31200607600188,1132.20288,11005011.9936,0.12947456603574328,0.13064926278496158,0.3818592853410262,"5. Opti (Synchronisation Totale)","CNRM-CM5  ALADIN63","CNRM-CM5 (Modéré)"
2049,"1. Étang de Tête",33.165270045666446,7.91180346211322,887.2416,8623988.352,0.08673557169947972,0.19225588572276522,0.3478057180524385,"5. Opti (Synchronisation Totale)","CNRM-CM5  ALADIN63","CNRM-CM5 (Modéré)"
2049,"2. Étang de Milieu",63.92997064893377,39.74555958976171,887.2416,8623988.352,0.08673557169947972,0.19225588572276522,0.3478057180524385,"5. Opti (Synchronisation Totale)","CNRM-CM5  ALADIN63","CNRM-CM5 (Modéré)"
2049,"3. Étang Exutoire",98.35788563009122,66.77791355619995,887.2416,8623988.352,0.08673557169947972,0.19225588572276522,0.3478057180524385,"5. Opti (Synchronisation Totale)","CNRM-CM5  ALADIN63","CNRM-CM5 (Modéré)"
2050,"1. Étang de Tête",39.08815240981607,4.62782819392557,882.76608,8580486.297600001,0.0814721353553981,0.21950899162593276,0.3578662257134641,"5. Opti (Synchronisation Totale)","CNRM-CM5  ALADIN63","CNRM-CM5 (Modéré)"
2050,"2. Étang de Milieu",70.15398348481874,26.835349237416857,882.76608,8580486.297600001,0.0814721353553981,0.21950899162593276,0.3578662257134641,"5. Opti (Synchronisation Totale)","CNRM-CM5  ALADIN63","CNRM-CM5 (Modéré)"
2050,"3. Étang Exutoire",0,0,882.76608,8580486.297600001,0.0814721353553981,0.21950899162593276,0.3578662257134641,"5. Opti (Synchronisation Totale)","CNRM-CM5  ALADIN63","CNRM-CM5 (Modéré)"
2051,"1. Étang de Tête",48.48551723986013,24.38780609840372,1110.40416,10793128.435200002,0.06495033325826685,0.1626336674177537,0.3707623190290503,"5. Opti (Synchronisation Totale)","CNRM-CM5  ALADIN63","CNRM-CM5 (Modéré)"
2051,"2. Étang de Milieu",78.08111268672589,48.59581365226934,1110.40416,10793128.435200002,0.06495033325826685,0.1626336674177537,0.3707623190290503,"5. Opti (Synchronisation Totale)","CNRM-CM5  ALADIN63","CNRM-CM5 (Modéré)"
2051,"3. Étang Exutoire",99.49483546135215,55.033146908580356,1110.40416,10793128.435200002,0.06495033325826685,0.1626336674177537,0.3707623190290503,"5. Opti (Synchronisation Totale)","CNRM-CM5  ALADIN63","CNRM-CM5 (Modéré)"
2052,"1. Étang de Tête",29.907627199959833,18.153140186221233,913.40352,8878282.2144,0.09906553100281736,0.17062836219901426,0.35712138115793723,"5. Opti (Synchronisation Totale)","CNRM-CM5  ALADIN63","CNRM-CM5 (Modéré)"
2052,"2. Étang de Milieu",59.75350728087025,43.309637746219785,913.40352,8878282.2144,0.09906553100281736,0.17062836219901426,0.35712138115793723,"5. Opti (Synchronisation Totale)","CNRM-CM5  ALADIN63","CNRM-CM5 (Modéré)"
2052,"3. Étang Exutoire",97.07727765944404,67.83727501321015,913.40352,8878282.2144,0.09906553100281736,0.17062836219901426,0.35712138115793723,"5. Opti (Synchronisation Totale)","CNRM-CM5  ALADIN63","CNRM-CM5 (Modéré)"
2053,"1. Étang de Tête",14.356593142185707,0.08038357376956853,983.32704,9557938.8288,0.03666396758676757,0.15973121867700074,0.3353305403459109,"5. Opti (Synchronisation Totale)","CNRM-CM5  ALADIN63","CNRM-CM5 (Modéré)"
2053,"2. Étang de Milieu",50.18700910453172,29.660852136200198,983.32704,9557938.8288,0.03666396758676757,0.15973121867700074,0.3353305403459109,"5. Opti (Synchronisation Totale)","CNRM-CM5  ALADIN63","CNRM-CM5 (Modéré)"
2053,"3. Étang Exutoire",98.5315076114955,59.76910473925403,983.32704,9557938.8288,0.03666396758676757,0.15973121867700074,0.3353305403459109,"5. Opti (Synchronisation Totale)","CNRM-CM5  ALADIN63","CNRM-CM5 (Modéré)"
2054,"1. Étang de Tête",44.779482403379326,13.130968255123875,989.66016,9619496.7552,0.13031434485321544,0.1950157883871633,0.391739315152266,"5. Opti (Synchronisation Totale)","CNRM-CM5  ALADIN63","CNRM-CM5 (Modéré)"
2054,"2. Étang de Milieu",71.94543800249807,33.64125995684877,989.66016,9619496.7552,0.13031434485321544,0.1950157883871633,0.391739315152266,"5. Opti (Synchronisation Totale)","CNRM-CM5  ALADIN63","CNRM-CM5 (Modéré)"
2054,"3. Étang Exutoire",100,49.07375678443582,989.66016,9619496.7552,0.13031434485321544,0.1950157883871633,0.391739315152266,"5. Opti (Synchronisation Totale)","CNRM-CM5  ALADIN63","CNRM-CM5 (Modéré)"
2055,"1. Étang de Tête",50.083202643540595,31.376389524578308,1070.35776,10403877.4272,0.06406995776083853,0.1812124159745998,0.36352585673299664,"5. Opti (Synchronisation Totale)","CNRM-CM5  ALADIN63","CNRM-CM5 (Modéré)"
2055,"2. Étang de Milieu",72.93303538015087,50.53751151368839,1070.35776,10403877.4272,0.06406995776083853,0.1812124159745998,0.36352585673299664,"5. Opti (Synchronisation Totale)","CNRM-CM5  ALADIN63","CNRM-CM5 (Modéré)"
2055,"3. Étang Exutoire",0,0,1070.35776,10403877.4272,0.06406995776083853,0.1812124159745998,0.36352585673299664,"5. Opti (Synchronisation Totale)","CNRM-CM5  ALADIN63","CNRM-CM5 (Modéré)"
2056,"1. Étang de Tête",0,0,850.12416,8263206.8352,0.05789979628072729,0.19641266199594534,0.3337858970181437,"5. Opti (Synchronisation Totale)","CNRM-CM5  ALADIN63","CNRM-CM5 (Modéré)"
2056,"2. Étang de Milieu",59.88719604691482,22.100694504363762,850.12416,8263206.8352,0.05789979628072729,0.19641266199594534,0.3337858970181437,"5. Opti (Synchronisation Totale)","CNRM-CM5  ALADIN63","CNRM-CM5 (Modéré)"
2056,"3. Étang Exutoire",96.35679056502777,44.70292519834463,850.12416,8263206.8352,0.05789979628072729,0.19641266199594534,0.3337858970181437,"5. Opti (Synchronisation Totale)","CNRM-CM5  ALADIN63","CNRM-CM5 (Modéré)"
2057,"1. Étang de Tête",72.82498026927993,52.921428229561826,1336.64256,12992165.683200002,0.09442678203748035,0.10477379125204181,0.3793090857966738,"5. Opti (Synchronisation Totale)","CNRM-CM5  ALADIN63","CNRM-CM5 (Modéré)"
2057,"2. Étang de Milieu",64.62433773782676,50.715914298863865,1336.64256,12992165.683200002,0.09442678203748035,0.10477379125204181,0.3793090857966738,"5. Opti (Synchronisation Totale)","CNRM-CM5  ALADIN63","CNRM-CM5 (Modéré)"
2057,"3. Étang Exutoire",100,77.36902670466648,1336.64256,12992165.683200002,0.09442678203748035,0.10477379125204181,0.3793090857966738,"5. Opti (Synchronisation Totale)","CNRM-CM5  ALADIN63","CNRM-CM5 (Modéré)"
2058,"1. Étang de Tête",24.201132119350568,11.61453654415745,1055.81664,10262537.7408,0.1649855600369265,0.15825912894485653,0.3762015553219934,"5. Opti (Synchronisation Totale)","CNRM-CM5  ALADIN63","CNRM-CM5 (Modéré)"
2058,"2. Étang de Milieu",70.14944835916957,52.571607919991315,1055.81664,10262537.7408,0.1649855600369265,0.15825912894485653,0.3762015553219934,"5. Opti (Synchronisation Totale)","CNRM-CM5  ALADIN63","CNRM-CM5 (Modéré)"
2058,"3. Étang Exutoire",97.04539334071015,69.0185917361903,1055.81664,10262537.7408,0.1649855600369265,0.15825912894485653,0.3762015553219934,"5. Opti (Synchronisation Totale)","CNRM-CM5  ALADIN63","CNRM-CM5 (Modéré)"
2059,"1. Étang de Tête",43.36294566922865,33.35914450518038,1135.57248,11037764.5056,0.05265336808519849,0.14217664703632943,0.3484003875580399,"5. Opti (Synchronisation Totale)","CNRM-CM5  ALADIN63","CNRM-CM5 (Modéré)"
2059,"2. Étang de Milieu",58.38762211396459,49.35335307060675,1135.57248,11037764.5056,0.05265336808519849,0.14217664703632943,0.3484003875580399,"5. Opti (Synchronisation Totale)","CNRM-CM5  ALADIN63","CNRM-CM5 (Modéré)"
2059,"3. Étang Exutoire",99.77603435127574,86.66588082695931,1135.57248,11037764.5056,0.05265336808519849,0.14217664703632943,0.3484003875580399,"5. Opti (Synchronisation Totale)","CNRM-CM5  ALADIN63","CNRM-CM5 (Modéré)"
2060,"1. Étang de Tête",25.042098433526434,2.2311030749342176,815.4518400000001,7926191.8848,0.16503403736671468,0.19568638866939367,0.3702256362813923,"5. Opti (Synchronisation Totale)","CNRM-CM5  ALADIN63","CNRM-CM5 (Modéré)"
2060,"2. Étang de Milieu",75.2722661831592,38.261318756229976,815.4518400000001,7926191.8848,0.16503403736671468,0.19568638866939367,0.3702256362813923,"5. Opti (Synchronisation Totale)","CNRM-CM5  ALADIN63","CNRM-CM5 (Modéré)"
2060,"3. Étang Exutoire",0,0,815.4518400000001,7926191.8848,0.16503403736671468,0.19568638866939367,0.3702256362813923,"5. Opti (Synchronisation Totale)","CNRM-CM5  ALADIN63","CNRM-CM5 (Modéré)"
2061,"1. Étang de Tête",0,0,1309.50432,12728381.990400001,0.07628808470778584,0.1093484197177537,0.35842831105523687,"5. Opti (Synchronisation Totale)","CNRM-CM5  ALADIN63","CNRM-CM5 (Modéré)"
2061,"2. Étang de Milieu",73.76415087933815,61.9293115598328,1309.50432,12728381.990400001,0.07628808470778584,0.1093484197177537,0.35842831105523687,"5. Opti (Synchronisation Totale)","CNRM-CM5  ALADIN63","CNRM-CM5 (Modéré)"
2061,"3. Étang Exutoire",99.94950579132026,85.81941700563013,1309.50432,12728381.990400001,0.07628808470778584,0.1093484197177537,0.35842831105523687,"5. Opti (Synchronisation Totale)","CNRM-CM5  ALADIN63","CNRM-CM5 (Modéré)"
2062,"1. Étang de Tête",65.81578153473612,43.18585019034716,1214.84448,11808288.345599998,0.15702889287107005,0.1382539217496337,0.38524581051074797,"5. Opti (Synchronisation Totale)","CNRM-CM5  ALADIN63","CNRM-CM5 (Modéré)"
2062,"2. Étang de Milieu",69.54718080124366,51.59551209372447,1214.84448,11808288.345599998,0.15702889287107005,0.1382539217496337,0.38524581051074797,"5. Opti (Synchronisation Totale)","CNRM-CM5  ALADIN63","CNRM-CM5 (Modéré)"
2062,"3. Étang Exutoire",99.37130616636539,70.74756261602484,1214.84448,11808288.345599998,0.15702889287107005,0.1382539217496337,0.38524581051074797,"5. Opti (Synchronisation Totale)","CNRM-CM5  ALADIN63","CNRM-CM5 (Modéré)"
2063,"1. Étang de Tête",56.073359816868496,25.173621437970304,1323.80352,12867370.2144,0.14071678985116357,0.12276335913465979,0.37075595020314656,"5. Opti (Synchronisation Totale)","CNRM-CM5  ALADIN63","CNRM-CM5 (Modéré)"
2063,"2. Étang de Milieu",71.92096375701335,47.8657434478917,1323.80352,12867370.2144,0.14071678985116357,0.12276335913465979,0.37075595020314656,"5. Opti (Synchronisation Totale)","CNRM-CM5  ALADIN63","CNRM-CM5 (Modéré)"
2063,"3. Étang Exutoire",96.22205285617859,59.58652841467232,1323.80352,12867370.2144,0.14071678985116357,0.12276335913465979,0.37075595020314656,"5. Opti (Synchronisation Totale)","CNRM-CM5  ALADIN63","CNRM-CM5 (Modéré)"
2064,"1. Étang de Tête",40.25629635013098,69.76151815751363,1358.06112,13200354.0864,0.11698722980909025,0.11951139584606298,0.37835562848012055,"5. Opti (Synchronisation Totale)","CNRM-CM5  ALADIN63","CNRM-CM5 (Modéré)"
2064,"2. Étang de Milieu",68.16081847775214,69.80030030003546,1358.06112,13200354.0864,0.11698722980909025,0.11951139584606298,0.37835562848012055,"5. Opti (Synchronisation Totale)","CNRM-CM5  ALADIN63","CNRM-CM5 (Modéré)"
2064,"3. Étang Exutoire",97.5295578279358,95.21713519149783,1358.06112,13200354.0864,0.11698722980909025,0.11951139584606298,0.37835562848012055,"5. Opti (Synchronisation Totale)","CNRM-CM5  ALADIN63","CNRM-CM5 (Modéré)"
2065,"1. Étang de Tête",46.917992982023776,2.651077435703467,976.35456,9490166.3232,0.2298509143180628,0.2144532573316708,0.3872065171202596,"5. Opti (Synchronisation Totale)","CNRM-CM5  ALADIN63","CNRM-CM5 (Modéré)"
2065,"2. Étang de Milieu",84.54409104228421,23.83026133952524,976.35456,9490166.3232,0.2298509143180628,0.2144532573316708,0.3872065171202596,"5. Opti (Synchronisation Totale)","CNRM-CM5  ALADIN63","CNRM-CM5 (Modéré)"
2065,"3. Étang Exutoire",0,0,976.35456,9490166.3232,0.2298509143180628,0.2144532573316708,0.3872065171202596,"5. Opti (Synchronisation Totale)","CNRM-CM5  ALADIN63","CNRM-CM5 (Modéré)"
2066,"1. Étang de Tête",0,0,857.44224,8334338.5728,0.06087189384867588,0.17845669411162773,0.35562783730669595,"5. Opti (Synchronisation Totale)","CNRM-CM5  ALADIN63","CNRM-CM5 (Modéré)"
2066,"2. Étang de Milieu",68.97324430775906,29.179937393212402,857.44224,8334338.5728,0.06087189384867588,0.17845669411162773,0.35562783730669595,"5. Opti (Synchronisation Totale)","CNRM-CM5  ALADIN63","CNRM-CM5 (Modéré)"
2066,"3. Étang Exutoire",98.45607830318653,50.50451067120141,857.44224,8334338.5728,0.06087189384867588,0.17845669411162773,0.35562783730669595,"5. Opti (Synchronisation Totale)","CNRM-CM5  ALADIN63","CNRM-CM5 (Modéré)"
2067,"1. Étang de Tête",33.52591794998081,8.55479721284751,907.33824,8819327.6928,0.039707465541643644,0.18036406976659508,0.3485835476116352,"5. Opti (Synchronisation Totale)","CNRM-CM5  ALADIN63","CNRM-CM5 (Modéré)"
2067,"2. Étang de Milieu",47.07031360350926,19.334237554430324,907.33824,8819327.6928,0.039707465541643644,0.18036406976659508,0.3485835476116352,"5. Opti (Synchronisation Totale)","CNRM-CM5  ALADIN63","CNRM-CM5 (Modéré)"
2067,"3. Étang Exutoire",100,45.796460303652395,907.33824,8819327.6928,0.039707465541643644,0.18036406976659508,0.3485835476116352,"5. Opti (Synchronisation Totale)","CNRM-CM5  ALADIN63","CNRM-CM5 (Modéré)"
2068,"1. Étang de Tête",37.5078466367698,10.13995861745706,1004.79744,9766631.1168,0.033180251469615354,0.15123726619085684,0.3564449284953472,"5. Opti (Synchronisation Totale)","CNRM-CM5  ALADIN63","CNRM-CM5 (Modéré)"
2068,"2. Étang de Milieu",55.87137053310802,29.88969076956875,1004.79744,9766631.1168,0.033180251469615354,0.15123726619085684,0.3564449284953472,"5. Opti (Synchronisation Totale)","CNRM-CM5  ALADIN63","CNRM-CM5 (Modéré)"
2068,"3. Étang Exutoire",99.54370790806432,54.14465190411133,1004.79744,9766631.1168,0.033180251469615354,0.15123726619085684,0.3564449284953472,"5. Opti (Synchronisation Totale)","CNRM-CM5  ALADIN63","CNRM-CM5 (Modéré)"
2069,"1. Étang de Tête",44.91792842079868,16.61901963305089,1126.67328,10951264.281599998,0.06127868314347266,0.16911402456626748,0.36656805525294717,"5. Opti (Synchronisation Totale)","CNRM-CM5  ALADIN63","CNRM-CM5 (Modéré)"
2069,"2. Étang de Milieu",66.56058390336074,42.27793198604005,1126.67328,10951264.281599998,0.06127868314347266,0.16911402456626748,0.36656805525294717,"5. Opti (Synchronisation Totale)","CNRM-CM5  ALADIN63","CNRM-CM5 (Modéré)"
2069,"3. Étang Exutoire",98.40944717302354,64.80679298229336,1126.67328,10951264.281599998,0.06127868314347266,0.16911402456626748,0.36656805525294717,"5. Opti (Synchronisation Totale)","CNRM-CM5  ALADIN63","CNRM-CM5 (Modéré)"
2070,"1. Étang de Tête",35.44181537334302,13.293215980615619,993.56544,9657456.0768,0.1266385414978843,0.19780024955611344,0.3721861730076699,"5. Opti (Synchronisation Totale)","CNRM-CM5  ALADIN63","CNRM-CM5 (Modéré)"
2070,"2. Étang de Milieu",77.68450435872002,50.99700041145749,993.56544,9657456.0768,0.1266385414978843,0.19780024955611344,0.3721861730076699,"5. Opti (Synchronisation Totale)","CNRM-CM5  ALADIN63","CNRM-CM5 (Modéré)"
2070,"3. Étang Exutoire",0,0,993.56544,9657456.0768,0.1266385414978843,0.19780024955611344,0.3721861730076699,"5. Opti (Synchronisation Totale)","CNRM-CM5  ALADIN63","CNRM-CM5 (Modéré)"
2026,"1. Étang de Tête",56.79399531026733,24.84043695992167,814.29408,7914938.4576,0.06699991030377493,0.2305503574131609,0.38192661003366746,"5. Opti (Synchronisation Totale)","HadGEM2  CCLM4-8-17","HadGEM2 (Extrême sec)"
2026,"2. Étang de Milieu",74.61761015499293,42.6324262654531,814.29408,7914938.4576,0.06699991030377493,0.2305503574131609,0.38192661003366746,"5. Opti (Synchronisation Totale)","HadGEM2  CCLM4-8-17","HadGEM2 (Extrême sec)"
2026,"3. Étang Exutoire",97.08238810636304,43.773159110117305,814.29408,7914938.4576,0.06699991030377493,0.2305503574131609,0.38192661003366746,"5. Opti (Synchronisation Totale)","HadGEM2  CCLM4-8-17","HadGEM2 (Extrême sec)"
2027,"1. Étang de Tête",64.0617458817082,11.439409938640006,865.84032,8415967.9104,0.12432903759897042,0.20561142819485453,0.36737504064738946,"5. Opti (Synchronisation Totale)","HadGEM2  CCLM4-8-17","HadGEM2 (Extrême sec)"
2027,"2. Étang de Milieu",66.85777669492629,28.36902459926714,865.84032,8415967.9104,0.12432903759897042,0.20561142819485453,0.36737504064738946,"5. Opti (Synchronisation Totale)","HadGEM2  CCLM4-8-17","HadGEM2 (Extrême sec)"
2027,"3. Étang Exutoire",100,39.788585655097904,865.84032,8415967.9104,0.12432903759897042,0.20561142819485453,0.36737504064738946,"5. Opti (Synchronisation Totale)","HadGEM2  CCLM4-8-17","HadGEM2 (Extrême sec)"
2028,"1. Étang de Tête",34.15189565946579,9.63486895707452,809.04096,7863878.131200001,0.06460938010356249,0.20053664900564427,0.3631852592782178,"5. Opti (Synchronisation Totale)","HadGEM2  CCLM4-8-17","HadGEM2 (Extrême sec)"
2028,"2. Étang de Milieu",60.57148474054635,33.20071426921317,809.04096,7863878.131200001,0.06460938010356249,0.20053664900564427,0.3631852592782178,"5. Opti (Synchronisation Totale)","HadGEM2  CCLM4-8-17","HadGEM2 (Extrême sec)"
2028,"3. Étang Exutoire",95.46883688931393,51.23659303045181,809.04096,7863878.131200001,0.06460938010356249,0.20053664900564427,0.3631852592782178,"5. Opti (Synchronisation Totale)","HadGEM2  CCLM4-8-17","HadGEM2 (Extrême sec)"
2029,"1. Étang de Tête",27.96159837633891,5.279444872551876,910.75104,8852500.1088,0.03145595263104372,0.18653799003945645,0.3467366995213026,"5. Opti (Synchronisation Totale)","HadGEM2  CCLM4-8-17","HadGEM2 (Extrême sec)"
2029,"2. Étang de Milieu",50.06120732033351,22.492290156449226,910.75104,8852500.1088,0.03145595263104372,0.18653799003945645,0.3467366995213026,"5. Opti (Synchronisation Totale)","HadGEM2  CCLM4-8-17","HadGEM2 (Extrême sec)"
2029,"3. Étang Exutoire",100,59.36675695605849,910.75104,8852500.1088,0.03145595263104372,0.18653799003945645,0.3467366995213026,"5. Opti (Synchronisation Totale)","HadGEM2  CCLM4-8-17","HadGEM2 (Extrême sec)"
2030,"1. Étang de Tête",42.915001085352095,1.2651639301111717,754.82496,7336898.6112,0.06941032902418716,0.23799564915954255,0.37299912831785725,"5. Opti (Synchronisation Totale)","HadGEM2  CCLM4-8-17","HadGEM2 (Extrême sec)"
2030,"2. Étang de Milieu",70.30514900434794,14.147507667429045,754.82496,7336898.6112,0.06941032902418716,0.23799564915954255,0.37299912831785725,"5. Opti (Synchronisation Totale)","HadGEM2  CCLM4-8-17","HadGEM2 (Extrême sec)"
2030,"3. Étang Exutoire",0,0,754.82496,7336898.6112,0.06941032902418716,0.23799564915954255,0.37299912831785725,"5. Opti (Synchronisation Totale)","HadGEM2  CCLM4-8-17","HadGEM2 (Extrême sec)"
2031,"1. Étang de Tête",0,0,1225.22976,11909233.2672,0.13200018313568376,0.11046009668895793,0.39551704696554796,"5. Opti (Synchronisation Totale)","HadGEM2  CCLM4-8-17","HadGEM2 (Extrême sec)"
2031,"2. Étang de Milieu",78.7998489649423,57.47884820051763,1225.22976,11909233.2672,0.13200018313568376,0.11046009668895793,0.39551704696554796,"5. Opti (Synchronisation Totale)","HadGEM2  CCLM4-8-17","HadGEM2 (Extrême sec)"
2031,"3. Étang Exutoire",99.11288412210293,63.779783183024605,1225.22976,11909233.2672,0.13200018313568376,0.11046009668895793,0.39551704696554796,"5. Opti (Synchronisation Totale)","HadGEM2  CCLM4-8-17","HadGEM2 (Extrême sec)"
2032,"1. Étang de Tête",55.11817309348781,65.01856005323562,1162.24416,11297013.235199999,0.10403444128495345,0.09969438696919586,0.36836220971574946,"5. Opti (Synchronisation Totale)","HadGEM2  CCLM4-8-17","HadGEM2 (Extrême sec)"
2032,"2. Étang de Milieu",66.19121663312646,62.08131524218527,1162.24416,11297013.235199999,0.10403444128495345,0.09969438696919586,0.36836220971574946,"5. Opti (Synchronisation Totale)","HadGEM2  CCLM4-8-17","HadGEM2 (Extrême sec)"
2032,"3. Étang Exutoire",99.85245544496179,87.1091460180483,1162.24416,11297013.235199999,0.10403444128495345,0.09969438696919586,0.36836220971574946,"5. Opti (Synchronisation Totale)","HadGEM2  CCLM4-8-17","HadGEM2 (Extrême sec)"
2033,"1. Étang de Tête",40.98847264015996,25.73571150287635,1205.97984,11722124.0448,0.14315201293977686,0.1162667340600096,0.3696187417790399,"5. Opti (Synchronisation Totale)","HadGEM2  CCLM4-8-17","HadGEM2 (Extrême sec)"
2033,"2. Étang de Milieu",72.41484338480427,52.29419975889885,1205.97984,11722124.0448,0.14315201293977686,0.1162667340600096,0.3696187417790399,"5. Opti (Synchronisation Totale)","HadGEM2  CCLM4-8-17","HadGEM2 (Extrême sec)"
2033,"3. Étang Exutoire",99.75789983727026,67.45912967645103,1205.97984,11722124.0448,0.14315201293977686,0.1162667340600096,0.3696187417790399,"5. Opti (Synchronisation Totale)","HadGEM2  CCLM4-8-17","HadGEM2 (Extrême sec)"
2034,"1. Étang de Tête",47.26912635963315,7.469088864056119,833.27616,8099444.2752,0.16805541174368055,0.22047511201005335,0.38822356518993256,"5. Opti (Synchronisation Totale)","HadGEM2  CCLM4-8-17","HadGEM2 (Extrême sec)"
2034,"2. Étang de Milieu",70.65322018617124,31.431438113505596,833.27616,8099444.2752,0.16805541174368055,0.22047511201005335,0.38822356518993256,"5. Opti (Synchronisation Totale)","HadGEM2  CCLM4-8-17","HadGEM2 (Extrême sec)"
2034,"3. Étang Exutoire",99.36260707439365,45.76357557854321,833.27616,8099444.2752,0.16805541174368055,0.22047511201005335,0.38822356518993256,"5. Opti (Synchronisation Totale)","HadGEM2  CCLM4-8-17","HadGEM2 (Extrême sec)"
2035,"1. Étang de Tête",32.0098015308527,3.8385911417691356,864.84672,8406310.1184,0.06274560389429573,0.21837392824840288,0.3566441467341667,"5. Opti (Synchronisation Totale)","HadGEM2  CCLM4-8-17","HadGEM2 (Extrême sec)"
2035,"2. Étang de Milieu",68.98686591346288,22.546549206051008,864.84672,8406310.1184,0.06274560389429573,0.21837392824840288,0.3566441467341667,"5. Opti (Synchronisation Totale)","HadGEM2  CCLM4-8-17","HadGEM2 (Extrême sec)"
2035,"3. Étang Exutoire",0,0,864.84672,8406310.1184,0.06274560389429573,0.21837392824840288,0.3566441467341667,"5. Opti (Synchronisation Totale)","HadGEM2  CCLM4-8-17","HadGEM2 (Extrême sec)"
2036,"1. Étang de Tête",0,0,936.45504,9102342.9888,0.08861286808902537,0.17401725020764075,0.3757802434314636,"5. Opti (Synchronisation Totale)","HadGEM2  CCLM4-8-17","HadGEM2 (Extrême sec)"
2036,"2. Étang de Milieu",70.0612718107996,35.35585956068281,936.45504,9102342.9888,0.08861286808902537,0.17401725020764075,0.3757802434314636,"5. Opti (Synchronisation Totale)","HadGEM2  CCLM4-8-17","HadGEM2 (Extrême sec)"
2036,"3. Étang Exutoire",98.50133544609437,45.18535976199637,936.45504,9102342.9888,0.08861286808902537,0.17401725020764075,0.3757802434314636,"5. Opti (Synchronisation Totale)","HadGEM2  CCLM4-8-17","HadGEM2 (Extrême sec)"
2037,"1. Étang de Tête",31.50807499511799,38.08033457751531,912.66048,8871059.8656,0.051610057389003275,0.1706343390874441,0.3638398379025957,"5. Opti (Synchronisation Totale)","HadGEM2  CCLM4-8-17","HadGEM2 (Extrême sec)"
2037,"2. Étang de Milieu",49.94888999708851,38.99122884009986,912.66048,8871059.8656,0.051610057389003275,0.1706343390874441,0.3638398379025957,"5. Opti (Synchronisation Totale)","HadGEM2  CCLM4-8-17","HadGEM2 (Extrême sec)"
2037,"3. Étang Exutoire",99.45225260420929,65.76109713443519,912.66048,8871059.8656,0.051610057389003275,0.1706343390874441,0.3638398379025957,"5. Opti (Synchronisation Totale)","HadGEM2  CCLM4-8-17","HadGEM2 (Extrême sec)"
2038,"1. Étang de Tête",33.74351399377898,16.729160600554394,1104.08832,10731738.470400002,0.04716605174872568,0.14230169428122985,0.3534084796956183,"5. Opti (Synchronisation Totale)","HadGEM2  CCLM4-8-17","HadGEM2 (Extrême sec)"
2038,"2. Étang de Milieu",59.971134554567286,38.10428188842786,1104.08832,10731738.470400002,0.04716605174872568,0.14230169428122985,0.3534084796956183,"5. Opti (Synchronisation Totale)","HadGEM2  CCLM4-8-17","HadGEM2 (Extrême sec)"
2038,"3. Étang Exutoire",100,54.029607826326696,1104.08832,10731738.470400002,0.04716605174872568,0.14230169428122985,0.3534084796956183,"5. Opti (Synchronisation Totale)","HadGEM2  CCLM4-8-17","HadGEM2 (Extrême sec)"
2039,"1. Étang de Tête",79.78732414986852,53.679335527940474,1387.43712,13485888.806400001,0.15789004545225946,0.11632447868072104,0.39516029593353535,"5. Opti (Synchronisation Totale)","HadGEM2  CCLM4-8-17","HadGEM2 (Extrême sec)"
2039,"2. Étang de Milieu",76.18913042407193,53.01233988076663,1387.43712,13485888.806400001,0.15789004545225946,0.11632447868072104,0.39516029593353535,"5. Opti (Synchronisation Totale)","HadGEM2  CCLM4-8-17","HadGEM2 (Extrême sec)"
2039,"3. Étang Exutoire",99.64717041683717,69.17488628423145,1387.43712,13485888.806400001,0.15789004545225946,0.11632447868072104,0.39516029593353535,"5. Opti (Synchronisation Totale)","HadGEM2  CCLM4-8-17","HadGEM2 (Extrême sec)"
2040,"1. Étang de Tête",38.206268133759345,26.576253442125495,1140.06528,11081434.5216,0.1848565157156723,0.16181457199422694,0.38821347271104534,"5. Opti (Synchronisation Totale)","HadGEM2  CCLM4-8-17","HadGEM2 (Extrême sec)"
2040,"2. Étang de Milieu",81.5661870076052,42.645930727859074,1140.06528,11081434.5216,0.1848565157156723,0.16181457199422694,0.38821347271104534,"5. Opti (Synchronisation Totale)","HadGEM2  CCLM4-8-17","HadGEM2 (Extrême sec)"
2040,"3. Étang Exutoire",0,0,1140.06528,11081434.5216,0.1848565157156723,0.16181457199422694,0.38821347271104534,"5. Opti (Synchronisation Totale)","HadGEM2  CCLM4-8-17","HadGEM2 (Extrême sec)"
2041,"1. Étang de Tête",0,0,635.35968,6175696.0896,0.14133405758862244,0.2606722119612778,0.3725629858925823,"5. Opti (Synchronisation Totale)","HadGEM2  CCLM4-8-17","HadGEM2 (Extrême sec)"
2041,"2. Étang de Milieu",74.15764408033189,10.316861710887734,635.35968,6175696.0896,0.14133405758862244,0.2606722119612778,0.3725629858925823,"5. Opti (Synchronisation Totale)","HadGEM2  CCLM4-8-17","HadGEM2 (Extrême sec)"
2041,"3. Étang Exutoire",100,12.317404869503443,635.35968,6175696.0896,0.14133405758862244,0.2606722119612778,0.3725629858925823,"5. Opti (Synchronisation Totale)","HadGEM2  CCLM4-8-17","HadGEM2 (Extrême sec)"
2042,"1. Étang de Tête",68.654289252424,26.287066889334277,1183.04064,11499155.0208,0.09950353524039726,0.15309277935008025,0.38605893980657624,"5. Opti (Synchronisation Totale)","HadGEM2  CCLM4-8-17","HadGEM2 (Extrême sec)"
2042,"2. Étang de Milieu",65.410780618566,33.206952138855975,1183.04064,11499155.0208,0.09950353524039726,0.15309277935008025,0.38605893980657624,"5. Opti (Synchronisation Totale)","HadGEM2  CCLM4-8-17","HadGEM2 (Extrême sec)"
2042,"3. Étang Exutoire",100,46.71405157967665,1183.04064,11499155.0208,0.09950353524039726,0.15309277935008025,0.38605893980657624,"5. Opti (Synchronisation Totale)","HadGEM2  CCLM4-8-17","HadGEM2 (Extrême sec)"
2043,"1. Étang de Tête",20.60861289288489,19.13066737872583,893.82528,8687981.7216,0.05599842084326929,0.17319355218729338,0.3505817576100868,"5. Opti (Synchronisation Totale)","HadGEM2  CCLM4-8-17","HadGEM2 (Extrême sec)"
2043,"2. Étang de Milieu",62.45663812411004,33.07751186343336,893.82528,8687981.7216,0.05599842084326929,0.17319355218729338,0.3505817576100868,"5. Opti (Synchronisation Totale)","HadGEM2  CCLM4-8-17","HadGEM2 (Extrême sec)"
2043,"3. Étang Exutoire",98.68882808195181,49.699267112423854,893.82528,8687981.7216,0.05599842084326929,0.17319355218729338,0.3505817576100868,"5. Opti (Synchronisation Totale)","HadGEM2  CCLM4-8-17","HadGEM2 (Extrême sec)"
2044,"1. Étang de Tête",51.14248468133199,20.746145864675274,1284.01632,12480638.6304,0.16189871176513493,0.14330885156678308,0.39729081592382515,"5. Opti (Synchronisation Totale)","HadGEM2  CCLM4-8-17","HadGEM2 (Extrême sec)"
2044,"2. Étang de Milieu",73.24095745082228,42.601215262821576,1284.01632,12480638.6304,0.16189871176513493,0.14330885156678308,0.39729081592382515,"5. Opti (Synchronisation Totale)","HadGEM2  CCLM4-8-17","HadGEM2 (Extrême sec)"
2044,"3. Étang Exutoire",100,58.681028450352514,1284.01632,12480638.6304,0.16189871176513493,0.14330885156678308,0.39729081592382515,"5. Opti (Synchronisation Totale)","HadGEM2  CCLM4-8-17","HadGEM2 (Extrême sec)"
2045,"1. Étang de Tête",48.135641953620734,25.213894726936807,924.15168,8982754.3296,0.10591894056812809,0.19227109446306215,0.38220786716334326,"5. Opti (Synchronisation Totale)","HadGEM2  CCLM4-8-17","HadGEM2 (Extrême sec)"
2045,"2. Étang de Milieu",75.9308552243238,46.16222573391051,924.15168,8982754.3296,0.10591894056812809,0.19227109446306215,0.38220786716334326,"5. Opti (Synchronisation Totale)","HadGEM2  CCLM4-8-17","HadGEM2 (Extrême sec)"
2045,"3. Étang Exutoire",0,0,924.15168,8982754.3296,0.10591894056812809,0.19227109446306215,0.38220786716334326,"5. Opti (Synchronisation Totale)","HadGEM2  CCLM4-8-17","HadGEM2 (Extrême sec)"
2046,"1. Étang de Tête",0,0,1106.68032,10756932.7104,0.1106215474564793,0.10286229733803984,0.3789337450702533,"5. Opti (Synchronisation Totale)","HadGEM2  CCLM4-8-17","HadGEM2 (Extrême sec)"
2046,"2. Étang de Milieu",73.11047603090502,75.91930827840635,1106.68032,10756932.7104,0.1106215474564793,0.10286229733803984,0.3789337450702533,"5. Opti (Synchronisation Totale)","HadGEM2  CCLM4-8-17","HadGEM2 (Extrême sec)"
2046,"3. Étang Exutoire",100,86.71381313920318,1106.68032,10756932.7104,0.1106215474564793,0.10286229733803984,0.3789337450702533,"5. Opti (Synchronisation Totale)","HadGEM2  CCLM4-8-17","HadGEM2 (Extrême sec)"
2047,"1. Étang de Tête",53.84749635811499,18.340008614280535,987.5692799999999,9599173.4016,0.1320713323239628,0.19693763429020247,0.37288246101541417,"5. Opti (Synchronisation Totale)","HadGEM2  CCLM4-8-17","HadGEM2 (Extrême sec)"
2047,"2. Étang de Milieu",66.22236673434368,30.077359124303914,987.5692799999999,9599173.4016,0.1320713323239628,0.19693763429020247,0.37288246101541417,"5. Opti (Synchronisation Totale)","HadGEM2  CCLM4-8-17","HadGEM2 (Extrême sec)"
2047,"3. Étang Exutoire",99.38695888992358,37.93681242874945,987.5692799999999,9599173.4016,0.1320713323239628,0.19693763429020247,0.37288246101541417,"5. Opti (Synchronisation Totale)","HadGEM2  CCLM4-8-17","HadGEM2 (Extrême sec)"
2048,"1. Étang de Tête",62.22044097199938,19.3384975499391,1133.24832,11015173.6704,0.14003294859948476,0.15488884645654843,0.39888979053226914,"5. Opti (Synchronisation Totale)","HadGEM2  CCLM4-8-17","HadGEM2 (Extrême sec)"
2048,"2. Étang de Milieu",73.59438242236583,33.689185573655195,1133.24832,11015173.6704,0.14003294859948476,0.15488884645654843,0.39888979053226914,"5. Opti (Synchronisation Totale)","HadGEM2  CCLM4-8-17","HadGEM2 (Extrême sec)"
2048,"3. Étang Exutoire",100,34.04845438845787,1133.24832,11015173.6704,0.14003294859948476,0.15488884645654843,0.39888979053226914,"5. Opti (Synchronisation Totale)","HadGEM2  CCLM4-8-17","HadGEM2 (Extrême sec)"
2049,"1. Étang de Tête",57.515392850151706,5.789205942090038,830.736,8074753.92,0.055012020451494593,0.2515754291471852,0.3629093806074137,"5. Opti (Synchronisation Totale)","HadGEM2  CCLM4-8-17","HadGEM2 (Extrême sec)"
2049,"2. Étang de Milieu",64.72042673136542,21.189974216243364,830.736,8074753.92,0.055012020451494593,0.2515754291471852,0.3629093806074137,"5. Opti (Synchronisation Totale)","HadGEM2  CCLM4-8-17","HadGEM2 (Extrême sec)"
2049,"3. Étang Exutoire",100,43.250239474422145,830.736,8074753.92,0.055012020451494593,0.2515754291471852,0.3629093806074137,"5. Opti (Synchronisation Totale)","HadGEM2  CCLM4-8-17","HadGEM2 (Extrême sec)"
2050,"1. Étang de Tête",50.491769553379704,34.49453004660293,1135.35648,11035664.9856,0.05408538418393565,0.17214086989024932,0.3662456475327833,"5. Opti (Synchronisation Totale)","HadGEM2  CCLM4-8-17","HadGEM2 (Extrême sec)"
2050,"2. Étang de Milieu",70.39080288588937,52.20080056686178,1135.35648,11035664.9856,0.05408538418393565,0.17214086989024932,0.3662456475327833,"5. Opti (Synchronisation Totale)","HadGEM2  CCLM4-8-17","HadGEM2 (Extrême sec)"
2050,"3. Étang Exutoire",0,0,1135.35648,11035664.9856,0.05408538418393565,0.17214086989024932,0.3662456475327833,"5. Opti (Synchronisation Totale)","HadGEM2  CCLM4-8-17","HadGEM2 (Extrême sec)"
2051,"1. Étang de Tête",39.186098018591046,30.503085806018408,1150.85664,11186326.5408,0.07924362301348074,0.1460112560394393,0.3624036484480808,"5. Opti (Synchronisation Totale)","HadGEM2  CCLM4-8-17","HadGEM2 (Extrême sec)"
2051,"2. Étang de Milieu",76.62381963773133,61.23712599328606,1150.85664,11186326.5408,0.07924362301348074,0.1460112560394393,0.3624036484480808,"5. Opti (Synchronisation Totale)","HadGEM2  CCLM4-8-17","HadGEM2 (Extrême sec)"
2051,"3. Étang Exutoire",100,68.97601797745577,1150.85664,11186326.5408,0.07924362301348074,0.1460112560394393,0.3624036484480808,"5. Opti (Synchronisation Totale)","HadGEM2  CCLM4-8-17","HadGEM2 (Extrême sec)"
2052,"1. Étang de Tête",58.06372658910852,5.472422426073785,823.85856,8007905.2032,0.20952803065742243,0.2565776287194934,0.3949076794667836,"5. Opti (Synchronisation Totale)","HadGEM2  CCLM4-8-17","HadGEM2 (Extrême sec)"
2052,"2. Étang de Milieu",68.03528907016174,18.673142844340997,823.85856,8007905.2032,0.20952803065742243,0.2565776287194934,0.3949076794667836,"5. Opti (Synchronisation Totale)","HadGEM2  CCLM4-8-17","HadGEM2 (Extrême sec)"
2052,"3. Étang Exutoire",100,21.865630384017923,823.85856,8007905.2032,0.20952803065742243,0.2565776287194934,0.3949076794667836,"5. Opti (Synchronisation Totale)","HadGEM2  CCLM4-8-17","HadGEM2 (Extrême sec)"
2053,"1. Étang de Tête",50.83754904209048,10.098392891736362,946.19232,9196989.3504,0.06332049619167343,0.1999548824613407,0.38058539598357455,"5. Opti (Synchronisation Totale)","HadGEM2  CCLM4-8-17","HadGEM2 (Extrême sec)"
2053,"2. Étang de Milieu",69.41393484071902,28.765368432726678,946.19232,9196989.3504,0.06332049619167343,0.1999548824613407,0.38058539598357455,"5. Opti (Synchronisation Totale)","HadGEM2  CCLM4-8-17","HadGEM2 (Extrême sec)"
2053,"3. Étang Exutoire",99.66509087353322,35.97108882256258,946.19232,9196989.3504,0.06332049619167343,0.1999548824613407,0.38058539598357455,"5. Opti (Synchronisation Totale)","HadGEM2  CCLM4-8-17","HadGEM2 (Extrême sec)"
2054,"1. Étang de Tête",33.56432544416709,6.206421050883969,1010.80224,9824997.7728,0.05914380008598343,0.21622941809105772,0.37113408322963637,"5. Opti (Synchronisation Totale)","HadGEM2  CCLM4-8-17","HadGEM2 (Extrême sec)"
2054,"2. Étang de Milieu",59.03916667513419,20.826197066550947,1010.80224,9824997.7728,0.05914380008598343,0.21622941809105772,0.37113408322963637,"5. Opti (Synchronisation Totale)","HadGEM2  CCLM4-8-17","HadGEM2 (Extrême sec)"
2054,"3. Étang Exutoire",97.82188617321582,30.60174299775249,1010.80224,9824997.7728,0.05914380008598343,0.21622941809105772,0.37113408322963637,"5. Opti (Synchronisation Totale)","HadGEM2  CCLM4-8-17","HadGEM2 (Extrême sec)"
2055,"1. Étang de Tête",29.48661738244669,12.807415151826978,883.53504,8587960.5888,0.04553616505899928,0.21325224290219794,0.358652979765525,"5. Opti (Synchronisation Totale)","HadGEM2  CCLM4-8-17","HadGEM2 (Extrême sec)"
2055,"2. Étang de Milieu",57.86691983728953,29.09933788102526,883.53504,8587960.5888,0.04553616505899928,0.21325224290219794,0.358652979765525,"5. Opti (Synchronisation Totale)","HadGEM2  CCLM4-8-17","HadGEM2 (Extrême sec)"
2055,"3. Étang Exutoire",0,0,883.53504,8587960.5888,0.04553616505899928,0.21325224290219794,0.358652979765525,"5. Opti (Synchronisation Totale)","HadGEM2  CCLM4-8-17","HadGEM2 (Extrême sec)"
2056,"1. Étang de Tête",0,0,1065.75264,10359115.660799999,0.1213290110138989,0.11254422787108019,0.3956952092986321,"5. Opti (Synchronisation Totale)","HadGEM2  CCLM4-8-17","HadGEM2 (Extrême sec)"
2056,"2. Étang de Milieu",68.41303882705914,59.41280121139614,1065.75264,10359115.660799999,0.1213290110138989,0.11254422787108019,0.3956952092986321,"5. Opti (Synchronisation Totale)","HadGEM2  CCLM4-8-17","HadGEM2 (Extrême sec)"
2056,"3. Étang Exutoire",98.72868718098917,69.69691074974803,1065.75264,10359115.660799999,0.1213290110138989,0.11254422787108019,0.3956952092986321,"5. Opti (Synchronisation Totale)","HadGEM2  CCLM4-8-17","HadGEM2 (Extrême sec)"
2057,"1. Étang de Tête",33.90476300354611,33.54638350148372,1047.01248,10176961.3056,0.08430466805138431,0.15277014326532745,0.354391406283385,"5. Opti (Synchronisation Totale)","HadGEM2  CCLM4-8-17","HadGEM2 (Extrême sec)"
2057,"2. Étang de Milieu",62.69921228930283,51.90889145443134,1047.01248,10176961.3056,0.08430466805138431,0.15277014326532745,0.354391406283385,"5. Opti (Synchronisation Totale)","HadGEM2  CCLM4-8-17","HadGEM2 (Extrême sec)"
2057,"3. Étang Exutoire",100,79.04571169846001,1047.01248,10176961.3056,0.08430466805138431,0.15277014326532745,0.354391406283385,"5. Opti (Synchronisation Totale)","HadGEM2  CCLM4-8-17","HadGEM2 (Extrême sec)"
2058,"1. Étang de Tête",39.399116934043384,0,736.87104,7162386.5088,0.17129311576469286,0.245740950416451,0.3841666231393319,"5. Opti (Synchronisation Totale)","HadGEM2  CCLM4-8-17","HadGEM2 (Extrême sec)"
2058,"2. Étang de Milieu",70.84878896955681,7.028440115504817,736.87104,7162386.5088,0.17129311576469286,0.245740950416451,0.3841666231393319,"5. Opti (Synchronisation Totale)","HadGEM2  CCLM4-8-17","HadGEM2 (Extrême sec)"
2058,"3. Étang Exutoire",98.5114566502998,0,736.87104,7162386.5088,0.17129311576469286,0.245740950416451,0.3841666231393319,"5. Opti (Synchronisation Totale)","HadGEM2  CCLM4-8-17","HadGEM2 (Extrême sec)"
2059,"1. Étang de Tête",45.67160978336184,7.4124490473227285,904.80672,8794721.318400001,0.028177658503717153,0.23015711307004078,0.3689427252551177,"5. Opti (Synchronisation Totale)","HadGEM2  CCLM4-8-17","HadGEM2 (Extrême sec)"
2059,"2. Étang de Milieu",48.93683361368065,13.381932510454176,904.80672,8794721.318400001,0.028177658503717153,0.23015711307004078,0.3689427252551177,"5. Opti (Synchronisation Totale)","HadGEM2  CCLM4-8-17","HadGEM2 (Extrême sec)"
2059,"3. Étang Exutoire",99.76042063699002,33.4111036973974,904.80672,8794721.318400001,0.028177658503717153,0.23015711307004078,0.3689427252551177,"5. Opti (Synchronisation Totale)","HadGEM2  CCLM4-8-17","HadGEM2 (Extrême sec)"
2060,"1. Étang de Tête",18.785035795407257,0.03030969882559016,810.61344,7879162.6367999995,0.04430039009866387,0.22568657341279127,0.35703829060812553,"5. Opti (Synchronisation Totale)","HadGEM2  CCLM4-8-17","HadGEM2 (Extrême sec)"
2060,"2. Étang de Milieu",61.19863398635956,19.474889489764827,810.61344,7879162.6367999995,0.04430039009866387,0.22568657341279127,0.35703829060812553,"5. Opti (Synchronisation Totale)","HadGEM2  CCLM4-8-17","HadGEM2 (Extrême sec)"
2060,"3. Étang Exutoire",0,0,810.61344,7879162.6367999995,0.04430039009866387,0.22568657341279127,0.35703829060812553,"5. Opti (Synchronisation Totale)","HadGEM2  CCLM4-8-17","HadGEM2 (Extrême sec)"
2061,"1. Étang de Tête",0,0,714.55392,6945464.1024,0.029183865838760422,0.22039657256209896,0.3469382009394437,"5. Opti (Synchronisation Totale)","HadGEM2  CCLM4-8-17","HadGEM2 (Extrême sec)"
2061,"2. Étang de Milieu",55.088832504288,5.901457226827271,714.55392,6945464.1024,0.029183865838760422,0.22039657256209896,0.3469382009394437,"5. Opti (Synchronisation Totale)","HadGEM2  CCLM4-8-17","HadGEM2 (Extrême sec)"
2061,"3. Étang Exutoire",94.63688771570439,12.374119410206498,714.55392,6945464.1024,0.029183865838760422,0.22039657256209896,0.3469382009394437,"5. Opti (Synchronisation Totale)","HadGEM2  CCLM4-8-17","HadGEM2 (Extrême sec)"
2062,"1. Étang de Tête",64.14978196764876,13.56312757340323,1118.81952,10874925.7344,0.0987384554734462,0.18119338043137886,0.39227679084851125,"5. Opti (Synchronisation Totale)","HadGEM2  CCLM4-8-17","HadGEM2 (Extrême sec)"
2062,"2. Étang de Milieu",62.17741026249692,22.479490658269217,1118.81952,10874925.7344,0.0987384554734462,0.18119338043137886,0.39227679084851125,"5. Opti (Synchronisation Totale)","HadGEM2  CCLM4-8-17","HadGEM2 (Extrême sec)"
2062,"3. Étang Exutoire",100,28.597246875125965,1118.81952,10874925.7344,0.0987384554734462,0.18119338043137886,0.39227679084851125,"5. Opti (Synchronisation Totale)","HadGEM2  CCLM4-8-17","HadGEM2 (Extrême sec)"
2063,"1. Étang de Tête",51.60445757511325,3.8112478525764977,924.90336,8990060.6592,0.03463550539365936,0.20518266817633132,0.35886374638115764,"5. Opti (Synchronisation Totale)","HadGEM2  CCLM4-8-17","HadGEM2 (Extrême sec)"
2063,"2. Étang de Milieu",64.22012745548608,18.722651183994103,924.90336,8990060.6592,0.03463550539365936,0.20518266817633132,0.35886374638115764,"5. Opti (Synchronisation Totale)","HadGEM2  CCLM4-8-17","HadGEM2 (Extrême sec)"
2063,"3. Étang Exutoire",100,24.62222678439431,924.90336,8990060.6592,0.03463550539365936,0.20518266817633132,0.35886374638115764,"5. Opti (Synchronisation Totale)","HadGEM2  CCLM4-8-17","HadGEM2 (Extrême sec)"
2064,"1. Étang de Tête",35.34552192202977,17.250237945875224,895.12992,8700662.8224,0.06699982264870463,0.21933246289406605,0.3807711148271239,"5. Opti (Synchronisation Totale)","HadGEM2  CCLM4-8-17","HadGEM2 (Extrême sec)"
2064,"2. Étang de Milieu",54.903869360078,34.25817629772139,895.12992,8700662.8224,0.06699982264870463,0.21933246289406605,0.3807711148271239,"5. Opti (Synchronisation Totale)","HadGEM2  CCLM4-8-17","HadGEM2 (Extrême sec)"
2064,"3. Étang Exutoire",97.07384800351277,49.34620683443974,895.12992,8700662.8224,0.06699982264870463,0.21933246289406605,0.3807711148271239,"5. Opti (Synchronisation Totale)","HadGEM2  CCLM4-8-17","HadGEM2 (Extrême sec)"
2065,"1. Étang de Tête",38.56678442135382,31.083298519657177,1222.05888,11878412.3136,0.06045536276713324,0.14090392389772124,0.3686112236805687,"5. Opti (Synchronisation Totale)","HadGEM2  CCLM4-8-17","HadGEM2 (Extrême sec)"
2065,"2. Étang de Milieu",68.62242977084139,48.49570607997592,1222.05888,11878412.3136,0.06045536276713324,0.14090392389772124,0.3686112236805687,"5. Opti (Synchronisation Totale)","HadGEM2  CCLM4-8-17","HadGEM2 (Extrême sec)"
2065,"3. Étang Exutoire",0,0,1222.05888,11878412.3136,0.06045536276713324,0.14090392389772124,0.3686112236805687,"5. Opti (Synchronisation Totale)","HadGEM2  CCLM4-8-17","HadGEM2 (Extrême sec)"
2066,"1. Étang de Tête",0,0,1148.2128,11160628.416,0.2093922057908999,0.14971819094776193,0.39518616206380913,"5. Opti (Synchronisation Totale)","HadGEM2  CCLM4-8-17","HadGEM2 (Extrême sec)"
2066,"2. Étang de Milieu",86.61466248373806,34.57379384833223,1148.2128,11160628.416,0.2093922057908999,0.14971819094776193,0.39518616206380913,"5. Opti (Synchronisation Totale)","HadGEM2  CCLM4-8-17","HadGEM2 (Extrême sec)"
2066,"3. Étang Exutoire",99.80135601639036,35.571661826571464,1148.2128,11160628.416,0.2093922057908999,0.14971819094776193,0.39518616206380913,"5. Opti (Synchronisation Totale)","HadGEM2  CCLM4-8-17","HadGEM2 (Extrême sec)"
2067,"1. Étang de Tête",61.63675448334527,27.116566829208086,1154.09664,11217819.3408,0.1416115198299464,0.1445621509090279,0.3937733591754398,"5. Opti (Synchronisation Totale)","HadGEM2  CCLM4-8-17","HadGEM2 (Extrême sec)"
2067,"2. Étang de Milieu",69.73316977990612,43.188815158702475,1154.09664,11217819.3408,0.1416115198299464,0.1445621509090279,0.3937733591754398,"5. Opti (Synchronisation Totale)","HadGEM2  CCLM4-8-17","HadGEM2 (Extrême sec)"
2067,"3. Étang Exutoire",99.21670347774251,58.03850586848749,1154.09664,11217819.3408,0.1416115198299464,0.1445621509090279,0.3937733591754398,"5. Opti (Synchronisation Totale)","HadGEM2  CCLM4-8-17","HadGEM2 (Extrême sec)"
2068,"1. Étang de Tête",61.9342710215217,9.320682232095535,994.02336,9661907.0592,0.10535077854909451,0.21481872984926598,0.3778625658710413,"5. Opti (Synchronisation Totale)","HadGEM2  CCLM4-8-17","HadGEM2 (Extrême sec)"
2068,"2. Étang de Milieu",70.84012967101287,26.41594194241764,994.02336,9661907.0592,0.10535077854909451,0.21481872984926598,0.3778625658710413,"5. Opti (Synchronisation Totale)","HadGEM2  CCLM4-8-17","HadGEM2 (Extrême sec)"
2068,"3. Étang Exutoire",100,24.90479602904355,994.02336,9661907.0592,0.10535077854909451,0.21481872984926598,0.3778625658710413,"5. Opti (Synchronisation Totale)","HadGEM2  CCLM4-8-17","HadGEM2 (Extrême sec)"
2069,"1. Étang de Tête",49.972818427844906,23.450329480003717,1026.2592,9975239.423999999,0.06668450589550574,0.18117341388782968,0.3746410903685921,"5. Opti (Synchronisation Totale)","HadGEM2  CCLM4-8-17","HadGEM2 (Extrême sec)"
2069,"2. Étang de Milieu",62.49369331200552,36.266326685994734,1026.2592,9975239.423999999,0.06668450589550574,0.18117341388782968,0.3746410903685921,"5. Opti (Synchronisation Totale)","HadGEM2  CCLM4-8-17","HadGEM2 (Extrême sec)"
2069,"3. Étang Exutoire",100,48.617625611853505,1026.2592,9975239.423999999,0.06668450589550574,0.18117341388782968,0.3746410903685921,"5. Opti (Synchronisation Totale)","HadGEM2  CCLM4-8-17","HadGEM2 (Extrême sec)"
2070,"1. Étang de Tête",51.71968103843809,11.32125778752157,861.65856,8375321.203199999,0.10425762225659888,0.25076754552452796,0.37982327234156754,"5. Opti (Synchronisation Totale)","HadGEM2  CCLM4-8-17","HadGEM2 (Extrême sec)"
2070,"2. Étang de Milieu",75.55036878566995,28.6990491287544,861.65856,8375321.203199999,0.10425762225659888,0.25076754552452796,0.37982327234156754,"5. Opti (Synchronisation Totale)","HadGEM2  CCLM4-8-17","HadGEM2 (Extrême sec)"
2070,"3. Étang Exutoire",0,0,861.65856,8375321.203199999,0.10425762225659888,0.25076754552452796,0.37982327234156754,"5. Opti (Synchronisation Totale)","HadGEM2  CCLM4-8-17","HadGEM2 (Extrême sec)"
2026,"1. Étang de Tête",58.95043244151483,49.18521244287568,1157.30208,11248976.2176,0.07224044588274682,0.1408709474927813,0.37409549929100594,"5. Opti (Synchronisation Totale)","HadGEM2  RegCM4-6","HadGEM2 (Chaud/Sec modéré)"
2026,"2. Étang de Milieu",78.34480206003542,65.358258523243,1157.30208,11248976.2176,0.07224044588274682,0.1408709474927813,0.37409549929100594,"5. Opti (Synchronisation Totale)","HadGEM2  RegCM4-6","HadGEM2 (Chaud/Sec modéré)"
2026,"3. Étang Exutoire",99.77580630210464,74.02241946253073,1157.30208,11248976.2176,0.07224044588274682,0.1408709474927813,0.37409549929100594,"5. Opti (Synchronisation Totale)","HadGEM2  RegCM4-6","HadGEM2 (Chaud/Sec modéré)"
2027,"1. Étang de Tête",56.66854189206968,65.77418479880302,1218.11904,11840117.068799999,0.25139141184762626,0.12418729987861767,0.39992928546091866,"5. Opti (Synchronisation Totale)","HadGEM2  RegCM4-6","HadGEM2 (Chaud/Sec modéré)"
2027,"2. Étang de Milieu",69.5069091919245,57.19707554234179,1218.11904,11840117.068799999,0.25139141184762626,0.12418729987861767,0.39992928546091866,"5. Opti (Synchronisation Totale)","HadGEM2  RegCM4-6","HadGEM2 (Chaud/Sec modéré)"
2027,"3. Étang Exutoire",100,79.16478892395978,1218.11904,11840117.068799999,0.25139141184762626,0.12418729987861767,0.39992928546091866,"5. Opti (Synchronisation Totale)","HadGEM2  RegCM4-6","HadGEM2 (Chaud/Sec modéré)"
2028,"1. Étang de Tête",34.639217927096276,20.647971149041776,1092.36384,10617776.524799999,0.1804726378251261,0.13162252768439728,0.37503473089793915,"5. Opti (Synchronisation Totale)","HadGEM2  RegCM4-6","HadGEM2 (Chaud/Sec modéré)"
2028,"2. Étang de Milieu",70.42951799985643,54.596790933438044,1092.36384,10617776.524799999,0.1804726378251261,0.13162252768439728,0.37503473089793915,"5. Opti (Synchronisation Totale)","HadGEM2  RegCM4-6","HadGEM2 (Chaud/Sec modéré)"
2028,"3. Étang Exutoire",96.45828176871701,69.95557826875746,1092.36384,10617776.524799999,0.1804726378251261,0.13162252768439728,0.37503473089793915,"5. Opti (Synchronisation Totale)","HadGEM2  RegCM4-6","HadGEM2 (Chaud/Sec modéré)"
2029,"1. Étang de Tête",23.72995422916926,23.351843419852685,964.4832,9374776.704,0.05677370702628505,0.1746455154488237,0.3453564913948013,"5. Opti (Synchronisation Totale)","HadGEM2  RegCM4-6","HadGEM2 (Chaud/Sec modéré)"
2029,"2. Étang de Milieu",55.398432153181574,48.52094872128946,964.4832,9374776.704,0.05677370702628505,0.1746455154488237,0.3453564913948013,"5. Opti (Synchronisation Totale)","HadGEM2  RegCM4-6","HadGEM2 (Chaud/Sec modéré)"
2029,"3. Étang Exutoire",98.18297417911768,88.9234689588691,964.4832,9374776.704,0.05677370702628505,0.1746455154488237,0.3453564913948013,"5. Opti (Synchronisation Totale)","HadGEM2  RegCM4-6","HadGEM2 (Chaud/Sec modéré)"
2030,"1. Étang de Tête",66.629329822631,22.562844564819944,1075.68,10455609.600000001,0.11213527250096929,0.19488943687694635,0.37400083895572095,"5. Opti (Synchronisation Totale)","HadGEM2  RegCM4-6","HadGEM2 (Chaud/Sec modéré)"
2030,"2. Étang de Milieu",82.9757104517932,40.88720682034583,1075.68,10455609.600000001,0.11213527250096929,0.19488943687694635,0.37400083895572095,"5. Opti (Synchronisation Totale)","HadGEM2  RegCM4-6","HadGEM2 (Chaud/Sec modéré)"
2030,"3. Étang Exutoire",0,0,1075.68,10455609.600000001,0.11213527250096929,0.19488943687694635,0.37400083895572095,"5. Opti (Synchronisation Totale)","HadGEM2  RegCM4-6","HadGEM2 (Chaud/Sec modéré)"
2031,"1. Étang de Tête",0,0,1354.45824,13165334.0928,0.13960450428018367,0.10095628972738192,0.3855665257085696,"5. Opti (Synchronisation Totale)","HadGEM2  RegCM4-6","HadGEM2 (Chaud/Sec modéré)"
2031,"2. Étang de Milieu",83.44284253607461,63.06622451363397,1354.45824,13165334.0928,0.13960450428018367,0.10095628972738192,0.3855665257085696,"5. Opti (Synchronisation Totale)","HadGEM2  RegCM4-6","HadGEM2 (Chaud/Sec modéré)"
2031,"3. Étang Exutoire",98.91302177984716,69.66005501091537,1354.45824,13165334.0928,0.13960450428018367,0.10095628972738192,0.3855665257085696,"5. Opti (Synchronisation Totale)","HadGEM2  RegCM4-6","HadGEM2 (Chaud/Sec modéré)"
2032,"1. Étang de Tête",71.12397722606715,40.658241458024584,1256.00544,12208372.876799999,0.15328984531318166,0.11437687982537141,0.37707821219301135,"5. Opti (Synchronisation Totale)","HadGEM2  RegCM4-6","HadGEM2 (Chaud/Sec modéré)"
2032,"2. Étang de Milieu",70.05919733096387,52.355530236637094,1256.00544,12208372.876799999,0.15328984531318166,0.11437687982537141,0.37707821219301135,"5. Opti (Synchronisation Totale)","HadGEM2  RegCM4-6","HadGEM2 (Chaud/Sec modéré)"
2032,"3. Étang Exutoire",99.74939772877865,73.9940858547191,1256.00544,12208372.876799999,0.15328984531318166,0.11437687982537141,0.37707821219301135,"5. Opti (Synchronisation Totale)","HadGEM2  RegCM4-6","HadGEM2 (Chaud/Sec modéré)"
2033,"1. Étang de Tête",36.133005843068155,21.699916816061826,922.07808,8962598.9376,0.12358967737591635,0.1725603236469967,0.3705332189320837,"5. Opti (Synchronisation Totale)","HadGEM2  RegCM4-6","HadGEM2 (Chaud/Sec modéré)"
2033,"2. Étang de Milieu",67.55409629793816,44.89898682120363,922.07808,8962598.9376,0.12358967737591635,0.1725603236469967,0.3705332189320837,"5. Opti (Synchronisation Totale)","HadGEM2  RegCM4-6","HadGEM2 (Chaud/Sec modéré)"
2033,"3. Étang Exutoire",98.54162764069254,54.88795021535997,922.07808,8962598.9376,0.12358967737591635,0.1725603236469967,0.3705332189320837,"5. Opti (Synchronisation Totale)","HadGEM2  RegCM4-6","HadGEM2 (Chaud/Sec modéré)"
2034,"1. Étang de Tête",22.127748424775938,1.121038078438706,892.92672,8679247.718400002,0.06609790852717112,0.19478886080736604,0.34174017695009484,"5. Opti (Synchronisation Totale)","HadGEM2  RegCM4-6","HadGEM2 (Chaud/Sec modéré)"
2034,"2. Étang de Milieu",57.281141026927294,26.143213433436536,892.92672,8679247.718400002,0.06609790852717112,0.19478886080736604,0.34174017695009484,"5. Opti (Synchronisation Totale)","HadGEM2  RegCM4-6","HadGEM2 (Chaud/Sec modéré)"
2034,"3. Étang Exutoire",99.03884369081722,61.73012120017487,892.92672,8679247.718400002,0.06609790852717112,0.19478886080736604,0.34174017695009484,"5. Opti (Synchronisation Totale)","HadGEM2  RegCM4-6","HadGEM2 (Chaud/Sec modéré)"
2035,"1. Étang de Tête",41.215510912011425,16.967166185859796,1077.30432,10471397.9904,0.07325174950905149,0.16733829540451406,0.35869624791299876,"5. Opti (Synchronisation Totale)","HadGEM2  RegCM4-6","HadGEM2 (Chaud/Sec modéré)"
2035,"2. Étang de Milieu",74.70687762184434,44.23796678374456,1077.30432,10471397.9904,0.07325174950905149,0.16733829540451406,0.35869624791299876,"5. Opti (Synchronisation Totale)","HadGEM2  RegCM4-6","HadGEM2 (Chaud/Sec modéré)"
2035,"3. Étang Exutoire",0,0,1077.30432,10471397.9904,0.07325174950905149,0.16733829540451406,0.35869624791299876,"5. Opti (Synchronisation Totale)","HadGEM2  RegCM4-6","HadGEM2 (Chaud/Sec modéré)"
2036,"1. Étang de Tête",0,0,986.28192,9586660.262400001,0.1230276488510586,0.13477929382737808,0.3772554274409715,"5. Opti (Synchronisation Totale)","HadGEM2  RegCM4-6","HadGEM2 (Chaud/Sec modéré)"
2036,"2. Étang de Milieu",75.90744498967963,53.535871530728016,986.28192,9586660.262400001,0.1230276488510586,0.13477929382737808,0.3772554274409715,"5. Opti (Synchronisation Totale)","HadGEM2  RegCM4-6","HadGEM2 (Chaud/Sec modéré)"
2036,"3. Étang Exutoire",98.86065216772138,63.09382367588648,986.28192,9586660.262400001,0.1230276488510586,0.13477929382737808,0.3772554274409715,"5. Opti (Synchronisation Totale)","HadGEM2  RegCM4-6","HadGEM2 (Chaud/Sec modéré)"
2037,"1. Étang de Tête",33.90356615791465,20.269806151588373,901.53216,8762892.5952,0.08766739119270497,0.17355380736133458,0.3526493235609768,"5. Opti (Synchronisation Totale)","HadGEM2  RegCM4-6","HadGEM2 (Chaud/Sec modéré)"
2037,"2. Étang de Milieu",59.352262251552965,42.885069524074225,901.53216,8762892.5952,0.08766739119270497,0.17355380736133458,0.3526493235609768,"5. Opti (Synchronisation Totale)","HadGEM2  RegCM4-6","HadGEM2 (Chaud/Sec modéré)"
2037,"3. Étang Exutoire",99.6395411592475,69.50034364029237,901.53216,8762892.5952,0.08766739119270497,0.17355380736133458,0.3526493235609768,"5. Opti (Synchronisation Totale)","HadGEM2  RegCM4-6","HadGEM2 (Chaud/Sec modéré)"
2038,"1. Étang de Tête",60.68669765200307,64.68061525485643,1505.54592,14633906.3424,0.10971409450210251,0.07635574336124298,0.38055666063596355,"5. Opti (Synchronisation Totale)","HadGEM2  RegCM4-6","HadGEM2 (Chaud/Sec modéré)"
2038,"2. Étang de Milieu",68.42234959253928,63.7765004426348,1505.54592,14633906.3424,0.10971409450210251,0.07635574336124298,0.38055666063596355,"5. Opti (Synchronisation Totale)","HadGEM2  RegCM4-6","HadGEM2 (Chaud/Sec modéré)"
2038,"3. Étang Exutoire",100,85.28251442656244,1505.54592,14633906.3424,0.10971409450210251,0.07635574336124298,0.38055666063596355,"5. Opti (Synchronisation Totale)","HadGEM2  RegCM4-6","HadGEM2 (Chaud/Sec modéré)"
2039,"1. Étang de Tête",63.747901551685494,50.495962894753994,1118.30976,10869970.8672,0.19389330117230674,0.15042573616729807,0.3885650818564077,"5. Opti (Synchronisation Totale)","HadGEM2  RegCM4-6","HadGEM2 (Chaud/Sec modéré)"
2039,"2. Étang de Milieu",74.2208424003661,58.86764847851699,1118.30976,10869970.8672,0.19389330117230674,0.15042573616729807,0.3885650818564077,"5. Opti (Synchronisation Totale)","HadGEM2  RegCM4-6","HadGEM2 (Chaud/Sec modéré)"
2039,"3. Étang Exutoire",100,80.60703761012942,1118.30976,10869970.8672,0.19389330117230674,0.15042573616729807,0.3885650818564077,"5. Opti (Synchronisation Totale)","HadGEM2  RegCM4-6","HadGEM2 (Chaud/Sec modéré)"
2040,"1. Étang de Tête",32.05785582153321,85.88307057301967,1373.44032,13349839.9104,0.12514205164350223,0.09465046265863339,0.37442916349004124,"5. Opti (Synchronisation Totale)","HadGEM2  RegCM4-6","HadGEM2 (Chaud/Sec modéré)"
2040,"2. Étang de Milieu",74.50225701420152,86.82233727318243,1373.44032,13349839.9104,0.12514205164350223,0.09465046265863339,0.37442916349004124,"5. Opti (Synchronisation Totale)","HadGEM2  RegCM4-6","HadGEM2 (Chaud/Sec modéré)"
2040,"3. Étang Exutoire",0,0,1373.44032,13349839.9104,0.12514205164350223,0.09465046265863339,0.37442916349004124,"5. Opti (Synchronisation Totale)","HadGEM2  RegCM4-6","HadGEM2 (Chaud/Sec modéré)"
2041,"1. Étang de Tête",0,0,880.5542399999999,8558987.2128,0.15897945265018176,0.16247019025516546,0.35604266737546414,"5. Opti (Synchronisation Totale)","HadGEM2  RegCM4-6","HadGEM2 (Chaud/Sec modéré)"
2041,"2. Étang de Milieu",74.68841596388219,65.99753130435413,880.5542399999999,8558987.2128,0.15897945265018176,0.16247019025516546,0.35604266737546414,"5. Opti (Synchronisation Totale)","HadGEM2  RegCM4-6","HadGEM2 (Chaud/Sec modéré)"
2041,"3. Étang Exutoire",99.3964471082098,83.62762995866613,880.5542399999999,8558987.2128,0.15897945265018176,0.16247019025516546,0.35604266737546414,"5. Opti (Synchronisation Totale)","HadGEM2  RegCM4-6","HadGEM2 (Chaud/Sec modéré)"
2042,"1. Étang de Tête",46.905365692511275,10.191041191585398,1132.13376,11004340.1472,0.09745624908300655,0.176795823707848,0.36217539411772653,"5. Opti (Synchronisation Totale)","HadGEM2  RegCM4-6","HadGEM2 (Chaud/Sec modéré)"
2042,"2. Étang de Milieu",64.27144152325502,23.5910646026732,1132.13376,11004340.1472,0.09745624908300655,0.176795823707848,0.36217539411772653,"5. Opti (Synchronisation Totale)","HadGEM2  RegCM4-6","HadGEM2 (Chaud/Sec modéré)"
2042,"3. Étang Exutoire",99.54387180573848,29.954152910393212,1132.13376,11004340.1472,0.09745624908300655,0.176795823707848,0.36217539411772653,"5. Opti (Synchronisation Totale)","HadGEM2  RegCM4-6","HadGEM2 (Chaud/Sec modéré)"
2043,"1. Étang de Tête",19.076276243295602,14.085038179176907,1003.104,9750170.879999999,0.09204534483210748,0.15151006868450032,0.37127184293986426,"5. Opti (Synchronisation Totale)","HadGEM2  RegCM4-6","HadGEM2 (Chaud/Sec modéré)"
2043,"2. Étang de Milieu",65.06443648689569,50.488928362905284,1003.104,9750170.879999999,0.09204534483210748,0.15151006868450032,0.37127184293986426,"5. Opti (Synchronisation Totale)","HadGEM2  RegCM4-6","HadGEM2 (Chaud/Sec modéré)"
2043,"3. Étang Exutoire",98.85898741060798,69.55778310872226,1003.104,9750170.879999999,0.09204534483210748,0.15151006868450032,0.37127184293986426,"5. Opti (Synchronisation Totale)","HadGEM2  RegCM4-6","HadGEM2 (Chaud/Sec modéré)"
2044,"1. Étang de Tête",52.27002472952687,52.29170842734038,1499.67072,14576799.398400001,0.16671004850642035,0.12461251425481071,0.3920638564302798,"5. Opti (Synchronisation Totale)","HadGEM2  RegCM4-6","HadGEM2 (Chaud/Sec modéré)"
2044,"2. Étang de Milieu",71.09876483311038,50.972174261349146,1499.67072,14576799.398400001,0.16671004850642035,0.12461251425481071,0.3920638564302798,"5. Opti (Synchronisation Totale)","HadGEM2  RegCM4-6","HadGEM2 (Chaud/Sec modéré)"
2044,"3. Étang Exutoire",97.30879950040438,66.49089801195694,1499.67072,14576799.398400001,0.16671004850642035,0.12461251425481071,0.3920638564302798,"5. Opti (Synchronisation Totale)","HadGEM2  RegCM4-6","HadGEM2 (Chaud/Sec modéré)"
2045,"1. Étang de Tête",43.45414717981379,29.666776336983396,1016.08128,9876310.0416,0.13425228493695424,0.166341019015811,0.37743019896428043,"5. Opti (Synchronisation Totale)","HadGEM2  RegCM4-6","HadGEM2 (Chaud/Sec modéré)"
2045,"2. Étang de Milieu",77.4258924124975,51.8363779790629,1016.08128,9876310.0416,0.13425228493695424,0.166341019015811,0.37743019896428043,"5. Opti (Synchronisation Totale)","HadGEM2  RegCM4-6","HadGEM2 (Chaud/Sec modéré)"
2045,"3. Étang Exutoire",0,0,1016.08128,9876310.0416,0.13425228493695424,0.166341019015811,0.37743019896428043,"5. Opti (Synchronisation Totale)","HadGEM2  RegCM4-6","HadGEM2 (Chaud/Sec modéré)"
2046,"1. Étang de Tête",0,0,877.36608,8527998.2976,0.07901879118058092,0.14292342213382464,0.34924955234337934,"5. Opti (Synchronisation Totale)","HadGEM2  RegCM4-6","HadGEM2 (Chaud/Sec modéré)"
2046,"2. Étang de Milieu",67.82306524215728,68.03465801052715,877.36608,8527998.2976,0.07901879118058092,0.14292342213382464,0.34924955234337934,"5. Opti (Synchronisation Totale)","HadGEM2  RegCM4-6","HadGEM2 (Chaud/Sec modéré)"
2046,"3. Étang Exutoire",99.88161564864416,99.4597211528496,877.36608,8527998.2976,0.07901879118058092,0.14292342213382464,0.34924955234337934,"5. Opti (Synchronisation Totale)","HadGEM2  RegCM4-6","HadGEM2 (Chaud/Sec modéré)"
2047,"1. Étang de Tête",56.90428046929169,9.929056264353644,899.9856,8747860.032,0.10659705630272782,0.20234778795739147,0.3625563263362596,"5. Opti (Synchronisation Totale)","HadGEM2  RegCM4-6","HadGEM2 (Chaud/Sec modéré)"
2047,"2. Étang de Milieu",62.7719419018503,26.14875978058713,899.9856,8747860.032,0.10659705630272782,0.20234778795739147,0.3625563263362596,"5. Opti (Synchronisation Totale)","HadGEM2  RegCM4-6","HadGEM2 (Chaud/Sec modéré)"
2047,"3. Étang Exutoire",96.55525958053879,38.609899066708444,899.9856,8747860.032,0.10659705630272782,0.20234778795739147,0.3625563263362596,"5. Opti (Synchronisation Totale)","HadGEM2  RegCM4-6","HadGEM2 (Chaud/Sec modéré)"
2048,"1. Étang de Tête",65.96844135192602,65.72326211302112,1477.28448,14359205.1456,0.12707359616005082,0.09607953694036726,0.3887499516939693,"5. Opti (Synchronisation Totale)","HadGEM2  RegCM4-6","HadGEM2 (Chaud/Sec modéré)"
2048,"2. Étang de Milieu",73.70975141424744,65.97126471198418,1477.28448,14359205.1456,0.12707359616005082,0.09607953694036726,0.3887499516939693,"5. Opti (Synchronisation Totale)","HadGEM2  RegCM4-6","HadGEM2 (Chaud/Sec modéré)"
2048,"3. Étang Exutoire",100,83.03502171875178,1477.28448,14359205.1456,0.12707359616005082,0.09607953694036726,0.3887499516939693,"5. Opti (Synchronisation Totale)","HadGEM2  RegCM4-6","HadGEM2 (Chaud/Sec modéré)"
2049,"1. Étang de Tête",57.359512699592024,8.99711944731396,949.02624,9224535.0528,0.13375316340906387,0.1998592557572197,0.3582583991399385,"5. Opti (Synchronisation Totale)","HadGEM2  RegCM4-6","HadGEM2 (Chaud/Sec modéré)"
2049,"2. Étang de Milieu",70.90864639128826,33.31740984781757,949.02624,9224535.0528,0.13375316340906387,0.1998592557572197,0.3582583991399385,"5. Opti (Synchronisation Totale)","HadGEM2  RegCM4-6","HadGEM2 (Chaud/Sec modéré)"
2049,"3. Étang Exutoire",99.62106772103108,50.459007000828116,949.02624,9224535.0528,0.13375316340906387,0.1998592557572197,0.3582583991399385,"5. Opti (Synchronisation Totale)","HadGEM2  RegCM4-6","HadGEM2 (Chaud/Sec modéré)"
2050,"1. Étang de Tête",54.12448566773695,67.65484181930496,1365.37056,13271401.8432,0.10269394364772337,0.11533462761896196,0.37832541151330223,"5. Opti (Synchronisation Totale)","HadGEM2  RegCM4-6","HadGEM2 (Chaud/Sec modéré)"
2050,"2. Étang de Milieu",79.5734295353298,73.94211061528084,1365.37056,13271401.8432,0.10269394364772337,0.11533462761896196,0.37832541151330223,"5. Opti (Synchronisation Totale)","HadGEM2  RegCM4-6","HadGEM2 (Chaud/Sec modéré)"
2050,"3. Étang Exutoire",0,0,1365.37056,13271401.8432,0.10269394364772337,0.11533462761896196,0.37832541151330223,"5. Opti (Synchronisation Totale)","HadGEM2  RegCM4-6","HadGEM2 (Chaud/Sec modéré)"
2051,"1. Étang de Tête",53.01364805491814,31.60225651189184,1305.6336,12690758.591999998,0.1877008680713043,0.13490686135782015,0.3882681799773245,"5. Opti (Synchronisation Totale)","HadGEM2  RegCM4-6","HadGEM2 (Chaud/Sec modéré)"
2051,"2. Étang de Milieu",91.6552601302208,61.58261713899739,1305.6336,12690758.591999998,0.1877008680713043,0.13490686135782015,0.3882681799773245,"5. Opti (Synchronisation Totale)","HadGEM2  RegCM4-6","HadGEM2 (Chaud/Sec modéré)"
2051,"3. Étang Exutoire",100,61.07682521774945,1305.6336,12690758.591999998,0.1877008680713043,0.13490686135782015,0.3882681799773245,"5. Opti (Synchronisation Totale)","HadGEM2  RegCM4-6","HadGEM2 (Chaud/Sec modéré)"
2052,"1. Étang de Tête",44.894124276123904,19.744787239335967,846.97056,8232553.8432,0.13528858008735606,0.20569919190140576,0.365238525142506,"5. Opti (Synchronisation Totale)","HadGEM2  RegCM4-6","HadGEM2 (Chaud/Sec modéré)"
2052,"2. Étang de Milieu",67.93308597184972,44.557388923278396,846.97056,8232553.8432,0.13528858008735606,0.20569919190140576,0.365238525142506,"5. Opti (Synchronisation Totale)","HadGEM2  RegCM4-6","HadGEM2 (Chaud/Sec modéré)"
2052,"3. Étang Exutoire",100,61.124124054597075,846.97056,8232553.8432,0.13528858008735606,0.20569919190140576,0.365238525142506,"5. Opti (Synchronisation Totale)","HadGEM2  RegCM4-6","HadGEM2 (Chaud/Sec modéré)"
2053,"1. Étang de Tête",24.25296987088627,14.160277182601657,1124.94528,10934468.1216,0.0804611229705814,0.14260961149564802,0.3580426724494412,"5. Opti (Synchronisation Totale)","HadGEM2  RegCM4-6","HadGEM2 (Chaud/Sec modéré)"
2053,"2. Étang de Milieu",63.63315471092113,43.68228962542852,1124.94528,10934468.1216,0.0804611229705814,0.14260961149564802,0.3580426724494412,"5. Opti (Synchronisation Totale)","HadGEM2  RegCM4-6","HadGEM2 (Chaud/Sec modéré)"
2053,"3. Étang Exutoire",97.73463881976218,60.541367599084296,1124.94528,10934468.1216,0.0804611229705814,0.14260961149564802,0.3580426724494412,"5. Opti (Synchronisation Totale)","HadGEM2  RegCM4-6","HadGEM2 (Chaud/Sec modéré)"
2054,"1. Étang de Tête",50.3798078825792,16.56815711984499,1140.23808,11083114.137600001,0.13126267809066497,0.15537305786325428,0.37862779379510514,"5. Opti (Synchronisation Totale)","HadGEM2  RegCM4-6","HadGEM2 (Chaud/Sec modéré)"
2054,"2. Étang de Milieu",71.10895577467471,39.28980942366996,1140.23808,11083114.137600001,0.13126267809066497,0.15537305786325428,0.37862779379510514,"5. Opti (Synchronisation Totale)","HadGEM2  RegCM4-6","HadGEM2 (Chaud/Sec modéré)"
2054,"3. Étang Exutoire",98.19715151026675,54.57916982773373,1140.23808,11083114.137600001,0.13126267809066497,0.15537305786325428,0.37862779379510514,"5. Opti (Synchronisation Totale)","HadGEM2  RegCM4-6","HadGEM2 (Chaud/Sec modéré)"
2055,"1. Étang de Tête",26.76372276746332,3.819097754823906,826.39008,8032511.5775999995,0.0789080793623215,0.25355269726617985,0.36046555291124277,"5. Opti (Synchronisation Totale)","HadGEM2  RegCM4-6","HadGEM2 (Chaud/Sec modéré)"
2055,"2. Étang de Milieu",62.319042066128645,20.128185463695566,826.39008,8032511.5775999995,0.0789080793623215,0.25355269726617985,0.36046555291124277,"5. Opti (Synchronisation Totale)","HadGEM2  RegCM4-6","HadGEM2 (Chaud/Sec modéré)"
2055,"3. Étang Exutoire",0,0,826.39008,8032511.5775999995,0.0789080793623215,0.25355269726617985,0.36046555291124277,"5. Opti (Synchronisation Totale)","HadGEM2  RegCM4-6","HadGEM2 (Chaud/Sec modéré)"
2056,"1. Étang de Tête",0,0,976.67424,9493273.6128,0.03758387016888511,0.12777164493099955,0.3576398184836105,"5. Opti (Synchronisation Totale)","HadGEM2  RegCM4-6","HadGEM2 (Chaud/Sec modéré)"
2056,"2. Étang de Milieu",47.909418458299584,53.3059579267317,976.67424,9493273.6128,0.03758387016888511,0.12777164493099955,0.3576398184836105,"5. Opti (Synchronisation Totale)","HadGEM2  RegCM4-6","HadGEM2 (Chaud/Sec modéré)"
2056,"3. Étang Exutoire",97.4899528293716,82.74616618377615,976.67424,9493273.6128,0.03758387016888511,0.12777164493099955,0.3576398184836105,"5. Opti (Synchronisation Totale)","HadGEM2  RegCM4-6","HadGEM2 (Chaud/Sec modéré)"
2057,"1. Étang de Tête",20.527888114386172,20.496296560253775,956.04192,9292727.4624,0.07549106973618612,0.16783541056807882,0.3513942818240711,"5. Opti (Synchronisation Totale)","HadGEM2  RegCM4-6","HadGEM2 (Chaud/Sec modéré)"
2057,"2. Étang de Milieu",54.57606246662059,43.45417145111815,956.04192,9292727.4624,0.07549106973618612,0.16783541056807882,0.3513942818240711,"5. Opti (Synchronisation Totale)","HadGEM2  RegCM4-6","HadGEM2 (Chaud/Sec modéré)"
2057,"3. Étang Exutoire",100,72.73088429024426,956.04192,9292727.4624,0.07549106973618612,0.16783541056807882,0.3513942818240711,"5. Opti (Synchronisation Totale)","HadGEM2  RegCM4-6","HadGEM2 (Chaud/Sec modéré)"
2058,"1. Étang de Tête",38.74101580464254,2.2140724896428785,835.75584,8123546.7648,0.10097127318519569,0.21028560446044922,0.3687578265948882,"5. Opti (Synchronisation Totale)","HadGEM2  RegCM4-6","HadGEM2 (Chaud/Sec modéré)"
2058,"2. Étang de Milieu",66.96227787027782,19.892647090629804,835.75584,8123546.7648,0.10097127318519569,0.21028560446044922,0.3687578265948882,"5. Opti (Synchronisation Totale)","HadGEM2  RegCM4-6","HadGEM2 (Chaud/Sec modéré)"
2058,"3. Étang Exutoire",97.29676602687137,24.438424312324177,835.75584,8123546.7648,0.10097127318519569,0.21028560446044922,0.3687578265948882,"5. Opti (Synchronisation Totale)","HadGEM2  RegCM4-6","HadGEM2 (Chaud/Sec modéré)"
2059,"1. Étang de Tête",48.04398156624088,24.326515558895583,1080.70848,10504486.4256,0.048436509236386024,0.1800142143922015,0.3718912438418283,"5. Opti (Synchronisation Totale)","HadGEM2  RegCM4-6","HadGEM2 (Chaud/Sec modéré)"
2059,"2. Étang de Milieu",51.73693356134133,32.377120024689496,1080.70848,10504486.4256,0.048436509236386024,0.1800142143922015,0.3718912438418283,"5. Opti (Synchronisation Totale)","HadGEM2  RegCM4-6","HadGEM2 (Chaud/Sec modéré)"
2059,"3. Étang Exutoire",99.81577835127572,45.20948226399695,1080.70848,10504486.4256,0.048436509236386024,0.1800142143922015,0.3718912438418283,"5. Opti (Synchronisation Totale)","HadGEM2  RegCM4-6","HadGEM2 (Chaud/Sec modéré)"
2060,"1. Étang de Tête",34.27757363408117,45.803961819309535,1197.2102399999999,11636883.5328,0.09314006199941668,0.1568419472232597,0.3758989286272285,"5. Opti (Synchronisation Totale)","HadGEM2  RegCM4-6","HadGEM2 (Chaud/Sec modéré)"
2060,"2. Étang de Milieu",75.54373035659167,61.43723012542106,1197.2102399999999,11636883.5328,0.09314006199941668,0.1568419472232597,0.3758989286272285,"5. Opti (Synchronisation Totale)","HadGEM2  RegCM4-6","HadGEM2 (Chaud/Sec modéré)"
2060,"3. Étang Exutoire",0,0,1197.2102399999999,11636883.5328,0.09314006199941668,0.1568419472232597,0.3758989286272285,"5. Opti (Synchronisation Totale)","HadGEM2  RegCM4-6","HadGEM2 (Chaud/Sec modéré)"
2061,"1. Étang de Tête",0,0,873.39168,8489367.1296,0.11234381121413951,0.1920032941871355,0.3420593443008758,"5. Opti (Synchronisation Totale)","HadGEM2  RegCM4-6","HadGEM2 (Chaud/Sec modéré)"
2061,"2. Étang de Milieu",68.3126540924459,24.286706150098464,873.39168,8489367.1296,0.11234381121413951,0.1920032941871355,0.3420593443008758,"5. Opti (Synchronisation Totale)","HadGEM2  RegCM4-6","HadGEM2 (Chaud/Sec modéré)"
2061,"3. Étang Exutoire",93.97565644617774,40.133663978317415,873.39168,8489367.1296,0.11234381121413951,0.1920032941871355,0.3420593443008758,"5. Opti (Synchronisation Totale)","HadGEM2  RegCM4-6","HadGEM2 (Chaud/Sec modéré)"
2062,"1. Étang de Tête",56.36202446862993,41.49918343449391,1260.63648,12253386.5856,0.10235662596791575,0.1394445387275506,0.3826127726710854,"5. Opti (Synchronisation Totale)","HadGEM2  RegCM4-6","HadGEM2 (Chaud/Sec modéré)"
2062,"2. Étang de Milieu",60.86116250299033,42.46120845434815,1260.63648,12253386.5856,0.10235662596791575,0.1394445387275506,0.3826127726710854,"5. Opti (Synchronisation Totale)","HadGEM2  RegCM4-6","HadGEM2 (Chaud/Sec modéré)"
2062,"3. Étang Exutoire",100,59.21973498767947,1260.63648,12253386.5856,0.10235662596791575,0.1394445387275506,0.3826127726710854,"5. Opti (Synchronisation Totale)","HadGEM2  RegCM4-6","HadGEM2 (Chaud/Sec modéré)"
2063,"1. Étang de Tête",47.347995867020316,36.90757284275507,1150.848,11186242.56,0.08185382356167631,0.14033519930310326,0.3628679436980075,"5. Opti (Synchronisation Totale)","HadGEM2  RegCM4-6","HadGEM2 (Chaud/Sec modéré)"
2063,"2. Étang de Milieu",69.46902726544938,53.56564786637264,1150.848,11186242.56,0.08185382356167631,0.14033519930310326,0.3628679436980075,"5. Opti (Synchronisation Totale)","HadGEM2  RegCM4-6","HadGEM2 (Chaud/Sec modéré)"
2063,"3. Étang Exutoire",99.70013053335018,68.24773096936205,1150.848,11186242.56,0.08185382356167631,0.14033519930310326,0.3628679436980075,"5. Opti (Synchronisation Totale)","HadGEM2  RegCM4-6","HadGEM2 (Chaud/Sec modéré)"
2064,"1. Étang de Tête",51.113113151666724,44.617563764403194,1102.97376,10720904.9472,0.07931833923648123,0.14505117860669492,0.3591584620845448,"5. Opti (Synchronisation Totale)","HadGEM2  RegCM4-6","HadGEM2 (Chaud/Sec modéré)"
2064,"2. Étang de Milieu",67.0362439341252,61.107564332628854,1102.97376,10720904.9472,0.07931833923648123,0.14505117860669492,0.3591584620845448,"5. Opti (Synchronisation Totale)","HadGEM2  RegCM4-6","HadGEM2 (Chaud/Sec modéré)"
2064,"3. Étang Exutoire",97.96555252449154,92.43841270771253,1102.97376,10720904.9472,0.07931833923648123,0.14505117860669492,0.3591584620845448,"5. Opti (Synchronisation Totale)","HadGEM2  RegCM4-6","HadGEM2 (Chaud/Sec modéré)"
2065,"1. Étang de Tête",44.98233527519146,47.279958915489566,1477.5696,14361976.512,0.1518897623511876,0.12305040018949476,0.3858466463357082,"5. Opti (Synchronisation Totale)","HadGEM2  RegCM4-6","HadGEM2 (Chaud/Sec modéré)"
2065,"2. Étang de Milieu",79.12624595293418,53.24498683248473,1477.5696,14361976.512,0.1518897623511876,0.12305040018949476,0.3858466463357082,"5. Opti (Synchronisation Totale)","HadGEM2  RegCM4-6","HadGEM2 (Chaud/Sec modéré)"
2065,"3. Étang Exutoire",0,0,1477.5696,14361976.512,0.1518897623511876,0.12305040018949476,0.3858466463357082,"5. Opti (Synchronisation Totale)","HadGEM2  RegCM4-6","HadGEM2 (Chaud/Sec modéré)"
2066,"1. Étang de Tête",0,0,1309.85856,12731825.2032,0.2454484570610392,0.1188246479966529,0.3970250179090063,"5. Opti (Synchronisation Totale)","HadGEM2  RegCM4-6","HadGEM2 (Chaud/Sec modéré)"
2066,"2. Étang de Milieu",86.09539042307196,44.73318930028034,1309.85856,12731825.2032,0.2454484570610392,0.1188246479966529,0.3970250179090063,"5. Opti (Synchronisation Totale)","HadGEM2  RegCM4-6","HadGEM2 (Chaud/Sec modéré)"
2066,"3. Étang Exutoire",100,49.709763132888924,1309.85856,12731825.2032,0.2454484570610392,0.1188246479966529,0.3970250179090063,"5. Opti (Synchronisation Totale)","HadGEM2  RegCM4-6","HadGEM2 (Chaud/Sec modéré)"
2067,"1. Étang de Tête",42.12043544578555,22.024300144705208,971.28288,9440869.5936,0.08707053803599137,0.1619331980244349,0.3635087161223997,"5. Opti (Synchronisation Totale)","HadGEM2  RegCM4-6","HadGEM2 (Chaud/Sec modéré)"
2067,"2. Étang de Milieu",63.447805734489826,45.35113802655738,971.28288,9440869.5936,0.08707053803599137,0.1619331980244349,0.3635087161223997,"5. Opti (Synchronisation Totale)","HadGEM2  RegCM4-6","HadGEM2 (Chaud/Sec modéré)"
2067,"3. Étang Exutoire",97.15873522061283,68.53338439858133,971.28288,9440869.5936,0.08707053803599137,0.1619331980244349,0.3635087161223997,"5. Opti (Synchronisation Totale)","HadGEM2  RegCM4-6","HadGEM2 (Chaud/Sec modéré)"
2068,"1. Étang de Tête",22.791712319050557,29.229951477164718,1022.30208,9936776.2176,0.08331278011028148,0.1723595022705265,0.36521349172702855,"5. Opti (Synchronisation Totale)","HadGEM2  RegCM4-6","HadGEM2 (Chaud/Sec modéré)"
2068,"2. Étang de Milieu",58.34221612219724,44.85405056904981,1022.30208,9936776.2176,0.08331278011028148,0.1723595022705265,0.36521349172702855,"5. Opti (Synchronisation Totale)","HadGEM2  RegCM4-6","HadGEM2 (Chaud/Sec modéré)"
2068,"3. Étang Exutoire",99.78432287353323,60.11756845736389,1022.30208,9936776.2176,0.08331278011028148,0.1723595022705265,0.36521349172702855,"5. Opti (Synchronisation Totale)","HadGEM2  RegCM4-6","HadGEM2 (Chaud/Sec modéré)"
2069,"1. Étang de Tête",49.73325779905613,34.03184838599256,1200.3552,11667452.544,0.06614645969868373,0.14914225075135756,0.3604377297080637,"5. Opti (Synchronisation Totale)","HadGEM2  RegCM4-6","HadGEM2 (Chaud/Sec modéré)"
2069,"2. Étang de Milieu",61.82821285936464,42.65305099531884,1200.3552,11667452.544,0.06614645969868373,0.14914225075135756,0.3604377297080637,"5. Opti (Synchronisation Totale)","HadGEM2  RegCM4-6","HadGEM2 (Chaud/Sec modéré)"
2069,"3. Étang Exutoire",100,58.41719578143627,1200.3552,11667452.544,0.06614645969868373,0.14914225075135756,0.3604377297080637,"5. Opti (Synchronisation Totale)","HadGEM2  RegCM4-6","HadGEM2 (Chaud/Sec modéré)"
2070,"1. Étang de Tête",51.682330594764835,28.69645010750051,992.15712,9643767.2064,0.11843447856980792,0.1973192353951493,0.37388620625817304,"5. Opti (Synchronisation Totale)","HadGEM2  RegCM4-6","HadGEM2 (Chaud/Sec modéré)"
2070,"2. Étang de Milieu",78.83930513586282,51.88761559349721,992.15712,9643767.2064,0.11843447856980792,0.1973192353951493,0.37388620625817304,"5. Opti (Synchronisation Totale)","HadGEM2  RegCM4-6","HadGEM2 (Chaud/Sec modéré)"
2070,"3. Étang Exutoire",0,0,992.15712,9643767.2064,0.11843447856980792,0.1973192353951493,0.37388620625817304,"5. Opti (Synchronisation Totale)","HadGEM2  RegCM4-6","HadGEM2 (Chaud/Sec modéré)"
2026,"1. Étang de Tête",61.067093970948726,34.337621938698916,699.58944,6800009.3568,0.015296928878942089,0.23594491434851833,0.36337343447368,"5. Opti (Synchronisation Totale)","IPSL-CM5A  RCA4","IPSL-CM5A (Hiver humide/Été extrême)"
2026,"2. Étang de Milieu",77.38187601621685,55.444094628615275,699.58944,6800009.3568,0.015296928878942089,0.23594491434851833,0.36337343447368,"5. Opti (Synchronisation Totale)","IPSL-CM5A  RCA4","IPSL-CM5A (Hiver humide/Été extrême)"
2026,"3. Étang Exutoire",99.54018115924751,73.21814337664338,699.58944,6800009.3568,0.015296928878942089,0.23594491434851833,0.36337343447368,"5. Opti (Synchronisation Totale)","IPSL-CM5A  RCA4","IPSL-CM5A (Hiver humide/Été extrême)"
2027,"1. Étang de Tête",21.069493020488455,3.686436790538166,712.48032,6925308.7104,0.10773329151787128,0.18729679119422865,0.3218267233475373,"5. Opti (Synchronisation Totale)","IPSL-CM5A  RCA4","IPSL-CM5A (Hiver humide/Été extrême)"
2027,"2. Étang de Milieu",51.954960027088596,24.73917683470638,712.48032,6925308.7104,0.10773329151787128,0.18729679119422865,0.3218267233475373,"5. Opti (Synchronisation Totale)","IPSL-CM5A  RCA4","IPSL-CM5A (Hiver humide/Été extrême)"
2027,"3. Étang Exutoire",99.61325265952978,53.943629390458504,712.48032,6925308.7104,0.10773329151787128,0.18729679119422865,0.3218267233475373,"5. Opti (Synchronisation Totale)","IPSL-CM5A  RCA4","IPSL-CM5A (Hiver humide/Été extrême)"
2028,"1. Étang de Tête",60.36223930397775,14.923854611800273,1062.58176,10328294.7072,0.06418327693479509,0.15518866333123105,0.36773717284699126,"5. Opti (Synchronisation Totale)","IPSL-CM5A  RCA4","IPSL-CM5A (Hiver humide/Été extrême)"
2028,"2. Étang de Milieu",67.37478274501242,33.139667078306445,1062.58176,10328294.7072,0.06418327693479509,0.15518866333123105,0.36773717284699126,"5. Opti (Synchronisation Totale)","IPSL-CM5A  RCA4","IPSL-CM5A (Hiver humide/Été extrême)"
2028,"3. Étang Exutoire",97.82335673533218,45.690155103578576,1062.58176,10328294.7072,0.06418327693479509,0.15518866333123105,0.36773717284699126,"5. Opti (Synchronisation Totale)","IPSL-CM5A  RCA4","IPSL-CM5A (Hiver humide/Été extrême)"
2029,"1. Étang de Tête",36.81641521368728,13.03079806854238,869.28768,8449476.2496,0.08216170979891431,0.18624907409218705,0.36995780928997724,"5. Opti (Synchronisation Totale)","IPSL-CM5A  RCA4","IPSL-CM5A (Hiver humide/Été extrême)"
2029,"2. Étang de Milieu",65.59304127528226,43.26433638266678,869.28768,8449476.2496,0.08216170979891431,0.18624907409218705,0.36995780928997724,"5. Opti (Synchronisation Totale)","IPSL-CM5A  RCA4","IPSL-CM5A (Hiver humide/Été extrême)"
2029,"3. Étang Exutoire",99.86830315631934,71.30635245015118,869.28768,8449476.2496,0.08216170979891431,0.18624907409218705,0.36995780928997724,"5. Opti (Synchronisation Totale)","IPSL-CM5A  RCA4","IPSL-CM5A (Hiver humide/Été extrême)"
2030,"1. Étang de Tête",28.865458890433484,8.471312420577334,993.4099199999999,9655944.4224,0.052523691378285504,0.17073871553877965,0.3413704060238582,"5. Opti (Synchronisation Totale)","IPSL-CM5A  RCA4","IPSL-CM5A (Hiver humide/Été extrême)"
2030,"2. Étang de Milieu",62.053858551674125,40.75523663371984,993.4099199999999,9655944.4224,0.052523691378285504,0.17073871553877965,0.3413704060238582,"5. Opti (Synchronisation Totale)","IPSL-CM5A  RCA4","IPSL-CM5A (Hiver humide/Été extrême)"
2030,"3. Étang Exutoire",0,0,993.4099199999999,9655944.4224,0.052523691378285504,0.17073871553877965,0.3413704060238582,"5. Opti (Synchronisation Totale)","IPSL-CM5A  RCA4","IPSL-CM5A (Hiver humide/Été extrême)"
2031,"1. Étang de Tête",0,0,980.73504,9532744.5888,0.11642729727466558,0.13831079234566807,0.36509810609192367,"5. Opti (Synchronisation Totale)","IPSL-CM5A  RCA4","IPSL-CM5A (Hiver humide/Été extrême)"
2031,"2. Étang de Milieu",74.80754245060508,40.60824602903845,980.73504,9532744.5888,0.11642729727466558,0.13831079234566807,0.36509810609192367,"5. Opti (Synchronisation Totale)","IPSL-CM5A  RCA4","IPSL-CM5A (Hiver humide/Été extrême)"
2031,"3. Étang Exutoire",99.82548630210464,59.81520021804434,980.73504,9532744.5888,0.11642729727466558,0.13831079234566807,0.36509810609192367,"5. Opti (Synchronisation Totale)","IPSL-CM5A  RCA4","IPSL-CM5A (Hiver humide/Été extrême)"
2032,"1. Étang de Tête",52.11691659741615,7.814338638949834,933.74208,9075973.0176,0.10556856651836945,0.19010301826195053,0.3714637996630693,"5. Opti (Synchronisation Totale)","IPSL-CM5A  RCA4","IPSL-CM5A (Hiver humide/Été extrême)"
2032,"2. Étang de Milieu",61.72949821619463,20.12109100945695,933.74208,9075973.0176,0.10556856651836945,0.19010301826195053,0.3714637996630693,"5. Opti (Synchronisation Totale)","IPSL-CM5A  RCA4","IPSL-CM5A (Hiver humide/Été extrême)"
2032,"3. Étang Exutoire",98.38361756617005,32.101755217647685,933.74208,9075973.0176,0.10556856651836945,0.19010301826195053,0.3714637996630693,"5. Opti (Synchronisation Totale)","IPSL-CM5A  RCA4","IPSL-CM5A (Hiver humide/Été extrême)"
2033,"1. Étang de Tête",45.791605179547076,28.538270516367035,959.85216,9329762.9952,0.050113603459597006,0.16006562732238622,0.3669655098634035,"5. Opti (Synchronisation Totale)","IPSL-CM5A  RCA4","IPSL-CM5A (Hiver humide/Été extrême)"
2033,"2. Étang de Milieu",60.656307642930706,43.395857593171584,959.85216,9329762.9952,0.050113603459597006,0.16006562732238622,0.3669655098634035,"5. Opti (Synchronisation Totale)","IPSL-CM5A  RCA4","IPSL-CM5A (Hiver humide/Été extrême)"
2033,"3. Étang Exutoire",100,62.644955578216255,959.85216,9329762.9952,0.050113603459597006,0.16006562732238622,0.3669655098634035,"5. Opti (Synchronisation Totale)","IPSL-CM5A  RCA4","IPSL-CM5A (Hiver humide/Été extrême)"
2034,"1. Étang de Tête",46.208204154549485,40.864235926080745,1219.97664,11858172.940800002,0.08834078781967192,0.1309234466990502,0.36764335161380157,"5. Opti (Synchronisation Totale)","IPSL-CM5A  RCA4","IPSL-CM5A (Hiver humide/Été extrême)"
2034,"2. Étang de Milieu",69.82328142545421,64.8605129216543,1219.97664,11858172.940800002,0.08834078781967192,0.1309234466990502,0.36764335161380157,"5. Opti (Synchronisation Totale)","IPSL-CM5A  RCA4","IPSL-CM5A (Hiver humide/Été extrême)"
2034,"3. Étang Exutoire",97.48182998462188,93.9965886606778,1219.97664,11858172.940800002,0.08834078781967192,0.1309234466990502,0.36764335161380157,"5. Opti (Synchronisation Totale)","IPSL-CM5A  RCA4","IPSL-CM5A (Hiver humide/Été extrême)"
2035,"1. Étang de Tête",52.96632055239407,25.91892568828046,1179.7056,11466738.432,0.18690080349488142,0.15061359784319642,0.38723952864059674,"5. Opti (Synchronisation Totale)","IPSL-CM5A  RCA4","IPSL-CM5A (Hiver humide/Été extrême)"
2035,"2. Étang de Milieu",82.94498154466083,52.250634181053016,1179.7056,11466738.432,0.18690080349488142,0.15061359784319642,0.38723952864059674,"5. Opti (Synchronisation Totale)","IPSL-CM5A  RCA4","IPSL-CM5A (Hiver humide/Été extrême)"
2035,"3. Étang Exutoire",0,0,1179.7056,11466738.432,0.18690080349488142,0.15061359784319642,0.38723952864059674,"5. Opti (Synchronisation Totale)","IPSL-CM5A  RCA4","IPSL-CM5A (Hiver humide/Été extrême)"
2036,"1. Étang de Tête",0,0,895.98528,8708976.9216,0.06928430022296579,0.14457122584086862,0.3374487754974264,"5. Opti (Synchronisation Totale)","IPSL-CM5A  RCA4","IPSL-CM5A (Hiver humide/Été extrême)"
2036,"2. Étang de Milieu",59.46409165904817,44.03165933996775,895.98528,8708976.9216,0.06928430022296579,0.14457122584086862,0.3374487754974264,"5. Opti (Synchronisation Totale)","IPSL-CM5A  RCA4","IPSL-CM5A (Hiver humide/Été extrême)"
2036,"3. Étang Exutoire",98.88961042946993,73.67470205431223,895.98528,8708976.9216,0.06928430022296579,0.14457122584086862,0.3374487754974264,"5. Opti (Synchronisation Totale)","IPSL-CM5A  RCA4","IPSL-CM5A (Hiver humide/Été extrême)"
2037,"1. Étang de Tête",37.44779714495991,11.92103384074189,920.16864,8944039.1808,0.10661286144267182,0.17638150948626977,0.35879101610963643,"5. Opti (Synchronisation Totale)","IPSL-CM5A  RCA4","IPSL-CM5A (Hiver humide/Été extrême)"
2037,"2. Étang de Milieu",58.55423516498765,28.693018055400294,920.16864,8944039.1808,0.10661286144267182,0.17638150948626977,0.35879101610963643,"5. Opti (Synchronisation Totale)","IPSL-CM5A  RCA4","IPSL-CM5A (Hiver humide/Été extrême)"
2037,"3. Étang Exutoire",95.9289997035084,51.643089162957054,920.16864,8944039.1808,0.10661286144267182,0.17638150948626977,0.35879101610963643,"5. Opti (Synchronisation Totale)","IPSL-CM5A  RCA4","IPSL-CM5A (Hiver humide/Été extrême)"
2038,"1. Étang de Tête",43.40496437519515,24.061583306449776,1095.32736,10646581.939199999,0.09556587889889537,0.1423965431695995,0.3749111025033789,"5. Opti (Synchronisation Totale)","IPSL-CM5A  RCA4","IPSL-CM5A (Hiver humide/Été extrême)"
2038,"2. Étang de Milieu",68.03522300190336,46.80978021237962,1095.32736,10646581.939199999,0.09556587889889537,0.1423965431695995,0.3749111025033789,"5. Opti (Synchronisation Totale)","IPSL-CM5A  RCA4","IPSL-CM5A (Hiver humide/Été extrême)"
2038,"3. Étang Exutoire",96.15776901671977,63.91038483509735,1095.32736,10646581.939199999,0.09556587889889537,0.1423965431695995,0.3749111025033789,"5. Opti (Synchronisation Totale)","IPSL-CM5A  RCA4","IPSL-CM5A (Hiver humide/Été extrême)"
2039,"1. Étang de Tête",38.36671789910566,23.423262413887645,1110.69792,10795983.7824,0.07485277040680816,0.13388733854944085,0.36292398832413625,"5. Opti (Synchronisation Totale)","IPSL-CM5A  RCA4","IPSL-CM5A (Hiver humide/Été extrême)"
2039,"2. Étang de Milieu",66.06893064431507,52.34478918572782,1110.69792,10795983.7824,0.07485277040680816,0.13388733854944085,0.36292398832413625,"5. Opti (Synchronisation Totale)","IPSL-CM5A  RCA4","IPSL-CM5A (Hiver humide/Été extrême)"
2039,"3. Étang Exutoire",97.86396179847159,81.08595367369394,1110.69792,10795983.7824,0.07485277040680816,0.13388733854944085,0.36292398832413625,"5. Opti (Synchronisation Totale)","IPSL-CM5A  RCA4","IPSL-CM5A (Hiver humide/Été extrême)"
2040,"1. Étang de Tête",23.694127176001103,8.408632624441164,932.80032,9066819.1104,0.11389562568313545,0.19371052908308195,0.3545645520376563,"5. Opti (Synchronisation Totale)","IPSL-CM5A  RCA4","IPSL-CM5A (Hiver humide/Été extrême)"
2040,"2. Étang de Milieu",68.56257467984881,39.08568671485397,932.80032,9066819.1104,0.11389562568313545,0.19371052908308195,0.3545645520376563,"5. Opti (Synchronisation Totale)","IPSL-CM5A  RCA4","IPSL-CM5A (Hiver humide/Été extrême)"
2040,"3. Étang Exutoire",0,0,932.80032,9066819.1104,0.11389562568313545,0.19371052908308195,0.3545645520376563,"5. Opti (Synchronisation Totale)","IPSL-CM5A  RCA4","IPSL-CM5A (Hiver humide/Été extrême)"
2041,"1. Étang de Tête",0,0,821.67264,7986658.0608,0.14535754076690202,0.21389709260156237,0.3841948655237714,"5. Opti (Synchronisation Totale)","IPSL-CM5A  RCA4","IPSL-CM5A (Hiver humide/Été extrême)"
2041,"2. Étang de Milieu",81.02745648315539,14.661373117890598,821.67264,7986658.0608,0.14535754076690202,0.21389709260156237,0.3841948655237714,"5. Opti (Synchronisation Totale)","IPSL-CM5A  RCA4","IPSL-CM5A (Hiver humide/Été extrême)"
2041,"3. Étang Exutoire",99.75309544496179,17.89352149531111,821.67264,7986658.0608,0.14535754076690202,0.21389709260156237,0.3841948655237714,"5. Opti (Synchronisation Totale)","IPSL-CM5A  RCA4","IPSL-CM5A (Hiver humide/Été extrême)"
2042,"1. Étang de Tête",18.67055073015326,0.8728762865454334,704.98944,6852497.356799999,0.032563247825512905,0.21314302609716362,0.34696855476774113,"5. Opti (Synchronisation Totale)","IPSL-CM5A  RCA4","IPSL-CM5A (Hiver humide/Été extrême)"
2042,"2. Étang de Milieu",46.94786270974612,20.41682335112006,704.98944,6852497.356799999,0.032563247825512905,0.21314302609716362,0.34696855476774113,"5. Opti (Synchronisation Totale)","IPSL-CM5A  RCA4","IPSL-CM5A (Hiver humide/Été extrême)"
2042,"3. Étang Exutoire",98.90556813072601,51.77229879147844,704.98944,6852497.356799999,0.032563247825512905,0.21314302609716362,0.34696855476774113,"5. Opti (Synchronisation Totale)","IPSL-CM5A  RCA4","IPSL-CM5A (Hiver humide/Été extrême)"
2043,"1. Étang de Tête",36.189596617990624,21.12147768138819,998.80992,9708432.422400001,0.04741649231194331,0.16430827569531833,0.3717923502033278,"5. Opti (Synchronisation Totale)","IPSL-CM5A  RCA4","IPSL-CM5A (Hiver humide/Été extrême)"
2043,"2. Étang de Milieu",60.934985741398556,37.134553923286944,998.80992,9708432.422400001,0.04741649231194331,0.16430827569531833,0.3717923502033278,"5. Opti (Synchronisation Totale)","IPSL-CM5A  RCA4","IPSL-CM5A (Hiver humide/Été extrême)"
2043,"3. Étang Exutoire",100,51.96891042869417,998.80992,9708432.422400001,0.04741649231194331,0.16430827569531833,0.3717923502033278,"5. Opti (Synchronisation Totale)","IPSL-CM5A  RCA4","IPSL-CM5A (Hiver humide/Été extrême)"
2044,"1. Étang de Tête",62.32358755369507,36.670979847370795,1140.03936,11081182.5792,0.05228764245478018,0.18083319429043637,0.3635968419712407,"5. Opti (Synchronisation Totale)","IPSL-CM5A  RCA4","IPSL-CM5A (Hiver humide/Été extrême)"
2044,"2. Étang de Milieu",59.98394674494187,41.46908013439243,1140.03936,11081182.5792,0.05228764245478018,0.18083319429043637,0.3635968419712407,"5. Opti (Synchronisation Totale)","IPSL-CM5A  RCA4","IPSL-CM5A (Hiver humide/Été extrême)"
2044,"3. Étang Exutoire",99.81293949413288,55.44470111566613,1140.03936,11081182.5792,0.05228764245478018,0.18083319429043637,0.3635968419712407,"5. Opti (Synchronisation Totale)","IPSL-CM5A  RCA4","IPSL-CM5A (Hiver humide/Été extrême)"
2045,"1. Étang de Tête",63.56972976296926,21.690542548491507,1223.19936,11889497.7792,0.1328173403011428,0.14669928983063463,0.37599036469686603,"5. Opti (Synchronisation Totale)","IPSL-CM5A  RCA4","IPSL-CM5A (Hiver humide/Été extrême)"
2045,"2. Étang de Milieu",85.72032764290749,48.63842237935311,1223.19936,11889497.7792,0.1328173403011428,0.14669928983063463,0.37599036469686603,"5. Opti (Synchronisation Totale)","IPSL-CM5A  RCA4","IPSL-CM5A (Hiver humide/Été extrême)"
2045,"3. Étang Exutoire",0,0,1223.19936,11889497.7792,0.1328173403011428,0.14669928983063463,0.37599036469686603,"5. Opti (Synchronisation Totale)","IPSL-CM5A  RCA4","IPSL-CM5A (Hiver humide/Été extrême)"
2046,"1. Étang de Tête",0,0,852.43968,8285713.6896,0.06529326500842011,0.16366835469828264,0.33600350988209754,"5. Opti (Synchronisation Totale)","IPSL-CM5A  RCA4","IPSL-CM5A (Hiver humide/Été extrême)"
2046,"2. Étang de Milieu",61.94809092696482,37.8032615842455,852.43968,8285713.6896,0.06529326500842011,0.16366835469828264,0.33600350988209754,"5. Opti (Synchronisation Totale)","IPSL-CM5A  RCA4","IPSL-CM5A (Hiver humide/Été extrême)"
2046,"3. Étang Exutoire",100,66.7691422773035,852.43968,8285713.6896,0.06529326500842011,0.16366835469828264,0.33600350988209754,"5. Opti (Synchronisation Totale)","IPSL-CM5A  RCA4","IPSL-CM5A (Hiver humide/Été extrême)"
2047,"1. Étang de Tête",49.715426306735864,38.183800958100385,992.96064,9651577.4208,0.09333634923016929,0.14787438587563126,0.3682432718236855,"5. Opti (Synchronisation Totale)","IPSL-CM5A  RCA4","IPSL-CM5A (Hiver humide/Été extrême)"
2047,"2. Étang de Milieu",61.36183590093779,48.73334374508088,992.96064,9651577.4208,0.09333634923016929,0.14787438587563126,0.3682432718236855,"5. Opti (Synchronisation Totale)","IPSL-CM5A  RCA4","IPSL-CM5A (Hiver humide/Été extrême)"
2047,"3. Étang Exutoire",100,77.16711389839936,992.96064,9651577.4208,0.09333634923016929,0.14787438587563126,0.3682432718236855,"5. Opti (Synchronisation Totale)","IPSL-CM5A  RCA4","IPSL-CM5A (Hiver humide/Été extrême)"
2048,"1. Étang de Tête",22.179452327799247,1.1121796382868168,882.47232,8577630.950399999,0.06771663021604551,0.19150718367171646,0.3444000766298297,"5. Opti (Synchronisation Totale)","IPSL-CM5A  RCA4","IPSL-CM5A (Hiver humide/Été extrême)"
2048,"2. Étang de Milieu",61.098053619485924,33.025704333895185,882.47232,8577630.950399999,0.06771663021604551,0.19150718367171646,0.3444000766298297,"5. Opti (Synchronisation Totale)","IPSL-CM5A  RCA4","IPSL-CM5A (Hiver humide/Été extrême)"
2048,"3. Étang Exutoire",98.0426681246945,55.09534832521674,882.47232,8577630.950399999,0.06771663021604551,0.19150718367171646,0.3444000766298297,"5. Opti (Synchronisation Totale)","IPSL-CM5A  RCA4","IPSL-CM5A (Hiver humide/Été extrême)"
2049,"1. Étang de Tête",36.58091439335625,7.111274750296576,1039.608,10104989.76,0.08059947926173658,0.17986393291956035,0.3622998002705132,"5. Opti (Synchronisation Totale)","IPSL-CM5A  RCA4","IPSL-CM5A (Hiver humide/Été extrême)"
2049,"2. Étang de Milieu",67.09187186995736,26.65563943655308,1039.608,10104989.76,0.08059947926173658,0.17986393291956035,0.3622998002705132,"5. Opti (Synchronisation Totale)","IPSL-CM5A  RCA4","IPSL-CM5A (Hiver humide/Été extrême)"
2049,"3. Étang Exutoire",100,45.65815339244697,1039.608,10104989.76,0.08059947926173658,0.17986393291956035,0.3622998002705132,"5. Opti (Synchronisation Totale)","IPSL-CM5A  RCA4","IPSL-CM5A (Hiver humide/Été extrême)"
2050,"1. Étang de Tête",45.611712347576685,15.377562958145573,933.10272,9069758.4384,0.07238977587021778,0.22440723617369837,0.37273273074286123,"5. Opti (Synchronisation Totale)","IPSL-CM5A  RCA4","IPSL-CM5A (Hiver humide/Été extrême)"
2050,"2. Étang de Milieu",69.49721841868114,33.39811615499818,933.10272,9069758.4384,0.07238977587021778,0.22440723617369837,0.37273273074286123,"5. Opti (Synchronisation Totale)","IPSL-CM5A  RCA4","IPSL-CM5A (Hiver humide/Été extrême)"
2050,"3. Étang Exutoire",0,0,933.10272,9069758.4384,0.07238977587021778,0.22440723617369837,0.37273273074286123,"5. Opti (Synchronisation Totale)","IPSL-CM5A  RCA4","IPSL-CM5A (Hiver humide/Été extrême)"
2051,"1. Étang de Tête",46.32685943322623,11.203932637104884,1129.30848,10976878.4256,0.05071543798830962,0.19408611931614855,0.36004962533096896,"5. Opti (Synchronisation Totale)","IPSL-CM5A  RCA4","IPSL-CM5A (Hiver humide/Été extrême)"
2051,"2. Étang de Milieu",79.43878866010112,29.206661273263357,1129.30848,10976878.4256,0.05071543798830962,0.19408611931614855,0.36004962533096896,"5. Opti (Synchronisation Totale)","IPSL-CM5A  RCA4","IPSL-CM5A (Hiver humide/Été extrême)"
2051,"3. Étang Exutoire",97.27388413282702,38.42922914718852,1129.30848,10976878.4256,0.05071543798830962,0.19408611931614855,0.36004962533096896,"5. Opti (Synchronisation Totale)","IPSL-CM5A  RCA4","IPSL-CM5A (Hiver humide/Été extrême)"
2052,"1. Étang de Tête",67.08409243249875,29.20584577253466,1451.3212800000001,14106842.8416,0.16282030771861034,0.11773219592776783,0.39606233386961015,"5. Opti (Synchronisation Totale)","IPSL-CM5A  RCA4","IPSL-CM5A (Hiver humide/Été extrême)"
2052,"2. Étang de Milieu",70.24223077073538,40.05856662579944,1451.3212800000001,14106842.8416,0.16282030771861034,0.11773219592776783,0.39606233386961015,"5. Opti (Synchronisation Totale)","IPSL-CM5A  RCA4","IPSL-CM5A (Hiver humide/Été extrême)"
2052,"3. Étang Exutoire",99.8595206640657,52.11273321810228,1451.3212800000001,14106842.8416,0.16282030771861034,0.11773219592776783,0.39606233386961015,"5. Opti (Synchronisation Totale)","IPSL-CM5A  RCA4","IPSL-CM5A (Hiver humide/Été extrême)"
2053,"1. Étang de Tête",62.73912424154659,48.30037777524677,1295.33472,12590653.4784,0.17220344499884732,0.11239984225645427,0.39414522103120886,"5. Opti (Synchronisation Totale)","IPSL-CM5A  RCA4","IPSL-CM5A (Hiver humide/Été extrême)"
2053,"2. Étang de Milieu",74.61478771054387,62.001427637334004,1295.33472,12590653.4784,0.17220344499884732,0.11239984225645427,0.39414522103120886,"5. Opti (Synchronisation Totale)","IPSL-CM5A  RCA4","IPSL-CM5A (Hiver humide/Été extrême)"
2053,"3. Étang Exutoire",100,77.65676369484201,1295.33472,12590653.4784,0.17220344499884732,0.11239984225645427,0.39414522103120886,"5. Opti (Synchronisation Totale)","IPSL-CM5A  RCA4","IPSL-CM5A (Hiver humide/Été extrême)"
2054,"1. Étang de Tête",46.096638893410876,6.660935648010449,969.77952,9426256.9344,0.08244121093613999,0.19242537777155663,0.3483232124559387,"5. Opti (Synchronisation Totale)","IPSL-CM5A  RCA4","IPSL-CM5A (Hiver humide/Été extrême)"
2054,"2. Étang de Milieu",66.19821293657874,31.52967432145629,969.77952,9426256.9344,0.08244121093613999,0.19242537777155663,0.3483232124559387,"5. Opti (Synchronisation Totale)","IPSL-CM5A  RCA4","IPSL-CM5A (Hiver humide/Été extrême)"
2054,"3. Étang Exutoire",99.59988584100729,52.51388497684077,969.77952,9426256.9344,0.08244121093613999,0.19242537777155663,0.3483232124559387,"5. Opti (Synchronisation Totale)","IPSL-CM5A  RCA4","IPSL-CM5A (Hiver humide/Été extrême)"
2055,"1. Étang de Tête",55.89991920964058,20.16758867451702,1071.94752,10419329.894399999,0.10413625932324491,0.17705212347706717,0.3771166446386681,"5. Opti (Synchronisation Totale)","IPSL-CM5A  RCA4","IPSL-CM5A (Hiver humide/Été extrême)"
2055,"2. Étang de Milieu",81.66243854997877,45.17448323142745,1071.94752,10419329.894399999,0.10413625932324491,0.17705212347706717,0.3771166446386681,"5. Opti (Synchronisation Totale)","IPSL-CM5A  RCA4","IPSL-CM5A (Hiver humide/Été extrême)"
2055,"3. Étang Exutoire",0,0,1071.94752,10419329.894399999,0.10413625932324491,0.17705212347706717,0.3771166446386681,"5. Opti (Synchronisation Totale)","IPSL-CM5A  RCA4","IPSL-CM5A (Hiver humide/Été extrême)"
2056,"1. Étang de Tête",0,0,1067.24736,10373644.339200001,0.09736491798816634,0.16221767842948043,0.3609132433489054,"5. Opti (Synchronisation Totale)","IPSL-CM5A  RCA4","IPSL-CM5A (Hiver humide/Été extrême)"
2056,"2. Étang de Milieu",80.70242451296988,33.937759710182306,1067.24736,10373644.339200001,0.09736491798816634,0.16221767842948043,0.3609132433489054,"5. Opti (Synchronisation Totale)","IPSL-CM5A  RCA4","IPSL-CM5A (Hiver humide/Été extrême)"
2056,"3. Étang Exutoire",98.92237370162898,44.347022000417816,1067.24736,10373644.339200001,0.09736491798816634,0.16221767842948043,0.3609132433489054,"5. Opti (Synchronisation Totale)","IPSL-CM5A  RCA4","IPSL-CM5A (Hiver humide/Été extrême)"
2057,"1. Étang de Tête",69.49693529670148,1.49149498704682,977.59872,9502259.5584,0.11251344326246245,0.21054286939917152,0.38143808370805626,"5. Opti (Synchronisation Totale)","IPSL-CM5A  RCA4","IPSL-CM5A (Hiver humide/Été extrême)"
2057,"2. Étang de Milieu",67.1008908161109,10.884948460943491,977.59872,9502259.5584,0.11251344326246245,0.21054286939917152,0.38143808370805626,"5. Opti (Synchronisation Totale)","IPSL-CM5A  RCA4","IPSL-CM5A (Hiver humide/Été extrême)"
2057,"3. Étang Exutoire",100,10.795546165574686,977.59872,9502259.5584,0.11251344326246245,0.21054286939917152,0.38143808370805626,"5. Opti (Synchronisation Totale)","IPSL-CM5A  RCA4","IPSL-CM5A (Hiver humide/Été extrême)"
2058,"1. Étang de Tête",32.687382220284356,11.409166744995797,1078.6176,10484163.072,0.020502270409009996,0.15241890579232092,0.3448651315630198,"5. Opti (Synchronisation Totale)","IPSL-CM5A  RCA4","IPSL-CM5A (Hiver humide/Été extrême)"
2058,"2. Étang de Milieu",57.110350369232144,40.50206516839386,1078.6176,10484163.072,0.020502270409009996,0.15241890579232092,0.3448651315630198,"5. Opti (Synchronisation Totale)","IPSL-CM5A  RCA4","IPSL-CM5A (Hiver humide/Été extrême)"
2058,"3. Étang Exutoire",99.72044858781894,70.95392568718454,1078.6176,10484163.072,0.020502270409009996,0.15241890579232092,0.3448651315630198,"5. Opti (Synchronisation Totale)","IPSL-CM5A  RCA4","IPSL-CM5A (Hiver humide/Été extrême)"
2059,"1. Étang de Tête",41.386040960896935,16.400182604048922,1034.8992,10059220.224,0.10899662834248564,0.20795491801746271,0.3831731586672845,"5. Opti (Synchronisation Totale)","IPSL-CM5A  RCA4","IPSL-CM5A (Hiver humide/Été extrême)"
2059,"2. Étang de Milieu",68.99070783988651,36.61762750956391,1034.8992,10059220.224,0.10899662834248564,0.20795491801746271,0.3831731586672845,"5. Opti (Synchronisation Totale)","IPSL-CM5A  RCA4","IPSL-CM5A (Hiver humide/Été extrême)"
2059,"3. Étang Exutoire",98.86141511938864,50.82229664159495,1034.8992,10059220.224,0.10899662834248564,0.20795491801746271,0.3831731586672845,"5. Opti (Synchronisation Totale)","IPSL-CM5A  RCA4","IPSL-CM5A (Hiver humide/Été extrême)"
2060,"1. Étang de Tête",35.96846026317914,0.7334288247609732,814.89024,7920733.1328,0.07183421043413,0.24996572416146173,0.3619027392777215,"5. Opti (Synchronisation Totale)","IPSL-CM5A  RCA4","IPSL-CM5A (Hiver humide/Été extrême)"
2060,"2. Étang de Milieu",66.96398627578961,8.92310621832735,814.89024,7920733.1328,0.07183421043413,0.24996572416146173,0.3619027392777215,"5. Opti (Synchronisation Totale)","IPSL-CM5A  RCA4","IPSL-CM5A (Hiver humide/Été extrême)"
2060,"3. Étang Exutoire",0,0,814.89024,7920733.1328,0.07183421043413,0.24996572416146173,0.3619027392777215,"5. Opti (Synchronisation Totale)","IPSL-CM5A  RCA4","IPSL-CM5A (Hiver humide/Été extrême)"
2061,"1. Étang de Tête",0,0,976.3977600000001,9490586.227200001,0.052802896371752686,0.16415950747779717,0.36866472412558743,"5. Opti (Synchronisation Totale)","IPSL-CM5A  RCA4","IPSL-CM5A (Hiver humide/Été extrême)"
2061,"2. Étang de Milieu",68.1722546280935,31.97684229199036,976.3977600000001,9490586.227200001,0.052802896371752686,0.16415950747779717,0.36866472412558743,"5. Opti (Synchronisation Totale)","IPSL-CM5A  RCA4","IPSL-CM5A (Hiver humide/Été extrême)"
2061,"3. Étang Exutoire",97.21901047502386,45.57337907382046,976.3977600000001,9490586.227200001,0.052802896371752686,0.16415950747779717,0.36866472412558743,"5. Opti (Synchronisation Totale)","IPSL-CM5A  RCA4","IPSL-CM5A (Hiver humide/Été extrême)"
2062,"1. Étang de Tête",66.3775626612744,35.6594802599015,1212.39072,11784437.798400002,0.07317231083223931,0.13741822052104508,0.36590385106536005,"5. Opti (Synchronisation Totale)","IPSL-CM5A  RCA4","IPSL-CM5A (Hiver humide/Été extrême)"
2062,"2. Étang de Milieu",64.00934745278923,42.089936183328774,1212.39072,11784437.798400002,0.07317231083223931,0.13741822052104508,0.36590385106536005,"5. Opti (Synchronisation Totale)","IPSL-CM5A  RCA4","IPSL-CM5A (Hiver humide/Été extrême)"
2062,"3. Étang Exutoire",100,62.713687283462605,1212.39072,11784437.798400002,0.07317231083223931,0.13741822052104508,0.36590385106536005,"5. Opti (Synchronisation Totale)","IPSL-CM5A  RCA4","IPSL-CM5A (Hiver humide/Été extrême)"
2063,"1. Étang de Tête",29.6685184112129,10.674794589086348,908.1936000000001,8827641.792,0.06508645805448256,0.18697893765129006,0.3472564284671597,"5. Opti (Synchronisation Totale)","IPSL-CM5A  RCA4","IPSL-CM5A (Hiver humide/Été extrême)"
2063,"2. Étang de Milieu",62.61296084386187,48.567740520753446,908.1936000000001,8827641.792,0.06508645805448256,0.18697893765129006,0.3472564284671597,"5. Opti (Synchronisation Totale)","IPSL-CM5A  RCA4","IPSL-CM5A (Hiver humide/Été extrême)"
2063,"3. Étang Exutoire",98.59278556782976,76.97177296685722,908.1936000000001,8827641.792,0.06508645805448256,0.18697893765129006,0.3472564284671597,"5. Opti (Synchronisation Totale)","IPSL-CM5A  RCA4","IPSL-CM5A (Hiver humide/Été extrême)"
2064,"1. Étang de Tête",53.06666320679248,30.91455845333237,1113.0912,10819246.464,0.06780192623129579,0.162303344103372,0.3591626552784001,"5. Opti (Synchronisation Totale)","IPSL-CM5A  RCA4","IPSL-CM5A (Hiver humide/Été extrême)"
2064,"2. Étang de Milieu",65.40497093885364,46.6672916816507,1113.0912,10819246.464,0.06780192623129579,0.162303344103372,0.3591626552784001,"5. Opti (Synchronisation Totale)","IPSL-CM5A  RCA4","IPSL-CM5A (Hiver humide/Été extrême)"
2064,"3. Étang Exutoire",99.74691968070756,69.98687346536865,1113.0912,10819246.464,0.06780192623129579,0.162303344103372,0.3591626552784001,"5. Opti (Synchronisation Totale)","IPSL-CM5A  RCA4","IPSL-CM5A (Hiver humide/Été extrême)"
2065,"1. Étang de Tête",49.389933128211055,4.671689024578498,1067.79168,10378935.129600001,0.11226754343158139,0.18449583698136132,0.3652187220124304,"5. Opti (Synchronisation Totale)","IPSL-CM5A  RCA4","IPSL-CM5A (Hiver humide/Été extrême)"
2065,"2. Étang de Milieu",81.5710002888781,28.95276030580412,1067.79168,10378935.129600001,0.11226754343158139,0.18449583698136132,0.3652187220124304,"5. Opti (Synchronisation Totale)","IPSL-CM5A  RCA4","IPSL-CM5A (Hiver humide/Été extrême)"
2065,"3. Étang Exutoire",0,0,1067.79168,10378935.129600001,0.11226754343158139,0.18449583698136132,0.3652187220124304,"5. Opti (Synchronisation Totale)","IPSL-CM5A  RCA4","IPSL-CM5A (Hiver humide/Été extrême)"
2066,"1. Étang de Tête",0,0,1196.10432,11626133.990399998,0.10269783544171755,0.12813133929989368,0.378756691039077,"5. Opti (Synchronisation Totale)","IPSL-CM5A  RCA4","IPSL-CM5A (Hiver humide/Été extrême)"
2066,"2. Étang de Milieu",80.06539452536481,50.95835394271229,1196.10432,11626133.990399998,0.10269783544171755,0.12813133929989368,0.378756691039077,"5. Opti (Synchronisation Totale)","IPSL-CM5A  RCA4","IPSL-CM5A (Hiver humide/Été extrême)"
2066,"3. Étang Exutoire",99.83492043057954,58.034626984667256,1196.10432,11626133.990399998,0.10269783544171755,0.12813133929989368,0.378756691039077,"5. Opti (Synchronisation Totale)","IPSL-CM5A  RCA4","IPSL-CM5A (Hiver humide/Été extrême)"
2067,"1. Étang de Tête",48.217960972933405,40.561507905512414,1085.15808,10547736.5376,0.11124406756431719,0.17598856263936993,0.3763517876317628,"5. Opti (Synchronisation Totale)","IPSL-CM5A  RCA4","IPSL-CM5A (Hiver humide/Été extrême)"
2067,"2. Étang de Milieu",63.47949240410174,47.53812888745554,1085.15808,10547736.5376,0.11124406756431719,0.17598856263936993,0.3763517876317628,"5. Opti (Synchronisation Totale)","IPSL-CM5A  RCA4","IPSL-CM5A (Hiver humide/Été extrême)"
2067,"3. Étang Exutoire",98.37939265338038,68.32828649996657,1085.15808,10547736.5376,0.11124406756431719,0.17598856263936993,0.3763517876317628,"5. Opti (Synchronisation Totale)","IPSL-CM5A  RCA4","IPSL-CM5A (Hiver humide/Été extrême)"
2068,"1. Étang de Tête",43.39156549892678,4.857449208282483,984.08736,9565329.1392,0.11011994673037953,0.19167967948561865,0.37143599361528784,"5. Opti (Synchronisation Totale)","IPSL-CM5A  RCA4","IPSL-CM5A (Hiver humide/Été extrême)"
2068,"2. Étang de Milieu",72.3779626819562,27.47482527808854,984.08736,9565329.1392,0.11011994673037953,0.19167967948561865,0.37143599361528784,"5. Opti (Synchronisation Totale)","IPSL-CM5A  RCA4","IPSL-CM5A (Hiver humide/Été extrême)"
2068,"3. Étang Exutoire",100,31.093449433398092,984.08736,9565329.1392,0.11011994673037953,0.19167967948561865,0.37143599361528784,"5. Opti (Synchronisation Totale)","IPSL-CM5A  RCA4","IPSL-CM5A (Hiver humide/Été extrême)"
2069,"1. Étang de Tête",57.35390234337403,7.921245388739849,1153.3968,11211016.896,0.06623038629670087,0.18212306517532004,0.3630609369934181,"5. Opti (Synchronisation Totale)","IPSL-CM5A  RCA4","IPSL-CM5A (Hiver humide/Été extrême)"
2069,"2. Étang de Milieu",72.05647738533946,29.997500618749875,1153.3968,11211016.896,0.06623038629670087,0.18212306517532004,0.3630609369934181,"5. Opti (Synchronisation Totale)","IPSL-CM5A  RCA4","IPSL-CM5A (Hiver humide/Été extrême)"
2069,"3. Étang Exutoire",100,44.5616408656476,1153.3968,11211016.896,0.06623038629670087,0.18212306517532004,0.3630609369934181,"5. Opti (Synchronisation Totale)","IPSL-CM5A  RCA4","IPSL-CM5A (Hiver humide/Été extrême)"
2070,"1. Étang de Tête",40.91774382069947,21.516924411793,1046.5632,10172594.304000001,0.07861578145006462,0.1911354823484005,0.37025044324181833,"5. Opti (Synchronisation Totale)","IPSL-CM5A  RCA4","IPSL-CM5A (Hiver humide/Été extrême)"
2070,"2. Étang de Milieu",71.15818288521298,46.35919292971427,1046.5632,10172594.304000001,0.07861578145006462,0.1911354823484005,0.37025044324181833,"5. Opti (Synchronisation Totale)","IPSL-CM5A  RCA4","IPSL-CM5A (Hiver humide/Été extrême)"
2070,"3. Étang Exutoire",0,0,1046.5632,10172594.304000001,0.07861578145006462,0.1911354823484005,0.37025044324181833,"5. Opti (Synchronisation Totale)","IPSL-CM5A  RCA4","IPSL-CM5A (Hiver humide/Été extrême)"
2026,"1. Étang de Tête",56.17938389247042,17.55136609438819,756.5184,7353358.848,0.009347505891488939,0.2216850068097916,0.3526058748120305,"5. Opti (Synchronisation Totale)","IPSL-CM5A  WRF381P","IPSL-CM5A (Humide)"
2026,"2. Étang de Milieu",73.339813815925055,36.56170677360322,756.5184,7353358.848,0.009347505891488939,0.2216850068097916,0.3526058748120305,"5. Opti (Synchronisation Totale)","IPSL-CM5A  WRF381P","IPSL-CM5A (Humide)"
2026,"3. Étang Exutoire",91.39648444518699,45.5523593903996,756.5184,7353358.848,0.009347505891488939,0.2216850068097916,0.3526058748120305,"5. Opti (Synchronisation Totale)","IPSL-CM5A  WRF381P","IPSL-CM5A (Humide)"
2027,"1. Étang de Tête",47.80141181634524,37.1812820842985,1085.10624,10547232.652800001,0.1448249138618652,0.13422212105527698,0.3762202606905647,"5. Opti (Synchronisation Totale)","IPSL-CM5A  WRF381P","IPSL-CM5A (Humide)"
2027,"2. Étang de Milieu",65.45872868554284,52.44798618233864,1085.10624,10547232.652800001,0.1448249138618652,0.13422212105527698,0.3762202606905647,"5. Opti (Synchronisation Totale)","IPSL-CM5A  WRF381P","IPSL-CM5A (Humide)"
2027,"3. Étang Exutoire",99.53316003278073,76.62616977908937,1085.10624,10547232.652800001,0.1448249138618652,0.13422212105527698,0.3762202606905647,"5. Opti (Synchronisation Totale)","IPSL-CM5A  WRF381P","IPSL-CM5A (Humide)"
2028,"1. Étang de Tête",34.162061504428515,17.920889426919327,977.63328,9502595.4816,0.09104533211245851,0.13863403221814274,0.3499434241509813,"5. Opti (Synchronisation Totale)","IPSL-CM5A  WRF381P","IPSL-CM5A (Humide)"
2028,"2. Étang de Milieu",64.50162812115165,52.855199900437796,977.63328,9502595.4816,0.09104533211245851,0.13863403221814274,0.3499434241509813,"5. Opti (Synchronisation Totale)","IPSL-CM5A  WRF381P","IPSL-CM5A (Humide)"
2028,"3. Étang Exutoire",99.16843702336054,78.96140320392661,977.63328,9502595.4816,0.09104533211245851,0.13863403221814274,0.3499434241509813,"5. Opti (Synchronisation Totale)","IPSL-CM5A  WRF381P","IPSL-CM5A (Humide)"
2029,"1. Étang de Tête",41.86763996087602,17.77908561488074,877.81536,8532365.2992,0.08893048768788085,0.1823505033227743,0.3630200758955234,"5. Opti (Synchronisation Totale)","IPSL-CM5A  WRF381P","IPSL-CM5A (Humide)"
2029,"2. Étang de Milieu",63.751929876569015,42.96299562056523,877.81536,8532365.2992,0.08893048768788085,0.1823505033227743,0.3630200758955234,"5. Opti (Synchronisation Totale)","IPSL-CM5A  WRF381P","IPSL-CM5A (Humide)"
2029,"3. Étang Exutoire",100,70.07418491327552,877.81536,8532365.2992,0.08893048768788085,0.1823505033227743,0.3630200758955234,"5. Opti (Synchronisation Totale)","IPSL-CM5A  WRF381P","IPSL-CM5A (Humide)"
2030,"1. Étang de Tête",67.13007930540051,29.91509018646223,1121.96448,10905494.7456,0.08987936938676883,0.14668453969936063,0.36458919370605275,"5. Opti (Synchronisation Totale)","IPSL-CM5A  WRF381P","IPSL-CM5A (Humide)"
2030,"2. Étang de Milieu",80.37189761328587,49.098837698540926,1121.96448,10905494.7456,0.08987936938676883,0.14668453969936063,0.36458919370605275,"5. Opti (Synchronisation Totale)","IPSL-CM5A  WRF381P","IPSL-CM5A (Humide)"
2030,"3. Étang Exutoire",0,0,1121.96448,10905494.7456,0.08987936938676883,0.14668453969936063,0.36458919370605275,"5. Opti (Synchronisation Totale)","IPSL-CM5A  WRF381P","IPSL-CM5A (Humide)"
2031,"1. Étang de Tête",0,0,1361.17152,13230587.1744,0.150996235568802,0.07258015093214167,0.3835967639375546,"5. Opti (Synchronisation Totale)","IPSL-CM5A  WRF381P","IPSL-CM5A (Humide)"
2031,"2. Étang de Milieu",82.05488396628866,86.88535579003921,1361.17152,13230587.1744,0.150996235568802,0.07258015093214167,0.3835967639375546,"5. Opti (Synchronisation Totale)","IPSL-CM5A  WRF381P","IPSL-CM5A (Humide)"
2031,"3. Étang Exutoire",99.68929717563788,98.37915358431691,1361.17152,13230587.1744,0.150996235568802,0.07258015093214167,0.3835967639375546,"5. Opti (Synchronisation Totale)","IPSL-CM5A  WRF381P","IPSL-CM5A (Humide)"
2032,"1. Étang de Tête",60.804564126676986,33.01402148161061,1021.8096,9931989.311999999,0.17302515892802323,0.15969714960821862,0.3834907749688911,"5. Opti (Synchronisation Totale)","IPSL-CM5A  WRF381P","IPSL-CM5A (Humide)"
2032,"2. Étang de Milieu",67.52865169488192,46.67165886434004,1021.8096,9931989.311999999,0.17302515892802323,0.15969714960821862,0.3834907749688911,"5. Opti (Synchronisation Totale)","IPSL-CM5A  WRF381P","IPSL-CM5A (Humide)"
2032,"3. Étang Exutoire",98.9975382936843,64.54767524635395,1021.8096,9931989.311999999,0.17302515892802323,0.15969714960821862,0.3834907749688911,"5. Opti (Synchronisation Totale)","IPSL-CM5A  WRF381P","IPSL-CM5A (Humide)"
2033,"1. Étang de Tête",38.45023502225711,44.710391206360406,1157.7168,11253007.296,0.08966350677731902,0.11818600983605791,0.3619651746213401,"5. Opti (Synchronisation Totale)","IPSL-CM5A  WRF381P","IPSL-CM5A (Humide)"
2033,"2. Étang de Milieu",67.68221772107914,62.51105528268685,1157.7168,11253007.296,0.08966350677731902,0.11818600983605791,0.3619651746213401,"5. Opti (Synchronisation Totale)","IPSL-CM5A  WRF381P","IPSL-CM5A (Humide)"
2033,"3. Étang Exutoire",99.18921617496393,83.03996474953928,1157.7168,11253007.296,0.08966350677731902,0.11818600983605791,0.3619651746213401,"5. Opti (Synchronisation Totale)","IPSL-CM5A  WRF381P","IPSL-CM5A (Humide)"
2034,"1. Étang de Tête",46.0255981741228,49.85855561373618,1261.31904,12260021.0688,0.12940334485866706,0.11412025318220682,0.3724410456988045,"5. Opti (Synchronisation Totale)","IPSL-CM5A  WRF381P","IPSL-CM5A (Humide)"
2034,"2. Étang de Milieu",70.92741740369775,65.5697386454908,1261.31904,12260021.0688,0.12940334485866706,0.11412025318220682,0.3724410456988045,"5. Opti (Synchronisation Totale)","IPSL-CM5A  WRF381P","IPSL-CM5A (Humide)"
2034,"3. Étang Exutoire",99.90753015162008,93.73022163108521,1261.31904,12260021.0688,0.12940334485866706,0.11412025318220682,0.3724410456988045,"5. Opti (Synchronisation Totale)","IPSL-CM5A  WRF381P","IPSL-CM5A (Humide)"
2035,"1. Étang de Tête",45.55257007357108,54.60699919758131,1182.27168,11491680.729600001,0.20919316129834536,0.12264009420825472,0.3935925422877817,"5. Opti (Synchronisation Totale)","IPSL-CM5A  WRF381P","IPSL-CM5A (Humide)"
2035,"2. Étang de Milieu",81.15312338754512,70.98146082583489,1182.27168,11491680.729600001,0.20919316129834536,0.12264009420825472,0.3935925422877817,"5. Opti (Synchronisation Totale)","IPSL-CM5A  WRF381P","IPSL-CM5A (Humide)"
2035,"3. Étang Exutoire",0,0,1182.27168,11491680.729600001,0.20919316129834536,0.12264009420825472,0.3935925422877817,"5. Opti (Synchronisation Totale)","IPSL-CM5A  WRF381P","IPSL-CM5A (Humide)"
2036,"1. Étang de Tête",0,0,776.87424,7551217.6128,0.15837026956957617,0.1897739170082954,0.3560812458535783,"5. Opti (Synchronisation Totale)","IPSL-CM5A  WRF381P","IPSL-CM5A (Humide)"
2036,"2. Étang de Milieu",80.13470438323547,27.013037038001023,776.87424,7551217.6128,0.15837026956957617,0.1897739170082954,0.3560812458535783,"5. Opti (Synchronisation Totale)","IPSL-CM5A  WRF381P","IPSL-CM5A (Humide)"
2036,"3. Étang Exutoire",99.28352989491599,34.99124637344382,776.87424,7551217.6128,0.15837026956957617,0.1897739170082954,0.3560812458535783,"5. Opti (Synchronisation Totale)","IPSL-CM5A  WRF381P","IPSL-CM5A (Humide)"
2037,"1. Étang de Tête",41.86240266084551,47.82117233379618,1176.18048,11432474.2656,0.062306977613106954,0.11461189535399054,0.36121329458225127,"5. Opti (Synchronisation Totale)","IPSL-CM5A  WRF381P","IPSL-CM5A (Humide)"
2037,"2. Étang de Milieu",57.770088390395394,51.38417731662635,1176.18048,11432474.2656,0.062306977613106954,0.11461189535399054,0.36121329458225127,"5. Opti (Synchronisation Totale)","IPSL-CM5A  WRF381P","IPSL-CM5A (Humide)"
2037,"3. Étang Exutoire",99.91559506299008,80.28736308044382,1176.18048,11432474.2656,0.062306977613106954,0.11461189535399054,0.36121329458225127,"5. Opti (Synchronisation Totale)","IPSL-CM5A  WRF381P","IPSL-CM5A (Humide)"
2038,"1. Étang de Tête",47.178895335074074,25.14492783282648,1275.41088,12396993.7536,0.18251868650324363,0.12438219775174428,0.3875961529267328,"5. Opti (Synchronisation Totale)","IPSL-CM5A  WRF381P","IPSL-CM5A (Humide)"
2038,"2. Étang de Milieu",70.56427387994488,52.47759108785906,1275.41088,12396993.7536,0.18251868650324363,0.12438219775174428,0.3875961529267328,"5. Opti (Synchronisation Totale)","IPSL-CM5A  WRF381P","IPSL-CM5A (Humide)"
2038,"3. Étang Exutoire",95.18517113577902,67.637903660189,1275.41088,12396993.7536,0.18251868650324363,0.12438219775174428,0.3875961529267328,"5. Opti (Synchronisation Totale)","IPSL-CM5A  WRF381P","IPSL-CM5A (Humide)"
2039,"1. Étang de Tête",46.780933801893724,32.1094820433499,1175.50656,11425923.7632,0.0920860555498213,0.12705804915859437,0.3610826803299144,"5. Opti (Synchronisation Totale)","IPSL-CM5A  WRF381P","IPSL-CM5A (Humide)"
2039,"2. Étang de Milieu",69.54217010549881,56.972624928280545,1175.50656,11425923.7632,0.0920860555498213,0.12705804915859437,0.3610826803299144,"5. Opti (Synchronisation Totale)","IPSL-CM5A  WRF381P","IPSL-CM5A (Humide)"
2039,"3. Étang Exutoire",99.15351333954146,84.30905899916169,1175.50656,11425923.7632,0.0920860555498213,0.12705804915859437,0.3610826803299144,"5. Opti (Synchronisation Totale)","IPSL-CM5A  WRF381P","IPSL-CM5A (Humide)"
2040,"1. Étang de Tête",38.76028309834561,32.318536752377064,1002.21408,9741520.8576,0.12566953528132147,0.14659050324367254,0.36401244536526356,"5. Opti (Synchronisation Totale)","IPSL-CM5A  WRF381P","IPSL-CM5A (Humide)"
2040,"2. Étang de Milieu",74.74376479157141,58.55407080043732,1002.21408,9741520.8576,0.12566953528132147,0.14659050324367254,0.36401244536526356,"5. Opti (Synchronisation Totale)","IPSL-CM5A  WRF381P","IPSL-CM5A (Humide)"
2040,"3. Étang Exutoire",0,0,1002.21408,9741520.8576,0.12566953528132147,0.14659050324367254,0.36401244536526356,"5. Opti (Synchronisation Totale)","IPSL-CM5A  WRF381P","IPSL-CM5A (Humide)"
2041,"1. Étang de Tête",0,0,941.18112,9148280.486399999,0.15626234760501,0.1572961885899435,0.3734479526361616,"5. Opti (Synchronisation Totale)","IPSL-CM5A  WRF381P","IPSL-CM5A (Humide)"
2041,"2. Étang de Milieu",80.03605456806177,43.668702635860704,941.18112,9148280.486399999,0.15626234760501,0.1572961885899435,0.3734479526361616,"5. Opti (Synchronisation Totale)","IPSL-CM5A  WRF381P","IPSL-CM5A (Humide)"
2041,"3. Étang Exutoire",100,51.495854861273706,941.18112,9148280.486399999,0.15626234760501,0.1572961885899435,0.3734479526361616,"5. Opti (Synchronisation Totale)","IPSL-CM5A  WRF381P","IPSL-CM5A (Humide)"
2042,"1. Étang de Tête",30.119012449138072,9.453812484336169,823.54752,8004881.8944,0.08554460079030712,0.17554341124195422,0.35064680837741313,"5. Opti (Synchronisation Totale)","IPSL-CM5A  WRF381P","IPSL-CM5A (Humide)"
2042,"2. Étang de Milieu",57.98261422462421,30.158908255199893,823.54752,8004881.8944,0.08554460079030712,0.17554341124195422,0.35064680837741313,"5. Opti (Synchronisation Totale)","IPSL-CM5A  WRF381P","IPSL-CM5A (Humide)"
2042,"3. Étang Exutoire",96.73369022018427,52.42363162660845,823.54752,8004881.8944,0.08554460079030712,0.17554341124195422,0.35064680837741313,"5. Opti (Synchronisation Totale)","IPSL-CM5A  WRF381P","IPSL-CM5A (Humide)"
2043,"1. Étang de Tête",31.0677013179883,62.467041873242515,1140.3072,11083785.984000001,0.0571672740082296,0.10498947498218514,0.36552707200312906,"5. Opti (Synchronisation Totale)","IPSL-CM5A  WRF381P","IPSL-CM5A (Humide)"
2043,"2. Étang de Milieu",56.63208230625494,64.63622577139553,1140.3072,11083785.984000001,0.0571672740082296,0.10498947498218514,0.36552707200312906,"5. Opti (Synchronisation Totale)","IPSL-CM5A  WRF381P","IPSL-CM5A (Humide)"
2043,"3. Étang Exutoire",99.34571791734756,97.99099105424995,1140.3072,11083785.984000001,0.0571672740082296,0.10498947498218514,0.36552707200312906,"5. Opti (Synchronisation Totale)","IPSL-CM5A  WRF381P","IPSL-CM5A (Humide)"
2044,"1. Étang de Tête",63.042956074425774,40.585279395731995,1264.56768,12291597.8496,0.14633948967170393,0.1179714518374075,0.38089682616607967,"5. Opti (Synchronisation Totale)","IPSL-CM5A  WRF381P","IPSL-CM5A (Humide)"
2044,"2. Étang de Milieu",74.02834611223501,55.17845930254917,1264.56768,12291597.8496,0.14633948967170393,0.1179714518374075,0.38089682616607967,"5. Opti (Synchronisation Totale)","IPSL-CM5A  WRF381P","IPSL-CM5A (Humide)"
2044,"3. Étang Exutoire",100,72.80099794644549,1264.56768,12291597.8496,0.14633948967170393,0.1179714518374075,0.38089682616607967,"5. Opti (Synchronisation Totale)","IPSL-CM5A  WRF381P","IPSL-CM5A (Humide)"
2045,"1. Étang de Tête",54.17583769711088,15.158093867797072,1144.10016,11120653.5552,0.14067763958113336,0.14750802929975543,0.37850623963373264,"5. Opti (Synchronisation Totale)","IPSL-CM5A  WRF381P","IPSL-CM5A (Humide)"
2045,"2. Étang de Milieu",84.85880281198602,41.435016779267926,1144.10016,11120653.5552,0.14067763958113336,0.14750802929975543,0.37850623963373264,"5. Opti (Synchronisation Totale)","IPSL-CM5A  WRF381P","IPSL-CM5A (Humide)"
2045,"3. Étang Exutoire",0,0,1144.10016,11120653.5552,0.14067763958113336,0.14750802929975543,0.37850623963373264,"5. Opti (Synchronisation Totale)","IPSL-CM5A  WRF381P","IPSL-CM5A (Humide)"
2046,"1. Étang de Tête",0,0,1335.96864,12985615.1808,0.15279282329638563,0.08732101182413507,0.3804194873703814,"5. Opti (Synchronisation Totale)","IPSL-CM5A  WRF381P","IPSL-CM5A (Humide)"
2046,"2. Étang de Milieu",84.52096046921392,77.32183746113147,1335.96864,12985615.1808,0.15279282329638563,0.08732101182413507,0.3804194873703814,"5. Opti (Synchronisation Totale)","IPSL-CM5A  WRF381P","IPSL-CM5A (Humide)"
2046,"3. Étang Exutoire",100,86.596931625963,1335.96864,12985615.1808,0.15279282329638563,0.08732101182413507,0.3804194873703814,"5. Opti (Synchronisation Totale)","IPSL-CM5A  WRF381P","IPSL-CM5A (Humide)"
2047,"1. Étang de Tête",58.204314409612216,69.42191127833831,1391.10912,13521580.6464,0.1766393826761797,0.09245577327701307,0.3867541597666935,"5. Opti (Synchronisation Totale)","IPSL-CM5A  WRF381P","IPSL-CM5A (Humide)"
2047,"2. Étang de Milieu",67.58942580096438,68.13640441778197,1391.10912,13521580.6464,0.1766393826761797,0.09245577327701307,0.3867541597666935,"5. Opti (Synchronisation Totale)","IPSL-CM5A  WRF381P","IPSL-CM5A (Humide)"
2047,"3. Étang Exutoire",98.86053228416642,96.69820537835022,1391.10912,13521580.6464,0.1766393826761797,0.09245577327701307,0.3867541597666935,"5. Opti (Synchronisation Totale)","IPSL-CM5A  WRF381P","IPSL-CM5A (Humide)"
2048,"1. Étang de Tête",48.863461853267275,23.231808402760038,1217.15136,11830711.2192,0.16417018069011027,0.11420909824516645,0.374255678153332,"5. Opti (Synchronisation Totale)","IPSL-CM5A  WRF381P","IPSL-CM5A (Humide)"
2048,"2. Étang de Milieu",73.28882995249045,56.153709980036595,1217.15136,11830711.2192,0.16417018069011027,0.11420909824516645,0.374255678153332,"5. Opti (Synchronisation Totale)","IPSL-CM5A  WRF381P","IPSL-CM5A (Humide)"
2048,"3. Étang Exutoire",99.20968512589388,71.5309781603385,1217.15136,11830711.2192,0.16417018069011027,0.11420909824516645,0.374255678153332,"5. Opti (Synchronisation Totale)","IPSL-CM5A  WRF381P","IPSL-CM5A (Humide)"
2049,"1. Étang de Tête",48.421817969956855,73.10049233568346,1318.67136,12817485.6192,0.15881035991508485,0.10651519082933569,0.38528876138807916,"5. Opti (Synchronisation Totale)","IPSL-CM5A  WRF381P","IPSL-CM5A (Humide)"
2049,"2. Étang de Milieu",72.0684679713302,73.756131532662,1318.67136,12817485.6192,0.15881035991508485,0.10651519082933569,0.38528876138807916,"5. Opti (Synchronisation Totale)","IPSL-CM5A  WRF381P","IPSL-CM5A (Humide)"
2049,"3. Étang Exutoire",99.64137448828158,98.32818328764165,1318.67136,12817485.6192,0.15881035991508485,0.10651519082933569,0.38528876138807916,"5. Opti (Synchronisation Totale)","IPSL-CM5A  WRF381P","IPSL-CM5A (Humide)"
2050,"1. Étang de Tête",64.6847923426192,75.20447663018324,1585.19808,15408125.337599998,0.19341922288531221,0.09370226839244496,0.38901981432064564,"5. Opti (Synchronisation Totale)","IPSL-CM5A  WRF381P","IPSL-CM5A (Humide)"
2050,"2. Étang de Milieu",85.98960188735715,80.1433498173269,1585.19808,15408125.337599998,0.19341922288531221,0.09370226839244496,0.38901981432064564,"5. Opti (Synchronisation Totale)","IPSL-CM5A  WRF381P","IPSL-CM5A (Humide)"
2050,"3. Étang Exutoire",0,0,1585.19808,15408125.337599998,0.19341922288531221,0.09370226839244496,0.38901981432064564,"5. Opti (Synchronisation Totale)","IPSL-CM5A  WRF381P","IPSL-CM5A (Humide)"
2051,"1. Étang de Tête",50.45099892711271,36.06207413269622,1250.66592,12156472.7424,0.17239781097234338,0.13773142537535266,0.38006282935274227,"5. Opti (Synchronisation Totale)","IPSL-CM5A  WRF381P","IPSL-CM5A (Humide)"
2051,"2. Étang de Milieu",87.72821824991908,68.18240015105822,1250.66592,12156472.7424,0.17239781097234338,0.13773142537535266,0.38006282935274227,"5. Opti (Synchronisation Totale)","IPSL-CM5A  WRF381P","IPSL-CM5A (Humide)"
2051,"3. Étang Exutoire",93.42901364002138,69.98751114070723,1250.66592,12156472.7424,0.17239781097234338,0.13773142537535266,0.38006282935274227,"5. Opti (Synchronisation Totale)","IPSL-CM5A  WRF381P","IPSL-CM5A (Humide)"
2052,"1. Étang de Tête",70.97464540737957,64.85494982330117,1309.96224,12732832.972800002,0.20814573846133871,0.10429340657705753,0.3922619741799444,"5. Opti (Synchronisation Totale)","IPSL-CM5A  WRF381P","IPSL-CM5A (Humide)"
2052,"2. Étang de Milieu",70.40442526468888,60.383444589753935,1309.96224,12732832.972800002,0.20814573846133871,0.10429340657705753,0.3922619741799444,"5. Opti (Synchronisation Totale)","IPSL-CM5A  WRF381P","IPSL-CM5A (Humide)"
2052,"3. Étang Exutoire",99.71702627376237,84.81373723873413,1309.96224,12732832.972800002,0.20814573846133871,0.10429340657705753,0.3922619741799444,"5. Opti (Synchronisation Totale)","IPSL-CM5A  WRF381P","IPSL-CM5A (Humide)"
2053,"1. Étang de Tête",60.275562164705356,17.509784897017337,994.43808,9665938.137600001,0.17210819192279742,0.15007855661910974,0.3791556933095068,"5. Opti (Synchronisation Totale)","IPSL-CM5A  WRF381P","IPSL-CM5A (Humide)"
2053,"2. Étang de Milieu",74.18001234860236,41.17310563648394,994.43808,9665938.137600001,0.17210819192279742,0.15007855661910974,0.3791556933095068,"5. Opti (Synchronisation Totale)","IPSL-CM5A  WRF381P","IPSL-CM5A (Humide)"
2053,"3. Étang Exutoire",99.82428499396286,49.31712817748776,994.43808,9665938.137600001,0.17210819192279742,0.15007855661910974,0.3791556933095068,"5. Opti (Synchronisation Totale)","IPSL-CM5A  WRF381P","IPSL-CM5A (Humide)"
2054,"1. Étang de Tête",60.11372774629463,23.799055266972058,1115.61408,10843768.8576,0.0875192770201445,0.14719346377429604,0.3639850895655943,"5. Opti (Synchronisation Totale)","IPSL-CM5A  WRF381P","IPSL-CM5A (Humide)"
2054,"2. Étang de Milieu",72.27848815555353,43.826821941126624,1115.61408,10843768.8576,0.0875192770201445,0.14719346377429604,0.3639850895655943,"5. Opti (Synchronisation Totale)","IPSL-CM5A  WRF381P","IPSL-CM5A (Humide)"
2054,"3. Étang Exutoire",99.75190406556143,64.04249202203837,1115.61408,10843768.8576,0.0875192770201445,0.14719346377429604,0.3639850895655943,"5. Opti (Synchronisation Totale)","IPSL-CM5A  WRF381P","IPSL-CM5A (Humide)"
2055,"1. Étang de Tête",49.749274158500505,20.71974373430302,1070.6515200000001,10406732.774400001,0.10744191082105893,0.16806069353500586,0.3653039225559518,"5. Opti (Synchronisation Totale)","IPSL-CM5A  WRF381P","IPSL-CM5A (Humide)"
2055,"2. Étang de Milieu",81.52623461350532,52.708298571666944,1070.6515200000001,10406732.774400001,0.10744191082105893,0.16806069353500586,0.3653039225559518,"5. Opti (Synchronisation Totale)","IPSL-CM5A  WRF381P","IPSL-CM5A (Humide)"
2055,"3. Étang Exutoire",0,0,1070.6515200000001,10406732.774400001,0.10744191082105893,0.16806069353500586,0.3653039225559518,"5. Opti (Synchronisation Totale)","IPSL-CM5A  WRF381P","IPSL-CM5A (Humide)"
2056,"1. Étang de Tête",0,0,1394.6256,13555760.832,0.1411928606430447,0.10060855188628433,0.38335602231078353,"5. Opti (Synchronisation Totale)","IPSL-CM5A  WRF381P","IPSL-CM5A (Humide)"
2056,"2. Étang de Milieu",85.11454412223974,43.696623826682895,1394.6256,13555760.832,0.1411928606430447,0.10060855188628433,0.38335602231078353,"5. Opti (Synchronisation Totale)","IPSL-CM5A  WRF381P","IPSL-CM5A (Humide)"
2056,"3. Étang Exutoire",97.77641033100507,49.5021479344074,1394.6256,13555760.832,0.1411928606430447,0.10060855188628433,0.38335602231078353,"5. Opti (Synchronisation Totale)","IPSL-CM5A  WRF381P","IPSL-CM5A (Humide)"
2057,"1. Étang de Tête",67.66928885591584,41.01235235445826,1362.06144,13239237.1968,0.16136510610034768,0.11790225066633017,0.38523992646894134,"5. Opti (Synchronisation Totale)","IPSL-CM5A  WRF381P","IPSL-CM5A (Humide)"
2057,"2. Étang de Milieu",70.15739639391066,51.997975316970006,1362.06144,13239237.1968,0.16136510610034768,0.11790225066633017,0.38523992646894134,"5. Opti (Synchronisation Totale)","IPSL-CM5A  WRF381P","IPSL-CM5A (Humide)"
2057,"3. Étang Exutoire",99.7785042547093,71.05922851044055,1362.06144,13239237.1968,0.16136510610034768,0.11790225066633017,0.38523992646894134,"5. Opti (Synchronisation Totale)","IPSL-CM5A  WRF381P","IPSL-CM5A (Humide)"
2058,"1. Étang de Tête",57.3538689618204,21.679408348250547,1201.89312,11682401.1264,0.1557982630100503,0.11474748096019212,0.37647472038345564,"5. Opti (Synchronisation Totale)","IPSL-CM5A  WRF381P","IPSL-CM5A (Humide)"
2058,"2. Étang de Milieu",73.36205806410022,47.15359105906739,1201.89312,11682401.1264,0.1557982630100503,0.11474748096019212,0.37647472038345564,"5. Opti (Synchronisation Totale)","IPSL-CM5A  WRF381P","IPSL-CM5A (Humide)"
2058,"3. Étang Exutoire",98.54442965783285,57.43774946077497,1201.89312,11682401.1264,0.1557982630100503,0.11474748096019212,0.37647472038345564,"5. Opti (Synchronisation Totale)","IPSL-CM5A  WRF381P","IPSL-CM5A (Humide)"
2059,"1. Étang de Tête",56.33966400891713,18.630312409658277,1109.808,10787333.76,0.17164746641742895,0.15807221010172,0.3903309806885516,"5. Opti (Synchronisation Totale)","IPSL-CM5A  WRF381P","IPSL-CM5A (Humide)"
2059,"2. Étang de Milieu",73.35280721568037,38.165878855714844,1109.808,10787333.76,0.17164746641742895,0.15807221010172,0.3903309806885516,"5. Opti (Synchronisation Totale)","IPSL-CM5A  WRF381P","IPSL-CM5A (Humide)"
2059,"3. Étang Exutoire",99.21424470255145,52.0550216053508,1109.808,10787333.76,0.17164746641742895,0.15807221010172,0.3903309806885516,"5. Opti (Synchronisation Totale)","IPSL-CM5A  WRF381P","IPSL-CM5A (Humide)"
2060,"1. Étang de Tête",38.37379322970804,57.664432102186034,1285.0704,12490884.288,0.09879718764793453,0.1052885070994263,0.37247734628023843,"5. Opti (Synchronisation Totale)","IPSL-CM5A  WRF381P","IPSL-CM5A (Humide)"
2060,"2. Étang de Milieu",78.17579628837352,79.9579574213514,1285.0704,12490884.288,0.09879718764793453,0.1052885070994263,0.37247734628023843,"5. Opti (Synchronisation Totale)","IPSL-CM5A  WRF381P","IPSL-CM5A (Humide)"
2060,"3. Étang Exutoire",0,0,1285.0704,12490884.288,0.09879718764793453,0.1052885070994263,0.37247734628023843,"5. Opti (Synchronisation Totale)","IPSL-CM5A  WRF381P","IPSL-CM5A (Humide)"
2061,"1. Étang de Tête",0,0,1215.15552,11811311.654400002,0.2109408651414315,0.11316665445860478,0.38698331558985705,"5. Opti (Synchronisation Totale)","IPSL-CM5A  WRF381P","IPSL-CM5A (Humide)"
2061,"2. Étang de Milieu",85.06644501086276,51.72099951790267,1215.15552,11811311.654400002,0.2109408651414315,0.11316665445860478,0.38698331558985705,"5. Opti (Synchronisation Totale)","IPSL-CM5A  WRF381P","IPSL-CM5A (Humide)"
2061,"3. Étang Exutoire",97.44863281374403,56.12570918092956,1215.15552,11811311.654400002,0.2109408651414315,0.11316665445860478,0.38698331558985705,"5. Opti (Synchronisation Totale)","IPSL-CM5A  WRF381P","IPSL-CM5A (Humide)"
2062,"1. Étang de Tête",56.376345457746815,39.35371561596542,1210.54176,11766465.9072,0.1013276338858914,0.12495311840020962,0.3646850631133816,"5. Opti (Synchronisation Totale)","IPSL-CM5A  WRF381P","IPSL-CM5A (Humide)"
2062,"2. Étang de Milieu",67.49938890127413,52.12908634993027,1210.54176,11766465.9072,0.1013276338858914,0.12495311840020962,0.3646850631133816,"5. Opti (Synchronisation Totale)","IPSL-CM5A  WRF381P","IPSL-CM5A (Humide)"
2062,"3. Étang Exutoire",100,73.40184218671918,1210.54176,11766465.9072,0.1013276338858914,0.12495311840020962,0.3646850631133816,"5. Opti (Synchronisation Totale)","IPSL-CM5A  WRF381P","IPSL-CM5A (Humide)"
2063,"1. Étang de Tête",46.204561967128264,37.81710410298666,1287.0576,12510199.872000001,0.12822733474347683,0.11012235448425839,0.3728594562649455,"5. Opti (Synchronisation Totale)","IPSL-CM5A  WRF381P","IPSL-CM5A (Humide)"
2063,"2. Étang de Milieu",72.09073099157835,62.05561579654238,1287.0576,12510199.872000001,0.12822733474347683,0.11012235448425839,0.3728594562649455,"5. Opti (Synchronisation Totale)","IPSL-CM5A  WRF381P","IPSL-CM5A (Humide)"
2063,"3. Étang Exutoire",97.31273095087316,79.9653266252967,1287.0576,12510199.872000001,0.12822733474347683,0.11012235448425839,0.3728594562649455,"5. Opti (Synchronisation Totale)","IPSL-CM5A  WRF381P","IPSL-CM5A (Humide)"
2064,"1. Étang de Tête",60.68633998823844,38.84266922588629,1232.0208,11975242.176,0.15650417988581608,0.12461280533233227,0.37821202023846234,"5. Opti (Synchronisation Totale)","IPSL-CM5A  WRF381P","IPSL-CM5A (Humide)"
2064,"2. Étang de Milieu",73.64419708330506,57.63398292586997,1232.0208,11975242.176,0.15650417988581608,0.12461280533233227,0.37821202023846234,"5. Opti (Synchronisation Totale)","IPSL-CM5A  WRF381P","IPSL-CM5A (Humide)"
2064,"3. Étang Exutoire",100,83.02955785957931,1232.0208,11975242.176,0.15650417988581608,0.12461280533233227,0.37821202023846234,"5. Opti (Synchronisation Totale)","IPSL-CM5A  WRF381P","IPSL-CM5A (Humide)"
2065,"1. Étang de Tête",49.48904323865337,68.8419025913777,1378.52928,13399304.6016,0.17818564971266043,0.10278680177934428,0.386224746214245,"5. Opti (Synchronisation Totale)","IPSL-CM5A  WRF381P","IPSL-CM5A (Humide)"
2065,"2. Étang de Milieu",83.51234152528093,82.03274081307984,1378.52928,13399304.6016,0.17818564971266043,0.10278680177934428,0.386224746214245,"5. Opti (Synchronisation Totale)","IPSL-CM5A  WRF381P","IPSL-CM5A (Humide)"
2065,"3. Étang Exutoire",0,0,1378.52928,13399304.6016,0.17818564971266043,0.10278680177934428,0.386224746214245,"5. Opti (Synchronisation Totale)","IPSL-CM5A  WRF381P","IPSL-CM5A (Humide)"
2066,"1. Étang de Tête",0,0,1542.18816,14990068.915199999,0.2392549099060862,0.08204868559735481,0.40105926416817717,"5. Opti (Synchronisation Totale)","IPSL-CM5A  WRF381P","IPSL-CM5A (Humide)"
2066,"2. Étang de Milieu",87.23754875470125,66.94079865366167,1542.18816,14990068.915199999,0.2392549099060862,0.08204868559735481,0.40105926416817717,"5. Opti (Synchronisation Totale)","IPSL-CM5A  WRF381P","IPSL-CM5A (Humide)"
2066,"3. Étang Exutoire",99.4742884855313,74.51515010965214,1542.18816,14990068.915199999,0.2392549099060862,0.08204868559735481,0.40105926416817717,"5. Opti (Synchronisation Totale)","IPSL-CM5A  WRF381P","IPSL-CM5A (Humide)"
2067,"1. Étang de Tête",41.02679028706252,41.57934382128908,1022.69088,9940555.3536,0.11945952852982004,0.14839320205823164,0.36795333746636655,"5. Opti (Synchronisation Totale)","IPSL-CM5A  WRF381P","IPSL-CM5A (Humide)"
2067,"2. Étang de Milieu",65.16899580509792,55.75331299598674,1022.69088,9940555.3536,0.11945952852982004,0.14839320205823164,0.36795333746636655,"5. Opti (Synchronisation Totale)","IPSL-CM5A  WRF381P","IPSL-CM5A (Humide)"
2067,"3. Étang Exutoire",98.4446863676661,81.79014340920287,1022.69088,9940555.3536,0.11945952852982004,0.14839320205823164,0.36795333746636655,"5. Opti (Synchronisation Totale)","IPSL-CM5A  WRF381P","IPSL-CM5A (Humide)"
2068,"1. Étang de Tête",55.46419205653537,27.588876946428165,1368.91296,13305833.9712,0.1624692315500886,0.1251285819448525,0.38289002634839114,"5. Opti (Synchronisation Totale)","IPSL-CM5A  WRF381P","IPSL-CM5A (Humide)"
2068,"2. Étang de Milieu",73.77194361465693,46.47918535231828,1368.91296,13305833.9712,0.1624692315500886,0.1251285819448525,0.38289002634839114,"5. Opti (Synchronisation Totale)","IPSL-CM5A  WRF381P","IPSL-CM5A (Humide)"
2068,"3. Étang Exutoire",99.78529144347071,54.54106032803,1368.91296,13305833.9712,0.1624692315500886,0.1251285819448525,0.38289002634839114,"5. Opti (Synchronisation Totale)","IPSL-CM5A  WRF381P","IPSL-CM5A (Humide)"
2069,"1. Étang de Tête",50.859107631613,53.63871642054178,1296.55296,12602494.7712,0.08433033083172331,0.13067792305517784,0.3605539008570227,"5. Opti (Synchronisation Totale)","IPSL-CM5A  WRF381P","IPSL-CM5A (Humide)"
2069,"2. Étang de Milieu",70.45352145016788,67.10661871979418,1296.55296,12602494.7712,0.08433033083172331,0.13067792305517784,0.3605539008570227,"5. Opti (Synchronisation Totale)","IPSL-CM5A  WRF381P","IPSL-CM5A (Humide)"
2069,"3. Étang Exutoire",100,98.7242123465139,1296.55296,12602494.7712,0.08433033083172331,0.13067792305517784,0.3605539008570227,"5. Opti (Synchronisation Totale)","IPSL-CM5A  WRF381P","IPSL-CM5A (Humide)"
2070,"1. Étang de Tête",39.98487435595897,69.40125496142178,1369.99296,13316331.571200002,0.15113273893208273,0.10845350854195873,0.3796427655563116,"5. Opti (Synchronisation Totale)","IPSL-CM5A  WRF381P","IPSL-CM5A (Humide)"
2070,"2. Étang de Milieu",78.29494413466416,73.38426482084076,1369.99296,13316331.571200002,0.15113273893208273,0.10845350854195873,0.3796427655563116,"5. Opti (Synchronisation Totale)","IPSL-CM5A  WRF381P","IPSL-CM5A (Humide)"
2070,"3. Étang Exutoire",0,0,1369.99296,13316331.571200002,0.15113273893208273,0.10845350854195873,0.3796427655563116,"5. Opti (Synchronisation Totale)","IPSL-CM5A  WRF381P","IPSL-CM5A (Humide)"
2026,"1. Étang de Tête",46.443040432068216,44.739374091474865,741.93408,7211599.2576,0.012927524288267968,0.23184221644160144,0.3579547597539692,"5. Opti (Synchronisation Totale)","MPI-ESM  REMO2009","MPI-ESM (Intermédiaire)"
2026,"2. Étang de Milieu",66.556865431635,63.68012844521796,741.93408,7211599.2576,0.012927524288267968,0.23184221644160144,0.3579547597539692,"5. Opti (Synchronisation Totale)","MPI-ESM  REMO2009","MPI-ESM (Intermédiaire)"
2026,"3. Étang Exutoire",72.59546044666307,84.71832763804362,741.93408,7211599.2576,0.012927524288267968,0.23184221644160144,0.3579547597539692,"5. Opti (Synchronisation Totale)","MPI-ESM  REMO2009","MPI-ESM (Intermédiaire)"
2027,"1. Étang de Tête",55.994851543019145,12.263889126689012,883.94976,8591991.6672,0.18406371705860505,0.1845024294289178,0.37669122098122004,"5. Opti (Synchronisation Totale)","MPI-ESM  REMO2009","MPI-ESM (Intermédiaire)"
2027,"2. Étang de Milieu",66.48691829798364,28.874410839517928,883.94976,8591991.6672,0.18406371705860505,0.1845024294289178,0.37669122098122004,"5. Opti (Synchronisation Totale)","MPI-ESM  REMO2009","MPI-ESM (Intermédiaire)"
2027,"3. Étang Exutoire",100,40.84524385685407,883.94976,8591991.6672,0.18406371705860505,0.1845024294289178,0.37669122098122004,"5. Opti (Synchronisation Totale)","MPI-ESM  REMO2009","MPI-ESM (Intermédiaire)"
2028,"1. Étang de Tête",8.998204473521058,7.756912418259177,977.78016,9504023.1552,0.04187182932971146,0.15085640797802752,0.33490486646602496,"5. Opti (Synchronisation Totale)","MPI-ESM  REMO2009","MPI-ESM (Intermédiaire)"
2028,"2. Étang de Milieu",52.019598692526465,38.27341778311194,977.78016,9504023.1552,0.04187182932971146,0.15085640797802752,0.33490486646602496,"5. Opti (Synchronisation Totale)","MPI-ESM  REMO2009","MPI-ESM (Intermédiaire)"
2028,"3. Étang Exutoire",98.6755847555101,75.3375849136251,977.78016,9504023.1552,0.04187182932971146,0.15085640797802752,0.33490486646602496,"5. Opti (Synchronisation Totale)","MPI-ESM  REMO2009","MPI-ESM (Intermédiaire)"
2029,"1. Étang de Tête",39.411373827749664,10.822413446718866,879.6470400000001,8550169.2288,0.060026019323299484,0.19838676828224797,0.3608441434529298,"5. Opti (Synchronisation Totale)","MPI-ESM  REMO2009","MPI-ESM (Intermédiaire)"
2029,"2. Étang de Milieu",57.19062196316976,31.304039424854295,879.6470400000001,8550169.2288,0.060026019323299484,0.19838676828224797,0.3608441434529298,"5. Opti (Synchronisation Totale)","MPI-ESM  REMO2009","MPI-ESM (Intermédiaire)"
2029,"3. Étang Exutoire",98.5582655362258,65.50506576625833,879.6470400000001,8550169.2288,0.060026019323299484,0.19838676828224797,0.3608441434529298,"5. Opti (Synchronisation Totale)","MPI-ESM  REMO2009","MPI-ESM (Intermédiaire)"
2030,"1. Étang de Tête",42.37733239931781,31.020236505410352,1079.6112,10493820.864000002,0.0869892350191279,0.1685528340022158,0.37001422529048866,"5. Opti (Synchronisation Totale)","MPI-ESM  REMO2009","MPI-ESM (Intermédiaire)"
2030,"2. Étang de Milieu",71.86216348295446,52.894781574376424,1079.6112,10493820.864000002,0.0869892350191279,0.1685528340022158,0.37001422529048866,"5. Opti (Synchronisation Totale)","MPI-ESM  REMO2009","MPI-ESM (Intermédiaire)"
2030,"3. Étang Exutoire",0,0,1079.6112,10493820.864000002,0.0869892350191279,0.1685528340022158,0.37001422529048866,"5. Opti (Synchronisation Totale)","MPI-ESM  REMO2009","MPI-ESM (Intermédiaire)"
2031,"1. Étang de Tête",0,0,934.416,9082523.520000001,0.11277672493910708,0.1502585479471544,0.36659142489117125,"5. Opti (Synchronisation Totale)","MPI-ESM  REMO2009","MPI-ESM (Intermédiaire)"
2031,"2. Étang de Milieu",70.57621744102778,46.28328657251775,934.416,9082523.520000001,0.11277672493910708,0.1502585479471544,0.36659142489117125,"5. Opti (Synchronisation Totale)","MPI-ESM  REMO2009","MPI-ESM (Intermédiaire)"
2031,"3. Étang Exutoire",100,59.593587034897766,934.416,9082523.520000001,0.11277672493910708,0.1502585479471544,0.36659142489117125,"5. Opti (Synchronisation Totale)","MPI-ESM  REMO2009","MPI-ESM (Intermédiaire)"
2032,"1. Étang de Tête",38.61054418201004,22.84722061763848,1027.65888,9988844.3136,0.08642821549614585,0.15255604136076376,0.3540161833144046,"5. Opti (Synchronisation Totale)","MPI-ESM  REMO2009","MPI-ESM (Intermédiaire)"
2032,"2. Étang de Milieu",59.63588576936778,43.09080316254315,1027.65888,9988844.3136,0.08642821549614585,0.15255604136076376,0.3540161833144046,"5. Opti (Synchronisation Totale)","MPI-ESM  REMO2009","MPI-ESM (Intermédiaire)"
2032,"3. Étang Exutoire",96.67544753581448,69.80434769034657,1027.65888,9988844.3136,0.08642821549614585,0.15255604136076376,0.3540161833144046,"5. Opti (Synchronisation Totale)","MPI-ESM  REMO2009","MPI-ESM (Intermédiaire)"
2033,"1. Étang de Tête",51.135279076316486,72.81045628302202,1267.8768,12323762.496,0.1289913754023315,0.0933078182101799,0.38502949240797524,"5. Opti (Synchronisation Totale)","MPI-ESM  REMO2009","MPI-ESM (Intermédiaire)"
2033,"2. Étang de Milieu",71.73359147621103,72.0764993739309,1267.8768,12323762.496,0.1289913754023315,0.0933078182101799,0.38502949240797524,"5. Opti (Synchronisation Totale)","MPI-ESM  REMO2009","MPI-ESM (Intermédiaire)"
2033,"3. Étang Exutoire",100,93.7944300113121,1267.8768,12323762.496,0.1289913754023315,0.0933078182101799,0.38502949240797524,"5. Opti (Synchronisation Totale)","MPI-ESM  REMO2009","MPI-ESM (Intermédiaire)"
2034,"1. Étang de Tête",67.56638478700816,33.20812667196138,1187.60256,11543496.8832,0.18573408631346106,0.14604643018899743,0.384793573527562,"5. Opti (Synchronisation Totale)","MPI-ESM  REMO2009","MPI-ESM (Intermédiaire)"
2034,"2. Étang de Milieu",74.07996057022868,43.99135618947386,1187.60256,11543496.8832,0.18573408631346106,0.14604643018899743,0.384793573527562,"5. Opti (Synchronisation Totale)","MPI-ESM  REMO2009","MPI-ESM (Intermédiaire)"
2034,"3. Étang Exutoire",99.65868410030585,60.93471499890577,1187.60256,11543496.8832,0.18573408631346106,0.14604643018899743,0.384793573527562,"5. Opti (Synchronisation Totale)","MPI-ESM  REMO2009","MPI-ESM (Intermédiaire)"
2035,"1. Étang de Tête",44.98601550968904,61.064422695508256,1170.53856,11377634.803199999,0.15164621152418267,0.14108048508698823,0.38667976866450937,"5. Opti (Synchronisation Totale)","MPI-ESM  REMO2009","MPI-ESM (Intermédiaire)"
2035,"2. Étang de Milieu",81.56713211834463,71.11517603935881,1170.53856,11377634.803199999,0.15164621152418267,0.14108048508698823,0.38667976866450937,"5. Opti (Synchronisation Totale)","MPI-ESM  REMO2009","MPI-ESM (Intermédiaire)"
2035,"3. Étang Exutoire",0,0,1170.53856,11377634.803199999,0.15164621152418267,0.14108048508698823,0.38667976866450937,"5. Opti (Synchronisation Totale)","MPI-ESM  REMO2009","MPI-ESM (Intermédiaire)"
2036,"1. Étang de Tête",0,0,542.16864,5269879.1808,0.07228559514722643,0.2644039899638208,0.31551355423126287,"5. Opti (Synchronisation Totale)","MPI-ESM  REMO2009","MPI-ESM (Intermédiaire)"
2036,"2. Étang de Milieu",52.17442901496016,18.173110156164306,542.16864,5269879.1808,0.07228559514722643,0.2644039899638208,0.31551355423126287,"5. Opti (Synchronisation Totale)","MPI-ESM  REMO2009","MPI-ESM (Intermédiaire)"
2036,"3. Étang Exutoire",96.93374528339311,41.81265973058677,542.16864,5269879.1808,0.07228559514722643,0.2644039899638208,0.31551355423126287,"5. Opti (Synchronisation Totale)","MPI-ESM  REMO2009","MPI-ESM (Intermédiaire)"
2037,"1. Étang de Tête",7.277257213147785,9.284294382271138,923.79744,8979311.1168,0.029796872633414434,0.14679124065009463,0.334086227466108,"5. Opti (Synchronisation Totale)","MPI-ESM  REMO2009","MPI-ESM (Intermédiaire)"
2037,"2. Étang de Milieu",34.17581613237756,33.482023034055985,923.79744,8979311.1168,0.029796872633414434,0.14679124065009463,0.334086227466108,"5. Opti (Synchronisation Totale)","MPI-ESM  REMO2009","MPI-ESM (Intermédiaire)"
2037,"3. Étang Exutoire",96.97911911613569,90.3382241863896,923.79744,8979311.1168,0.029796872633414434,0.14679124065009463,0.334086227466108,"5. Opti (Synchronisation Totale)","MPI-ESM  REMO2009","MPI-ESM (Intermédiaire)"
2038,"1. Étang de Tête",24.181083137036897,9.417955495780076,877.8672,8532869.184,0.1266805387796511,0.16722803439819853,0.3844967344631963,"5. Opti (Synchronisation Totale)","MPI-ESM  REMO2009","MPI-ESM (Intermédiaire)"
2038,"2. Étang de Milieu",67.13633428143788,32.852893962667565,877.8672,8532869.184,0.1266805387796511,0.16722803439819853,0.3844967344631963,"5. Opti (Synchronisation Totale)","MPI-ESM  REMO2009","MPI-ESM (Intermédiaire)"
2038,"3. Étang Exutoire",97.60905758424259,45.879337450582995,877.8672,8532869.184,0.1266805387796511,0.16722803439819853,0.3844967344631963,"5. Opti (Synchronisation Totale)","MPI-ESM  REMO2009","MPI-ESM (Intermédiaire)"
2039,"1. Étang de Tête",56.55693522233068,41.47538671074362,1157.30208,11248976.2176,0.13452513921029352,0.13470752375774053,0.3943028889471247,"5. Opti (Synchronisation Totale)","MPI-ESM  REMO2009","MPI-ESM (Intermédiaire)"
2039,"2. Étang de Milieu",72.01690232948293,48.03645880493741,1157.30208,11248976.2176,0.13452513921029352,0.13470752375774053,0.3943028889471247,"5. Opti (Synchronisation Totale)","MPI-ESM  REMO2009","MPI-ESM (Intermédiaire)"
2039,"3. Étang Exutoire",99.81719777984716,61.597965986246535,1157.30208,11248976.2176,0.13452513921029352,0.13470752375774053,0.3943028889471247,"5. Opti (Synchronisation Totale)","MPI-ESM  REMO2009","MPI-ESM (Intermédiaire)"
2040,"1. Étang de Tête",27.412035754214198,1.0575926851889708,697.032,6775151.040000001,0.09120250851480864,0.24683479945445372,0.3469336671002619,"5. Opti (Synchronisation Totale)","MPI-ESM  REMO2009","MPI-ESM (Intermédiaire)"
2040,"2. Étang de Milieu",70.35287308083257,21.05127083402505,697.032,6775151.040000001,0.09120250851480864,0.24683479945445372,0.3469336671002619,"5. Opti (Synchronisation Totale)","MPI-ESM  REMO2009","MPI-ESM (Intermédiaire)"
2040,"3. Étang Exutoire",0,0,697.032,6775151.040000001,0.09120250851480864,0.24683479945445372,0.3469336671002619,"5. Opti (Synchronisation Totale)","MPI-ESM  REMO2009","MPI-ESM (Intermédiaire)"
2041,"1. Étang de Tête",0,0,935.24544,9090585.6768,0.077071128064248845,0.1415110720175951,0.3691090219971815,"5. Opti (Synchronisation Totale)","MPI-ESM  REMO2009","MPI-ESM (Intermédiaire)"
2041,"2. Étang de Milieu",69.76209194933253,45.405013727915986,935.24544,9090585.6768,0.077071128064248845,0.1415110720175951,0.3691090219971815,"5. Opti (Synchronisation Totale)","MPI-ESM  REMO2009","MPI-ESM (Intermédiaire)"
2041,"3. Étang Exutoire",100,62.385704690397105,935.24544,9090585.6768,0.077071128064248845,0.1415110720175951,0.3691090219971815,"5. Opti (Synchronisation Totale)","MPI-ESM  REMO2009","MPI-ESM (Intermédiaire)"
2042,"1. Étang de Tête",24.995680759295766,3.0169232971466626,969.2352,9420966.144,0.046315207206979014,0.1715706812517029,0.33961542226601943,"5. Opti (Synchronisation Totale)","MPI-ESM  REMO2009","MPI-ESM (Intermédiaire)"
2042,"2. Étang de Milieu",51.795850932316235,27.60613969719,969.2352,9420966.144,0.046315207206979014,0.1715706812517029,0.33961542226601943,"5. Opti (Synchronisation Totale)","MPI-ESM  REMO2009","MPI-ESM (Intermédiaire)"
2042,"3. Étang Exutoire",96.35831486286122,55.88796866256467,969.2352,9420966.144,0.046315207206979014,0.1715706812517029,0.33961542226601943,"5. Opti (Synchronisation Totale)","MPI-ESM  REMO2009","MPI-ESM (Intermédiaire)"
2043,"1. Étang de Tête",76.36239251654193,41.61868538839059,1260.63648,12253386.5856,0.14883831660199567,0.11548105060134269,0.40552193805861275,"5. Opti (Synchronisation Totale)","MPI-ESM  REMO2009","MPI-ESM (Intermédiaire)"
2043,"2. Étang de Milieu",74.42584623265873,46.920727367103375,1260.63648,12253386.5856,0.14883831660199567,0.11548105060134269,0.40552193805861275,"5. Opti (Synchronisation Totale)","MPI-ESM  REMO2009","MPI-ESM (Intermédiaire)"
2043,"3. Étang Exutoire",100,54.236738488659164,1260.63648,12253386.5856,0.14883831660199567,0.11548105060134269,0.40552193805861275,"5. Opti (Synchronisation Totale)","MPI-ESM  REMO2009","MPI-ESM (Intermédiaire)"
2044,"1. Étang de Tête",38.745336198149765,14.238977371994519,1020.30624,9917376.6528,0.1552295484224127,0.17515116174362583,0.3822033059141515,"5. Opti (Synchronisation Totale)","MPI-ESM  REMO2009","MPI-ESM (Intermédiaire)"
2044,"2. Étang de Milieu",69.90083930029274,36.670071467840565,1020.30624,9917376.6528,0.1552295484224127,0.17515116174362583,0.3822033059141515,"5. Opti (Synchronisation Totale)","MPI-ESM  REMO2009","MPI-ESM (Intermédiaire)"
2044,"3. Étang Exutoire",100,50.98274497014133,1020.30624,9917376.6528,0.1552295484224127,0.17515116174362583,0.3822033059141515,"5. Opti (Synchronisation Totale)","MPI-ESM  REMO2009","MPI-ESM (Intermédiaire)"
2045,"1. Étang de Tête",22.748433250533886,8.13861998773641,1041.56064,10123969.4208,0.06770206349259111,0.15230318865730133,0.3510532827070411,"5. Opti (Synchronisation Totale)","MPI-ESM  REMO2009","MPI-ESM (Intermédiaire)"
2045,"2. Étang de Milieu",66.40381475566765,41.4959420883186,1041.56064,10123969.4208,0.06770206349259111,0.15230318865730133,0.3510532827070411,"5. Opti (Synchronisation Totale)","MPI-ESM  REMO2009","MPI-ESM (Intermédiaire)"
2045,"3. Étang Exutoire",0,0,1041.56064,10123969.4208,0.06770206349259111,0.15230318865730133,0.3510532827070411,"5. Opti (Synchronisation Totale)","MPI-ESM  REMO2009","MPI-ESM (Intermédiaire)"
2046,"1. Étang de Tête",0,0,1293.26112,12570498.086399999,0.1591398938290929,0.09841120998053327,0.3890060013832662,"5. Opti (Synchronisation Totale)","MPI-ESM  REMO2009","MPI-ESM (Intermédiaire)"
2046,"2. Étang de Milieu",86.52797732327939,65.01531890602028,1293.26112,12570498.086399999,0.1591398938290929,0.09841120998053327,0.3890060013832662,"5. Opti (Synchronisation Totale)","MPI-ESM  REMO2009","MPI-ESM (Intermédiaire)"
2046,"3. Étang Exutoire",100,73.14580343718939,1293.26112,12570498.086399999,0.1591398938290929,0.09841120998053327,0.3890060013832662,"5. Opti (Synchronisation Totale)","MPI-ESM  REMO2009","MPI-ESM (Intermédiaire)"
2047,"1. Étang de Tête",49.53165192926588,13.489874152328756,822.13056,7991109.043199999,0.13371796712907189,0.18737894793360113,0.36426963082224384,"5. Opti (Synchronisation Totale)","MPI-ESM  REMO2009","MPI-ESM (Intermédiaire)"
2047,"2. Étang de Milieu",65.71134561185889,37.3885330349594,822.13056,7991109.043199999,0.13371796712907189,0.18737894793360113,0.36426963082224384,"5. Opti (Synchronisation Totale)","MPI-ESM  REMO2009","MPI-ESM (Intermédiaire)"
2047,"3. Étang Exutoire",99.0328145305877,56.40117836276056,822.13056,7991109.043199999,0.13371796712907189,0.18737894793360113,0.36426963082224384,"5. Opti (Synchronisation Totale)","MPI-ESM  REMO2009","MPI-ESM (Intermédiaire)"
2048,"1. Étang de Tête",32.46368109681627,13.93016341784277,866.1168,8418655.296,0.07297063331139375,0.15358203068726012,0.35462747409197737,"5. Opti (Synchronisation Totale)","MPI-ESM  REMO2009","MPI-ESM (Intermédiaire)"
2048,"2. Étang de Milieu",62.43898280380294,47.204204310566965,866.1168,8418655.296,0.07297063331139375,0.15358203068726012,0.35462747409197737,"5. Opti (Synchronisation Totale)","MPI-ESM  REMO2009","MPI-ESM (Intermédiaire)"
2048,"3. Étang Exutoire",100,73.43292053390748,866.1168,8418655.296,0.07297063331139375,0.15358203068726012,0.35462747409197737,"5. Opti (Synchronisation Totale)","MPI-ESM  REMO2009","MPI-ESM (Intermédiaire)"
2049,"1. Étang de Tête",11.571734664132336,0.5417011559107904,747.00576,7260895.9872,0.05373659974563667,0.21890970987723557,0.33073423381409583,"5. Opti (Synchronisation Totale)","MPI-ESM  REMO2009","MPI-ESM (Intermédiaire)"
2049,"2. Étang de Milieu",41.18004412884625,11.00563228014516,747.00576,7260895.9872,0.05373659974563667,0.21890970987723557,0.33073423381409583,"5. Opti (Synchronisation Totale)","MPI-ESM  REMO2009","MPI-ESM (Intermédiaire)"
2049,"3. Étang Exutoire",94.33465287092316,35.40693049743266,747.00576,7260895.9872,0.05373659974563667,0.21890970987723557,0.33073423381409583,"5. Opti (Synchronisation Totale)","MPI-ESM  REMO2009","MPI-ESM (Intermédiaire)"
2050,"1. Étang de Tête",64.10562312032025,59.007825329473576,1513.46016,14710832.755200002,0.10745095399223999,0.09684150200011953,0.38815613559665924,"5. Opti (Synchronisation Totale)","MPI-ESM  REMO2009","MPI-ESM (Intermédiaire)"
2050,"2. Étang de Milieu",85.5016074516682,67.78557932865945,1513.46016,14710832.755200002,0.10745095399223999,0.09684150200011953,0.38815613559665924,"5. Opti (Synchronisation Totale)","MPI-ESM  REMO2009","MPI-ESM (Intermédiaire)"
2050,"3. Étang Exutoire",0,0,1513.46016,14710832.755200002,0.10745095399223999,0.09684150200011953,0.38815613559665924,"5. Opti (Synchronisation Totale)","MPI-ESM  REMO2009","MPI-ESM (Intermédiaire)"
2051,"1. Étang de Tête",53.314699008258195,34.80224851797096,1061.35488,10316369.433600001,0.1787795013829406,0.1551592317487774,0.38440389049034973,"5. Opti (Synchronisation Totale)","MPI-ESM  REMO2009","MPI-ESM (Intermédiaire)"
2051,"2. Étang de Milieu",91.16967579534291,66.10532395343073,1061.35488,10316369.433600001,0.1787795013829406,0.1551592317487774,0.38440389049034973,"5. Opti (Synchronisation Totale)","MPI-ESM  REMO2009","MPI-ESM (Intermédiaire)"
2051,"3. Étang Exutoire",99.80987258781893,69.10075018909842,1061.35488,10316369.433600001,0.1787795013829406,0.1551592317487774,0.38440389049034973,"5. Opti (Synchronisation Totale)","MPI-ESM  REMO2009","MPI-ESM (Intermédiaire)"
2052,"1. Étang de Tête",72.04751062291625,74.39561965044503,1443.81312,14033863.5264,0.19265603065077114,0.08926971059518352,0.3854501980264807,"5. Opti (Synchronisation Totale)","MPI-ESM  REMO2009","MPI-ESM (Intermédiaire)"
2052,"2. Étang de Milieu",70.32151079798575,61.40271323299414,1443.81312,14033863.5264,0.19265603065077114,0.08926971059518352,0.3854501980264807,"5. Opti (Synchronisation Totale)","MPI-ESM  REMO2009","MPI-ESM (Intermédiaire)"
2052,"3. Étang Exutoire",99.7389011592475,87.00083149424287,1443.81312,14033863.5264,0.19265603065077114,0.08926971059518352,0.3854501980264807,"5. Opti (Synchronisation Totale)","MPI-ESM  REMO2009","MPI-ESM (Intermédiaire)"
2053,"1. Étang de Tête",28.63885246652052,0,681.08256,6620122.483199999,0.14439388212255422,0.23556440767577713,0.35769523775947293,"5. Opti (Synchronisation Totale)","MPI-ESM  REMO2009","MPI-ESM (Intermédiaire)"
2053,"2. Étang de Milieu",68.26158149553673,26.849959091917796,681.08256,6620122.483199999,0.14439388212255422,0.23556440767577713,0.35769523775947293,"5. Opti (Synchronisation Totale)","MPI-ESM  REMO2009","MPI-ESM (Intermédiaire)"
2053,"3. Étang Exutoire",99.68070458781894,33.19964264952818,681.08256,6620122.483199999,0.14439388212255422,0.23556440767577713,0.35769523775947293,"5. Opti (Synchronisation Totale)","MPI-ESM  REMO2009","MPI-ESM (Intermédiaire)"
2054,"1. Étang de Tête",70.70733967604457,46.86739643165318,1324.27872,12871989.1584,0.08807501734932437,0.13111296419533294,0.3759934039763338,"5. Opti (Synchronisation Totale)","MPI-ESM  REMO2009","MPI-ESM (Intermédiaire)"
2054,"2. Étang de Milieu",70.98578708998603,49.72772686469641,1324.27872,12871989.1584,0.08807501734932437,0.13111296419533294,0.3759934039763338,"5. Opti (Synchronisation Totale)","MPI-ESM  REMO2009","MPI-ESM (Intermédiaire)"
2054,"3. Étang Exutoire",99.68946437089966,63.53928862154883,1324.27872,12871989.1584,0.08807501734932437,0.13111296419533294,0.3759934039763338,"5. Opti (Synchronisation Totale)","MPI-ESM  REMO2009","MPI-ESM (Intermédiaire)"
2055,"1. Étang de Tête",68.55102811965835,17.475063147721354,958.42656,9315906.1632,0.1430172867798135,0.21500734444273034,0.3756204566619131,"5. Opti (Synchronisation Totale)","MPI-ESM  REMO2009","MPI-ESM (Intermédiaire)"
2055,"2. Étang de Milieu",84.72108588393041,39.921077638688445,958.42656,9315906.1632,0.1430172867798135,0.21500734444273034,0.3756204566619131,"5. Opti (Synchronisation Totale)","MPI-ESM  REMO2009","MPI-ESM (Intermédiaire)"
2055,"3. Étang Exutoire",0,0,958.42656,9315906.1632,0.1430172867798135,0.21500734444273034,0.3756204566619131,"5. Opti (Synchronisation Totale)","MPI-ESM  REMO2009","MPI-ESM (Intermédiaire)"
2056,"1. Étang de Tête",0,0,1492.35264,14505667.660799999,0.16343257123873692,0.0858968669590037,0.3868076351070812,"5. Opti (Synchronisation Totale)","MPI-ESM  REMO2009","MPI-ESM (Intermédiaire)"
2056,"2. Étang de Milieu",88.03920615386005,57.27461046734429,1492.35264,14505667.660799999,0.16343257123873692,0.0858968669590037,0.3868076351070812,"5. Opti (Synchronisation Totale)","MPI-ESM  REMO2009","MPI-ESM (Intermédiaire)"
2056,"3. Étang Exutoire",99.77154801639035,62.731431656862746,1492.35264,14505667.660799999,0.16343257123873692,0.0858968669590037,0.3868076351070812,"5. Opti (Synchronisation Totale)","MPI-ESM  REMO2009","MPI-ESM (Intermédiaire)"
2057,"1. Étang de Tête",52.706373701617835,25.049407776205708,969.69312,9425417.126400001,0.15084100558707236,0.16618396162606733,0.3744995517331281,"5. Opti (Synchronisation Totale)","MPI-ESM  REMO2009","MPI-ESM (Intermédiaire)"
2057,"2. Étang de Milieu",66.51006532691831,44.32403934489846,969.69312,9425417.126400001,0.15084100558707236,0.16618396162606733,0.3744995517331281,"5. Opti (Synchronisation Totale)","MPI-ESM  REMO2009","MPI-ESM (Intermédiaire)"
2057,"3. Étang Exutoire",98.36737461827124,63.12613286995832,969.69312,9425417.126400001,0.15084100558707236,0.16618396162606733,0.3744995517331281,"5. Opti (Synchronisation Totale)","MPI-ESM  REMO2009","MPI-ESM (Intermédiaire)"
2058,"1. Étang de Tête",34.48520340924752,16.695461433792115,875.34432,8508346.7904,0.07726531136004693,0.17576162349204633,0.35632852652602026,"5. Opti (Synchronisation Totale)","MPI-ESM  REMO2009","MPI-ESM (Intermédiaire)"
2058,"2. Étang de Milieu",61.70256334695261,41.77252471831417,875.34432,8508346.7904,0.07726531136004693,0.17576162349204633,0.35632852652602026,"5. Opti (Synchronisation Totale)","MPI-ESM  REMO2009","MPI-ESM (Intermédiaire)"
2058,"3. Étang Exutoire",98.35558312561332,61.033240719424995,875.34432,8508346.7904,0.07726531136004693,0.17576162349204633,0.35632852652602026,"5. Opti (Synchronisation Totale)","MPI-ESM  REMO2009","MPI-ESM (Intermédiaire)"
2059,"1. Étang de Tête",50.187199058181186,4.307173985838848,991.17216,9634193.3952,0.07740744706618825,0.1989552607797489,0.3611157723920148,"5. Opti (Synchronisation Totale)","MPI-ESM  REMO2009","MPI-ESM (Intermédiaire)"
2059,"2. Étang de Milieu",68.78630833102643,23.12470611316581,991.17216,9634193.3952,0.07740744706618825,0.1989552607797489,0.3611157723920148,"5. Opti (Synchronisation Totale)","MPI-ESM  REMO2009","MPI-ESM (Intermédiaire)"
2059,"3. Étang Exutoire",99.57030445102825,39.87264266317586,991.17216,9634193.3952,0.07740744706618825,0.1989552607797489,0.3611157723920148,"5. Opti (Synchronisation Totale)","MPI-ESM  REMO2009","MPI-ESM (Intermédiaire)"
2060,"1. Étang de Tête",58.22392587779865,16.686011210744986,947.23776,9207151.0272,0.10126896123859652,0.20713323725575034,0.38801937643769835,"5. Opti (Synchronisation Totale)","MPI-ESM  REMO2009","MPI-ESM (Intermédiaire)"
2060,"2. Étang de Milieu",81.65863687143607,40.372957652165525,947.23776,9207151.0272,0.10126896123859652,0.20713323725575034,0.38801937643769835,"5. Opti (Synchronisation Totale)","MPI-ESM  REMO2009","MPI-ESM (Intermédiaire)"
2060,"3. Étang Exutoire",0,0,947.23776,9207151.0272,0.10126896123859652,0.20713323725575034,0.38801937643769835,"5. Opti (Synchronisation Totale)","MPI-ESM  REMO2009","MPI-ESM (Intermédiaire)"
2061,"1. Étang de Tête",0,0,1026.53568,9977926.8096,0.09422499592600633,0.14090151432506917,0.3703647712042445,"5. Opti (Synchronisation Totale)","MPI-ESM  REMO2009","MPI-ESM (Intermédiaire)"
2061,"2. Étang de Milieu",71.77931600813014,43.29028806493609,1026.53568,9977926.8096,0.09422499592600633,0.14090151432506917,0.3703647712042445,"5. Opti (Synchronisation Totale)","MPI-ESM  REMO2009","MPI-ESM (Intermédiaire)"
2061,"3. Étang Exutoire",100,55.41673437780999,1026.53568,9977926.8096,0.09422499592600633,0.14090151432506917,0.3703647712042445,"5. Opti (Synchronisation Totale)","MPI-ESM  REMO2009","MPI-ESM (Intermédiaire)"
2062,"1. Étang de Tête",68.25336023118915,38.589154991804236,1090.24704,10597201.228799999,0.08422040473194596,0.14154822009879003,0.36288973835417865,"5. Opti (Synchronisation Totale)","MPI-ESM  REMO2009","MPI-ESM (Intermédiaire)"
2062,"2. Étang de Milieu",65.19099862267792,46.539071372462686,1090.24704,10597201.228799999,0.08422040473194596,0.14154822009879003,0.36288973835417865,"5. Opti (Synchronisation Totale)","MPI-ESM  REMO2009","MPI-ESM (Intermédiaire)"
2062,"3. Étang Exutoire",99.05212577984716,69.11548574074436,1090.24704,10597201.228799999,0.08422040473194596,0.14154822009879003,0.36288973835417865,"5. Opti (Synchronisation Totale)","MPI-ESM  REMO2009","MPI-ESM (Intermédiaire)"
2063,"1. Étang de Tête",66.4066455299634,50.393130120005196,1179.32544,11463043.276800001,0.10921547285144269,0.13205724806234084,0.37040247834845935,"5. Opti (Synchronisation Totale)","MPI-ESM  REMO2009","MPI-ESM (Intermédiaire)"
2063,"2. Étang de Milieu",74.0696782127234,60.87576639902819,1179.32544,11463043.276800001,0.10921547285144269,0.13205724806234084,0.37040247834845935,"5. Opti (Synchronisation Totale)","MPI-ESM  REMO2009","MPI-ESM (Intermédiaire)"
2063,"3. Étang Exutoire",100,77.98128007538033,1179.32544,11463043.276800001,0.10921547285144269,0.13205724806234084,0.37040247834845935,"5. Opti (Synchronisation Totale)","MPI-ESM  REMO2009","MPI-ESM (Intermédiaire)"
2064,"1. Étang de Tête",43.63154721392226,10.45670779993479,907.74432,8823274.7904,0.13494007985321899,0.21337807867270261,0.3693714858583173,"5. Opti (Synchronisation Totale)","MPI-ESM  REMO2009","MPI-ESM (Intermédiaire)"
2064,"2. Étang de Milieu",67.56013425288846,30.262910655478382,907.74432,8823274.7904,0.13494007985321899,0.21337807867270261,0.3693714858583173,"5. Opti (Synchronisation Totale)","MPI-ESM  REMO2009","MPI-ESM (Intermédiaire)"
2064,"3. Étang Exutoire",98.21925010269526,43.41050475413092,907.74432,8823274.7904,0.13494007985321899,0.21337807867270261,0.3693714858583173,"5. Opti (Synchronisation Totale)","MPI-ESM  REMO2009","MPI-ESM (Intermédiaire)"
2065,"1. Étang de Tête",61.7438681369728,45.407844927473185,1143.42624,11114103.0528,0.10048785234657344,0.1532164835096277,0.38131932670736945,"5. Opti (Synchronisation Totale)","MPI-ESM  REMO2009","MPI-ESM (Intermédiaire)"
2065,"2. Étang de Milieu",80.37465653239315,59.1546031287,1143.42624,11114103.0528,0.10048785234657344,0.1532164835096277,0.38131932670736945,"5. Opti (Synchronisation Totale)","MPI-ESM  REMO2009","MPI-ESM (Intermédiaire)"
2065,"3. Étang Exutoire",0,0,1143.42624,11114103.0528,0.10048785234657344,0.1532164835096277,0.38131932670736945,"5. Opti (Synchronisation Totale)","MPI-ESM  REMO2009","MPI-ESM (Intermédiaire)"
2066,"1. Étang de Tête",0,0,824.02272,8009500.838400001,0.09108607741084618,0.17252743608061785,0.3516267132045876,"5. Opti (Synchronisation Totale)","MPI-ESM  REMO2009","MPI-ESM (Intermédiaire)"
2066,"2. Étang de Milieu",72.66092637969192,40.89256766729495,824.02272,8009500.838400001,0.09108607741084618,0.17252743608061785,0.3516267132045876,"5. Opti (Synchronisation Totale)","MPI-ESM  REMO2009","MPI-ESM (Intermédiaire)"
2066,"3. Étang Exutoire",100,56.6776149946433,824.02272,8009500.838400001,0.09108607741084618,0.17252743608061785,0.3516267132045876,"5. Opti (Synchronisation Totale)","MPI-ESM  REMO2009","MPI-ESM (Intermédiaire)"
2067,"1. Étang de Tête",26.61028939314924,6.51526880656168,822.54528,7995140.1216,0.06074817541802319,0.212020293275152,0.34325779161038583,"5. Opti (Synchronisation Totale)","MPI-ESM  REMO2009","MPI-ESM (Intermédiaire)"
2067,"2. Étang de Milieu",51.18436514364502,31.04406117524185,822.54528,7995140.1216,0.06074817541802319,0.212020293275152,0.34325779161038583,"5. Opti (Synchronisation Totale)","MPI-ESM  REMO2009","MPI-ESM (Intermédiaire)"
2067,"3. Étang Exutoire",99.3554833828722,62.883219389189904,822.54528,7995140.1216,0.06074817541802319,0.212020293275152,0.34325779161038583,"5. Opti (Synchronisation Totale)","MPI-ESM  REMO2009","MPI-ESM (Intermédiaire)"
2068,"1. Étang de Tête",45.70371988042478,31.840085641456415,1037.34432,10082986.7904,0.04522521806040659,0.14468537420435448,0.35814174889378997,"5. Opti (Synchronisation Totale)","MPI-ESM  REMO2009","MPI-ESM (Intermédiaire)"
2068,"2. Étang de Milieu",61.67770971400583,49.48084452443621,1037.34432,10082986.7904,0.04522521806040659,0.14468537420435448,0.35814174889378997,"5. Opti (Synchronisation Totale)","MPI-ESM  REMO2009","MPI-ESM (Intermédiaire)"
2068,"3. Étang Exutoire",99.38353762223385,72.78084291416424,1037.34432,10082986.7904,0.04522521806040659,0.14468537420435448,0.35814174889378997,"5. Opti (Synchronisation Totale)","MPI-ESM  REMO2009","MPI-ESM (Intermédiaire)"
2069,"1. Étang de Tête",58.66550477620238,37.258016059314016,1222.05024,11878328.3328,0.14161281072104306,0.1496400036096098,0.38384886047551814,"5. Opti (Synchronisation Totale)","MPI-ESM  REMO2009","MPI-ESM (Intermédiaire)"
2069,"2. Étang de Milieu",72.28560468042699,43.19253032017161,1222.05024,11878328.3328,0.14161281072104306,0.1496400036096098,0.38384886047551814,"5. Opti (Synchronisation Totale)","MPI-ESM  REMO2009","MPI-ESM (Intermédiaire)"
2069,"3. Étang Exutoire",100,58.286014325893554,1222.05024,11878328.3328,0.14161281072104306,0.1496400036096098,0.38384886047551814,"5. Opti (Synchronisation Totale)","MPI-ESM  REMO2009","MPI-ESM (Intermédiaire)"
2070,"1. Étang de Tête",52.41911585605078,7.801432424989852,979.46496,9520399.4112,0.09799115549342234,0.19978387648828003,0.36231008872062026,"5. Opti (Synchronisation Totale)","MPI-ESM  REMO2009","MPI-ESM (Intermédiaire)"
2070,"2. Étang de Milieu",81.70271695558836,31.439755626005766,979.46496,9520399.4112,0.09799115549342234,0.19978387648828003,0.36231008872062026,"5. Opti (Synchronisation Totale)","MPI-ESM  REMO2009","MPI-ESM (Intermédiaire)"
2070,"3. Étang Exutoire",0,0,979.46496,9520399.4112,0.09799115549342234,0.19978387648828003,0.36231008872062026,"5. Opti (Synchronisation Totale)","MPI-ESM  REMO2009","MPI-ESM (Intermédiaire)"
