Annee_Gestion;Scenario;Etang;Nb_Jours_Total;Jours_Rempli_Plus_80;Jours_Moins_15_Pourcent;Volume_Ruissele_m3;Volume_Evapore_m3;Volume_Sortant_m3;Taux_Renouvellement;CR_Annuel_Global;Nb_Jours_Avec_Sonde;RMSE_Volume_m3;Nb_Orages_Valides;CR_Terrain_Moyen;CR_Modele_Moyen;Biais_CR
2010-2011;L0.05_Pant10_CN_base_20260519;BIETONNAY;365;83;103;33578;24758;148720;0.31;11.3;0;NA;0;NA;NA;NA
2011-2012;L0.05_Pant10_CN_base_20260519;BIETONNAY;366;0;81;30769;46184;40263;0.28;9.3;0;NA;0;NA;NA;NA
2012-2013;L0.05_Pant10_CN_base_20260519;BIETONNAY;365;151;16;54923;86893;192341;0.5;13.8;0;NA;0;NA;NA;NA
2013-2014;L0.05_Pant10_CN_base_20260519;BIETONNAY;365;56;264;73742;34849;215366;0.67;18.9;0;NA;0;NA;NA;NA
2014-2015;L0.05_Pant10_CN_base_20260519;BIETONNAY;365;0;161;62051;-33109;79988;0.56;21.7;0;NA;0;NA;NA;NA
2015-2016;L0.05_Pant10_CN_base_20260519;BIETONNAY;366;100;47;53860;66456;80128;0.49;14.7;0;NA;0;NA;NA;NA
2016-2017;L0.05_Pant10_CN_base_20260519;BIETONNAY;365;27;98;21290;2584;122552;0.19;8.3;0;NA;0;NA;NA;NA
2017-2018;L0.05_Pant10_CN_base_20260519;BIETONNAY;365;0;124;32032;10476;33905;0.29;10.4;0;NA;0;NA;NA;NA
2018-2019;L0.05_Pant10_CN_base_20260519;BIETONNAY;365;0;320;41065;12031;99250;0.37;14.2;0;NA;0;NA;NA;NA
2019-2020;L0.05_Pant10_CN_base_20260519;BIETONNAY;366;0;168;41900;-31011;40147;0.38;15.1;0;NA;0;NA;NA;NA
2020-2021;L0.05_Pant10_CN_base_20260519;BIETONNAY;365;114;53;90544;93615;173332;0.82;21.5;0;NA;0;NA;NA;NA
2021-2022;L0.05_Pant10_CN_base_20260519;BIETONNAY;365;84;130;27331;18606;154172;0.25;10.5;0;NA;0;NA;NA;NA
2022-2023;L0.05_Pant10_CN_base_20260519;BIETONNAY;365;0;148;22898;6488;47469;0.21;8.2;0;NA;0;NA;NA;NA
2023-2024;L0.05_Pant10_CN_base_20260519;BIETONNAY;366;36;285;121588;77216;278549;1.11;27.2;0;NA;0;NA;NA;NA
2024-2025;L0.05_Pant10_CN_base_20260519;BIETONNAY;365;0;148;60797;-9645;53302;0.55;17.6;0;NA;0;NA;NA;NA
2010-2011;L0.05_Pant10_CN_base_20260519;CARRONNIER;365;85;171;15379;7383;73148;0.26;8;0;NA;0;NA;NA;NA
2011-2012;L0.05_Pant10_CN_base_20260519;CARRONNIER;366;24;39;13598;14020;21096;0.23;6.3;0;NA;0;NA;NA;NA
2012-2013;L0.05_Pant10_CN_base_20260519;CARRONNIER;365;105;24;25677;26432;87579;0.44;9.9;0;NA;0;NA;NA;NA
2013-2014;L0.05_Pant10_CN_base_20260519;CARRONNIER;365;44;277;29665;10815;108260;0.51;11.7;0;NA;0;NA;NA;NA
2014-2015;L0.05_Pant10_CN_base_20260519;CARRONNIER;365;0;137;26905;-11372;38208;0.46;14.5;0;NA;0;NA;NA;NA
2015-2016;L0.05_Pant10_CN_base_20260519;CARRONNIER;366;111;70;26133;18476;45427;0.45;11;0;NA;0;NA;NA;NA
2016-2017;L0.05_Pant10_CN_base_20260519;CARRONNIER;365;83;275;9371;-897;66790;0.16;5.6;0;NA;0;NA;NA;NA
2017-2018;L0.05_Pant10_CN_base_20260519;CARRONNIER;365;6;124;14866;3171;9178;0.25;7.5;0;NA;0;NA;NA;NA
2018-2019;L0.05_Pant10_CN_base_20260519;CARRONNIER;365;0;279;15796;1063;64737;0.27;8.4;0;NA;0;NA;NA;NA
2019-2020;L0.05_Pant10_CN_base_20260519;CARRONNIER;366;0;176;16971;-9709;24200;0.29;9.4;0;NA;0;NA;NA;NA
2020-2021;L0.05_Pant10_CN_base_20260519;CARRONNIER;365;114;51;47938;28441;72784;0.82;17.6;0;NA;0;NA;NA;NA
2021-2022;L0.05_Pant10_CN_base_20260519;CARRONNIER;365;85;34;12310;-10496;72273;0.21;7.3;51;11036;0;NA;NA;NA
2022-2023;L0.05_Pant10_CN_base_20260519;CARRONNIER;365;0;213;10224;7528;39176;0.18;5.6;365;9348;8;17.7;2.1;-15.7
2023-2024;L0.05_Pant10_CN_base_20260519;CARRONNIER;366;307;49;51130;30331;98184;0.88;17.6;366;12411;22;32.8;15.6;-17.2
2024-2025;L0.05_Pant10_CN_base_20260519;CARRONNIER;365;99;43;23682;9835;75039;0.41;10.6;365;21133;11;32.4;7.4;-25
2010-2011;L0.05_Pant10_CN_base_20260519;CHANTEMERLE;365;0;365;18992;1116;15774;0.55;11.5;0;NA;0;NA;NA;NA
2011-2012;L0.05_Pant10_CN_base_20260519;CHANTEMERLE;366;0;171;14591;12373;17868;0.42;7.9;0;NA;0;NA;NA;NA
2012-2013;L0.05_Pant10_CN_base_20260519;CHANTEMERLE;365;46;38;26707;23440;46164;0.77;12;0;NA;0;NA;NA;NA
2013-2014;L0.05_Pant10_CN_base_20260519;CHANTEMERLE;365;52;245;29733;13734;60881;0.86;13.7;0;NA;0;NA;NA;NA
2014-2015;L0.05_Pant10_CN_base_20260519;CHANTEMERLE;365;0;225;26825;-3669;23156;0.77;16.8;0;NA;0;NA;NA;NA
2015-2016;L0.05_Pant10_CN_base_20260519;CHANTEMERLE;366;86;27;26795;17663;20018;0.77;13.1;0;NA;0;NA;NA;NA
2016-2017;L0.05_Pant10_CN_base_20260519;CHANTEMERLE;365;63;239;9982;6795;39236;0.29;7;0;NA;0;NA;NA;NA
2017-2018;L0.05_Pant10_CN_base_20260519;CHANTEMERLE;365;0;349;19069;6351;27401;0.55;11.2;0;NA;0;NA;NA;NA
2018-2019;L0.05_Pant10_CN_base_20260519;CHANTEMERLE;365;0;344;15321;279;7801;0.44;9.5;0;NA;0;NA;NA;NA
2019-2020;L0.05_Pant10_CN_base_20260519;CHANTEMERLE;366;6;254;15490;10827;32943;0.45;10;0;NA;0;NA;NA;NA
2020-2021;L0.05_Pant10_CN_base_20260519;CHANTEMERLE;365;73;60;46635;25372;43523;1.35;19.9;0;NA;0;NA;NA;NA
2021-2022;L0.05_Pant10_CN_base_20260519;CHANTEMERLE;365;116;245;14086;12497;56240;0.41;9.7;0;NA;0;NA;NA;NA
2022-2023;L0.05_Pant10_CN_base_20260519;CHANTEMERLE;365;0;365;12414;-1742;9476;0.36;8;0;NA;0;NA;NA;NA
2023-2024;L0.05_Pant10_CN_base_20260519;CHANTEMERLE;366;62;274;55808;21449;78452;1.61;22.4;0;NA;0;NA;NA;NA
2024-2025;L0.05_Pant10_CN_base_20260519;CHANTEMERLE;365;0;365;30345;4;30348;0.88;15.8;0;NA;0;NA;NA;NA
2010-2011;L0.05_Pant10_CN_base_20260519;CORVEYZIEUX;365;280;77;22890;-808;266244;0.11;10.8;0;NA;0;NA;NA;NA
2011-2012;L0.05_Pant10_CN_base_20260519;CORVEYZIEUX;366;61;8;14921;38253;284953;0.07;6.3;0;NA;0;NA;NA;NA
2012-2013;L0.05_Pant10_CN_base_20260519;CORVEYZIEUX;365;280;11;28235;72299;640223;0.13;9.9;0;NA;0;NA;NA;NA
2013-2014;L0.05_Pant10_CN_base_20260519;CORVEYZIEUX;365;341;7;27553;67194;537301;0.13;9.8;0;NA;0;NA;NA;NA
2014-2015;L0.05_Pant10_CN_base_20260519;CORVEYZIEUX;365;61;294;28503;26823;671826;0.13;13.9;0;NA;0;NA;NA;NA
2015-2016;L0.05_Pant10_CN_base_20260519;CORVEYZIEUX;366;149;80;33342;34219;168288;0.15;12.7;0;NA;0;NA;NA;NA
2016-2017;L0.05_Pant10_CN_base_20260519;CORVEYZIEUX;365;334;7;10278;-14859;358991;0.05;5.6;0;NA;0;NA;NA;NA
2017-2018;L0.05_Pant10_CN_base_20260519;CORVEYZIEUX;365;140;12;16311;8487;178744;0.08;7.4;0;NA;0;NA;NA;NA
2018-2019;L0.05_Pant10_CN_base_20260519;CORVEYZIEUX;365;0;13;14534;-5506;182864;0.07;7;0;NA;0;NA;NA;NA
2019-2020;L0.05_Pant10_CN_base_20260519;CORVEYZIEUX;366;11;297;21687;19248;458816;0.1;10.9;0;NA;0;NA;NA;NA
2020-2021;L0.05_Pant10_CN_base_20260519;CORVEYZIEUX;365;114;80;62465;50580;299383;0.29;20.7;0;NA;0;NA;NA;NA
2021-2022;L0.05_Pant10_CN_base_20260519;CORVEYZIEUX;365;308;6;13520;-28706;532574;0.06;7.3;51;31671;0;NA;NA;NA
2022-2023;L0.05_Pant10_CN_base_20260519;CORVEYZIEUX;365;0;12;11186;-1133;222723;0.05;5.6;365;28463;5;24.5;1.3;-23.2
2023-2024;L0.05_Pant10_CN_base_20260519;CORVEYZIEUX;366;157;9;56243;78644;577919;0.26;17.6;366;60709;8;37.7;15.6;-22.1
2024-2025;L0.05_Pant10_CN_base_20260519;CORVEYZIEUX;365;329;6;25953;26867;582583;0.12;10.5;365;38781;5;47.1;4.7;-42.3
2010-2011;L0.05_Pant10_CN_base_20260519;FOUR;365;0;314;13606;11815;171808;0.15;10.5;0;NA;0;NA;NA;NA
2011-2012;L0.05_Pant10_CN_base_20260519;FOUR;366;0;84;8577;30109;4583;0.1;5.9;0;NA;0;NA;NA;NA
2012-2013;L0.05_Pant10_CN_base_20260519;FOUR;365;284;10;15701;56650;188389;0.18;9;0;NA;0;NA;NA;NA
2013-2014;L0.05_Pant10_CN_base_20260519;FOUR;365;301;12;15345;52816;168766;0.17;8.9;0;NA;0;NA;NA;NA
2014-2015;L0.05_Pant10_CN_base_20260519;FOUR;365;271;8;14081;-1760;126831;0.16;11.2;0;NA;0;NA;NA;NA
2015-2016;L0.05_Pant10_CN_base_20260519;FOUR;366;0;316;25949;14737;137908;0.29;16.1;0;NA;0;NA;NA;NA
2016-2017;L0.05_Pant10_CN_base_20260519;FOUR;365;210;62;6664;-17018;23499;0.08;5.9;0;NA;0;NA;NA;NA
2017-2018;L0.05_Pant10_CN_base_20260519;FOUR;365;22;35;9037;7780;55935;0.1;6.7;0;NA;0;NA;NA;NA
2018-2019;L0.05_Pant10_CN_base_20260519;FOUR;365;171;37;7981;-3373;32915;0.09;6.3;0;NA;0;NA;NA;NA
2019-2020;L0.05_Pant10_CN_base_20260519;FOUR;366;47;30;9182;-8682;110950;0.1;7.5;0;NA;0;NA;NA;NA
2020-2021;L0.05_Pant10_CN_base_20260519;FOUR;365;0;350;48016;18204;169723;0.54;26;0;NA;0;NA;NA;NA
2021-2022;L0.05_Pant10_CN_base_20260519;FOUR;365;181;61;9232;-28924;50608;0.1;8.1;51;10877;0;NA;NA;NA
2022-2023;L0.05_Pant10_CN_base_20260519;FOUR;365;0;22;6155;569;38283;0.07;5;365;17613;7;20.4;1.3;-19.1
2023-2024;L0.05_Pant10_CN_base_20260519;FOUR;366;226;20;32187;61772;198386;0.36;16.4;81;23027;3;39.3;16.5;-22.7
2024-2025;L0.05_Pant10_CN_base_20260519;FOUR;365;44;311;21348;21196;219448;0.24;14.1;0;NA;0;NA;NA;NA
2010-2011;L0.05_Pant10_CN_base_20260519;FRENE;365;322;2;25943;5169;242458;0.95;11.4;0;NA;0;NA;NA;NA
2011-2012;L0.05_Pant10_CN_base_20260519;FRENE;366;358;2;23787;9775;97175;0.87;9.3;0;NA;0;NA;NA;NA
2012-2013;L0.05_Pant10_CN_base_20260519;FRENE;365;357;2;42430;18518;318511;1.55;13.8;0;NA;0;NA;NA;NA
2013-2014;L0.05_Pant10_CN_base_20260519;FRENE;365;352;6;40897;17220;246850;1.49;13.6;0;NA;0;NA;NA;NA
2014-2015;L0.05_Pant10_CN_base_20260519;FRENE;365;282;6;34384;-743;126499;1.26;15.6;0;NA;0;NA;NA;NA
2015-2016;L0.05_Pant10_CN_base_20260519;FRENE;366;324;2;41600;12829;124905;1.52;14.7;0;NA;0;NA;NA;NA
2016-2017;L0.05_Pant10_CN_base_20260519;FRENE;365;254;2;16459;-3840;219190;0.6;8.3;0;NA;0;NA;NA;NA
2017-2018;L0.05_Pant10_CN_base_20260519;FRENE;365;234;10;24768;2135;85057;0.9;10.5;0;NA;0;NA;NA;NA
2018-2019;L0.05_Pant10_CN_base_20260519;FRENE;365;271;9;23078;-1491;75392;0.84;10.3;0;NA;0;NA;NA;NA
2019-2020;L0.05_Pant10_CN_base_20260519;FRENE;366;60;303;26465;3902;112422;0.97;12.4;0;NA;0;NA;NA;NA
2020-2021;L0.05_Pant10_CN_base_20260519;FRENE;365;297;65;72866;12762;162509;2.66;22.5;0;NA;0;NA;NA;NA
2021-2022;L0.05_Pant10_CN_base_20260519;FRENE;365;279;2;21122;-7388;262056;0.77;10.5;0;NA;0;NA;NA;NA
2022-2023;L0.05_Pant10_CN_base_20260519;FRENE;365;284;8;17723;-212;99707;0.65;8.2;0;NA;0;NA;NA;NA
2023-2024;L0.05_Pant10_CN_base_20260519;FRENE;366;312;7;76360;20156;223152;2.79;22.1;0;NA;0;NA;NA;NA
2024-2025;L0.05_Pant10_CN_base_20260519;FRENE;365;35;302;41058;6704;300571;1.5;15.4;0;NA;0;NA;NA;NA
2010-2011;L0.05_Pant10_CN_base_20260519;GRAND ETANG LA ROUE;365;48;278;31813;19136;102244;0.37;7.9;0;NA;0;NA;NA;NA
2011-2012;L0.05_Pant10_CN_base_20260519;GRAND ETANG LA ROUE;366;0;120;26727;23368;7607;0.31;5.9;0;NA;0;NA;NA;NA
2012-2013;L0.05_Pant10_CN_base_20260519;GRAND ETANG LA ROUE;365;9;31;49492;48566;92404;0.57;9.1;0;NA;0;NA;NA;NA
2013-2014;L0.05_Pant10_CN_base_20260519;GRAND ETANG LA ROUE;365;16;29;48006;45705;83749;0.56;9;0;NA;0;NA;NA;NA
2014-2015;L0.05_Pant10_CN_base_20260519;GRAND ETANG LA ROUE;365;42;119;44054;10872;113030;0.51;11.3;0;NA;0;NA;NA;NA
2015-2016;L0.05_Pant10_CN_base_20260519;GRAND ETANG LA ROUE;366;0;301;58805;17346;76151;0.68;11.8;0;NA;0;NA;NA;NA
2016-2017;L0.05_Pant10_CN_base_20260519;GRAND ETANG LA ROUE;365;0;365;20542;-797;15790;0.24;5.9;0;NA;0;NA;NA;NA
2017-2018;L0.05_Pant10_CN_base_20260519;GRAND ETANG LA ROUE;365;0;124;28246;6906;11655;0.33;6.8;0;NA;0;NA;NA;NA
2018-2019;L0.05_Pant10_CN_base_20260519;GRAND ETANG LA ROUE;365;0;181;25330;1068;38347;0.29;6.4;0;NA;0;NA;NA;NA
2019-2020;L0.05_Pant10_CN_base_20260519;GRAND ETANG LA ROUE;366;0;209;28688;10497;52352;0.33;7.6;0;NA;0;NA;NA;NA
2020-2021;L0.05_Pant10_CN_base_20260519;GRAND ETANG LA ROUE;365;113;57;94792;52518;73477;1.1;16.5;0;NA;0;NA;NA;NA
2021-2022;L0.05_Pant10_CN_base_20260519;GRAND ETANG LA ROUE;365;80;278;26836;12001;115005;0.31;7.6;0;NA;0;NA;NA;NA
2022-2023;L0.05_Pant10_CN_base_20260519;GRAND ETANG LA ROUE;365;0;365;23803;55;23858;0.28;6.2;0;NA;0;NA;NA;NA
2023-2024;L0.05_Pant10_CN_base_20260519;GRAND ETANG LA ROUE;366;99;102;112069;22658;70624;1.3;18.4;0;NA;0;NA;NA;NA
2024-2025;L0.05_Pant10_CN_base_20260519;GRAND ETANG LA ROUE;365;55;59;45869;18123;105432;0.53;9.8;154;32802;6;35.8;13.6;-22.2
2010-2011;L0.05_Pant10_CN_base_20260519;GRAND RONZUEL;365;0;20;10739;29364;216124;0.07;8.6;0;NA;0;NA;NA;NA
2011-2012;L0.05_Pant10_CN_base_20260519;GRAND RONZUEL;366;0;55;9667;57069;62443;0.06;6.9;0;NA;0;NA;NA;NA
2012-2013;L0.05_Pant10_CN_base_20260519;GRAND RONZUEL;365;0;294;35069;50060;257258;0.23;20.8;0;NA;0;NA;NA;NA
2013-2014;L0.05_Pant10_CN_base_20260519;GRAND RONZUEL;365;0;365;45529;884;189406;0.3;27.5;0;NA;0;NA;NA;NA
2014-2015;L0.05_Pant10_CN_base_20260519;GRAND RONZUEL;365;0;160;33810;-27019;78316;0.23;27.9;0;NA;0;NA;NA;NA
2015-2016;L0.05_Pant10_CN_base_20260519;GRAND RONZUEL;366;69;73;18403;80327;78927;0.12;11.9;0;NA;0;NA;NA;NA
2016-2017;L0.05_Pant10_CN_base_20260519;GRAND RONZUEL;365;0;289;6582;38053;204247;0.04;6;0;NA;0;NA;NA;NA
2017-2018;L0.05_Pant10_CN_base_20260519;GRAND RONZUEL;365;0;365;26123;6172;57223;0.17;20.1;0;NA;0;NA;NA;NA
2018-2019;L0.05_Pant10_CN_base_20260519;GRAND RONZUEL;365;0;365;23865;1031;62944;0.16;19.4;0;NA;0;NA;NA;NA
2019-2020;L0.05_Pant10_CN_base_20260519;GRAND RONZUEL;366;0;142;18657;-22308;56110;0.12;15.9;0;NA;0;NA;NA;NA
2020-2021;L0.05_Pant10_CN_base_20260519;GRAND RONZUEL;365;73;62;33032;114720;100872;0.22;18.6;0;NA;0;NA;NA;NA
2021-2022;L0.05_Pant10_CN_base_20260519;GRAND RONZUEL;365;67;133;8621;6157;238079;0.06;7.8;51;80423;0;NA;NA;NA
2022-2023;L0.05_Pant10_CN_base_20260519;GRAND RONZUEL;365;0;365;13557;28407;91706;0.09;11.5;179;31535;1;1.2;0;-1.2
2023-2024;L0.05_Pant10_CN_base_20260519;GRAND RONZUEL;366;92;99;63462;53008;123465;0.42;33.6;0;NA;0;NA;NA;NA
2024-2025;L0.05_Pant10_CN_base_20260519;GRAND RONZUEL;365;30;17;16402;38803;232722;0.11;11.2;0;NA;0;NA;NA;NA
2010-2011;L0.05_Pant10_CN_base_20260519;GRANGES;365;111;193;21339;7745;39394;1.05;10;0;NA;0;NA;NA;NA
2011-2012;L0.05_Pant10_CN_base_20260519;GRANGES;366;11;68;19319;8451;17508;0.95;8.1;0;NA;0;NA;NA;NA
2012-2013;L0.05_Pant10_CN_base_20260519;GRANGES;365;92;246;37558;11257;63803;1.85;13;0;NA;0;NA;NA;NA
2013-2014;L0.05_Pant10_CN_base_20260519;GRANGES;365;43;125;36375;5517;22802;1.79;12.9;0;NA;0;NA;NA;NA
2014-2015;L0.05_Pant10_CN_base_20260519;GRANGES;365;117;73;29289;2668;51046;1.44;14.2;0;NA;0;NA;NA;NA
2015-2016;L0.05_Pant10_CN_base_20260519;GRANGES;366;115;26;35043;12067;33801;1.73;13.3;0;NA;0;NA;NA;NA
2016-2017;L0.05_Pant10_CN_base_20260519;GRANGES;365;64;246;14026;4824;32160;0.69;7.6;0;NA;0;NA;NA;NA
2017-2018;L0.05_Pant10_CN_base_20260519;GRANGES;365;116;124;20950;-2062;9247;1.03;9.5;0;NA;0;NA;NA;NA
2018-2019;L0.05_Pant10_CN_base_20260519;GRANGES;365;22;177;18742;1233;20835;0.92;9;0;NA;0;NA;NA;NA
2019-2020;L0.05_Pant10_CN_base_20260519;GRANGES;366;68;193;20324;5288;33431;1;10.2;0;NA;0;NA;NA;NA
2020-2021;L0.05_Pant10_CN_base_20260519;GRANGES;365;81;272;66119;10501;77581;3.26;21.8;0;NA;0;NA;NA;NA
2021-2022;L0.05_Pant10_CN_base_20260519;GRANGES;365;0;344;18870;-3217;15652;0.93;10.1;0;NA;0;NA;NA;NA
2022-2023;L0.05_Pant10_CN_base_20260519;GRANGES;365;0;311;15292;7447;22739;0.75;7.6;0;NA;0;NA;NA;NA
2023-2024;L0.05_Pant10_CN_base_20260519;GRANGES;366;0;366;74986;102;75088;3.7;23.3;0;NA;0;NA;NA;NA
2024-2025;L0.05_Pant10_CN_base_20260519;GRANGES;365;0;365;36023;3;36026;1.78;14.5;0;NA;0;NA;NA;NA
2010-2011;L0.05_Pant10_CN_base_20260519;LECHERE;365;11;149;8774;5127;25040;0.35;10;0;NA;0;NA;NA;NA
2011-2012;L0.05_Pant10_CN_base_20260519;LECHERE;366;0;120;7962;9554;7336;0.31;8.2;0;NA;0;NA;NA;NA
2012-2013;L0.05_Pant10_CN_base_20260519;LECHERE;365;0;303;18743;4418;35861;0.74;15.9;0;NA;0;NA;NA;NA
2013-2014;L0.05_Pant10_CN_base_20260519;LECHERE;365;20;109;14951;11704;7061;0.59;13;0;NA;0;NA;NA;NA
2014-2015;L0.05_Pant10_CN_base_20260519;LECHERE;365;22;57;12060;477;32131;0.48;14.3;0;NA;0;NA;NA;NA
2015-2016;L0.05_Pant10_CN_base_20260519;LECHERE;366;58;83;14389;13569;11316;0.57;13.3;0;NA;0;NA;NA;NA
2016-2017;L0.05_Pant10_CN_base_20260519;LECHERE;365;0;134;5493;2262;22997;0.22;7.2;0;NA;0;NA;NA;NA
2017-2018;L0.05_Pant10_CN_base_20260519;LECHERE;365;0;365;11511;-291;12621;0.45;12.7;0;NA;0;NA;NA;NA
2018-2019;L0.05_Pant10_CN_base_20260519;LECHERE;365;0;129;8140;554;4097;0.32;9.5;0;NA;0;NA;NA;NA
2019-2020;L0.05_Pant10_CN_base_20260519;LECHERE;366;0;137;8382;2419;14578;0.33;10.2;0;NA;0;NA;NA;NA
2020-2021;L0.05_Pant10_CN_base_20260519;LECHERE;365;109;78;24905;18988;23249;0.98;20.1;0;NA;0;NA;NA;NA
2021-2022;L0.05_Pant10_CN_base_20260519;LECHERE;365;60;160;7106;2434;31005;0.28;9.3;0;NA;0;NA;NA;NA
2022-2023;L0.05_Pant10_CN_base_20260519;LECHERE;365;0;365;7889;2791;10681;0.31;9.6;0;NA;0;NA;NA;NA
2023-2024;L0.05_Pant10_CN_base_20260519;LECHERE;366;117;88;31551;11144;25831;1.25;23.9;0;NA;0;NA;NA;NA
2024-2025;L0.05_Pant10_CN_base_20260519;LECHERE;365;25;60;13037;6724;31000;0.51;12.8;0;NA;0;NA;NA;NA
2010-2011;L0.05_Pant10_CN_base_20260519;LECHERE DU FRAYET;365;1;279;6906;13989;45929;0.13;10;0;NA;0;NA;NA;NA
2011-2012;L0.05_Pant10_CN_base_20260519;LECHERE DU FRAYET;366;0;120;5517;17010;3913;0.11;7.2;0;NA;0;NA;NA;NA
2012-2013;L0.05_Pant10_CN_base_20260519;LECHERE DU FRAYET;365;0;37;9026;35352;43209;0.17;9.7;0;NA;0;NA;NA;NA
2013-2014;L0.05_Pant10_CN_base_20260519;LECHERE DU FRAYET;365;0;280;14966;14487;49236;0.29;16.4;0;NA;0;NA;NA;NA
2014-2015;L0.05_Pant10_CN_base_20260519;LECHERE DU FRAYET;365;0;228;13766;127;13893;0.26;20.6;0;NA;0;NA;NA;NA
2015-2016;L0.05_Pant10_CN_base_20260519;LECHERE DU FRAYET;366;0;70;9272;26915;17280;0.18;10.9;0;NA;0;NA;NA;NA
2016-2017;L0.05_Pant10_CN_base_20260519;LECHERE DU FRAYET;365;0;280;4380;11504;34791;0.08;7.3;0;NA;0;NA;NA;NA
2017-2018;L0.05_Pant10_CN_base_20260519;LECHERE DU FRAYET;365;0;136;5544;2567;3161;0.11;7.8;0;NA;0;NA;NA;NA
2018-2019;L0.05_Pant10_CN_base_20260519;LECHERE DU FRAYET;365;0;301;4604;8919;13044;0.09;6.8;0;NA;0;NA;NA;NA
2019-2020;L0.05_Pant10_CN_base_20260519;LECHERE DU FRAYET;366;0;331;7425;13118;25972;0.14;11.5;0;NA;0;NA;NA;NA
2020-2021;L0.05_Pant10_CN_base_20260519;LECHERE DU FRAYET;365;3;110;21798;24466;11965;0.42;22.3;0;NA;0;NA;NA;NA
2021-2022;L0.05_Pant10_CN_base_20260519;LECHERE DU FRAYET;365;22;146;4279;8147;46724;0.08;7.1;0;NA;0;NA;NA;NA
2022-2023;L0.05_Pant10_CN_base_20260519;LECHERE DU FRAYET;365;0;352;5449;10007;15456;0.1;8.4;0;NA;0;NA;NA;NA
2023-2024;L0.05_Pant10_CN_base_20260519;LECHERE DU FRAYET;366;0;366;35266;1291;36557;0.68;33.9;0;NA;0;NA;NA;NA
2024-2025;L0.05_Pant10_CN_base_20260519;LECHERE DU FRAYET;365;0;180;11768;-616;9408;0.23;14.6;0;NA;0;NA;NA;NA
2010-2011;L0.05_Pant10_CN_base_20260519;LES RAGES;365;190;19;17234;3063;16827;1.27;10.8;0;NA;0;NA;NA;NA
2011-2012;L0.05_Pant10_CN_base_20260519;LES RAGES;366;180;59;16076;6100;25645;1.19;9;0;NA;0;NA;NA;NA
2012-2013;L0.05_Pant10_CN_base_20260519;LES RAGES;365;0;365;31735;58;31793;2.35;14.7;0;NA;0;NA;NA;NA
2013-2014;L0.05_Pant10_CN_base_20260519;LES RAGES;365;0;312;30351;1790;24911;2.25;14.4;0;NA;0;NA;NA;NA
2014-2015;L0.05_Pant10_CN_base_20260519;LES RAGES;365;249;59;23464;3572;34266;1.74;15.2;0;NA;0;NA;NA;NA
2015-2016;L0.05_Pant10_CN_base_20260519;LES RAGES;366;179;74;28539;9962;38501;2.11;14.4;0;NA;0;NA;NA;NA
2016-2017;L0.05_Pant10_CN_base_20260519;LES RAGES;365;38;101;10915;1315;12230;0.81;7.9;0;NA;0;NA;NA;NA
2017-2018;L0.05_Pant10_CN_base_20260519;LES RAGES;365;0;365;18698;174;18872;1.38;11.3;0;NA;0;NA;NA;NA
2018-2019;L0.05_Pant10_CN_base_20260519;LES RAGES;365;0;365;16959;0;16959;1.25;10.8;0;NA;0;NA;NA;NA
2019-2020;L0.05_Pant10_CN_base_20260519;LES RAGES;366;0;366;18415;422;18222;1.36;12.3;0;NA;0;NA;NA;NA
2020-2021;L0.05_Pant10_CN_base_20260519;LES RAGES;365;317;34;48351;9732;48221;3.58;21.3;0;NA;0;NA;NA;NA
2021-2022;L0.05_Pant10_CN_base_20260519;LES RAGES;365;235;59;14008;1649;26134;1.04;10;0;NA;0;NA;NA;NA
2022-2023;L0.05_Pant10_CN_base_20260519;LES RAGES;365;145;123;11808;2831;13956;0.87;7.8;0;NA;0;NA;NA;NA
2023-2024;L0.05_Pant10_CN_base_20260519;LES RAGES;366;257;79;52592;13360;65941;3.89;21.8;0;NA;0;NA;NA;NA
2024-2025;L0.05_Pant10_CN_base_20260519;LES RAGES;365;259;85;25488;6701;32192;1.89;13.7;0;NA;0;NA;NA;NA
2010-2011;L0.05_Pant10_CN_base_20260519;LIGNIERE;365;277;25;252;33128;227762;0;6.5;0;NA;0;NA;NA;NA
2011-2012;L0.05_Pant10_CN_base_20260519;LIGNIERE;366;321;22;215;62544;322619;0;5;0;NA;0;NA;NA;NA
2012-2013;L0.05_Pant10_CN_base_20260519;LIGNIERE;365;324;19;423;117219;782132;0;8.1;0;NA;0;NA;NA;NA
2013-2014;L0.05_Pant10_CN_base_20260519;LIGNIERE;365;323;20;414;106895;611012;0;8.1;0;NA;0;NA;NA;NA
2014-2015;L0.05_Pant10_CN_base_20260519;LIGNIERE;365;272;19;388;-1733;759226;0;10.4;0;NA;0;NA;NA;NA
2015-2016;L0.05_Pant10_CN_base_20260519;LIGNIERE;366;60;25;439;81775;228633;0;9.2;0;NA;0;NA;NA;NA
2016-2017;L0.05_Pant10_CN_base_20260519;LIGNIERE;365;251;24;149;-22500;333587;0;4.4;0;NA;0;NA;NA;NA
2017-2018;L0.05_Pant10_CN_base_20260519;LIGNIERE;365;196;25;242;17976;207878;0;6;0;NA;0;NA;NA;NA
2018-2019;L0.05_Pant10_CN_base_20260519;LIGNIERE;365;180;25;211;-2214;182450;0;5.6;0;NA;0;NA;NA;NA
2019-2020;L0.05_Pant10_CN_base_20260519;LIGNIERE;366;260;26;248;-15835;439212;0;6.8;0;NA;0;NA;NA;NA
2020-2021;L0.05_Pant10_CN_base_20260519;LIGNIERE;365;0;329;38427;18234;556225;0.14;699.2;0;NA;0;NA;NA;NA
2021-2022;L0.05_Pant10_CN_base_20260519;LIGNIERE;365;235;60;3451;-57120;317485;0.01;101.6;51;20131;0;NA;NA;NA
2022-2023;L0.05_Pant10_CN_base_20260519;LIGNIERE;365;281;28;163;1552;166526;0;4.5;365;94621;1;37.3;0;-37.3
2023-2024;L0.05_Pant10_CN_base_20260519;LIGNIERE;366;300;15;893;125813;697163;0;15.3;366;58540;0;NA;NA;NA
2024-2025;L0.05_Pant10_CN_base_20260519;LIGNIERE;365;289;21;397;44770;646233;0;8.8;365;33006;0;NA;NA;NA
2010-2011;L0.05_Pant10_CN_base_20260519;LONGEVAVRE;365;93;256;14517;14825;74596;0.31;13.9;0;NA;0;NA;NA;NA
2011-2012;L0.05_Pant10_CN_base_20260519;LONGEVAVRE;366;45;81;13786;16687;16465;0.3;11.8;0;NA;0;NA;NA;NA
2012-2013;L0.05_Pant10_CN_base_20260519;LONGEVAVRE;365;74;262;30784;19736;133944;0.66;21.9;0;NA;0;NA;NA;NA
2013-2014;L0.05_Pant10_CN_base_20260519;LONGEVAVRE;365;247;115;26816;16787;60105;0.58;19.5;0;NA;0;NA;NA;NA
2014-2015;L0.05_Pant10_CN_base_20260519;LONGEVAVRE;365;99;97;18492;7157;93186;0.4;18.3;0;NA;0;NA;NA;NA
2015-2016;L0.05_Pant10_CN_base_20260519;LONGEVAVRE;366;128;32;23059;23983;33433;0.49;17.9;0;NA;0;NA;NA;NA
2016-2017;L0.05_Pant10_CN_base_20260519;LONGEVAVRE;365;66;13;9443;-6410;55111;0.2;10.4;0;NA;0;NA;NA;NA
2017-2018;L0.05_Pant10_CN_base_20260519;LONGEVAVRE;365;0;265;20789;5345;74320;0.45;19.2;0;NA;0;NA;NA;NA
2018-2019;L0.05_Pant10_CN_base_20260519;LONGEVAVRE;365;0;327;15521;-407;14642;0.33;15.2;0;NA;0;NA;NA;NA
2019-2020;L0.05_Pant10_CN_base_20260519;LONGEVAVRE;366;57;54;13729;-4616;33689;0.29;14;0;NA;0;NA;NA;NA
2020-2021;L0.05_Pant10_CN_base_20260519;LONGEVAVRE;365;244;14;36835;30712;87343;0.79;24.8;0;NA;0;NA;NA;NA
2021-2022;L0.05_Pant10_CN_base_20260519;LONGEVAVRE;365;251;13;11938;-12311;76502;0.26;13;0;NA;0;NA;NA;NA
2022-2023;L0.05_Pant10_CN_base_20260519;LONGEVAVRE;365;0;163;10196;5451;43264;0.22;10.3;0;NA;0;NA;NA;NA
2023-2024;L0.05_Pant10_CN_base_20260519;LONGEVAVRE;366;236;51;40659;36445;124299;0.87;25.8;0;NA;0;NA;NA;NA
2024-2025;L0.05_Pant10_CN_base_20260519;LONGEVAVRE;365;87;46;20660;11781;73581;0.44;17;0;NA;0;NA;NA;NA
2010-2011;L0.05_Pant10_CN_base_20260519;NEUF DE BURLAT;365;84;246;10570;7330;30331;0.48;9.2;0;NA;0;NA;NA;NA
2011-2012;L0.05_Pant10_CN_base_20260519;NEUF DE BURLAT;366;0;227;9511;3749;5810;0.43;7.4;0;NA;0;NA;NA;NA
2012-2013;L0.05_Pant10_CN_base_20260519;NEUF DE BURLAT;365;31;48;16589;14835;28897;0.76;10.7;0;NA;0;NA;NA;NA
2013-2014;L0.05_Pant10_CN_base_20260519;NEUF DE BURLAT;365;49;21;16301;13795;28548;0.74;10.7;0;NA;0;NA;NA;NA
2014-2015;L0.05_Pant10_CN_base_20260519;NEUF DE BURLAT;365;53;126;14247;5833;31605;0.65;12.8;0;NA;0;NA;NA;NA
2015-2016;L0.05_Pant10_CN_base_20260519;NEUF DE BURLAT;366;0;264;19956;5719;25674;0.91;14;0;NA;0;NA;NA;NA
2016-2017;L0.05_Pant10_CN_base_20260519;NEUF DE BURLAT;365;0;362;6954;448;6183;0.32;6.9;0;NA;0;NA;NA;NA
2017-2018;L0.05_Pant10_CN_base_20260519;NEUF DE BURLAT;365;0;122;9667;2165;9042;0.44;8.1;0;NA;0;NA;NA;NA
2018-2019;L0.05_Pant10_CN_base_20260519;NEUF DE BURLAT;365;0;286;8530;3697;11464;0.39;7.6;0;NA;0;NA;NA;NA
2019-2020;L0.05_Pant10_CN_base_20260519;NEUF DE BURLAT;366;6;270;10331;8031;23135;0.47;9.6;0;NA;0;NA;NA;NA
2020-2021;L0.05_Pant10_CN_base_20260519;NEUF DE BURLAT;365;62;150;33008;6656;21074;1.51;20.2;0;NA;0;NA;NA;NA
2021-2022;L0.05_Pant10_CN_base_20260519;NEUF DE BURLAT;365;116;242;7914;6748;33253;0.36;7.8;0;NA;0;NA;NA;NA
2022-2023;L0.05_Pant10_CN_base_20260519;NEUF DE BURLAT;365;0;317;6576;6496;12362;0.3;6;0;NA;0;NA;NA;NA
2023-2024;L0.05_Pant10_CN_base_20260519;NEUF DE BURLAT;366;148;71;32468;17169;35966;1.48;18.7;0;NA;0;NA;NA;NA
2024-2025;L0.05_Pant10_CN_base_20260519;NEUF DE BURLAT;365;81;60;15036;5503;31397;0.69;11.2;0;NA;0;NA;NA;NA
2010-2011;L0.05_Pant10_CN_base_20260519;ONDONNIERE;365;0;340;13415;9136;132882;0.19;47;0;NA;0;NA;NA;NA
2011-2012;L0.05_Pant10_CN_base_20260519;ONDONNIERE;366;21;94;3457;35763;3305;0.05;10.9;0;NA;0;NA;NA;NA
2012-2013;L0.05_Pant10_CN_base_20260519;ONDONNIERE;365;250;38;5865;57775;195418;0.08;15.2;0;NA;0;NA;NA;NA
2013-2014;L0.05_Pant10_CN_base_20260519;ONDONNIERE;365;222;28;5667;53171;105296;0.08;15;0;NA;0;NA;NA;NA
2014-2015;L0.05_Pant10_CN_base_20260519;ONDONNIERE;365;232;11;4656;-1631;142074;0.06;16.9;0;NA;0;NA;NA;NA
2015-2016;L0.05_Pant10_CN_base_20260519;ONDONNIERE;366;0;343;22964;10203;88930;0.32;65.1;0;NA;0;NA;NA;NA
2016-2017;L0.05_Pant10_CN_base_20260519;ONDONNIERE;365;188;60;2430;-7086;13328;0.03;9.8;0;NA;0;NA;NA;NA
2017-2018;L0.05_Pant10_CN_base_20260519;ONDONNIERE;365;192;74;3455;12037;91074;0.05;11.7;0;NA;0;NA;NA;NA
2018-2019;L0.05_Pant10_CN_base_20260519;ONDONNIERE;365;0;36;3222;-938;29925;0.04;11.5;0;NA;0;NA;NA;NA
2019-2020;L0.05_Pant10_CN_base_20260519;ONDONNIERE;366;171;29;3378;-7325;28798;0.05;12.6;0;NA;0;NA;NA;NA
2020-2021;L0.05_Pant10_CN_base_20260519;ONDONNIERE;365;0;345;37896;8608;157658;0.53;93.5;0;NA;0;NA;NA;NA
2021-2022;L0.05_Pant10_CN_base_20260519;ONDONNIERE;365;159;61;3096;-21815;44155;0.04;12.4;0;NA;0;NA;NA;NA
2022-2023;L0.05_Pant10_CN_base_20260519;ONDONNIERE;365;200;58;2482;2315;19178;0.03;9.2;0;NA;0;NA;NA;NA
2023-2024;L0.05_Pant10_CN_base_20260519;ONDONNIERE;366;238;25;10289;67700;199180;0.14;23.9;0;NA;0;NA;NA;NA
2024-2025;L0.05_Pant10_CN_base_20260519;ONDONNIERE;365;203;11;5152;22059;110063;0.07;15.5;0;NA;0;NA;NA;NA
2010-2011;L0.05_Pant10_CN_base_20260519;PARADIS;365;93;51;15362;13440;756583;0.25;10;0;NA;0;NA;NA;NA
2011-2012;L0.05_Pant10_CN_base_20260519;PARADIS;366;80;29;13941;25208;561090;0.23;8.2;0;NA;0;NA;NA;NA
2012-2013;L0.05_Pant10_CN_base_20260519;PARADIS;365;302;5;25344;47856;1564144;0.42;12.3;0;NA;0;NA;NA;NA
2013-2014;L0.05_Pant10_CN_base_20260519;PARADIS;365;105;248;32199;27981;1037927;0.53;15.9;0;NA;0;NA;NA;NA
2014-2015;L0.05_Pant10_CN_base_20260519;PARADIS;365;151;137;30432;-25377;1357106;0.5;20.6;0;NA;0;NA;NA;NA
2015-2016;L0.05_Pant10_CN_base_20260519;PARADIS;366;152;13;25192;33043;711682;0.42;13.3;0;NA;0;NA;NA;NA
2016-2017;L0.05_Pant10_CN_base_20260519;PARADIS;365;81;217;9617;5660;729839;0.16;7.2;0;NA;0;NA;NA;NA
2017-2018;L0.05_Pant10_CN_base_20260519;PARADIS;365;196;37;14777;5405;470750;0.24;9.3;0;NA;0;NA;NA;NA
2018-2019;L0.05_Pant10_CN_base_20260519;PARADIS;365;85;248;18840;8954;349883;0.31;12.6;0;NA;0;NA;NA;NA
2019-2020;L0.05_Pant10_CN_base_20260519;PARADIS;366;84;151;20769;-32735;508333;0.34;14.5;0;NA;0;NA;NA;NA
2020-2021;L0.05_Pant10_CN_base_20260519;PARADIS;365;196;26;43604;46474;1141758;0.72;20.1;0;NA;0;NA;NA;NA
2021-2022;L0.05_Pant10_CN_base_20260519;PARADIS;365;210;9;12442;-18924;761790;0.21;9.3;0;NA;0;NA;NA;NA
2022-2023;L0.05_Pant10_CN_base_20260519;PARADIS;365;77;6;10422;-940;527215;0.17;7.2;0;NA;0;NA;NA;NA
2023-2024;L0.05_Pant10_CN_base_20260519;PARADIS;366;235;22;47281;52011;1207344;0.78;20.5;0;NA;0;NA;NA;NA
2024-2025;L0.05_Pant10_CN_base_20260519;PARADIS;365;225;14;22826;17756;1313476;0.38;12.8;0;NA;0;NA;NA;NA
2010-2011;L0.05_Pant10_CN_base_20260519;PETIT ETANG LA ROUE;365;116;84;25707;-2076;298763;0.83;8;0;NA;0;NA;NA;NA
2011-2012;L0.05_Pant10_CN_base_20260519;PETIT ETANG LA ROUE;366;296;25;20456;11194;141909;0.66;5.7;0;NA;0;NA;NA;NA
2012-2013;L0.05_Pant10_CN_base_20260519;PETIT ETANG LA ROUE;365;356;5;39271;20982;473627;1.27;9.1;0;NA;0;NA;NA;NA
2013-2014;L0.05_Pant10_CN_base_20260519;PETIT ETANG LA ROUE;365;333;6;38087;19622;326426;1.23;9;0;NA;0;NA;NA;NA
2014-2015;L0.05_Pant10_CN_base_20260519;PETIT ETANG LA ROUE;365;77;285;35969;7969;278746;1.16;11.6;0;NA;0;NA;NA;NA
2015-2016;L0.05_Pant10_CN_base_20260519;PETIT ETANG LA ROUE;366;226;85;41258;9010;193643;1.33;10.4;0;NA;0;NA;NA;NA
2016-2017;L0.05_Pant10_CN_base_20260519;PETIT ETANG LA ROUE;365;35;175;14247;-3763;299612;0.46;5.1;0;NA;0;NA;NA;NA
2017-2018;L0.05_Pant10_CN_base_20260519;PETIT ETANG LA ROUE;365;198;80;22429;2532;128657;0.72;6.8;0;NA;0;NA;NA;NA
2018-2019;L0.05_Pant10_CN_base_20260519;PETIT ETANG LA ROUE;365;268;6;20126;-1696;91698;0.65;6.4;0;NA;0;NA;NA;NA
2019-2020;L0.05_Pant10_CN_base_20260519;PETIT ETANG LA ROUE;366;77;286;24161;5862;207809;0.78;8.1;0;NA;0;NA;NA;NA
2020-2021;L0.05_Pant10_CN_base_20260519;PETIT ETANG LA ROUE;365;254;86;77846;14402;302354;2.51;17.1;0;NA;0;NA;NA;NA
2021-2022;L0.05_Pant10_CN_base_20260519;PETIT ETANG LA ROUE;365;268;3;18841;-8353;337570;0.61;6.7;0;NA;0;NA;NA;NA
2022-2023;L0.05_Pant10_CN_base_20260519;PETIT ETANG LA ROUE;365;245;6;15440;-413;134853;0.5;5.1;0;NA;0;NA;NA;NA
2023-2024;L0.05_Pant10_CN_base_20260519;PETIT ETANG LA ROUE;366;285;10;79664;22917;404979;2.57;16.5;0;NA;0;NA;NA;NA
2024-2025;L0.05_Pant10_CN_base_20260519;PETIT ETANG LA ROUE;365;261;3;36438;7787;403197;1.18;9.8;0;NA;0;NA;NA;NA
2010-2011;L0.05_Pant10_CN_base_20260519;PETIT RONZUEL;365;0;274;4604;31946;76557;0.05;8.8;0;NA;0;NA;NA;NA
2011-2012;L0.05_Pant10_CN_base_20260519;PETIT RONZUEL;366;0;120;4131;36429;13810;0.04;7.1;0;NA;0;NA;NA;NA
2012-2013;L0.05_Pant10_CN_base_20260519;PETIT RONZUEL;365;0;18;7671;64983;58876;0.08;10.9;0;NA;0;NA;NA;NA
2013-2014;L0.05_Pant10_CN_base_20260519;PETIT RONZUEL;365;0;287;19923;26675;92646;0.21;29;0;NA;0;NA;NA;NA
2014-2015;L0.05_Pant10_CN_base_20260519;PETIT RONZUEL;365;0;225;18005;652;18657;0.19;35.7;0;NA;0;NA;NA;NA
2015-2016;L0.05_Pant10_CN_base_20260519;PETIT RONZUEL;366;0;98;7746;49784;27844;0.08;12;0;NA;0;NA;NA;NA
2016-2017;L0.05_Pant10_CN_base_20260519;PETIT RONZUEL;365;0;290;2837;26727;54669;0.03;6.3;0;NA;0;NA;NA;NA
2017-2018;L0.05_Pant10_CN_base_20260519;PETIT RONZUEL;365;0;134;4463;10126;11586;0.05;8.3;0;NA;0;NA;NA;NA
2018-2019;L0.05_Pant10_CN_base_20260519;PETIT RONZUEL;365;0;266;4011;16361;19614;0.04;7.9;0;NA;0;NA;NA;NA
2019-2020;L0.05_Pant10_CN_base_20260519;PETIT RONZUEL;366;0;343;9674;19113;37130;0.1;19.8;0;NA;0;NA;NA;NA
2020-2021;L0.05_Pant10_CN_base_20260519;PETIT RONZUEL;365;0;111;22972;44867;15455;0.24;31;0;NA;0;NA;NA;NA
2021-2022;L0.05_Pant10_CN_base_20260519;PETIT RONZUEL;365;0;156;3704;15937;72026;0.04;8.1;0;NA;0;NA;NA;NA
2022-2023;L0.05_Pant10_CN_base_20260519;PETIT RONZUEL;365;0;225;3088;19935;20483;0.03;6.3;0;NA;0;NA;NA;NA
2023-2024;L0.05_Pant10_CN_base_20260519;PETIT RONZUEL;366;0;76;14856;75609;56098;0.16;18.9;0;NA;0;NA;NA;NA
2024-2025;L0.05_Pant10_CN_base_20260519;PETIT RONZUEL;365;0;114;6987;26727;67652;0.07;11.5;0;NA;0;NA;NA;NA
2010-2011;L0.05_Pant10_CN_base_20260519;PLAT;365;4;20;11071;22120;234401;0.05;7.2;0;NA;0;NA;NA;NA
2011-2012;L0.05_Pant10_CN_base_20260519;PLAT;366;0;310;17409;5758;104506;0.08;10.2;0;NA;0;NA;NA;NA
2012-2013;L0.05_Pant10_CN_base_20260519;PLAT;365;115;87;23173;57380;91763;0.11;11.2;0;NA;0;NA;NA;NA
2013-2014;L0.05_Pant10_CN_base_20260519;PLAT;365;56;48;18114;74135;297126;0.09;8.9;0;NA;0;NA;NA;NA
2014-2015;L0.05_Pant10_CN_base_20260519;PLAT;365;15;126;16621;-3063;280881;0.08;11.2;0;NA;0;NA;NA;NA
2015-2016;L0.05_Pant10_CN_base_20260519;PLAT;366;0;76;19040;61648;100382;0.09;10;0;NA;0;NA;NA;NA
2016-2017;L0.05_Pant10_CN_base_20260519;PLAT;365;0;305;11014;16139;169444;0.05;8.3;0;NA;0;NA;NA;NA
2017-2018;L0.05_Pant10_CN_base_20260519;PLAT;365;0;138;10838;12839;56467;0.05;6.8;0;NA;0;NA;NA;NA
2018-2019;L0.05_Pant10_CN_base_20260519;PLAT;365;0;351;9421;849;53754;0.05;6.3;0;NA;0;NA;NA;NA
2019-2020;L0.05_Pant10_CN_base_20260519;PLAT;366;0;282;10838;15693;146650;0.05;7.5;0;NA;0;NA;NA;NA
2020-2021;L0.05_Pant10_CN_base_20260519;PLAT;365;51;76;35930;87250;103801;0.17;16.5;0;NA;0;NA;NA;NA
2021-2022;L0.05_Pant10_CN_base_20260519;PLAT;365;56;299;13807;20086;277010;0.07;10.3;0;NA;0;NA;NA;NA
2022-2023;L0.05_Pant10_CN_base_20260519;PLAT;365;0;361;10048;1080;46150;0.05;6.9;183;71694;3;11.2;2.5;-8.7
2023-2024;L0.05_Pant10_CN_base_20260519;PLAT;366;116;100;37993;92988;166830;0.18;16.4;366;64243;7;54.9;18.6;-36.3
2024-2025;L0.05_Pant10_CN_base_20260519;PLAT;365;48;19;17262;30178;344907;0.08;9.7;365;78256;10;35.7;11.5;-24.2
2010-2011;L0.05_Pant10_CN_base_20260519;POLLET;365;301;18;1888;25372;175235;0.01;7.2;0;NA;0;NA;NA;NA
2011-2012;L0.05_Pant10_CN_base_20260519;POLLET;366;30;13;1638;46611;200546;0.01;5.6;0;NA;0;NA;NA;NA
2012-2013;L0.05_Pant10_CN_base_20260519;POLLET;365;0;325;20898;12523;277485;0.09;59;0;NA;0;NA;NA;NA
2013-2014;L0.05_Pant10_CN_base_20260519;POLLET;365;303;53;3866;70431;147931;0.02;11.1;0;NA;0;NA;NA;NA
2014-2015;L0.05_Pant10_CN_base_20260519;POLLET;365;282;10;2829;-2653;348224;0.01;11.1;0;NA;0;NA;NA;NA
2015-2016;L0.05_Pant10_CN_base_20260519;POLLET;366;0;15;3251;60686;175527;0.01;10;0;NA;0;NA;NA;NA
2016-2017;L0.05_Pant10_CN_base_20260519;POLLET;365;88;17;1130;-16872;152889;0;4.9;0;NA;0;NA;NA;NA
2017-2018;L0.05_Pant10_CN_base_20260519;POLLET;365;0;327;12765;-4764;210397;0.06;46.9;0;NA;0;NA;NA;NA
2018-2019;L0.05_Pant10_CN_base_20260519;POLLET;365;0;57;1650;11675;3268;0.01;6.4;0;NA;0;NA;NA;NA
2019-2020;L0.05_Pant10_CN_base_20260519;POLLET;366;32;23;1843;-11332;81481;0.01;7.5;0;NA;0;NA;NA;NA
2020-2021;L0.05_Pant10_CN_base_20260519;POLLET;365;36;18;6141;85571;137590;0.03;16.5;0;NA;0;NA;NA;NA
2021-2022;L0.05_Pant10_CN_base_20260519;POLLET;365;250;15;1499;-32402;276416;0.01;6.5;51;33209;0;NA;NA;NA
2022-2023;L0.05_Pant10_CN_base_20260519;POLLET;365;52;247;4410;33211;230875;0.02;17.8;180;64747;2;57.1;0;-57
2023-2024;L0.05_Pant10_CN_base_20260519;POLLET;366;192;51;10128;93392;81378;0.04;25.5;0;NA;0;NA;NA;NA
2024-2025;L0.05_Pant10_CN_base_20260519;POLLET;365;309;11;2930;31866;391290;0.01;9.6;154;7471;3;35.5;3.9;-31.6
2010-2011;L0.05_Pant10_CN_base_20260519;REMONDET NORD;365;21;327;65645;14372;155837;0.58;11.3;0;NA;0;NA;NA;NA
2011-2012;L0.05_Pant10_CN_base_20260519;REMONDET NORD;366;86;64;51742;50346;3529;0.45;8;0;NA;0;NA;NA;NA
2012-2013;L0.05_Pant10_CN_base_20260519;REMONDET NORD;365;260;24;94210;86101;189944;0.83;12;0;NA;0;NA;NA;NA
2013-2014;L0.05_Pant10_CN_base_20260519;REMONDET NORD;365;232;26;91886;77318;149588;0.8;12;0;NA;0;NA;NA;NA
2014-2015;L0.05_Pant10_CN_base_20260519;REMONDET NORD;365;145;26;78857;-336;145563;0.69;14.1;0;NA;0;NA;NA;NA
2015-2016;L0.05_Pant10_CN_base_20260519;REMONDET NORD;366;0;332;114428;16232;172161;1;16;0;NA;0;NA;NA;NA
2016-2017;L0.05_Pant10_CN_base_20260519;REMONDET NORD;365;0;116;36960;-19295;10608;0.32;7.3;0;NA;0;NA;NA;NA
2017-2018;L0.05_Pant10_CN_base_20260519;REMONDET NORD;365;123;100;55132;17460;18417;0.48;9.2;0;NA;0;NA;NA;NA
2018-2019;L0.05_Pant10_CN_base_20260519;REMONDET NORD;365;0;37;49817;-228;52227;0.44;8.8;0;NA;0;NA;NA;NA
2019-2020;L0.05_Pant10_CN_base_20260519;REMONDET NORD;366;0;19;54778;-10915;73839;0.48;10.1;0;NA;0;NA;NA;NA
2020-2021;L0.05_Pant10_CN_base_20260519;REMONDET NORD;365;0;344;199882;14179;242679;1.75;24.3;0;NA;0;NA;NA;NA
2021-2022;L0.05_Pant10_CN_base_20260519;REMONDET NORD;365;0;126;49268;-30265;19004;0.43;9.7;0;NA;0;NA;NA;NA
2022-2023;L0.05_Pant10_CN_base_20260519;REMONDET NORD;365;0;166;38366;6704;40708;0.34;7;291;15256;3;15.4;4.1;-11.3
2023-2024;L0.05_Pant10_CN_base_20260519;REMONDET NORD;366;274;42;177555;102784;207528;1.56;20.3;366;20227;13;28.1;18.1;-10
2024-2025;L0.05_Pant10_CN_base_20260519;REMONDET NORD;365;273;0;84779;30796;130042;0.74;12.5;365;8887;9;30.7;12.2;-18.5
2010-2011;L0.05_Pant10_CN_base_20260519;REMONDET SUD;365;31;199;12435;40817;501194;0.07;8;0;NA;0;NA;NA;NA
2011-2012;L0.05_Pant10_CN_base_20260519;REMONDET SUD;366;89;54;10987;62141;286057;0.06;6.3;0;NA;0;NA;NA;NA
2012-2013;L0.05_Pant10_CN_base_20260519;REMONDET SUD;365;36;292;40629;37792;1188274;0.24;19.3;0;NA;0;NA;NA;NA
2013-2014;L0.05_Pant10_CN_base_20260519;REMONDET SUD;365;228;115;27596;64302;689253;0.16;13.4;0;NA;0;NA;NA;NA
2014-2015;L0.05_Pant10_CN_base_20260519;REMONDET SUD;365;265;7;18190;-4634;1009896;0.11;12.1;0;NA;0;NA;NA;NA
2015-2016;L0.05_Pant10_CN_base_20260519;REMONDET SUD;366;144;56;21137;80187;450440;0.12;11;0;NA;0;NA;NA;NA
2016-2017;L0.05_Pant10_CN_base_20260519;REMONDET SUD;365;32;147;7571;4492;471313;0.04;5.6;0;NA;0;NA;NA;NA
2017-2018;L0.05_Pant10_CN_base_20260519;REMONDET SUD;365;23;318;27791;308;262711;0.16;17.2;0;NA;0;NA;NA;NA
2018-2019;L0.05_Pant10_CN_base_20260519;REMONDET SUD;365;0;173;13661;6215;237265;0.08;9;0;NA;0;NA;NA;NA
2019-2020;L0.05_Pant10_CN_base_20260519;REMONDET SUD;366;233;32;12114;-17901;447476;0.07;8.3;0;NA;0;NA;NA;NA
2020-2021;L0.05_Pant10_CN_base_20260519;REMONDET SUD;365;145;32;38785;113867;880252;0.23;17.5;0;NA;0;NA;NA;NA
2021-2022;L0.05_Pant10_CN_base_20260519;REMONDET SUD;365;202;14;9950;-45355;394754;0.06;7.3;0;NA;0;NA;NA;NA
2022-2023;L0.05_Pant10_CN_base_20260519;REMONDET SUD;365;28;293;14690;19978;296611;0.09;10;0;NA;0;NA;NA;NA
2023-2024;L0.05_Pant10_CN_base_20260519;REMONDET SUD;366;195;90;65582;70106;922307;0.38;27.9;0;NA;0;NA;NA;NA
2024-2025;L0.05_Pant10_CN_base_20260519;REMONDET SUD;365;190;14;19128;42887;857286;0.11;10.5;0;NA;0;NA;NA;NA
2010-2011;L0.05_Pant10_CN_base_20260519;RIOUX;365;91;233;34050;16238;78306;0.66;8.6;0;NA;0;NA;NA;NA
2011-2012;L0.05_Pant10_CN_base_20260519;RIOUX;366;0;67;30614;18426;21468;0.6;6.9;0;NA;0;NA;NA;NA
2012-2013;L0.05_Pant10_CN_base_20260519;RIOUX;365;152;29;57258;34833;89135;1.11;10.7;0;NA;0;NA;NA;NA
2013-2014;L0.05_Pant10_CN_base_20260519;RIOUX;365;63;263;62850;13970;115726;1.22;12;0;NA;0;NA;NA;NA
2014-2015;L0.05_Pant10_CN_base_20260519;RIOUX;365;0;192;55236;-10132;45104;1.07;14.4;0;NA;0;NA;NA;NA
2015-2016;L0.05_Pant10_CN_base_20260519;RIOUX;366;117;46;58391;26348;48114;1.14;11.9;0;NA;0;NA;NA;NA
2016-2017;L0.05_Pant10_CN_base_20260519;RIOUX;365;54;246;20838;7720;62078;0.41;6;0;NA;0;NA;NA;NA
2017-2018;L0.05_Pant10_CN_base_20260519;RIOUX;365;55;124;33366;4143;16021;0.65;8.1;0;NA;0;NA;NA;NA
2018-2019;L0.05_Pant10_CN_base_20260519;RIOUX;365;0;265;32714;4522;61829;0.64;8.4;0;NA;0;NA;NA;NA
2019-2020;L0.05_Pant10_CN_base_20260519;RIOUX;366;0;233;36759;-9074;25840;0.72;9.9;0;NA;0;NA;NA;NA
2020-2021;L0.05_Pant10_CN_base_20260519;RIOUX;365;156;35;104858;37306;99679;2.04;18.6;0;NA;0;NA;NA;NA
2021-2022;L0.05_Pant10_CN_base_20260519;RIOUX;365;97;117;27317;3057;74703;0.53;7.8;0;NA;0;NA;NA;NA
2022-2023;L0.05_Pant10_CN_base_20260519;RIOUX;365;0;173;22697;4392;25147;0.44;6;0;NA;0;NA;NA;NA
2023-2024;L0.05_Pant10_CN_base_20260519;RIOUX;366;44;284;119413;30910;152266;2.32;19.9;0;NA;0;NA;NA;NA
2024-2025;L0.05_Pant10_CN_base_20260519;RIOUX;365;7;149;55765;-3215;30931;1.09;12;0;NA;0;NA;NA;NA
2010-2011;L0.05_Pant10_CN_base_20260519;ROUE RONZUEL;365;71;155;23911;15401;59929;0.58;10.8;0;NA;0;NA;NA;NA
2011-2012;L0.05_Pant10_CN_base_20260519;ROUE RONZUEL;366;63;73;22130;19785;14886;0.53;9;0;NA;0;NA;NA;NA
2012-2013;L0.05_Pant10_CN_base_20260519;ROUE RONZUEL;365;58;283;48447;11940;94351;1.17;16.2;0;NA;0;NA;NA;NA
2013-2014;L0.05_Pant10_CN_base_20260519;ROUE RONZUEL;365;174;115;42310;19704;23072;1.02;14.5;0;NA;0;NA;NA;NA
2014-2015;L0.05_Pant10_CN_base_20260519;ROUE RONZUEL;365;77;112;32557;7063;78561;0.78;15.2;0;NA;0;NA;NA;NA
2015-2016;L0.05_Pant10_CN_base_20260519;ROUE RONZUEL;366;100;66;39598;27756;41528;0.95;14.4;0;NA;0;NA;NA;NA
2016-2017;L0.05_Pant10_CN_base_20260519;ROUE RONZUEL;365;11;265;15079;11041;48834;0.36;7.8;0;NA;0;NA;NA;NA
2017-2018;L0.05_Pant10_CN_base_20260519;ROUE RONZUEL;365;0;365;30254;1430;34796;0.73;13.2;0;NA;0;NA;NA;NA
2018-2019;L0.05_Pant10_CN_base_20260519;ROUE RONZUEL;365;0;139;22846;-1824;9130;0.55;10.5;0;NA;0;NA;NA;NA
2019-2020;L0.05_Pant10_CN_base_20260519;ROUE RONZUEL;366;0;72;23108;2864;36000;0.56;11.1;0;NA;0;NA;NA;NA
2020-2021;L0.05_Pant10_CN_base_20260519;ROUE RONZUEL;365;135;50;67086;39919;74951;1.62;21.3;0;NA;0;NA;NA;NA
2021-2022;L0.05_Pant10_CN_base_20260519;ROUE RONZUEL;365;63;95;19436;-369;52985;0.47;10;0;NA;0;NA;NA;NA
2022-2023;L0.05_Pant10_CN_base_20260519;ROUE RONZUEL;365;0;352;19407;9633;29040;0.47;9.3;0;NA;0;NA;NA;NA
2023-2024;L0.05_Pant10_CN_base_20260519;ROUE RONZUEL;366;115;91;84228;18418;77948;2.03;25.2;0;NA;0;NA;NA;NA
2024-2025;L0.05_Pant10_CN_base_20260519;ROUE RONZUEL;365;63;27;35365;13803;55520;0.85;13.7;154;15805;6;19.3;19.3;0.1
2010-2011;L0.05_Pant10_CN_base_20260519;SALE;365;113;102;18147;21325;1261965;0.18;8;0;NA;0;NA;NA;NA
2011-2012;L0.05_Pant10_CN_base_20260519;SALE;366;99;230;21389;25138;855230;0.21;8.4;0;NA;0;NA;NA;NA
2012-2013;L0.05_Pant10_CN_base_20260519;SALE;365;151;153;40043;14902;2115344;0.4;13;0;NA;0;NA;NA;NA
2013-2014;L0.05_Pant10_CN_base_20260519;SALE;365;329;5;29580;63290;1732889;0.29;9.8;0;NA;0;NA;NA;NA
2014-2015;L0.05_Pant10_CN_base_20260519;SALE;365;260;1;26516;-2600;1907596;0.26;12;0;NA;0;NA;NA;NA
2015-2016;L0.05_Pant10_CN_base_20260519;SALE;366;234;28;30880;47213;1108652;0.31;11;0;NA;0;NA;NA;NA
2016-2017;L0.05_Pant10_CN_base_20260519;SALE;365;106;229;13265;20943;1150067;0.13;6.7;0;NA;0;NA;NA;NA
2017-2018;L0.05_Pant10_CN_base_20260519;SALE;365;126;141;20496;-15169;624377;0.2;8.7;0;NA;0;NA;NA;NA
2018-2019;L0.05_Pant10_CN_base_20260519;SALE;365;206;58;15581;-5157;550086;0.15;7;0;NA;0;NA;NA;NA
2019-2020;L0.05_Pant10_CN_base_20260519;SALE;366;187;47;17643;-10193;813312;0.18;8.3;0;NA;0;NA;NA;NA
2020-2021;L0.05_Pant10_CN_base_20260519;SALE;365;224;7;56708;66269;1893743;0.56;17.5;0;NA;0;NA;NA;NA
2021-2022;L0.05_Pant10_CN_base_20260519;SALE;365;136;40;14506;-26313;1223164;0.14;7.3;0;NA;0;NA;NA;NA
2022-2023;L0.05_Pant10_CN_base_20260519;SALE;365;102;89;11987;1346;663832;0.12;5.6;0;NA;0;NA;NA;NA
2023-2024;L0.05_Pant10_CN_base_20260519;SALE;366;258;2;60379;74074;2215630;0.6;17.5;0;NA;0;NA;NA;NA
2024-2025;L0.05_Pant10_CN_base_20260519;SALE;365;213;13;27827;25533;1727637;0.28;10.5;0;NA;0;NA;NA;NA
2010-2011;L0.05_Pant10_CN_base_20260519;TRIPOUX;365;222;66;89809;17132;452760;1.54;11.1;0;NA;0;NA;NA;NA
2011-2012;L0.05_Pant10_CN_base_20260519;TRIPOUX;366;158;116;85679;21189;200683;1.47;9.5;0;NA;0;NA;NA;NA
2012-2013;L0.05_Pant10_CN_base_20260519;TRIPOUX;365;100;256;158645;-5641;575741;2.72;14.5;0;NA;0;NA;NA;NA
2013-2014;L0.05_Pant10_CN_base_20260519;TRIPOUX;365;285;61;143626;40627;618953;2.46;13.4;0;NA;0;NA;NA;NA
2014-2015;L0.05_Pant10_CN_base_20260519;TRIPOUX;365;243;117;120728;29784;473522;2.07;15.4;0;NA;0;NA;NA;NA
2015-2016;L0.05_Pant10_CN_base_20260519;TRIPOUX;366;312;18;146249;29693;348318;2.51;14.6;0;NA;0;NA;NA;NA
2016-2017;L0.05_Pant10_CN_base_20260519;TRIPOUX;365;201;116;57550;12977;313281;0.99;8.2;0;NA;0;NA;NA;NA
2017-2018;L0.05_Pant10_CN_base_20260519;TRIPOUX;365;0;261;93209;-20375;206491;1.6;11.1;0;NA;0;NA;NA;NA
2018-2019;L0.05_Pant10_CN_base_20260519;TRIPOUX;365;190;79;80031;3525;226742;1.37;10.1;0;NA;0;NA;NA;NA
2019-2020;L0.05_Pant10_CN_base_20260519;TRIPOUX;366;244;117;85750;17197;249708;1.47;11.3;0;NA;0;NA;NA;NA
2020-2021;L0.05_Pant10_CN_base_20260519;TRIPOUX;365;308;29;246643;41015;669954;4.23;21.5;0;NA;0;NA;NA;NA
2021-2022;L0.05_Pant10_CN_base_20260519;TRIPOUX;365;243;84;73097;-228;397456;1.25;10.3;0;NA;0;NA;NA;NA
2022-2023;L0.05_Pant10_CN_base_20260519;TRIPOUX;365;174;138;62587;20861;175242;1.07;8.2;0;NA;0;NA;NA;NA
2023-2024;L0.05_Pant10_CN_base_20260519;TRIPOUX;366;0;257;292227;-15418;879631;5.01;23.9;0;NA;0;NA;NA;NA
2024-2025;L0.05_Pant10_CN_base_20260519;TRIPOUX;365;221;26;131860;15846;349394;2.26;14;0;NA;0;NA;NA;NA
2010-2011;L0.05_Pant10_CN_base_20260519;VIEUX;365;271;8;25186;8414;201167;0.57;11.4;0;NA;0;NA;NA;NA
2011-2012;L0.05_Pant10_CN_base_20260519;VIEUX;366;55;307;28432;451;268573;0.65;11.5;0;NA;0;NA;NA;NA
2012-2013;L0.05_Pant10_CN_base_20260519;VIEUX;365;279;64;42212;24584;307265;0.96;14.1;0;NA;0;NA;NA;NA
2013-2014;L0.05_Pant10_CN_base_20260519;VIEUX;365;55;306;48368;6110;239425;1.1;16.5;0;NA;0;NA;NA;NA
2014-2015;L0.05_Pant10_CN_base_20260519;VIEUX;365;229;64;35911;-3305;362426;0.82;16.8;0;NA;0;NA;NA;NA
2015-2016;L0.05_Pant10_CN_base_20260519;VIEUX;366;143;69;40385;21466;223972;0.92;14.7;0;NA;0;NA;NA;NA
2016-2017;L0.05_Pant10_CN_base_20260519;VIEUX;365;25;306;19030;2805;206533;0.43;9.9;0;NA;0;NA;NA;NA
2017-2018;L0.05_Pant10_CN_base_20260519;VIEUX;365;165;97;24152;6066;215224;0.55;10.5;0;NA;0;NA;NA;NA
2018-2019;L0.05_Pant10_CN_base_20260519;VIEUX;365;0;310;27265;-2986;52938;0.62;12.6;0;NA;0;NA;NA;NA
2019-2020;L0.05_Pant10_CN_base_20260519;VIEUX;366;0;114;26183;-9240;94549;0.6;12.6;0;NA;0;NA;NA;NA
2020-2021;L0.05_Pant10_CN_base_20260519;VIEUX;365;138;75;67871;29733;200863;1.55;21.6;0;NA;0;NA;NA;NA
2021-2022;L0.05_Pant10_CN_base_20260519;VIEUX;365;55;306;23795;6636;345054;0.54;12.2;0;NA;0;NA;NA;NA
2022-2023;L0.05_Pant10_CN_base_20260519;VIEUX;365;211;69;17355;-455;216260;0.4;8.3;0;NA;0;NA;NA;NA
2023-2024;L0.05_Pant10_CN_base_20260519;VIEUX;366;35;307;84945;11446;209284;1.94;25.4;0;NA;0;NA;NA;NA
2024-2025;L0.05_Pant10_CN_base_20260519;VIEUX;365;237;66;40315;295;405881;0.92;15.6;0;NA;0;NA;NA;NA
2010-2011;L0.05_Pant10_CN_base_20260519;VIEUX BURLAT;365;57;277;8160;6097;58414;0.36;13.2;0;NA;0;NA;NA;NA
2011-2012;L0.05_Pant10_CN_base_20260519;VIEUX BURLAT;366;0;110;6886;7445;5677;0.3;10;0;NA;0;NA;NA;NA
2012-2013;L0.05_Pant10_CN_base_20260519;VIEUX BURLAT;365;272;16;11445;15473;52275;0.5;13.7;0;NA;0;NA;NA;NA
2013-2014;L0.05_Pant10_CN_base_20260519;VIEUX BURLAT;365;311;27;11032;14545;50348;0.48;13.5;0;NA;0;NA;NA;NA
2014-2015;L0.05_Pant10_CN_base_20260519;VIEUX BURLAT;365;263;29;9265;-619;52868;0.41;15.5;0;NA;0;NA;NA;NA
2015-2016;L0.05_Pant10_CN_base_20260519;VIEUX BURLAT;366;0;279;15110;4530;54479;0.66;19.8;0;NA;0;NA;NA;NA
2016-2017;L0.05_Pant10_CN_base_20260519;VIEUX BURLAT;365;0;365;5717;-293;10351;0.25;10.7;0;NA;0;NA;NA;NA
2017-2018;L0.05_Pant10_CN_base_20260519;VIEUX BURLAT;365;127;117;6669;1951;5808;0.29;10.4;0;NA;0;NA;NA;NA
2018-2019;L0.05_Pant10_CN_base_20260519;VIEUX BURLAT;365;0;30;6209;-1264;18434;0.27;10.3;0;NA;0;NA;NA;NA
2019-2020;L0.05_Pant10_CN_base_20260519;VIEUX BURLAT;366;201;28;6569;-2407;27313;0.29;11.4;0;NA;0;NA;NA;NA
2020-2021;L0.05_Pant10_CN_base_20260519;VIEUX BURLAT;365;55;277;25273;4315;61730;1.11;28.8;0;NA;0;NA;NA;NA
2021-2022;L0.05_Pant10_CN_base_20260519;VIEUX BURLAT;365;144;97;6788;-9935;22529;0.3;12.5;0;NA;0;NA;NA;NA
2022-2023;L0.05_Pant10_CN_base_20260519;VIEUX BURLAT;365;0;278;6098;3222;29259;0.27;10.5;0;NA;0;NA;NA;NA
2023-2024;L0.05_Pant10_CN_base_20260519;VIEUX BURLAT;366;215;91;25368;7219;52589;1.11;27.2;0;NA;0;NA;NA;NA
2024-2025;L0.05_Pant10_CN_base_20260519;VIEUX BURLAT;365;243;16;10137;5758;49925;0.44;14.1;0;NA;0;NA;NA;NA
2010-2011;L0.05_Pant10_CN_modif_20260519;BIETONNAY;365;83;65;46777;24758;170845;0.43;15.8;0;NA;0;NA;NA;NA
2011-2012;L0.05_Pant10_CN_modif_20260519;BIETONNAY;366;47;37;45077;46037;49368;0.41;13.7;0;NA;0;NA;NA;NA
2012-2013;L0.05_Pant10_CN_modif_20260519;BIETONNAY;365;188;16;76108;86893;246931;0.69;19.1;0;NA;0;NA;NA;NA
2013-2014;L0.05_Pant10_CN_modif_20260519;BIETONNAY;365;78;264;102433;34849;261400;0.93;26.2;0;NA;0;NA;NA;NA
2014-2015;L0.05_Pant10_CN_modif_20260519;BIETONNAY;365;0;150;79215;-38401;95490;0.72;27.7;0;NA;0;NA;NA;NA
2015-2016;L0.05_Pant10_CN_modif_20260519;BIETONNAY;366;109;43;73018;64966;110620;0.66;20;0;NA;0;NA;NA;NA
2016-2017;L0.05_Pant10_CN_modif_20260519;BIETONNAY;365;36;90;30927;-3991;131834;0.28;12;0;NA;0;NA;NA;NA
2017-2018;L0.05_Pant10_CN_modif_20260519;BIETONNAY;365;18;124;45606;10401;39433;0.42;14.9;0;NA;0;NA;NA;NA
2018-2019;L0.05_Pant10_CN_modif_20260519;BIETONNAY;365;0;273;59119;12031;137476;0.54;20.4;0;NA;0;NA;NA;NA
2019-2020;L0.05_Pant10_CN_modif_20260519;BIETONNAY;366;0;160;57893;-37326;57417;0.53;20.9;0;NA;0;NA;NA;NA
2020-2021;L0.05_Pant10_CN_modif_20260519;BIETONNAY;365;114;49;113337;93252;210852;1.03;27;0;NA;0;NA;NA;NA
2021-2022;L0.05_Pant10_CN_modif_20260519;BIETONNAY;365;88;119;38677;11734;164956;0.35;14.9;0;NA;0;NA;NA;NA
2022-2023;L0.05_Pant10_CN_modif_20260519;BIETONNAY;365;0;102;33328;4867;51591;0.3;11.9;0;NA;0;NA;NA;NA
2023-2024;L0.05_Pant10_CN_modif_20260519;BIETONNAY;366;36;282;155771;72080;338777;1.42;34.9;0;NA;0;NA;NA;NA
2024-2025;L0.05_Pant10_CN_modif_20260519;BIETONNAY;365;18;148;81145;-9645;68377;0.74;23.5;0;NA;0;NA;NA;NA
2010-2011;L0.05_Pant10_CN_modif_20260519;CARRONNIER;365;85;126;21289;7383;85594;0.36;11.1;0;NA;0;NA;NA;NA
2011-2012;L0.05_Pant10_CN_modif_20260519;CARRONNIER;366;62;36;19609;14003;31378;0.34;9.1;0;NA;0;NA;NA;NA
2012-2013;L0.05_Pant10_CN_modif_20260519;CARRONNIER;365;194;18;35107;26432;108775;0.6;13.5;0;NA;0;NA;NA;NA
2013-2014;L0.05_Pant10_CN_modif_20260519;CARRONNIER;365;85;277;40303;10815;139306;0.69;15.9;0;NA;0;NA;NA;NA
2014-2015;L0.05_Pant10_CN_modif_20260519;CARRONNIER;365;0;137;33901;-11372;48811;0.58;18.2;0;NA;0;NA;NA;NA
2015-2016;L0.05_Pant10_CN_modif_20260519;CARRONNIER;366;134;43;34692;18448;69657;0.59;14.6;0;NA;0;NA;NA;NA
2016-2017;L0.05_Pant10_CN_modif_20260519;CARRONNIER;365;84;244;13464;-4005;69330;0.23;8;0;NA;0;NA;NA;NA
2017-2018;L0.05_Pant10_CN_modif_20260519;CARRONNIER;365;123;107;20588;3171;15733;0.35;10.3;0;NA;0;NA;NA;NA
2018-2019;L0.05_Pant10_CN_modif_20260519;CARRONNIER;365;17;277;22567;1046;90297;0.39;12;0;NA;0;NA;NA;NA
2019-2020;L0.05_Pant10_CN_modif_20260519;CARRONNIER;366;0;144;22883;-12896;31048;0.39;12.7;0;NA;0;NA;NA;NA
2020-2021;L0.05_Pant10_CN_modif_20260519;CARRONNIER;365;114;50;58542;25725;94189;1;21.4;0;NA;0;NA;NA;NA
2021-2022;L0.05_Pant10_CN_modif_20260519;CARRONNIER;365;85;12;17319;-10496;78250;0.3;10.3;51;4806;0;NA;NA;NA
2022-2023;L0.05_Pant10_CN_modif_20260519;CARRONNIER;365;0;112;14563;7209;54509;0.25;8;365;7615;8;17.7;3.6;-14.1
2023-2024;L0.05_Pant10_CN_modif_20260519;CARRONNIER;366;312;41;63809;30127;124622;1.09;22;366;13483;22;32.8;20.4;-12.4
2024-2025;L0.05_Pant10_CN_modif_20260519;CARRONNIER;365;172;41;31195;9835;82520;0.53;13.9;365;19355;11;32.4;10;-22.4
2010-2011;L0.05_Pant10_CN_modif_20260519;CHANTEMERLE;365;0;342;26153;-115;20271;0.75;15.9;0;NA;0;NA;NA;NA
2011-2012;L0.05_Pant10_CN_modif_20260519;CHANTEMERLE;366;0;149;21204;12373;21293;0.61;11.5;0;NA;0;NA;NA;NA
2012-2013;L0.05_Pant10_CN_modif_20260519;CHANTEMERLE;365;80;36;36776;23440;55491;1.06;16.5;0;NA;0;NA;NA;NA
2013-2014;L0.05_Pant10_CN_modif_20260519;CHANTEMERLE;365;64;245;41058;13734;77568;1.19;18.9;0;NA;0;NA;NA;NA
2014-2015;L0.05_Pant10_CN_modif_20260519;CHANTEMERLE;365;0;210;34212;-6181;28031;0.99;21.5;0;NA;0;NA;NA;NA
2015-2016;L0.05_Pant10_CN_modif_20260519;CHANTEMERLE;366;107;27;35965;17663;28994;1.04;17.6;0;NA;0;NA;NA;NA
2016-2017;L0.05_Pant10_CN_modif_20260519;CHANTEMERLE;365;73;228;14414;5098;41945;0.42;10.1;0;NA;0;NA;NA;NA
2017-2018;L0.05_Pant10_CN_modif_20260519;CHANTEMERLE;365;0;349;26675;6008;34884;0.77;15.6;0;NA;0;NA;NA;NA
2018-2019;L0.05_Pant10_CN_modif_20260519;CHANTEMERLE;365;0;329;21928;-1800;10417;0.63;13.6;0;NA;0;NA;NA;NA
2019-2020;L0.05_Pant10_CN_modif_20260519;CHANTEMERLE;366;26;228;21271;9055;38697;0.61;13.8;0;NA;0;NA;NA;NA
2020-2021;L0.05_Pant10_CN_modif_20260519;CHANTEMERLE;365;119;51;57722;25212;54326;1.67;24.6;0;NA;0;NA;NA;NA
2021-2022;L0.05_Pant10_CN_modif_20260519;CHANTEMERLE;365;116;245;19940;12497;62385;0.58;13.8;0;NA;0;NA;NA;NA
2022-2023;L0.05_Pant10_CN_modif_20260519;CHANTEMERLE;365;0;348;17759;-3944;12409;0.51;11.4;0;NA;0;NA;NA;NA
2023-2024;L0.05_Pant10_CN_modif_20260519;CHANTEMERLE;366;63;266;70643;21239;93287;2.04;28.4;0;NA;0;NA;NA;NA
2024-2025;L0.05_Pant10_CN_modif_20260519;CHANTEMERLE;365;0;365;40371;4;40375;1.17;21;0;NA;0;NA;NA;NA
2010-2011;L0.05_Pant10_CN_modif_20260519;CORVEYZIEUX;365;281;77;31201;-808;320028;0.14;14.7;0;NA;0;NA;NA;NA
2011-2012;L0.05_Pant10_CN_modif_20260519;CORVEYZIEUX;366;62;8;21516;38146;313518;0.1;9.1;0;NA;0;NA;NA;NA
2012-2013;L0.05_Pant10_CN_modif_20260519;CORVEYZIEUX;365;315;8;38601;72299;777699;0.18;13.5;0;NA;0;NA;NA;NA
2013-2014;L0.05_Pant10_CN_modif_20260519;CORVEYZIEUX;365;342;7;37456;67194;658991;0.17;13.4;0;NA;0;NA;NA;NA
2014-2015;L0.05_Pant10_CN_modif_20260519;CORVEYZIEUX;365;61;294;37004;26823;741311;0.17;18;0;NA;0;NA;NA;NA
2015-2016;L0.05_Pant10_CN_modif_20260519;CORVEYZIEUX;366;181;80;44180;34219;251883;0.21;16.8;0;NA;0;NA;NA;NA
2016-2017;L0.05_Pant10_CN_modif_20260519;CORVEYZIEUX;365;341;6;14771;-14859;390975;0.07;8;0;NA;0;NA;NA;NA
2017-2018;L0.05_Pant10_CN_modif_20260519;CORVEYZIEUX;365;230;12;22580;8434;233029;0.1;10.3;0;NA;0;NA;NA;NA
2018-2019;L0.05_Pant10_CN_modif_20260519;CORVEYZIEUX;365;14;12;20730;-5506;200124;0.1;10;0;NA;0;NA;NA;NA
2019-2020;L0.05_Pant10_CN_modif_20260519;CORVEYZIEUX;366;29;295;29653;19248;558906;0.14;14.9;0;NA;0;NA;NA;NA
2020-2021;L0.05_Pant10_CN_modif_20260519;CORVEYZIEUX;365;126;80;75899;50580;405223;0.35;25.2;0;NA;0;NA;NA;NA
2021-2022;L0.05_Pant10_CN_modif_20260519;CORVEYZIEUX;365;313;6;19021;-28706;571882;0.09;10.2;51;35961;0;NA;NA;NA
2022-2023;L0.05_Pant10_CN_modif_20260519;CORVEYZIEUX;365;19;12;15925;-1261;241473;0.07;7.9;365;30547;5;24.5;2.5;-21.9
2023-2024;L0.05_Pant10_CN_modif_20260519;CORVEYZIEUX;366;194;8;70182;78644;754903;0.33;21.9;366;60866;8;37.7;20.1;-17.6
2024-2025;L0.05_Pant10_CN_modif_20260519;CORVEYZIEUX;365;329;6;34186;26867;646075;0.16;13.8;365;38751;5;47.1;7.3;-39.7
2010-2011;L0.05_Pant10_CN_modif_20260519;FOUR;365;12;312;19106;11669;194552;0.22;14.7;0;NA;0;NA;NA;NA
2011-2012;L0.05_Pant10_CN_modif_20260519;FOUR;366;95;84;12380;30109;5077;0.14;8.5;0;NA;0;NA;NA;NA
2012-2013;L0.05_Pant10_CN_modif_20260519;FOUR;365;327;8;21422;56650;240730;0.24;12.2;0;NA;0;NA;NA;NA
2013-2014;L0.05_Pant10_CN_modif_20260519;FOUR;365;319;10;20756;52816;208192;0.24;12.1;0;NA;0;NA;NA;NA
2014-2015;L0.05_Pant10_CN_modif_20260519;FOUR;365;271;8;17806;-1760;146702;0.2;14.2;0;NA;0;NA;NA;NA
2015-2016;L0.05_Pant10_CN_modif_20260519;FOUR;366;0;316;34329;14737;174734;0.39;21.4;0;NA;0;NA;NA;NA
2016-2017;L0.05_Pant10_CN_modif_20260519;FOUR;365;216;62;9639;-17018;30009;0.11;8.5;0;NA;0;NA;NA;NA
2017-2018;L0.05_Pant10_CN_modif_20260519;FOUR;365;127;34;12439;7772;57107;0.14;9.2;0;NA;0;NA;NA;NA
2018-2019;L0.05_Pant10_CN_modif_20260519;FOUR;365;258;35;11385;-3765;71988;0.13;8.9;0;NA;0;NA;NA;NA
2019-2020;L0.05_Pant10_CN_modif_20260519;FOUR;366;47;7;12351;-8682;121064;0.14;10.1;0;NA;0;NA;NA;NA
2020-2021;L0.05_Pant10_CN_modif_20260519;FOUR;365;0;339;58556;16824;214822;0.66;31.7;0;NA;0;NA;NA;NA
2021-2022;L0.05_Pant10_CN_modif_20260519;FOUR;365;181;61;12944;-28924;60869;0.15;11.3;51;10060;0;NA;NA;NA
2022-2023;L0.05_Pant10_CN_modif_20260519;FOUR;365;107;22;8730;569;39305;0.1;7.1;365;14786;7;20.4;2.4;-18
2023-2024;L0.05_Pant10_CN_modif_20260519;FOUR;366;293;11;39985;61772;261301;0.45;20.4;81;27288;3;39.3;21.7;-17.5
2024-2025;L0.05_Pant10_CN_modif_20260519;FOUR;365;47;311;28280;21196;236213;0.32;18.7;0;NA;0;NA;NA;NA
2010-2011;L0.05_Pant10_CN_modif_20260519;FRENE;365;338;2;36146;5169;265013;1.32;15.8;0;NA;0;NA;NA;NA
2011-2012;L0.05_Pant10_CN_modif_20260519;FRENE;366;358;2;34853;9775;115186;1.27;13.7;0;NA;0;NA;NA;NA
2012-2013;L0.05_Pant10_CN_modif_20260519;FRENE;365;357;2;58802;18518;366386;2.15;19.1;0;NA;0;NA;NA;NA
2013-2014;L0.05_Pant10_CN_modif_20260519;FRENE;365;353;5;56907;17220;298316;2.08;18.9;0;NA;0;NA;NA;NA
2014-2015;L0.05_Pant10_CN_modif_20260519;FRENE;365;283;6;44675;-743;151714;1.63;20.2;0;NA;0;NA;NA;NA
2015-2016;L0.05_Pant10_CN_modif_20260519;FRENE;366;334;2;56404;12829;152235;2.06;20;0;NA;0;NA;NA;NA
2016-2017;L0.05_Pant10_CN_modif_20260519;FRENE;365;260;2;23911;-3840;238317;0.87;12;0;NA;0;NA;NA;NA
2017-2018;L0.05_Pant10_CN_modif_20260519;FRENE;365;238;10;35270;2135;109049;1.29;14.9;0;NA;0;NA;NA;NA
2018-2019;L0.05_Pant10_CN_modif_20260519;FRENE;365;274;8;33186;-1491;97628;1.21;14.8;0;NA;0;NA;NA;NA
2019-2020;L0.05_Pant10_CN_modif_20260519;FRENE;366;60;303;36990;3902;130383;1.35;17.3;0;NA;0;NA;NA;NA
2020-2021;L0.05_Pant10_CN_modif_20260519;FRENE;365;297;65;91082;12762;202065;3.33;28.1;0;NA;0;NA;NA;NA
2021-2022;L0.05_Pant10_CN_modif_20260519;FRENE;365;285;2;29893;-7388;275988;1.09;14.9;0;NA;0;NA;NA;NA
2022-2023;L0.05_Pant10_CN_modif_20260519;FRENE;365;294;8;25802;-212;118247;0.94;12;0;NA;0;NA;NA;NA
2023-2024;L0.05_Pant10_CN_modif_20260519;FRENE;366;325;7;97208;20156;274042;3.55;28.2;0;NA;0;NA;NA;NA
2024-2025;L0.05_Pant10_CN_modif_20260519;FRENE;365;44;302;55311;6704;324713;2.02;20.8;0;NA;0;NA;NA;NA
2010-2011;L0.05_Pant10_CN_modif_20260519;GRAND ETANG LA ROUE;365;75;278;43478;19136;118782;0.5;10.8;0;NA;0;NA;NA;NA
2011-2012;L0.05_Pant10_CN_modif_20260519;GRAND ETANG LA ROUE;366;0;120;37953;23368;9609;0.44;8.4;0;NA;0;NA;NA;NA
2012-2013;L0.05_Pant10_CN_modif_20260519;GRAND ETANG LA ROUE;365;45;25;66667;48566;108067;0.77;12.3;0;NA;0;NA;NA;NA
2013-2014;L0.05_Pant10_CN_modif_20260519;GRAND ETANG LA ROUE;365;63;28;64582;45705;99439;0.75;12.1;0;NA;0;NA;NA;NA
2014-2015;L0.05_Pant10_CN_modif_20260519;GRAND ETANG LA ROUE;365;44;109;55493;6372;131590;0.64;14.2;0;NA;0;NA;NA;NA
2015-2016;L0.05_Pant10_CN_modif_20260519;GRAND ETANG LA ROUE;366;0;301;77343;17346;94688;0.9;15.5;0;NA;0;NA;NA;NA
2016-2017;L0.05_Pant10_CN_modif_20260519;GRAND ETANG LA ROUE;365;0;365;28814;-3475;21024;0.33;8.2;0;NA;0;NA;NA;NA
2017-2018;L0.05_Pant10_CN_modif_20260519;GRAND ETANG LA ROUE;365;0;120;38806;6317;12464;0.45;9.3;0;NA;0;NA;NA;NA
2018-2019;L0.05_Pant10_CN_modif_20260519;GRAND ETANG LA ROUE;365;0;120;35568;-3275;50405;0.41;9;0;NA;0;NA;NA;NA
2019-2020;L0.05_Pant10_CN_modif_20260519;GRAND ETANG LA ROUE;366;0;112;38537;5941;60741;0.45;10.2;0;NA;0;NA;NA;NA
2020-2021;L0.05_Pant10_CN_modif_20260519;GRAND ETANG LA ROUE;365;114;57;114823;52141;92979;1.33;20;0;NA;0;NA;NA;NA
2021-2022;L0.05_Pant10_CN_modif_20260519;GRAND ETANG LA ROUE;365;80;278;37051;12001;125638;0.43;10.5;0;NA;0;NA;NA;NA
2022-2023;L0.05_Pant10_CN_modif_20260519;GRAND ETANG LA ROUE;365;0;365;33469;55;33524;0.39;8.8;0;NA;0;NA;NA;NA
2023-2024;L0.05_Pant10_CN_modif_20260519;GRAND ETANG LA ROUE;366;99;101;138395;22658;96213;1.6;22.7;0;NA;0;NA;NA;NA
2024-2025;L0.05_Pant10_CN_modif_20260519;GRAND ETANG LA ROUE;365;55;57;59909;18123;111332;0.69;12.7;154;26493;6;35.8;17.4;-18.4
2010-2011;L0.05_Pant10_CN_modif_20260519;GRAND RONZUEL;365;0;20;14880;29364;227826;0.1;11.9;0;NA;0;NA;NA;NA
2011-2012;L0.05_Pant10_CN_modif_20260519;GRAND RONZUEL;366;0;54;13973;56919;70267;0.09;10;0;NA;0;NA;NA;NA
2012-2013;L0.05_Pant10_CN_modif_20260519;GRAND RONZUEL;365;0;293;48710;49994;288254;0.32;28.8;0;NA;0;NA;NA;NA
2013-2014;L0.05_Pant10_CN_modif_20260519;GRAND RONZUEL;365;0;365;62160;884;224499;0.41;37.6;0;NA;0;NA;NA;NA
2014-2015;L0.05_Pant10_CN_modif_20260519;GRAND RONZUEL;365;0;158;41861;-30229;93685;0.28;34.6;0;NA;0;NA;NA;NA
2015-2016;L0.05_Pant10_CN_modif_20260519;GRAND RONZUEL;366;94;69;24527;80327;91363;0.16;15.8;0;NA;0;NA;NA;NA
2016-2017;L0.05_Pant10_CN_modif_20260519;GRAND RONZUEL;365;10;288;9473;36906;216482;0.06;8.7;0;NA;0;NA;NA;NA
2017-2018;L0.05_Pant10_CN_modif_20260519;GRAND RONZUEL;365;0;365;36126;5910;70569;0.24;27.8;0;NA;0;NA;NA;NA
2018-2019;L0.05_Pant10_CN_modif_20260519;GRAND RONZUEL;365;0;365;34070;1031;74293;0.23;27.8;0;NA;0;NA;NA;NA
2019-2020;L0.05_Pant10_CN_modif_20260519;GRAND RONZUEL;366;0;128;24893;-36262;63547;0.17;21.2;0;NA;0;NA;NA;NA
2020-2021;L0.05_Pant10_CN_modif_20260519;GRAND RONZUEL;365;106;61;40541;114143;122243;0.27;22.8;0;NA;0;NA;NA;NA
2021-2022;L0.05_Pant10_CN_modif_20260519;GRAND RONZUEL;365;67;130;12146;2523;245363;0.08;11;51;80158;0;NA;NA;NA
2022-2023;L0.05_Pant10_CN_modif_20260519;GRAND RONZUEL;365;0;365;19919;28394;103292;0.13;16.8;179;31503;1;1.2;0;-1.1
2023-2024;L0.05_Pant10_CN_modif_20260519;GRAND RONZUEL;366;93;98;78350;53008;151033;0.52;41.4;0;NA;0;NA;NA;NA
2024-2025;L0.05_Pant10_CN_modif_20260519;GRAND RONZUEL;365;30;17;21675;38803;241803;0.14;14.9;0;NA;0;NA;NA;NA
2010-2011;L0.05_Pant10_CN_modif_20260519;GRANGES;365;111;154;29621;6724;44554;1.46;13.9;0;NA;0;NA;NA;NA
2011-2012;L0.05_Pant10_CN_modif_20260519;GRANGES;366;89;22;28099;8451;24905;1.39;11.8;0;NA;0;NA;NA;NA
2012-2013;L0.05_Pant10_CN_modif_20260519;GRANGES;365;117;246;51850;11257;82050;2.56;18;0;NA;0;NA;NA;NA
2013-2014;L0.05_Pant10_CN_modif_20260519;GRANGES;365;188;125;50040;5517;36465;2.47;17.7;0;NA;0;NA;NA;NA
2014-2015;L0.05_Pant10_CN_modif_20260519;GRANGES;365;117;53;37708;-595;56192;1.86;18.3;0;NA;0;NA;NA;NA
2015-2016;L0.05_Pant10_CN_modif_20260519;GRANGES;366;186;22;47083;12063;45580;2.32;17.8;0;NA;0;NA;NA;NA
2016-2017;L0.05_Pant10_CN_modif_20260519;GRANGES;365;75;246;20325;4824;38727;1;10.9;0;NA;0;NA;NA;NA
2017-2018;L0.05_Pant10_CN_modif_20260519;GRANGES;365;123;124;29562;-2062;17533;1.46;13.4;0;NA;0;NA;NA;NA
2018-2019;L0.05_Pant10_CN_modif_20260519;GRANGES;365;27;124;26828;-1200;23930;1.32;12.8;0;NA;0;NA;NA;NA
2019-2020;L0.05_Pant10_CN_modif_20260519;GRANGES;366;72;152;27966;2943;41387;1.38;14;0;NA;0;NA;NA;NA
2020-2021;L0.05_Pant10_CN_modif_20260519;GRANGES;365;86;272;81958;10283;93429;4.04;27;0;NA;0;NA;NA;NA
2021-2022;L0.05_Pant10_CN_modif_20260519;GRANGES;365;0;339;26554;-5712;20842;1.31;14.2;0;NA;0;NA;NA;NA
2022-2023;L0.05_Pant10_CN_modif_20260519;GRANGES;365;3;307;22114;7417;29532;1.09;11;0;NA;0;NA;NA;NA
2023-2024;L0.05_Pant10_CN_modif_20260519;GRANGES;366;0;366;94689;102;94791;4.67;29.4;0;NA;0;NA;NA;NA
2024-2025;L0.05_Pant10_CN_modif_20260519;GRANGES;365;0;365;47998;3;48000;2.37;19.3;0;NA;0;NA;NA;NA
2010-2011;L0.05_Pant10_CN_modif_20260519;LECHERE;365;54;82;12433;4862;28162;0.49;14.2;0;NA;0;NA;NA;NA
2011-2012;L0.05_Pant10_CN_modif_20260519;LECHERE;366;0;84;11740;9554;9876;0.46;12;0;NA;0;NA;NA;NA
2012-2013;L0.05_Pant10_CN_modif_20260519;LECHERE;365;13;302;26198;4418;46543;1.03;22.2;0;NA;0;NA;NA;NA
2013-2014;L0.05_Pant10_CN_modif_20260519;LECHERE;365;84;109;20788;11704;8639;0.82;18;0;NA;0;NA;NA;NA
2014-2015;L0.05_Pant10_CN_modif_20260519;LECHERE;365;61;40;15624;-671;37801;0.62;18.5;0;NA;0;NA;NA;NA
2015-2016;L0.05_Pant10_CN_modif_20260519;LECHERE;366;89;82;19465;12642;15404;0.77;18;0;NA;0;NA;NA;NA
2016-2017;L0.05_Pant10_CN_modif_20260519;LECHERE;365;8;101;8102;669;24935;0.32;10.7;0;NA;0;NA;NA;NA
2017-2018;L0.05_Pant10_CN_modif_20260519;LECHERE;365;0;365;16256;-506;17294;0.64;18;0;NA;0;NA;NA;NA
2018-2019;L0.05_Pant10_CN_modif_20260519;LECHERE;365;0;113;11801;477;4662;0.47;13.8;0;NA;0;NA;NA;NA
2019-2020;L0.05_Pant10_CN_modif_20260519;LECHERE;366;0;88;11585;569;18840;0.46;14.1;0;NA;0;NA;NA;NA
2020-2021;L0.05_Pant10_CN_modif_20260519;LECHERE;365;114;74;31000;18879;29163;1.22;25;0;NA;0;NA;NA;NA
2021-2022;L0.05_Pant10_CN_modif_20260519;LECHERE;365;61;146;10224;596;32465;0.4;13.3;0;NA;0;NA;NA;NA
2022-2023;L0.05_Pant10_CN_modif_20260519;LECHERE;365;0;365;11484;2781;14264;0.45;13.9;0;NA;0;NA;NA;NA
2023-2024;L0.05_Pant10_CN_modif_20260519;LECHERE;366;120;81;39719;11144;33692;1.57;30.1;0;NA;0;NA;NA;NA
2024-2025;L0.05_Pant10_CN_modif_20260519;LECHERE;365;31;48;17499;6724;32814;0.69;17.2;0;NA;0;NA;NA;NA
2010-2011;L0.05_Pant10_CN_modif_20260519;LECHERE DU FRAYET;365;7;278;9866;13974;49802;0.19;14.3;0;NA;0;NA;NA;NA
2011-2012;L0.05_Pant10_CN_modif_20260519;LECHERE DU FRAYET;366;0;120;7912;17010;4521;0.15;10.3;0;NA;0;NA;NA;NA
2012-2013;L0.05_Pant10_CN_modif_20260519;LECHERE DU FRAYET;365;0;37;12338;35352;46249;0.24;13.3;0;NA;0;NA;NA;NA
2013-2014;L0.05_Pant10_CN_modif_20260519;LECHERE DU FRAYET;365;0;279;20273;14487;56602;0.39;22.3;0;NA;0;NA;NA;NA
2014-2015;L0.05_Pant10_CN_modif_20260519;LECHERE DU FRAYET;365;0;221;17096;-752;16344;0.33;25.6;0;NA;0;NA;NA;NA
2015-2016;L0.05_Pant10_CN_modif_20260519;LECHERE DU FRAYET;366;0;65;12297;26915;18057;0.24;14.4;0;NA;0;NA;NA;NA
2016-2017;L0.05_Pant10_CN_modif_20260519;LECHERE DU FRAYET;365;0;280;6385;11504;39044;0.12;10.6;0;NA;0;NA;NA;NA
2017-2018;L0.05_Pant10_CN_modif_20260519;LECHERE DU FRAYET;365;0;127;7734;2567;3545;0.15;10.8;0;NA;0;NA;NA;NA
2018-2019;L0.05_Pant10_CN_modif_20260519;LECHERE DU FRAYET;365;0;281;6568;6320;13564;0.13;9.7;0;NA;0;NA;NA;NA
2019-2020;L0.05_Pant10_CN_modif_20260519;LECHERE DU FRAYET;366;0;330;10174;13118;29373;0.2;15.7;0;NA;0;NA;NA;NA
2020-2021;L0.05_Pant10_CN_modif_20260519;LECHERE DU FRAYET;365;27;109;26410;24466;13717;0.51;27;0;NA;0;NA;NA;NA
2021-2022;L0.05_Pant10_CN_modif_20260519;LECHERE DU FRAYET;365;50;144;6024;7116;50299;0.12;10;0;NA;0;NA;NA;NA
2022-2023;L0.05_Pant10_CN_modif_20260519;LECHERE DU FRAYET;365;0;352;7918;10007;17926;0.15;12.2;0;NA;0;NA;NA;NA
2023-2024;L0.05_Pant10_CN_modif_20260519;LECHERE DU FRAYET;366;0;366;43968;1291;45259;0.84;42.2;0;NA;0;NA;NA;NA
2024-2025;L0.05_Pant10_CN_modif_20260519;LECHERE DU FRAYET;365;0;173;15310;-616;11289;0.29;19;0;NA;0;NA;NA;NA
2010-2011;L0.05_Pant10_CN_modif_20260519;LES RAGES;365;227;19;24482;2900;22392;1.81;15.3;0;NA;0;NA;NA;NA
2011-2012;L0.05_Pant10_CN_modif_20260519;LES RAGES;366;200;59;23845;6100;35124;1.76;13.4;0;NA;0;NA;NA;NA
2012-2013;L0.05_Pant10_CN_modif_20260519;LES RAGES;365;0;365;44498;58;44555;3.29;20.7;0;NA;0;NA;NA;NA
2013-2014;L0.05_Pant10_CN_modif_20260519;LES RAGES;365;0;311;42411;1790;34503;3.14;20.1;0;NA;0;NA;NA;NA
2014-2015;L0.05_Pant10_CN_modif_20260519;LES RAGES;365;252;59;30578;3418;43693;2.26;19.8;0;NA;0;NA;NA;NA
2015-2016;L0.05_Pant10_CN_modif_20260519;LES RAGES;366;249;71;38850;9734;48585;2.87;19.7;0;NA;0;NA;NA;NA
2016-2017;L0.05_Pant10_CN_modif_20260519;LES RAGES;365;220;101;16184;1315;17499;1.2;11.7;0;NA;0;NA;NA;NA
2017-2018;L0.05_Pant10_CN_modif_20260519;LES RAGES;365;0;365;26639;174;26813;1.97;16.1;0;NA;0;NA;NA;NA
2018-2019;L0.05_Pant10_CN_modif_20260519;LES RAGES;365;0;365;24739;0;24739;1.83;15.8;0;NA;0;NA;NA;NA
2019-2020;L0.05_Pant10_CN_modif_20260519;LES RAGES;366;0;366;25620;422;25218;1.9;17.1;0;NA;0;NA;NA;NA
2020-2021;L0.05_Pant10_CN_modif_20260519;LES RAGES;365;323;31;60612;9550;59324;4.48;26.7;0;NA;0;NA;NA;NA
2021-2022;L0.05_Pant10_CN_modif_20260519;LES RAGES;365;271;59;20219;1448;33328;1.5;14.4;0;NA;0;NA;NA;NA
2022-2023;L0.05_Pant10_CN_modif_20260519;LES RAGES;365;193;120;17304;2429;18788;1.28;11.5;0;NA;0;NA;NA;NA
2023-2024;L0.05_Pant10_CN_modif_20260519;LES RAGES;366;257;79;67092;13066;80042;4.96;27.8;0;NA;0;NA;NA;NA
2024-2025;L0.05_Pant10_CN_modif_20260519;LES RAGES;365;268;84;34375;6570;41086;2.54;18.5;0;NA;0;NA;NA;NA
2010-2011;L0.05_Pant10_CN_modif_20260519;LIGNIERE;365;308;22;341;32795;295888;0;8.8;0;NA;0;NA;NA;NA
2011-2012;L0.05_Pant10_CN_modif_20260519;LIGNIERE;366;322;21;306;62544;352329;0;7.1;0;NA;0;NA;NA;NA
2012-2013;L0.05_Pant10_CN_modif_20260519;LIGNIERE;365;325;19;569;117219;919747;0;10.9;0;NA;0;NA;NA;NA
2013-2014;L0.05_Pant10_CN_modif_20260519;LIGNIERE;365;324;19;554;106895;732854;0;10.8;0;NA;0;NA;NA;NA
2014-2015;L0.05_Pant10_CN_modif_20260519;LIGNIERE;365;273;19;486;-1733;828104;0;13;0;NA;0;NA;NA;NA
2015-2016;L0.05_Pant10_CN_modif_20260519;LIGNIERE;366;110;24;574;81775;286665;0;12;0;NA;0;NA;NA;NA
2016-2017;L0.05_Pant10_CN_modif_20260519;LIGNIERE;365;270;22;210;-22500;389782;0;6.2;0;NA;0;NA;NA;NA
2017-2018;L0.05_Pant10_CN_modif_20260519;LIGNIERE;365;215;25;330;17976;254522;0;8.2;0;NA;0;NA;NA;NA
2018-2019;L0.05_Pant10_CN_modif_20260519;LIGNIERE;365;225;24;297;-2214;192434;0;7.8;0;NA;0;NA;NA;NA
2019-2020;L0.05_Pant10_CN_modif_20260519;LIGNIERE;366;262;24;331;-16292;553948;0;9.1;0;NA;0;NA;NA;NA
2020-2021;L0.05_Pant10_CN_modif_20260519;LIGNIERE;365;0;329;46655;18234;672617;0.17;849;0;NA;0;NA;NA;NA
2021-2022;L0.05_Pant10_CN_modif_20260519;LIGNIERE;365;238;60;4623;-57120;357156;0.02;136.1;51;20937;0;NA;NA;NA
2022-2023;L0.05_Pant10_CN_modif_20260519;LIGNIERE;365;282;28;228;1552;184728;0;6.2;365;99717;1;37.3;0;-37.3
2023-2024;L0.05_Pant10_CN_modif_20260519;LIGNIERE;366;304;15;1101;125813;875770;0;18.8;366;59471;0;NA;NA;NA
2024-2025;L0.05_Pant10_CN_modif_20260519;LIGNIERE;365;289;21;517;44770;709847;0;11.5;365;33007;0;NA;NA;NA
2010-2011;L0.05_Pant10_CN_modif_20260519;LONGEVAVRE;365;95;223;20898;13139;85118;0.45;20;0;NA;0;NA;NA;NA
2011-2012;L0.05_Pant10_CN_modif_20260519;LONGEVAVRE;366;121;68;20874;16687;22501;0.45;17.9;0;NA;0;NA;NA;NA
2012-2013;L0.05_Pant10_CN_modif_20260519;LONGEVAVRE;365;99;262;44374;19736;162881;0.95;31.5;0;NA;0;NA;NA;NA
2013-2014;L0.05_Pant10_CN_modif_20260519;LONGEVAVRE;365;247;115;38526;16787;88485;0.83;27.9;0;NA;0;NA;NA;NA
2014-2015;L0.05_Pant10_CN_modif_20260519;LONGEVAVRE;365;99;90;24683;3639;100749;0.53;24.5;0;NA;0;NA;NA;NA
2015-2016;L0.05_Pant10_CN_modif_20260519;LONGEVAVRE;366;163;32;32174;23983;51245;0.69;24.9;0;NA;0;NA;NA;NA
2016-2017;L0.05_Pant10_CN_modif_20260519;LONGEVAVRE;365;95;13;14235;-6410;60516;0.31;15.7;0;NA;0;NA;NA;NA
2017-2018;L0.05_Pant10_CN_modif_20260519;LONGEVAVRE;365;0;265;30347;5345;93736;0.65;28.1;0;NA;0;NA;NA;NA
2018-2019;L0.05_Pant10_CN_modif_20260519;LONGEVAVRE;365;0;272;22954;-3190;20060;0.49;22.4;0;NA;0;NA;NA;NA
2019-2020;L0.05_Pant10_CN_modif_20260519;LONGEVAVRE;366;189;26;19698;-4641;40383;0.42;20.1;0;NA;0;NA;NA;NA
2020-2021;L0.05_Pant10_CN_modif_20260519;LONGEVAVRE;365;292;13;47372;30712;115166;1.02;32;0;NA;0;NA;NA;NA
2021-2022;L0.05_Pant10_CN_modif_20260519;LONGEVAVRE;365;266;13;17451;-12311;84973;0.37;19;0;NA;0;NA;NA;NA
2022-2023;L0.05_Pant10_CN_modif_20260519;LONGEVAVRE;365;29;118;15333;2144;51356;0.33;15.5;0;NA;0;NA;NA;NA
2023-2024;L0.05_Pant10_CN_modif_20260519;LONGEVAVRE;366;246;46;52984;36217;150308;1.14;33.6;0;NA;0;NA;NA;NA
2024-2025;L0.05_Pant10_CN_modif_20260519;LONGEVAVRE;365;105;45;28474;11781;86529;0.61;23.4;0;NA;0;NA;NA;NA
2010-2011;L0.05_Pant10_CN_modif_20260519;NEUF DE BURLAT;365;111;246;14126;7330;35306;0.64;12.3;0;NA;0;NA;NA;NA
2011-2012;L0.05_Pant10_CN_modif_20260519;NEUF DE BURLAT;366;0;226;12832;3749;6895;0.59;10;0;NA;0;NA;NA;NA
2012-2013;L0.05_Pant10_CN_modif_20260519;NEUF DE BURLAT;365;48;38;21396;14835;33366;0.98;13.8;0;NA;0;NA;NA;NA
2013-2014;L0.05_Pant10_CN_modif_20260519;NEUF DE BURLAT;365;56;21;20624;13795;32883;0.94;13.5;0;NA;0;NA;NA;NA
2014-2015;L0.05_Pant10_CN_modif_20260519;NEUF DE BURLAT;365;78;100;17330;4689;36106;0.79;15.6;0;NA;0;NA;NA;NA
2015-2016;L0.05_Pant10_CN_modif_20260519;NEUF DE BURLAT;366;0;264;24721;5719;30440;1.13;17.3;0;NA;0;NA;NA;NA
2016-2017;L0.05_Pant10_CN_modif_20260519;NEUF DE BURLAT;365;0;353;9531;-310;7868;0.43;9.5;0;NA;0;NA;NA;NA
2017-2018;L0.05_Pant10_CN_modif_20260519;NEUF DE BURLAT;365;0;120;12479;1962;9680;0.57;10.4;0;NA;0;NA;NA;NA
2018-2019;L0.05_Pant10_CN_modif_20260519;NEUF DE BURLAT;365;0;248;11622;2641;14630;0.53;10.3;0;NA;0;NA;NA;NA
2019-2020;L0.05_Pant10_CN_modif_20260519;NEUF DE BURLAT;366;16;247;13178;8003;26928;0.6;12.2;0;NA;0;NA;NA;NA
2020-2021;L0.05_Pant10_CN_modif_20260519;NEUF DE BURLAT;365;98;148;38309;6656;26233;1.75;23.4;0;NA;0;NA;NA;NA
2021-2022;L0.05_Pant10_CN_modif_20260519;NEUF DE BURLAT;365;117;235;10647;5872;35252;0.49;10.5;0;NA;0;NA;NA;NA
2022-2023;L0.05_Pant10_CN_modif_20260519;NEUF DE BURLAT;365;0;312;8920;5437;13519;0.41;8.2;0;NA;0;NA;NA;NA
2023-2024;L0.05_Pant10_CN_modif_20260519;NEUF DE BURLAT;366;155;63;38510;17049;41492;1.76;22.1;0;NA;0;NA;NA;NA
2024-2025;L0.05_Pant10_CN_modif_20260519;NEUF DE BURLAT;365;87;32;18973;5503;33599;0.87;14.1;0;NA;0;NA;NA;NA
2010-2011;L0.05_Pant10_CN_modif_20260519;ONDONNIERE;365;12;338;19471;8944;154267;0.27;68.2;0;NA;0;NA;NA;NA
2011-2012;L0.05_Pant10_CN_modif_20260519;ONDONNIERE;366;86;93;5197;35763;3400;0.07;16.3;0;NA;0;NA;NA;NA
2012-2013;L0.05_Pant10_CN_modif_20260519;ONDONNIERE;365;282;37;8296;57775;232460;0.12;21.5;0;NA;0;NA;NA;NA
2013-2014;L0.05_Pant10_CN_modif_20260519;ONDONNIERE;365;237;25;8025;53171;138038;0.11;21.3;0;NA;0;NA;NA;NA
2014-2015;L0.05_Pant10_CN_modif_20260519;ONDONNIERE;365;237;11;6146;-1631;150773;0.09;22.3;0;NA;0;NA;NA;NA
2015-2016;L0.05_Pant10_CN_modif_20260519;ONDONNIERE;366;0;343;31935;10203;116071;0.44;90.5;0;NA;0;NA;NA;NA
2016-2017;L0.05_Pant10_CN_modif_20260519;ONDONNIERE;365;189;58;3770;-7086;19633;0.05;15.2;0;NA;0;NA;NA;NA
2017-2018;L0.05_Pant10_CN_modif_20260519;ONDONNIERE;365;196;74;5001;12037;111570;0.07;16.9;0;NA;0;NA;NA;NA
2018-2019;L0.05_Pant10_CN_modif_20260519;ONDONNIERE;365;0;36;4733;-1308;30847;0.07;16.9;0;NA;0;NA;NA;NA
2019-2020;L0.05_Pant10_CN_modif_20260519;ONDONNIERE;366;174;28;4780;-7337;43058;0.07;17.9;0;NA;0;NA;NA;NA
2020-2021;L0.05_Pant10_CN_modif_20260519;ONDONNIERE;365;0;345;48629;8608;196579;0.68;120;0;NA;0;NA;NA;NA
2021-2022;L0.05_Pant10_CN_modif_20260519;ONDONNIERE;365;159;60;4613;-21815;53672;0.06;18.4;0;NA;0;NA;NA;NA
2022-2023;L0.05_Pant10_CN_modif_20260519;ONDONNIERE;365;202;55;3690;2315;28537;0.05;13.7;0;NA;0;NA;NA;NA
2023-2024;L0.05_Pant10_CN_modif_20260519;ONDONNIERE;366;242;25;13267;67700;228444;0.18;30.8;0;NA;0;NA;NA;NA
2024-2025;L0.05_Pant10_CN_modif_20260519;ONDONNIERE;365;204;11;7032;22058;124914;0.1;21.1;0;NA;0;NA;NA;NA
2010-2011;L0.05_Pant10_CN_modif_20260519;PARADIS;365;104;13;21768;13440;848405;0.36;14.2;0;NA;0;NA;NA;NA
2011-2012;L0.05_Pant10_CN_modif_20260519;PARADIS;366;161;9;20555;25208;658670;0.34;12;0;NA;0;NA;NA;NA
2012-2013;L0.05_Pant10_CN_modif_20260519;PARADIS;365;336;5;35366;47856;1888440;0.58;17.1;0;NA;0;NA;NA;NA
2013-2014;L0.05_Pant10_CN_modif_20260519;PARADIS;365;110;248;44995;27981;1263742;0.74;22.3;0;NA;0;NA;NA;NA
2014-2015;L0.05_Pant10_CN_modif_20260519;PARADIS;365;151;137;38794;-25377;1516665;0.64;26.2;0;NA;0;NA;NA;NA
2015-2016;L0.05_Pant10_CN_modif_20260519;PARADIS;366;173;12;34080;33043;839316;0.56;18;0;NA;0;NA;NA;NA
2016-2017;L0.05_Pant10_CN_modif_20260519;PARADIS;365;81;97;14186;-9522;792742;0.23;10.7;0;NA;0;NA;NA;NA
2017-2018;L0.05_Pant10_CN_modif_20260519;PARADIS;365;203;37;20911;5405;622157;0.35;13.2;0;NA;0;NA;NA;NA
2018-2019;L0.05_Pant10_CN_modif_20260519;PARADIS;365;86;248;27431;8954;384417;0.45;18.3;0;NA;0;NA;NA;NA
2019-2020;L0.05_Pant10_CN_modif_20260519;PARADIS;366;112;151;28474;-32735;673401;0.47;19.8;0;NA;0;NA;NA;NA
2020-2021;L0.05_Pant10_CN_modif_20260519;PARADIS;365;197;26;54276;46474;1424989;0.9;25;0;NA;0;NA;NA;NA
2021-2022;L0.05_Pant10_CN_modif_20260519;PARADIS;365;223;9;17901;-18924;874027;0.3;13.3;0;NA;0;NA;NA;NA
2022-2023;L0.05_Pant10_CN_modif_20260519;PARADIS;365;198;4;15207;-940;554586;0.25;10.5;0;NA;0;NA;NA;NA
2023-2024;L0.05_Pant10_CN_modif_20260519;PARADIS;366;248;21;59944;52011;1578708;0.99;25.9;0;NA;0;NA;NA;NA
2024-2025;L0.05_Pant10_CN_modif_20260519;PARADIS;365;236;14;30638;17756;1455222;0.51;17.2;0;NA;0;NA;NA;NA
2010-2011;L0.05_Pant10_CN_modif_20260519;PETIT ETANG LA ROUE;365;206;84;34629;-2076;334868;1.12;10.8;0;NA;0;NA;NA;NA
2011-2012;L0.05_Pant10_CN_modif_20260519;PETIT ETANG LA ROUE;366;317;24;29030;11194;180820;0.94;8.1;0;NA;0;NA;NA;NA
2012-2013;L0.05_Pant10_CN_modif_20260519;PETIT ETANG LA ROUE;365;356;5;52849;20982;558439;1.71;12.3;0;NA;0;NA;NA;NA
2013-2014;L0.05_Pant10_CN_modif_20260519;PETIT ETANG LA ROUE;365;333;6;51196;19622;408263;1.65;12.1;0;NA;0;NA;NA;NA
2014-2015;L0.05_Pant10_CN_modif_20260519;PETIT ETANG LA ROUE;365;77;285;45434;7969;318719;1.47;14.7;0;NA;0;NA;NA;NA
2015-2016;L0.05_Pant10_CN_modif_20260519;PETIT ETANG LA ROUE;366;229;85;54186;9010;247623;1.75;13.7;0;NA;0;NA;NA;NA
2016-2017;L0.05_Pant10_CN_modif_20260519;PETIT ETANG LA ROUE;365;35;79;20022;-4348;321014;0.65;7.2;0;NA;0;NA;NA;NA
2017-2018;L0.05_Pant10_CN_modif_20260519;PETIT ETANG LA ROUE;365;215;20;30763;2532;180438;0.99;9.3;0;NA;0;NA;NA;NA
2018-2019;L0.05_Pant10_CN_modif_20260519;PETIT ETANG LA ROUE;365;279;6;28196;-1696;125497;0.91;9;0;NA;0;NA;NA;NA
2019-2020;L0.05_Pant10_CN_modif_20260519;PETIT ETANG LA ROUE;366;77;286;32476;5862;243989;1.05;10.8;0;NA;0;NA;NA;NA
2020-2021;L0.05_Pant10_CN_modif_20260519;PETIT ETANG LA ROUE;365;256;86;94172;14305;374585;3.04;20.7;0;NA;0;NA;NA;NA
2021-2022;L0.05_Pant10_CN_modif_20260519;PETIT ETANG LA ROUE;365;273;3;25925;-8353;360685;0.84;9.2;0;NA;0;NA;NA;NA
2022-2023;L0.05_Pant10_CN_modif_20260519;PETIT ETANG LA ROUE;365;275;6;21654;-413;167288;0.7;7.2;0;NA;0;NA;NA;NA
2023-2024;L0.05_Pant10_CN_modif_20260519;PETIT ETANG LA ROUE;366;313;10;98617;22917;499493;3.18;20.4;0;NA;0;NA;NA;NA
2024-2025;L0.05_Pant10_CN_modif_20260519;PETIT ETANG LA ROUE;365;267;3;47492;7787;450249;1.53;12.7;0;NA;0;NA;NA;NA
2010-2011;L0.05_Pant10_CN_modif_20260519;PETIT RONZUEL;365;0;270;6379;31515;78331;0.07;12.2;0;NA;0;NA;NA;NA
2011-2012;L0.05_Pant10_CN_modif_20260519;PETIT RONZUEL;366;0;120;5976;36014;14070;0.06;10.3;0;NA;0;NA;NA;NA
2012-2013;L0.05_Pant10_CN_modif_20260519;PETIT RONZUEL;365;0;16;10520;64942;61127;0.11;15;0;NA;0;NA;NA;NA
2013-2014;L0.05_Pant10_CN_modif_20260519;PETIT RONZUEL;365;0;286;27156;26675;102008;0.28;39.5;0;NA;0;NA;NA;NA
2014-2015;L0.05_Pant10_CN_modif_20260519;PETIT RONZUEL;365;0;222;22219;-127;22092;0.23;44.1;0;NA;0;NA;NA;NA
2015-2016;L0.05_Pant10_CN_modif_20260519;PETIT RONZUEL;366;0;91;10336;49784;28504;0.11;16;0;NA;0;NA;NA;NA
2016-2017;L0.05_Pant10_CN_modif_20260519;PETIT RONZUEL;365;0;290;4084;26267;57322;0.04;9;0;NA;0;NA;NA;NA
2017-2018;L0.05_Pant10_CN_modif_20260519;PETIT RONZUEL;365;0;132;6222;10023;11709;0.07;11.5;0;NA;0;NA;NA;NA
2018-2019;L0.05_Pant10_CN_modif_20260519;PETIT RONZUEL;365;0;252;5728;13990;20006;0.06;11.2;0;NA;0;NA;NA;NA
2019-2020;L0.05_Pant10_CN_modif_20260519;PETIT RONZUEL;366;0;343;13472;19011;41376;0.14;27.6;0;NA;0;NA;NA;NA
2020-2021;L0.05_Pant10_CN_modif_20260519;PETIT RONZUEL;365;0;110;27878;44867;17940;0.29;37.7;0;NA;0;NA;NA;NA
2021-2022;L0.05_Pant10_CN_modif_20260519;PETIT RONZUEL;365;0;154;5216;15019;75041;0.05;11.4;0;NA;0;NA;NA;NA
2022-2023;L0.05_Pant10_CN_modif_20260519;PETIT RONZUEL;365;0;219;4420;19102;20921;0.05;9;0;NA;0;NA;NA;NA
2023-2024;L0.05_Pant10_CN_modif_20260519;PETIT RONZUEL;366;0;76;18635;75549;57693;0.2;23.7;0;NA;0;NA;NA;NA
2024-2025;L0.05_Pant10_CN_modif_20260519;PETIT RONZUEL;365;0;106;9246;25354;70671;0.1;15.2;0;NA;0;NA;NA;NA
2010-2011;L0.05_Pant10_CN_modif_20260519;PLAT;365;6;19;15319;22120;254227;0.07;10;0;NA;0;NA;NA;NA
2011-2012;L0.05_Pant10_CN_modif_20260519;PLAT;366;0;309;25130;5641;121634;0.12;14.7;0;NA;0;NA;NA;NA
2012-2013;L0.05_Pant10_CN_modif_20260519;PLAT;365;127;86;31373;57380;148139;0.15;15.2;0;NA;0;NA;NA;NA
2013-2014;L0.05_Pant10_CN_modif_20260519;PLAT;365;90;48;24501;74135;314996;0.12;12.1;0;NA;0;NA;NA;NA
2014-2015;L0.05_Pant10_CN_modif_20260519;PLAT;365;32;113;21018;-3063;326540;0.1;14.2;0;NA;0;NA;NA;NA
2015-2016;L0.05_Pant10_CN_modif_20260519;PLAT;366;61;71;25165;57179;110791;0.12;13.3;0;NA;0;NA;NA;NA
2016-2017;L0.05_Pant10_CN_modif_20260519;PLAT;365;0;302;15713;16019;219321;0.08;11.8;0;NA;0;NA;NA;NA
2017-2018;L0.05_Pant10_CN_modif_20260519;PLAT;365;0;133;15018;12839;57854;0.07;9.4;0;NA;0;NA;NA;NA
2018-2019;L0.05_Pant10_CN_modif_20260519;PLAT;365;0;202;13438;-5708;72641;0.06;8.9;0;NA;0;NA;NA;NA
2019-2020;L0.05_Pant10_CN_modif_20260519;PLAT;366;0;259;14579;13523;179832;0.07;10.1;0;NA;0;NA;NA;NA
2020-2021;L0.05_Pant10_CN_modif_20260519;PLAT;365;84;62;43619;87136;156057;0.21;20;0;NA;0;NA;NA;NA
2021-2022;L0.05_Pant10_CN_modif_20260519;PLAT;365;56;299;19462;20086;293459;0.09;14.5;0;NA;0;NA;NA;NA
2022-2023;L0.05_Pant10_CN_modif_20260519;PLAT;365;0;345;13842;-962;48776;0.07;9.5;183;70395;3;11.2;4.7;-6.5
2023-2024;L0.05_Pant10_CN_modif_20260519;PLAT;366;126;100;47199;92839;232631;0.23;20.4;366;54302;7;54.9;22.8;-32.1
2024-2025;L0.05_Pant10_CN_modif_20260519;PLAT;365;56;19;22647;30178;363498;0.11;12.7;365;74426;10;35.7;15;-20.7
2010-2011;L0.05_Pant10_CN_modif_20260519;POLLET;365;302;17;2558;25372;195840;0.01;9.7;0;NA;0;NA;NA;NA
2011-2012;L0.05_Pant10_CN_modif_20260519;POLLET;366;30;12;2328;46611;200766;0.01;7.9;0;NA;0;NA;NA;NA
2012-2013;L0.05_Pant10_CN_modif_20260519;POLLET;365;4;324;27972;12253;358462;0.12;79;0;NA;0;NA;NA;NA
2013-2014;L0.05_Pant10_CN_modif_20260519;POLLET;365;304;53;5389;70431;167006;0.02;15.5;0;NA;0;NA;NA;NA
2014-2015;L0.05_Pant10_CN_modif_20260519;POLLET;365;282;10;3561;-3393;394105;0.02;14;0;NA;0;NA;NA;NA
2015-2016;L0.05_Pant10_CN_modif_20260519;POLLET;366;33;15;4271;60686;175808;0.02;13.2;0;NA;0;NA;NA;NA
2016-2017;L0.05_Pant10_CN_modif_20260519;POLLET;365;285;16;1593;-16872;176333;0.01;7;0;NA;0;NA;NA;NA
2017-2018;L0.05_Pant10_CN_modif_20260519;POLLET;365;0;324;17453;-5450;253919;0.08;64.1;0;NA;0;NA;NA;NA
2018-2019;L0.05_Pant10_CN_modif_20260519;POLLET;365;0;55;2356;11675;3336;0.01;9.2;0;NA;0;NA;NA;NA
2019-2020;L0.05_Pant10_CN_modif_20260519;POLLET;366;241;22;2472;-11332;101221;0.01;10;0;NA;0;NA;NA;NA
2020-2021;L0.05_Pant10_CN_modif_20260519;POLLET;365;66;15;7431;85372;188845;0.03;19.9;0;NA;0;NA;NA;NA
2021-2022;L0.05_Pant10_CN_modif_20260519;POLLET;365;283;12;2068;-33052;326392;0.01;9;51;35145;0;NA;NA;NA
2022-2023;L0.05_Pant10_CN_modif_20260519;POLLET;365;54;246;6446;33211;237618;0.03;26;180;67065;2;57.1;0.4;-56.7
2023-2024;L0.05_Pant10_CN_modif_20260519;POLLET;366;268;51;12610;93392;147310;0.05;31.8;0;NA;0;NA;NA;NA
2024-2025;L0.05_Pant10_CN_modif_20260519;POLLET;365;309;11;3823;31866;413092;0.02;12.5;154;7476;3;35.5;6.3;-29.2
2010-2011;L0.05_Pant10_CN_modif_20260519;REMONDET NORD;365;23;325;91809;14214;192455;0.8;15.8;0;NA;0;NA;NA;NA
2011-2012;L0.05_Pant10_CN_modif_20260519;REMONDET NORD;366;121;64;75288;50346;20437;0.66;11.6;0;NA;0;NA;NA;NA
2012-2013;L0.05_Pant10_CN_modif_20260519;REMONDET NORD;365;287;24;129752;86101;228700;1.14;16.6;0;NA;0;NA;NA;NA
2013-2014;L0.05_Pant10_CN_modif_20260519;REMONDET NORD;365;264;24;126530;77318;187651;1.11;16.5;0;NA;0;NA;NA;NA
2014-2015;L0.05_Pant10_CN_modif_20260519;REMONDET NORD;365;182;26;101403;-373;167324;0.89;18.1;0;NA;0;NA;NA;NA
2015-2016;L0.05_Pant10_CN_modif_20260519;REMONDET NORD;366;0;332;153907;15916;212074;1.35;21.5;0;NA;0;NA;NA;NA
2016-2017;L0.05_Pant10_CN_modif_20260519;REMONDET NORD;365;0;79;53408;-20654;14288;0.47;10.6;0;NA;0;NA;NA;NA
2017-2018;L0.05_Pant10_CN_modif_20260519;REMONDET NORD;365;141;79;77474;16670;50576;0.68;12.9;0;NA;0;NA;NA;NA
2018-2019;L0.05_Pant10_CN_modif_20260519;REMONDET NORD;365;0;28;71324;-491;53154;0.62;12.5;0;NA;0;NA;NA;NA
2019-2020;L0.05_Pant10_CN_modif_20260519;REMONDET NORD;366;83;15;75263;-11336;97740;0.66;13.8;0;NA;0;NA;NA;NA
2020-2021;L0.05_Pant10_CN_modif_20260519;REMONDET NORD;365;0;336;247912;14179;307990;2.17;30.1;0;NA;0;NA;NA;NA
2021-2022;L0.05_Pant10_CN_modif_20260519;REMONDET NORD;365;0;91;69343;-42697;24989;0.61;13.6;0;NA;0;NA;NA;NA
2022-2023;L0.05_Pant10_CN_modif_20260519;REMONDET NORD;365;0;127;55221;3373;45905;0.48;10.1;291;20814;3;15.4;6.9;-8.5
2023-2024;L0.05_Pant10_CN_modif_20260519;REMONDET NORD;366;277;41;224072;97232;256838;1.96;25.6;366;20921;13;28.1;23.8;-4.3
2024-2025;L0.05_Pant10_CN_modif_20260519;REMONDET NORD;365;273;0;112805;30796;158380;0.99;16.7;365;9069;9;30.7;16.2;-14.6
2010-2011;L0.05_Pant10_CN_modif_20260519;REMONDET SUD;365;32;57;17212;32338;559917;0.1;11.1;0;NA;0;NA;NA;NA
2011-2012;L0.05_Pant10_CN_modif_20260519;REMONDET SUD;366;113;32;15844;62077;364884;0.09;9.1;0;NA;0;NA;NA;NA
2012-2013;L0.05_Pant10_CN_modif_20260519;REMONDET SUD;365;57;292;56153;37792;1397235;0.33;26.7;0;NA;0;NA;NA;NA
2013-2014;L0.05_Pant10_CN_modif_20260519;REMONDET SUD;365;239;115;37674;64302;859237;0.22;18.3;0;NA;0;NA;NA;NA
2014-2015;L0.05_Pant10_CN_modif_20260519;REMONDET SUD;365;265;7;23113;-4634;1105338;0.14;15.4;0;NA;0;NA;NA;NA
2015-2016;L0.05_Pant10_CN_modif_20260519;REMONDET SUD;366;152;55;28058;80187;554419;0.16;14.6;0;NA;0;NA;NA;NA
2016-2017;L0.05_Pant10_CN_modif_20260519;REMONDET SUD;365;32;66;10879;-15475;515361;0.06;8;0;NA;0;NA;NA;NA
2017-2018;L0.05_Pant10_CN_modif_20260519;REMONDET SUD;365;25;318;38292;308;352189;0.22;23.7;0;NA;0;NA;NA;NA
2018-2019;L0.05_Pant10_CN_modif_20260519;REMONDET SUD;365;0;166;19280;3902;249982;0.11;12.6;0;NA;0;NA;NA;NA
2019-2020;L0.05_Pant10_CN_modif_20260519;REMONDET SUD;366;245;32;16395;-17901;584919;0.1;11.2;0;NA;0;NA;NA;NA
2020-2021;L0.05_Pant10_CN_modif_20260519;REMONDET SUD;365;145;32;47360;113867;1076246;0.28;21.4;0;NA;0;NA;NA;NA
2021-2022;L0.05_Pant10_CN_modif_20260519;REMONDET SUD;365;203;14;13998;-45355;444498;0.08;10.2;0;NA;0;NA;NA;NA
2022-2023;L0.05_Pant10_CN_modif_20260519;REMONDET SUD;365;28;293;21537;19978;328079;0.13;14.6;0;NA;0;NA;NA;NA
2023-2024;L0.05_Pant10_CN_modif_20260519;REMONDET SUD;366;195;90;80998;70106;1165282;0.47;34.5;0;NA;0;NA;NA;NA
2024-2025;L0.05_Pant10_CN_modif_20260519;REMONDET SUD;365;192;14;25196;42887;955400;0.15;13.9;0;NA;0;NA;NA;NA
2010-2011;L0.05_Pant10_CN_modif_20260519;RIOUX;365;91;183;45149;14116;88953;0.88;11.3;0;NA;0;NA;NA;NA
2011-2012;L0.05_Pant10_CN_modif_20260519;RIOUX;366;76;23;41373;18426;26164;0.81;9.3;0;NA;0;NA;NA;NA
2012-2013;L0.05_Pant10_CN_modif_20260519;RIOUX;365;206;29;73851;34833;110502;1.44;13.8;0;NA;0;NA;NA;NA
2013-2014;L0.05_Pant10_CN_modif_20260519;RIOUX;365;97;263;79525;13970;136528;1.55;15.1;0;NA;0;NA;NA;NA
2014-2015;L0.05_Pant10_CN_modif_20260519;RIOUX;365;0;180;66858;-14674;52184;1.3;17.4;0;NA;0;NA;NA;NA
2015-2016;L0.05_Pant10_CN_modif_20260519;RIOUX;366;120;45;72421;26326;61740;1.41;14.7;0;NA;0;NA;NA;NA
2016-2017;L0.05_Pant10_CN_modif_20260519;RIOUX;365;55;231;28626;5044;67110;0.56;8.3;0;NA;0;NA;NA;NA
2017-2018;L0.05_Pant10_CN_modif_20260519;RIOUX;365;117;120;43071;3964;21366;0.84;10.4;0;NA;0;NA;NA;NA
2018-2019;L0.05_Pant10_CN_modif_20260519;RIOUX;365;5;264;44618;4507;78362;0.87;11.4;0;NA;0;NA;NA;NA
2019-2020;L0.05_Pant10_CN_modif_20260519;RIOUX;366;0;194;46580;-12792;31599;0.91;12.5;0;NA;0;NA;NA;NA
2020-2021;L0.05_Pant10_CN_modif_20260519;RIOUX;365;157;35;121747;36925;116051;2.37;21.5;0;NA;0;NA;NA;NA
2021-2022;L0.05_Pant10_CN_modif_20260519;RIOUX;365;97;106;36750;-1409;80152;0.72;10.5;0;NA;0;NA;NA;NA
2022-2023;L0.05_Pant10_CN_modif_20260519;RIOUX;365;0;122;30789;1835;28081;0.6;8.2;0;NA;0;NA;NA;NA
2023-2024;L0.05_Pant10_CN_modif_20260519;RIOUX;366;48;284;142034;28895;175472;2.76;23.6;0;NA;0;NA;NA;NA
2024-2025;L0.05_Pant10_CN_modif_20260519;RIOUX;365;25;149;70251;-3215;37427;1.37;15.2;0;NA;0;NA;NA;NA
2010-2011;L0.05_Pant10_CN_modif_20260519;ROUE RONZUEL;365;71;127;33968;12822;67865;0.82;15.3;0;NA;0;NA;NA;NA
2011-2012;L0.05_Pant10_CN_modif_20260519;ROUE RONZUEL;366;97;35;32788;19785;24461;0.79;13.3;0;NA;0;NA;NA;NA
2012-2013;L0.05_Pant10_CN_modif_20260519;ROUE RONZUEL;365;77;283;68184;11940;117542;1.64;22.8;0;NA;0;NA;NA;NA
2013-2014;L0.05_Pant10_CN_modif_20260519;ROUE RONZUEL;365;192;115;59192;19701;39946;1.43;20.2;0;NA;0;NA;NA;NA
2014-2015;L0.05_Pant10_CN_modif_20260519;ROUE RONZUEL;365;77;103;42426;2479;83852;1.02;19.8;0;NA;0;NA;NA;NA
2015-2016;L0.05_Pant10_CN_modif_20260519;ROUE RONZUEL;366;112;63;53904;27756;55475;1.3;19.7;0;NA;0;NA;NA;NA
2016-2017;L0.05_Pant10_CN_modif_20260519;ROUE RONZUEL;365;24;247;22331;8167;53190;0.54;11.6;0;NA;0;NA;NA;NA
2017-2018;L0.05_Pant10_CN_modif_20260519;ROUE RONZUEL;365;0;365;43009;1041;47543;1.04;18.7;0;NA;0;NA;NA;NA
2018-2019;L0.05_Pant10_CN_modif_20260519;ROUE RONZUEL;365;0;112;33227;-3356;11834;0.8;15.3;0;NA;0;NA;NA;NA
2019-2020;L0.05_Pant10_CN_modif_20260519;ROUE RONZUEL;366;28;54;32164;-2144;45904;0.77;15.5;0;NA;0;NA;NA;NA
2020-2021;L0.05_Pant10_CN_modif_20260519;ROUE RONZUEL;365;199;50;84099;39584;91411;2.03;26.7;0;NA;0;NA;NA;NA
2021-2022;L0.05_Pant10_CN_modif_20260519;ROUE RONZUEL;365;66;71;28054;-5607;56872;0.68;14.4;0;NA;0;NA;NA;NA
2022-2023;L0.05_Pant10_CN_modif_20260519;ROUE RONZUEL;365;0;350;28692;9593;38286;0.69;13.7;0;NA;0;NA;NA;NA
2023-2024;L0.05_Pant10_CN_modif_20260519;ROUE RONZUEL;366;142;91;106941;18418;99839;2.58;32;0;NA;0;NA;NA;NA
2024-2025;L0.05_Pant10_CN_modif_20260519;ROUE RONZUEL;365;119;22;47694;13803;68006;1.15;18.5;154;17583;6;19.3;25.4;6.2
2010-2011;L0.05_Pant10_CN_modif_20260519;SALE;365;130;76;25113;21325;1453492;0.25;11;0;NA;0;NA;NA;NA
2011-2012;L0.05_Pant10_CN_modif_20260519;SALE;366;101;230;30965;25138;1038917;0.31;12.2;0;NA;0;NA;NA;NA
2012-2013;L0.05_Pant10_CN_modif_20260519;SALE;365;201;148;54391;14902;2623242;0.54;17.7;0;NA;0;NA;NA;NA
2013-2014;L0.05_Pant10_CN_modif_20260519;SALE;365;354;1;40207;63290;2131133;0.4;13.4;0;NA;0;NA;NA;NA
2014-2015;L0.05_Pant10_CN_modif_20260519;SALE;365;266;1;33688;-2600;2140055;0.34;15.3;0;NA;0;NA;NA;NA
2015-2016;L0.05_Pant10_CN_modif_20260519;SALE;366;239;25;40981;47213;1369373;0.41;14.5;0;NA;0;NA;NA;NA
2016-2017;L0.05_Pant10_CN_modif_20260519;SALE;365;106;229;19247;20943;1269412;0.19;9.7;0;NA;0;NA;NA;NA
2017-2018;L0.05_Pant10_CN_modif_20260519;SALE;365;131;141;28419;-15169;837722;0.28;12;0;NA;0;NA;NA;NA
2018-2019;L0.05_Pant10_CN_modif_20260519;SALE;365;214;46;22223;-5159;699991;0.22;10;0;NA;0;NA;NA;NA
2019-2020;L0.05_Pant10_CN_modif_20260519;SALE;366;199;44;23867;-10193;1046682;0.24;11.2;0;NA;0;NA;NA;NA
2020-2021;L0.05_Pant10_CN_modif_20260519;SALE;365;228;7;69232;66269;2350187;0.69;21.4;0;NA;0;NA;NA;NA
2021-2022;L0.05_Pant10_CN_modif_20260519;SALE;365;136;32;20409;-26313;1380657;0.2;10.2;0;NA;0;NA;NA;NA
2022-2023;L0.05_Pant10_CN_modif_20260519;SALE;365;188;57;17063;-275;735811;0.17;7.9;0;NA;0;NA;NA;NA
2023-2024;L0.05_Pant10_CN_modif_20260519;SALE;366;275;2;75340;74074;2797478;0.75;21.9;0;NA;0;NA;NA;NA
2024-2025;L0.05_Pant10_CN_modif_20260519;SALE;365;224;13;36654;25533;1962006;0.36;13.8;0;NA;0;NA;NA;NA
2010-2011;L0.05_Pant10_CN_modif_20260519;TRIPOUX;365;236;32;127658;17037;539723;2.19;15.8;0;NA;0;NA;NA;NA
2011-2012;L0.05_Pant10_CN_modif_20260519;TRIPOUX;366;191;116;127249;21189;271081;2.18;14.1;0;NA;0;NA;NA;NA
2012-2013;L0.05_Pant10_CN_modif_20260519;TRIPOUX;365;106;256;222409;-5655;751734;3.81;20.4;0;NA;0;NA;NA;NA
2013-2014;L0.05_Pant10_CN_modif_20260519;TRIPOUX;365;286;55;201077;37968;774030;3.45;18.8;0;NA;0;NA;NA;NA
2014-2015;L0.05_Pant10_CN_modif_20260519;TRIPOUX;365;243;117;157627;27807;539775;2.7;20.1;0;NA;0;NA;NA;NA
2015-2016;L0.05_Pant10_CN_modif_20260519;TRIPOUX;366;325;17;199405;29658;470972;3.42;19.9;0;NA;0;NA;NA;NA
2016-2017;L0.05_Pant10_CN_modif_20260519;TRIPOUX;365;218;116;85459;12977;363536;1.47;12.1;0;NA;0;NA;NA;NA
2017-2018;L0.05_Pant10_CN_modif_20260519;TRIPOUX;365;0;255;133026;-20375;260713;2.28;15.9;0;NA;0;NA;NA;NA
2018-2019;L0.05_Pant10_CN_modif_20260519;TRIPOUX;365;221;42;116805;2628;335266;2;14.7;0;NA;0;NA;NA;NA
2019-2020;L0.05_Pant10_CN_modif_20260519;TRIPOUX;366;244;117;119684;14131;316754;2.05;15.8;0;NA;0;NA;NA;NA
2020-2021;L0.05_Pant10_CN_modif_20260519;TRIPOUX;365;315;28;309714;39888;825687;5.31;26.9;0;NA;0;NA;NA;NA
2021-2022;L0.05_Pant10_CN_modif_20260519;TRIPOUX;365;243;66;105515;-1378;447966;1.81;14.8;0;NA;0;NA;NA;NA
2022-2023;L0.05_Pant10_CN_modif_20260519;TRIPOUX;365;174;137;92209;18659;225718;1.58;12.1;0;NA;0;NA;NA;NA
2023-2024;L0.05_Pant10_CN_modif_20260519;TRIPOUX;366;14;257;372910;-15418;1055187;6.4;30.5;0;NA;0;NA;NA;NA
2024-2025;L0.05_Pant10_CN_modif_20260519;TRIPOUX;365;260;20;178196;15227;433050;3.06;18.9;0;NA;0;NA;NA;NA
2010-2011;L0.05_Pant10_CN_modif_20260519;VIEUX;365;311;8;35091;8407;232691;0.8;15.8;0;NA;0;NA;NA;NA
2011-2012;L0.05_Pant10_CN_modif_20260519;VIEUX;366;55;307;41618;451;285199;0.95;16.8;0;NA;0;NA;NA;NA
2012-2013;L0.05_Pant10_CN_modif_20260519;VIEUX;365;279;64;58613;24584;402341;1.34;19.6;0;NA;0;NA;NA;NA
2013-2014;L0.05_Pant10_CN_modif_20260519;VIEUX;365;55;306;67200;6110;279634;1.53;23;0;NA;0;NA;NA;NA
2014-2015;L0.05_Pant10_CN_modif_20260519;VIEUX;365;229;64;46481;-3305;418437;1.06;21.7;0;NA;0;NA;NA;NA
2015-2016;L0.05_Pant10_CN_modif_20260519;VIEUX;366;155;68;54757;21466;238713;1.25;20;0;NA;0;NA;NA;NA
2016-2017;L0.05_Pant10_CN_modif_20260519;VIEUX;365;25;306;27630;2805;238930;0.63;14.3;0;NA;0;NA;NA;NA
2017-2018;L0.05_Pant10_CN_modif_20260519;VIEUX;365;176;86;34428;6066;268475;0.79;15;0;NA;0;NA;NA;NA
2018-2019;L0.05_Pant10_CN_modif_20260519;VIEUX;365;0;310;39260;-2986;65548;0.9;18.1;0;NA;0;NA;NA;NA
2019-2020;L0.05_Pant10_CN_modif_20260519;VIEUX;366;0;88;36222;-9240;118046;0.83;17.4;0;NA;0;NA;NA;NA
2020-2021;L0.05_Pant10_CN_modif_20260519;VIEUX;365;138;55;84965;29123;274659;1.94;27;0;NA;0;NA;NA;NA
2021-2022;L0.05_Pant10_CN_modif_20260519;VIEUX;365;55;306;33760;6636;405218;0.77;17.3;0;NA;0;NA;NA;NA
2022-2023;L0.05_Pant10_CN_modif_20260519;VIEUX;365;228;69;25328;-455;228936;0.58;12.1;0;NA;0;NA;NA;NA
2023-2024;L0.05_Pant10_CN_modif_20260519;VIEUX;366;38;307;108718;11446;301031;2.48;32.5;0;NA;0;NA;NA;NA
2024-2025;L0.05_Pant10_CN_modif_20260519;VIEUX;365;238;66;53908;295;440611;1.23;20.9;0;NA;0;NA;NA;NA
2010-2011;L0.05_Pant10_CN_modif_20260519;VIEUX BURLAT;365;80;277;11559;6097;68164;0.51;18.7;0;NA;0;NA;NA;NA
2011-2012;L0.05_Pant10_CN_modif_20260519;VIEUX BURLAT;366;18;106;10069;7445;6874;0.44;14.6;0;NA;0;NA;NA;NA
2012-2013;L0.05_Pant10_CN_modif_20260519;VIEUX BURLAT;365;308;15;15858;15473;63776;0.7;19;0;NA;0;NA;NA;NA
2013-2014;L0.05_Pant10_CN_modif_20260519;VIEUX BURLAT;365;328;27;15347;14545;59446;0.67;18.8;0;NA;0;NA;NA;NA
2014-2015;L0.05_Pant10_CN_modif_20260519;VIEUX BURLAT;365;263;21;12036;-619;59962;0.53;20.2;0;NA;0;NA;NA;NA
2015-2016;L0.05_Pant10_CN_modif_20260519;VIEUX BURLAT;366;0;278;20506;4530;64822;0.9;26.9;0;NA;0;NA;NA;NA
2016-2017;L0.05_Pant10_CN_modif_20260519;VIEUX BURLAT;365;0;358;8232;-1102;13643;0.36;15.3;0;NA;0;NA;NA;NA
2017-2018;L0.05_Pant10_CN_modif_20260519;VIEUX BURLAT;365;152;117;9493;1847;9143;0.42;14.8;0;NA;0;NA;NA;NA
2018-2019;L0.05_Pant10_CN_modif_20260519;VIEUX BURLAT;365;6;30;8926;-1264;19186;0.39;14.8;0;NA;0;NA;NA;NA
2019-2020;L0.05_Pant10_CN_modif_20260519;VIEUX BURLAT;366;229;26;9144;-2407;38489;0.4;15.8;0;NA;0;NA;NA;NA
2020-2021;L0.05_Pant10_CN_modif_20260519;VIEUX BURLAT;365;55;277;31740;4315;73802;1.39;36.2;0;NA;0;NA;NA;NA
2021-2022;L0.05_Pant10_CN_modif_20260519;VIEUX BURLAT;365;145;97;9555;-9935;26520;0.42;17.6;0;NA;0;NA;NA;NA
2022-2023;L0.05_Pant10_CN_modif_20260519;VIEUX BURLAT;365;0;278;8966;3222;34059;0.39;15.4;0;NA;0;NA;NA;NA
2023-2024;L0.05_Pant10_CN_modif_20260519;VIEUX BURLAT;366;216;91;32083;7219;64612;1.41;34.4;0;NA;0;NA;NA;NA
2024-2025;L0.05_Pant10_CN_modif_20260519;VIEUX BURLAT;365;248;16;13615;5758;55640;0.6;18.9;0;NA;0;NA;NA;NA
2010-2011;L0.05_Pant5_CN_base_20260519;BIETONNAY;365;33;126;20959;24758;122479;0.19;7.1;0;NA;0;NA;NA;NA
2011-2012;L0.05_Pant5_CN_base_20260519;BIETONNAY;366;0;98;20318;46184;32473;0.18;6.2;0;NA;0;NA;NA;NA
2012-2013;L0.05_Pant5_CN_base_20260519;BIETONNAY;365;101;19;34283;86893;144894;0.31;8.6;0;NA;0;NA;NA;NA
2013-2014;L0.05_Pant5_CN_base_20260519;BIETONNAY;365;50;264;41036;34849;168628;0.37;10.5;0;NA;0;NA;NA;NA
2014-2015;L0.05_Pant5_CN_base_20260519;BIETONNAY;365;0;168;52870;-28462;67046;0.48;18.5;0;NA;0;NA;NA;NA
2015-2016;L0.05_Pant5_CN_base_20260519;BIETONNAY;366;70;47;37252;66456;52861;0.34;10.2;0;NA;0;NA;NA;NA
2016-2017;L0.05_Pant5_CN_base_20260519;BIETONNAY;365;24;104;15010;7430;115948;0.14;5.8;0;NA;0;NA;NA;NA
2017-2018;L0.05_Pant5_CN_base_20260519;BIETONNAY;365;0;129;21523;11098;30405;0.2;7;0;NA;0;NA;NA;NA
2018-2019;L0.05_Pant5_CN_base_20260519;BIETONNAY;365;0;345;25631;17231;72451;0.23;8.8;0;NA;0;NA;NA;NA
2019-2020;L0.05_Pant5_CN_base_20260519;BIETONNAY;366;0;175;28050;-24274;24242;0.26;10.1;0;NA;0;NA;NA;NA
2020-2021;L0.05_Pant5_CN_base_20260519;BIETONNAY;365;114;55;63988;93615;126794;0.58;15.2;0;NA;0;NA;NA;NA
2021-2022;L0.05_Pant5_CN_base_20260519;BIETONNAY;365;79;136;23753;22086;153100;0.22;9.1;0;NA;0;NA;NA;NA
2022-2023;L0.05_Pant5_CN_base_20260519;BIETONNAY;365;0;178;12249;18776;41785;0.11;4.4;0;NA;0;NA;NA;NA
2023-2024;L0.05_Pant5_CN_base_20260519;BIETONNAY;366;35;297;91534;77216;231389;0.83;20.5;0;NA;0;NA;NA;NA
2024-2025;L0.05_Pant5_CN_base_20260519;BIETONNAY;365;0;149;42594;-9645;35322;0.39;12.4;0;NA;0;NA;NA;NA
2010-2011;L0.05_Pant5_CN_base_20260519;CARRONNIER;365;78;229;8673;9922;60137;0.15;4.5;0;NA;0;NA;NA;NA
2011-2012;L0.05_Pant5_CN_base_20260519;CARRONNIER;366;0;53;8440;14020;15689;0.14;3.9;0;NA;0;NA;NA;NA
2012-2013;L0.05_Pant5_CN_base_20260519;CARRONNIER;365;20;60;14612;26432;68642;0.25;5.6;0;NA;0;NA;NA;NA
2013-2014;L0.05_Pant5_CN_base_20260519;CARRONNIER;365;0;278;15042;10815;67585;0.26;5.9;0;NA;0;NA;NA;NA
2014-2015;L0.05_Pant5_CN_base_20260519;CARRONNIER;365;0;145;22252;-11372;30637;0.38;12;0;NA;0;NA;NA;NA
2015-2016;L0.05_Pant5_CN_base_20260519;CARRONNIER;366;60;82;17136;18504;24497;0.29;7.2;0;NA;0;NA;NA;NA
2016-2017;L0.05_Pant5_CN_base_20260519;CARRONNIER;365;46;277;6075;3135;62803;0.1;3.6;0;NA;0;NA;NA;NA
2017-2018;L0.05_Pant5_CN_base_20260519;CARRONNIER;365;0;124;9531;3407;7379;0.16;4.8;0;NA;0;NA;NA;NA
2018-2019;L0.05_Pant5_CN_base_20260519;CARRONNIER;365;0;280;8883;1063;40663;0.15;4.7;0;NA;0;NA;NA;NA
2019-2020;L0.05_Pant5_CN_base_20260519;CARRONNIER;366;0;303;10916;-4402;16977;0.19;6.1;0;NA;0;NA;NA;NA
2020-2021;L0.05_Pant5_CN_base_20260519;CARRONNIER;365;110;55;32187;28441;46673;0.55;11.8;0;NA;0;NA;NA;NA
2021-2022;L0.05_Pant5_CN_base_20260519;CARRONNIER;365;85;65;10599;-10496;67735;0.18;6.3;51;14635;0;NA;NA;NA
2022-2023;L0.05_Pant5_CN_base_20260519;CARRONNIER;365;0;312;4980;7531;24617;0.09;2.7;365;10860;8;17.7;0.8;-17
2023-2024;L0.05_Pant5_CN_base_20260519;CARRONNIER;366;304;49;38987;30331;73953;0.67;13.4;366;11676;22;32.8;14;-18.8
2024-2025;L0.05_Pant5_CN_base_20260519;CARRONNIER;365;85;61;15961;9835;70049;0.27;7.1;365;24811;11;32.4;5.7;-26.7
2010-2011;L0.05_Pant5_CN_base_20260519;CHANTEMERLE;365;0;365;11053;1671;9751;0.32;6.7;0;NA;0;NA;NA;NA
2011-2012;L0.05_Pant5_CN_base_20260519;CHANTEMERLE;366;0;207;9238;12373;13502;0.27;5;0;NA;0;NA;NA;NA
2012-2013;L0.05_Pant5_CN_base_20260519;CHANTEMERLE;365;30;85;15802;23440;37960;0.46;7.1;0;NA;0;NA;NA;NA
2013-2014;L0.05_Pant5_CN_base_20260519;CHANTEMERLE;365;1;246;15592;13734;41690;0.45;7.2;0;NA;0;NA;NA;NA
2014-2015;L0.05_Pant5_CN_base_20260519;CHANTEMERLE;365;0;249;22242;-1436;20806;0.64;14;0;NA;0;NA;NA;NA
2015-2016;L0.05_Pant5_CN_base_20260519;CHANTEMERLE;366;7;27;17864;17663;18000;0.52;8.8;0;NA;0;NA;NA;NA
2016-2017;L0.05_Pant5_CN_base_20260519;CHANTEMERLE;365;34;246;6726;8238;30511;0.19;4.7;0;NA;0;NA;NA;NA
2017-2018;L0.05_Pant5_CN_base_20260519;CHANTEMERLE;365;0;350;12528;6510;21019;0.36;7.3;0;NA;0;NA;NA;NA
2018-2019;L0.05_Pant5_CN_base_20260519;CHANTEMERLE;365;0;344;8877;1443;4960;0.26;5.5;0;NA;0;NA;NA;NA
2019-2020;L0.05_Pant5_CN_base_20260519;CHANTEMERLE;366;0;291;9975;12011;26173;0.29;6.5;0;NA;0;NA;NA;NA
2020-2021;L0.05_Pant5_CN_base_20260519;CHANTEMERLE;365;43;88;31847;25372;32147;0.92;13.6;0;NA;0;NA;NA;NA
2021-2022;L0.05_Pant5_CN_base_20260519;CHANTEMERLE;365;84;245;11808;12497;50550;0.34;8.2;0;NA;0;NA;NA;NA
2022-2023;L0.05_Pant5_CN_base_20260519;CHANTEMERLE;365;0;365;6116;40;4961;0.18;3.9;0;NA;0;NA;NA;NA
2023-2024;L0.05_Pant5_CN_base_20260519;CHANTEMERLE;366;61;284;42078;21449;64723;1.21;16.9;0;NA;0;NA;NA;NA
2024-2025;L0.05_Pant5_CN_base_20260519;CHANTEMERLE;365;0;365;20966;4;20970;0.61;10.9;0;NA;0;NA;NA;NA
2010-2011;L0.05_Pant5_CN_base_20260519;CORVEYZIEUX;365;280;77;12952;-808;195352;0.06;6.1;0;NA;0;NA;NA;NA
2011-2012;L0.05_Pant5_CN_base_20260519;CORVEYZIEUX;366;60;10;9238;38405;248377;0.04;3.9;0;NA;0;NA;NA;NA
2012-2013;L0.05_Pant5_CN_base_20260519;CORVEYZIEUX;365;280;12;16046;72299;504729;0.07;5.6;0;NA;0;NA;NA;NA
2013-2014;L0.05_Pant5_CN_base_20260519;CORVEYZIEUX;365;312;7;13933;67194;394898;0.06;5;0;NA;0;NA;NA;NA
2014-2015;L0.05_Pant5_CN_base_20260519;CORVEYZIEUX;365;61;294;22306;26823;609128;0.1;10.9;0;NA;0;NA;NA;NA
2015-2016;L0.05_Pant5_CN_base_20260519;CORVEYZIEUX;366;136;80;23332;34219;97895;0.11;8.9;0;NA;0;NA;NA;NA
2016-2017;L0.05_Pant5_CN_base_20260519;CORVEYZIEUX;365;60;8;6672;-14859;355989;0.03;3.6;0;NA;0;NA;NA;NA
2017-2018;L0.05_Pant5_CN_base_20260519;CORVEYZIEUX;365;0;16;10436;8600;133823;0.05;4.7;0;NA;0;NA;NA;NA
2018-2019;L0.05_Pant5_CN_base_20260519;CORVEYZIEUX;365;0;16;8176;-5401;137753;0.04;3.9;0;NA;0;NA;NA;NA
2019-2020;L0.05_Pant5_CN_base_20260519;CORVEYZIEUX;366;0;301;13462;19381;357067;0.06;6.8;0;NA;0;NA;NA;NA
2020-2021;L0.05_Pant5_CN_base_20260519;CORVEYZIEUX;365;114;80;43416;50580;164479;0.2;14.4;0;NA;0;NA;NA;NA
2021-2022;L0.05_Pant5_CN_base_20260519;CORVEYZIEUX;365;304;6;11631;-28706;501754;0.05;6.2;51;27552;0;NA;NA;NA
2022-2023;L0.05_Pant5_CN_base_20260519;CORVEYZIEUX;365;0;12;5438;-1083;198147;0.03;2.7;365;47154;5;24.5;0.6;-23.8
2023-2024;L0.05_Pant5_CN_base_20260519;CORVEYZIEUX;366;138;9;42911;78644;442017;0.2;13.4;366;67679;8;37.7;15.6;-22.1
2024-2025;L0.05_Pant5_CN_base_20260519;CORVEYZIEUX;365;327;6;17492;26867;496152;0.08;7.1;365;38835;5;47.1;4.1;-43
2010-2011;L0.05_Pant5_CN_base_20260519;FOUR;365;0;314;7063;11815;146627;0.08;5.4;0;NA;0;NA;NA;NA
2011-2012;L0.05_Pant5_CN_base_20260519;FOUR;366;0;84;5056;30109;3771;0.06;3.5;0;NA;0;NA;NA;NA
2012-2013;L0.05_Pant5_CN_base_20260519;FOUR;365;272;11;8719;56748;144444;0.1;5;0;NA;0;NA;NA;NA
2013-2014;L0.05_Pant5_CN_base_20260519;FOUR;365;264;21;7600;52816;118084;0.09;4.4;0;NA;0;NA;NA;NA
2014-2015;L0.05_Pant5_CN_base_20260519;FOUR;365;237;8;11414;-1760;111490;0.13;9.1;0;NA;0;NA;NA;NA
2015-2016;L0.05_Pant5_CN_base_20260519;FOUR;366;0;316;15602;14737;106490;0.18;9.7;0;NA;0;NA;NA;NA
2016-2017;L0.05_Pant5_CN_base_20260519;FOUR;365;208;62;4433;-17018;13286;0.05;3.9;0;NA;0;NA;NA;NA
2017-2018;L0.05_Pant5_CN_base_20260519;FOUR;365;0;41;5733;7795;54981;0.06;4.3;0;NA;0;NA;NA;NA
2018-2019;L0.05_Pant5_CN_base_20260519;FOUR;365;0;38;4392;-3159;24347;0.05;3.4;0;NA;0;NA;NA;NA
2019-2020;L0.05_Pant5_CN_base_20260519;FOUR;366;0;49;5810;-5361;78547;0.07;4.8;0;NA;0;NA;NA;NA
2020-2021;L0.05_Pant5_CN_base_20260519;FOUR;365;0;350;30508;23128;118826;0.35;16.5;0;NA;0;NA;NA;NA
2021-2022;L0.05_Pant5_CN_base_20260519;FOUR;365;181;61;8187;-28924;45312;0.09;7.2;51;11604;0;NA;NA;NA
2022-2023;L0.05_Pant5_CN_base_20260519;FOUR;365;0;26;2936;569;37555;0.03;2.4;365;26814;7;20.4;0.2;-20.2
2023-2024;L0.05_Pant5_CN_base_20260519;FOUR;366;202;23;24468;62093;138849;0.28;12.5;81;27632;3;39.3;10.2;-29.1
2024-2025;L0.05_Pant5_CN_base_20260519;FOUR;365;44;311;14637;21196;205521;0.17;9.7;0;NA;0;NA;NA;NA
2010-2011;L0.05_Pant5_CN_base_20260519;FRENE;365;305;2;16210;5169;219283;0.59;7.1;0;NA;0;NA;NA;NA
2011-2012;L0.05_Pant5_CN_base_20260519;FRENE;366;355;3;15721;9775;74295;0.57;6.2;0;NA;0;NA;NA;NA
2012-2013;L0.05_Pant5_CN_base_20260519;FRENE;365;357;2;26497;18518;270248;0.97;8.6;0;NA;0;NA;NA;NA
2013-2014;L0.05_Pant5_CN_base_20260519;FRENE;365;352;6;22951;17220;182043;0.84;7.6;0;NA;0;NA;NA;NA
2014-2015;L0.05_Pant5_CN_base_20260519;FRENE;365;276;6;28599;-743;109536;1.04;13;0;NA;0;NA;NA;NA
2015-2016;L0.05_Pant5_CN_base_20260519;FRENE;366;321;2;28814;12829;111995;1.05;10.2;0;NA;0;NA;NA;NA
2016-2017;L0.05_Pant5_CN_base_20260519;FRENE;365;251;2;11600;-3840;189352;0.42;5.8;0;NA;0;NA;NA;NA
2017-2018;L0.05_Pant5_CN_base_20260519;FRENE;365;234;10;16653;2135;67384;0.61;7;0;NA;0;NA;NA;NA
2018-2019;L0.05_Pant5_CN_base_20260519;FRENE;365;267;9;14271;-1491;52352;0.52;6.4;0;NA;0;NA;NA;NA
2019-2020;L0.05_Pant5_CN_base_20260519;FRENE;366;60;303;17360;3902;98611;0.63;8.1;0;NA;0;NA;NA;NA
2020-2021;L0.05_Pant5_CN_base_20260519;FRENE;365;297;65;51984;12762;120326;1.9;16;0;NA;0;NA;NA;NA
2021-2022;L0.05_Pant5_CN_base_20260519;FRENE;365;268;2;18362;-7388;244533;0.67;9.2;0;NA;0;NA;NA;NA
2022-2023;L0.05_Pant5_CN_base_20260519;FRENE;365;279;8;9482;-157;76911;0.35;4.4;0;NA;0;NA;NA;NA
2023-2024;L0.05_Pant5_CN_base_20260519;FRENE;366;309;8;59426;20156;196772;2.17;17.2;0;NA;0;NA;NA;NA
2024-2025;L0.05_Pant5_CN_base_20260519;FRENE;365;35;302;29435;6704;266400;1.08;11.1;0;NA;0;NA;NA;NA
2010-2011;L0.05_Pant5_CN_base_20260519;GRAND ETANG LA ROUE;365;5;279;18014;19218;81721;0.21;4.5;0;NA;0;NA;NA;NA
2011-2012;L0.05_Pant5_CN_base_20260519;GRAND ETANG LA ROUE;366;0;121;16235;23368;3810;0.19;3.6;0;NA;0;NA;NA;NA
2012-2013;L0.05_Pant5_CN_base_20260519;GRAND ETANG LA ROUE;365;0;47;28013;48566;77896;0.32;5.1;0;NA;0;NA;NA;NA
2013-2014;L0.05_Pant5_CN_base_20260519;GRAND ETANG LA ROUE;365;0;34;24162;45950;64155;0.28;4.5;0;NA;0;NA;NA;NA
2014-2015;L0.05_Pant5_CN_base_20260519;GRAND ETANG LA ROUE;365;17;131;35866;15038;91337;0.42;9.2;0;NA;0;NA;NA;NA
2015-2016;L0.05_Pant5_CN_base_20260519;GRAND ETANG LA ROUE;366;0;301;37271;17346;54616;0.43;7.5;0;NA;0;NA;NA;NA
2016-2017;L0.05_Pant5_CN_base_20260519;GRAND ETANG LA ROUE;365;0;365;13392;1844;11280;0.16;3.8;0;NA;0;NA;NA;NA
2017-2018;L0.05_Pant5_CN_base_20260519;GRAND ETANG LA ROUE;365;0;124;18027;7195;10744;0.21;4.3;0;NA;0;NA;NA;NA
2018-2019;L0.05_Pant5_CN_base_20260519;GRAND ETANG LA ROUE;365;0;274;14249;4536;26632;0.17;3.6;0;NA;0;NA;NA;NA
2019-2020;L0.05_Pant5_CN_base_20260519;GRAND ETANG LA ROUE;366;0;287;18265;15083;41601;0.21;4.8;0;NA;0;NA;NA;NA
2020-2021;L0.05_Pant5_CN_base_20260519;GRAND ETANG LA ROUE;365;51;59;63226;52518;46562;0.73;11;0;NA;0;NA;NA;NA
2021-2022;L0.05_Pant5_CN_base_20260519;GRAND ETANG LA ROUE;365;72;278;22881;12001;106400;0.27;6.5;0;NA;0;NA;NA;NA
2022-2023;L0.05_Pant5_CN_base_20260519;GRAND ETANG LA ROUE;365;0;365;11576;55;11631;0.13;3;0;NA;0;NA;NA;NA
2023-2024;L0.05_Pant5_CN_base_20260519;GRAND ETANG LA ROUE;366;24;103;87131;22658;61495;1.01;14.3;0;NA;0;NA;NA;NA
2024-2025;L0.05_Pant5_CN_base_20260519;GRAND ETANG LA ROUE;365;42;62;30817;18123;81459;0.36;6.6;154;37653;6;35.8;13.6;-22.2
2010-2011;L0.05_Pant5_CN_base_20260519;GRAND RONZUEL;365;0;48;5992;29364;203662;0.04;4.8;0;NA;0;NA;NA;NA
2011-2012;L0.05_Pant5_CN_base_20260519;GRAND RONZUEL;366;0;73;5960;57096;50066;0.04;4.3;0;NA;0;NA;NA;NA
2012-2013;L0.05_Pant5_CN_base_20260519;GRAND RONZUEL;365;0;294;19399;50060;224761;0.13;11.5;0;NA;0;NA;NA;NA
2013-2014;L0.05_Pant5_CN_base_20260519;GRAND RONZUEL;365;0;365;22912;884;142833;0.15;13.9;0;NA;0;NA;NA;NA
2014-2015;L0.05_Pant5_CN_base_20260519;GRAND RONZUEL;365;0;162;28705;-24278;67030;0.19;23.7;0;NA;0;NA;NA;NA
2015-2016;L0.05_Pant5_CN_base_20260519;GRAND RONZUEL;366;23;73;11985;80327;78886;0.08;7.7;0;NA;0;NA;NA;NA
2016-2017;L0.05_Pant5_CN_base_20260519;GRAND RONZUEL;365;0;292;4287;39770;179085;0.03;3.9;0;NA;0;NA;NA;NA
2017-2018;L0.05_Pant5_CN_base_20260519;GRAND RONZUEL;365;0;365;17063;6286;47873;0.11;13.2;0;NA;0;NA;NA;NA
2018-2019;L0.05_Pant5_CN_base_20260519;GRAND RONZUEL;365;0;365;13413;1031;48712;0.09;10.9;0;NA;0;NA;NA;NA
2019-2020;L0.05_Pant5_CN_base_20260519;GRAND RONZUEL;366;0;170;12417;-8683;51405;0.08;10.6;0;NA;0;NA;NA;NA
2020-2021;L0.05_Pant5_CN_base_20260519;GRAND RONZUEL;365;49;63;22062;114941;79378;0.15;12.4;0;NA;0;NA;NA;NA
2021-2022;L0.05_Pant5_CN_base_20260519;GRAND RONZUEL;365;39;135;7376;7714;221780;0.05;6.7;51;80445;0;NA;NA;NA
2022-2023;L0.05_Pant5_CN_base_20260519;GRAND RONZUEL;365;0;365;6626;28434;78382;0.04;5.6;179;31542;1;1.2;0;-1.2
2023-2024;L0.05_Pant5_CN_base_20260519;GRAND RONZUEL;366;76;101;52015;53008;114459;0.35;27.5;0;NA;0;NA;NA;NA
2024-2025;L0.05_Pant5_CN_base_20260519;GRAND RONZUEL;365;28;19;11086;39555;210174;0.07;7.6;0;NA;0;NA;NA;NA
2010-2011;L0.05_Pant5_CN_base_20260519;GRANGES;365;111;240;12789;8452;30003;0.63;6;0;NA;0;NA;NA;NA
2011-2012;L0.05_Pant5_CN_base_20260519;GRANGES;366;0;128;12428;8451;11910;0.61;5.2;0;NA;0;NA;NA;NA
2012-2013;L0.05_Pant5_CN_base_20260519;GRANGES;365;78;246;22650;11257;45864;1.12;7.9;0;NA;0;NA;NA;NA
2013-2014;L0.05_Pant5_CN_base_20260519;GRANGES;365;0;140;19570;5517;12019;0.96;6.9;0;NA;0;NA;NA;NA
2014-2015;L0.05_Pant5_CN_base_20260519;GRANGES;365;78;86;24097;5474;42638;1.19;11.7;0;NA;0;NA;NA;NA
2015-2016;L0.05_Pant5_CN_base_20260519;GRANGES;366;103;26;23680;12067;22540;1.17;9;0;NA;0;NA;NA;NA
2016-2017;L0.05_Pant5_CN_base_20260519;GRANGES;365;64;246;9562;4824;27592;0.47;5.1;0;NA;0;NA;NA;NA
2017-2018;L0.05_Pant5_CN_base_20260519;GRANGES;365;52;124;13719;-2062;4276;0.68;6.2;0;NA;0;NA;NA;NA
2018-2019;L0.05_Pant5_CN_base_20260519;GRANGES;365;0;207;11182;2707;15627;0.55;5.3;0;NA;0;NA;NA;NA
2019-2020;L0.05_Pant5_CN_base_20260519;GRANGES;366;39;209;13205;6753;24639;0.65;6.6;0;NA;0;NA;NA;NA
2020-2021;L0.05_Pant5_CN_base_20260519;GRANGES;365;71;272;45417;10501;56880;2.24;15;0;NA;0;NA;NA;NA
2021-2022;L0.05_Pant5_CN_base_20260519;GRANGES;365;0;349;16522;-1124;15398;0.81;8.8;0;NA;0;NA;NA;NA
2022-2023;L0.05_Pant5_CN_base_20260519;GRANGES;365;0;311;7971;7447;15418;0.39;4;0;NA;0;NA;NA;NA
2023-2024;L0.05_Pant5_CN_base_20260519;GRANGES;366;0;366;57880;102;57981;2.85;18;0;NA;0;NA;NA;NA
2024-2025;L0.05_Pant5_CN_base_20260519;GRANGES;365;0;365;25140;3;25143;1.24;10.1;0;NA;0;NA;NA;NA
2010-2011;L0.05_Pant5_CN_base_20260519;LECHERE;365;0;165;5281;6372;21619;0.21;6;0;NA;0;NA;NA;NA
2011-2012;L0.05_Pant5_CN_base_20260519;LECHERE;366;0;120;5140;9795;6022;0.2;5.3;0;NA;0;NA;NA;NA
2012-2013;L0.05_Pant5_CN_base_20260519;LECHERE;365;0;303;11442;4418;26587;0.45;9.7;0;NA;0;NA;NA;NA
2013-2014;L0.05_Pant5_CN_base_20260519;LECHERE;365;0;115;8143;11704;5377;0.32;7.1;0;NA;0;NA;NA;NA
2014-2015;L0.05_Pant5_CN_base_20260519;LECHERE;365;0;67;9965;2476;26911;0.39;11.8;0;NA;0;NA;NA;NA
2015-2016;L0.05_Pant5_CN_base_20260519;LECHERE;366;0;83;9780;13569;11291;0.39;9;0;NA;0;NA;NA;NA
2016-2017;L0.05_Pant5_CN_base_20260519;LECHERE;365;0;235;3754;3754;18165;0.15;4.9;0;NA;0;NA;NA;NA
2017-2018;L0.05_Pant5_CN_base_20260519;LECHERE;365;0;365;7609;-199;8811;0.3;8.4;0;NA;0;NA;NA;NA
2018-2019;L0.05_Pant5_CN_base_20260519;LECHERE;365;0;151;5026;2300;4019;0.2;5.9;0;NA;0;NA;NA;NA
2019-2020;L0.05_Pant5_CN_base_20260519;LECHERE;366;0;163;5455;4247;12187;0.22;6.7;0;NA;0;NA;NA;NA
2020-2021;L0.05_Pant5_CN_base_20260519;LECHERE;365;51;78;17302;18988;16049;0.68;13.9;0;NA;0;NA;NA;NA
2021-2022;L0.05_Pant5_CN_base_20260519;LECHERE;365;51;165;6152;3351;30565;0.24;8;0;NA;0;NA;NA;NA
2022-2023;L0.05_Pant5_CN_base_20260519;LECHERE;365;0;365;4035;2791;6826;0.16;4.9;0;NA;0;NA;NA;NA
2023-2024;L0.05_Pant5_CN_base_20260519;LECHERE;366;90;90;25088;11144;19466;0.99;19;0;NA;0;NA;NA;NA
2024-2025;L0.05_Pant5_CN_base_20260519;LECHERE;365;25;77;9097;6724;28864;0.36;8.9;0;NA;0;NA;NA;NA
2010-2011;L0.05_Pant5_CN_base_20260519;LECHERE DU FRAYET;365;0;279;3844;13989;41603;0.07;5.6;0;NA;0;NA;NA;NA
2011-2012;L0.05_Pant5_CN_base_20260519;LECHERE DU FRAYET;366;0;120;3106;17010;2776;0.06;4;0;NA;0;NA;NA;NA
2012-2013;L0.05_Pant5_CN_base_20260519;LECHERE DU FRAYET;365;0;46;5031;35352;40496;0.1;5.4;0;NA;0;NA;NA;NA
2013-2014;L0.05_Pant5_CN_base_20260519;LECHERE DU FRAYET;365;0;280;7312;14547;39085;0.14;8;0;NA;0;NA;NA;NA
2014-2015;L0.05_Pant5_CN_base_20260519;LECHERE DU FRAYET;365;0;230;11540;915;12454;0.22;17.3;0;NA;0;NA;NA;NA
2015-2016;L0.05_Pant5_CN_base_20260519;LECHERE DU FRAYET;366;0;70;5983;26915;17267;0.11;7;0;NA;0;NA;NA;NA
2016-2017;L0.05_Pant5_CN_base_20260519;LECHERE DU FRAYET;365;0;281;2709;11548;29888;0.05;4.5;0;NA;0;NA;NA;NA
2017-2018;L0.05_Pant5_CN_base_20260519;LECHERE DU FRAYET;365;0;144;3417;2567;2718;0.07;4.8;0;NA;0;NA;NA;NA
2018-2019;L0.05_Pant5_CN_base_20260519;LECHERE DU FRAYET;365;0;321;2531;11215;12489;0.05;3.7;0;NA;0;NA;NA;NA
2019-2020;L0.05_Pant5_CN_base_20260519;LECHERE DU FRAYET;366;0;332;4634;13286;22443;0.09;7.2;0;NA;0;NA;NA;NA
2020-2021;L0.05_Pant5_CN_base_20260519;LECHERE DU FRAYET;365;0;111;15238;24466;10378;0.29;15.6;0;NA;0;NA;NA;NA
2021-2022;L0.05_Pant5_CN_base_20260519;LECHERE DU FRAYET;365;0;148;3662;8769;41757;0.07;6;0;NA;0;NA;NA;NA
2022-2023;L0.05_Pant5_CN_base_20260519;LECHERE DU FRAYET;365;0;356;2618;10007;12625;0.05;4;0;NA;0;NA;NA;NA
2023-2024;L0.05_Pant5_CN_base_20260519;LECHERE DU FRAYET;366;0;366;26915;1291;28206;0.52;25.8;0;NA;0;NA;NA;NA
2024-2025;L0.05_Pant5_CN_base_20260519;LECHERE DU FRAYET;365;0;190;7586;513;6461;0.15;9.4;0;NA;0;NA;NA;NA
2010-2011;L0.05_Pant5_CN_base_20260519;LES RAGES;365;107;62;10266;3063;11302;0.76;6.4;0;NA;0;NA;NA;NA
2011-2012;L0.05_Pant5_CN_base_20260519;LES RAGES;366;43;121;10293;6100;18421;0.76;5.8;0;NA;0;NA;NA;NA
2012-2013;L0.05_Pant5_CN_base_20260519;LES RAGES;365;0;365;19129;58;19187;1.42;8.9;0;NA;0;NA;NA;NA
2013-2014;L0.05_Pant5_CN_base_20260519;LES RAGES;365;0;322;16399;1790;14369;1.21;7.8;0;NA;0;NA;NA;NA
2014-2015;L0.05_Pant5_CN_base_20260519;LES RAGES;365;246;59;19248;3572;26640;1.42;12.5;0;NA;0;NA;NA;NA
2015-2016;L0.05_Pant5_CN_base_20260519;LES RAGES;366;179;74;19289;9962;29251;1.43;9.8;0;NA;0;NA;NA;NA
2016-2017;L0.05_Pant5_CN_base_20260519;LES RAGES;365;0;102;7477;1419;8896;0.55;5.4;0;NA;0;NA;NA;NA
2017-2018;L0.05_Pant5_CN_base_20260519;LES RAGES;365;0;365;12329;174;12503;0.91;7.5;0;NA;0;NA;NA;NA
2018-2019;L0.05_Pant5_CN_base_20260519;LES RAGES;365;0;365;10074;0;10074;0.75;6.4;0;NA;0;NA;NA;NA
2019-2020;L0.05_Pant5_CN_base_20260519;LES RAGES;366;0;366;11939;422;11747;0.88;8;0;NA;0;NA;NA;NA
2020-2021;L0.05_Pant5_CN_base_20260519;LES RAGES;365;274;34;33461;9732;37693;2.48;14.8;0;NA;0;NA;NA;NA
2021-2022;L0.05_Pant5_CN_base_20260519;LES RAGES;365;210;59;12050;1649;19814;0.89;8.6;0;NA;0;NA;NA;NA
2022-2023;L0.05_Pant5_CN_base_20260519;LES RAGES;365;0;129;6058;2926;8300;0.45;4;0;NA;0;NA;NA;NA
2023-2024;L0.05_Pant5_CN_base_20260519;LES RAGES;366;257;79;40504;13360;53853;3;16.8;0;NA;0;NA;NA;NA
2024-2025;L0.05_Pant5_CN_base_20260519;LES RAGES;365;205;85;17813;6701;24517;1.32;9.6;0;NA;0;NA;NA;NA
2010-2011;L0.05_Pant5_CN_base_20260519;LIGNIERE;365;2;27;134;33653;198127;0;3.5;0;NA;0;NA;NA;NA
2011-2012;L0.05_Pant5_CN_base_20260519;LIGNIERE;366;296;26;130;63916;232253;0;3;0;NA;0;NA;NA;NA
2012-2013;L0.05_Pant5_CN_base_20260519;LIGNIERE;365;323;19;228;117219;646450;0;4.4;0;NA;0;NA;NA;NA
2013-2014;L0.05_Pant5_CN_base_20260519;LIGNIERE;365;322;20;199;106895;468386;0;3.9;0;NA;0;NA;NA;NA
2014-2015;L0.05_Pant5_CN_base_20260519;LIGNIERE;365;271;19;312;-1733;696718;0;8.3;0;NA;0;NA;NA;NA
2015-2016;L0.05_Pant5_CN_base_20260519;LIGNIERE;366;0;25;278;81775;228244;0;5.8;0;NA;0;NA;NA;NA
2016-2017;L0.05_Pant5_CN_base_20260519;LIGNIERE;365;251;30;92;-20551;262066;0;2.7;0;NA;0;NA;NA;NA
2017-2018;L0.05_Pant5_CN_base_20260519;LIGNIERE;365;23;25;152;17976;207857;0;3.8;0;NA;0;NA;NA;NA
2018-2019;L0.05_Pant5_CN_base_20260519;LIGNIERE;365;0;29;113;-1396;138259;0;3;0;NA;0;NA;NA;NA
2019-2020;L0.05_Pant5_CN_base_20260519;LIGNIERE;366;252;29;156;-15113;295999;0;4.3;0;NA;0;NA;NA;NA
2020-2021;L0.05_Pant5_CN_base_20260519;LIGNIERE;365;0;329;21772;18234;401551;0.08;396.2;0;NA;0;NA;NA;NA
2021-2022;L0.05_Pant5_CN_base_20260519;LIGNIERE;365;234;60;3422;-57120;286655;0.01;100.7;51;20112;0;NA;NA;NA
2022-2023;L0.05_Pant5_CN_base_20260519;LIGNIERE;365;213;28;76;1552;166508;0;2.1;365;73299;1;37.3;0;-37.3
2023-2024;L0.05_Pant5_CN_base_20260519;LIGNIERE;366;298;17;677;125813;536381;0;11.6;366;54912;0;NA;NA;NA
2024-2025;L0.05_Pant5_CN_base_20260519;LIGNIERE;365;289;21;261;44770;559667;0;5.8;365;32969;0;NA;NA;NA
2010-2011;L0.05_Pant5_CN_base_20260519;LONGEVAVRE;365;93;260;9307;15362;57703;0.2;8.9;0;NA;0;NA;NA;NA
2011-2012;L0.05_Pant5_CN_base_20260519;LONGEVAVRE;366;0;100;9272;16687;13681;0.2;8;0;NA;0;NA;NA;NA
2012-2013;L0.05_Pant5_CN_base_20260519;LONGEVAVRE;365;44;262;19709;19736;107455;0.42;14;0;NA;0;NA;NA;NA
2013-2014;L0.05_Pant5_CN_base_20260519;LONGEVAVRE;365;246;116;15600;16787;29698;0.33;11.3;0;NA;0;NA;NA;NA
2014-2015;L0.05_Pant5_CN_base_20260519;LONGEVAVRE;365;99;102;15419;9190;89794;0.33;15.3;0;NA;0;NA;NA;NA
2015-2016;L0.05_Pant5_CN_base_20260519;LONGEVAVRE;366;118;32;16247;23983;24792;0.35;12.6;0;NA;0;NA;NA;NA
2016-2017;L0.05_Pant5_CN_base_20260519;LONGEVAVRE;365;46;13;6812;-6410;50524;0.15;7.5;0;NA;0;NA;NA;NA
2017-2018;L0.05_Pant5_CN_base_20260519;LONGEVAVRE;365;0;266;14402;5345;54592;0.31;13.3;0;NA;0;NA;NA;NA
2018-2019;L0.05_Pant5_CN_base_20260519;LONGEVAVRE;365;0;344;9703;1014;9264;0.21;9.5;0;NA;0;NA;NA;NA
2019-2020;L0.05_Pant5_CN_base_20260519;LONGEVAVRE;366;0;63;9203;-4594;29437;0.2;9.4;0;NA;0;NA;NA;NA
2020-2021;L0.05_Pant5_CN_base_20260519;LONGEVAVRE;365;222;39;26526;30752;57026;0.57;17.9;0;NA;0;NA;NA;NA
2021-2022;L0.05_Pant5_CN_base_20260519;LONGEVAVRE;365;241;13;10357;-12311;71480;0.22;11.3;0;NA;0;NA;NA;NA
2022-2023;L0.05_Pant5_CN_base_20260519;LONGEVAVRE;365;0;240;5617;8360;34620;0.12;5.7;0;NA;0;NA;NA;NA
2023-2024;L0.05_Pant5_CN_base_20260519;LONGEVAVRE;366;231;58;31829;36445;101744;0.68;20.2;0;NA;0;NA;NA;NA
2024-2025;L0.05_Pant5_CN_base_20260519;LONGEVAVRE;365;73;46;15040;11781;65359;0.32;12.4;0;NA;0;NA;NA;NA
2010-2011;L0.05_Pant5_CN_base_20260519;NEUF DE BURLAT;365;42;246;5901;7345;23404;0.27;5.1;0;NA;0;NA;NA;NA
2011-2012;L0.05_Pant5_CN_base_20260519;NEUF DE BURLAT;366;0;227;5660;3749;3433;0.26;4.4;0;NA;0;NA;NA;NA
2012-2013;L0.05_Pant5_CN_base_20260519;NEUF DE BURLAT;365;29;96;9437;14866;23551;0.43;6.1;0;NA;0;NA;NA;NA
2013-2014;L0.05_Pant5_CN_base_20260519;NEUF DE BURLAT;365;0;38;8172;13804;21485;0.37;5.4;0;NA;0;NA;NA;NA
2014-2015;L0.05_Pant5_CN_base_20260519;NEUF DE BURLAT;365;48;150;11493;7251;25962;0.52;10.3;0;NA;0;NA;NA;NA
2015-2016;L0.05_Pant5_CN_base_20260519;NEUF DE BURLAT;366;0;264;12599;5719;18318;0.57;8.8;0;NA;0;NA;NA;NA
2016-2017;L0.05_Pant5_CN_base_20260519;NEUF DE BURLAT;365;0;365;4575;1351;4708;0.21;4.6;0;NA;0;NA;NA;NA
2017-2018;L0.05_Pant5_CN_base_20260519;NEUF DE BURLAT;365;0;143;6177;2259;8359;0.28;5.2;0;NA;0;NA;NA;NA
2018-2019;L0.05_Pant5_CN_base_20260519;NEUF DE BURLAT;365;0;297;4778;6646;9555;0.22;4.2;0;NA;0;NA;NA;NA
2019-2020;L0.05_Pant5_CN_base_20260519;NEUF DE BURLAT;366;0;292;6617;8031;17814;0.3;6.1;0;NA;0;NA;NA;NA
2020-2021;L0.05_Pant5_CN_base_20260519;NEUF DE BURLAT;365;33;192;22334;6656;13215;1.02;13.6;0;NA;0;NA;NA;NA
2021-2022;L0.05_Pant5_CN_base_20260519;NEUF DE BURLAT;365;85;246;6768;7789;30332;0.31;6.7;0;NA;0;NA;NA;NA
2022-2023;L0.05_Pant5_CN_base_20260519;NEUF DE BURLAT;365;0;317;3184;7519;9992;0.15;2.9;0;NA;0;NA;NA;NA
2023-2024;L0.05_Pant5_CN_base_20260519;NEUF DE BURLAT;366;63;95;24756;17169;33307;1.13;14.2;0;NA;0;NA;NA;NA
2024-2025;L0.05_Pant5_CN_base_20260519;NEUF DE BURLAT;365;71;92;10163;5522;23639;0.46;7.6;0;NA;0;NA;NA;NA
2010-2011;L0.05_Pant5_CN_base_20260519;ONDONNIERE;365;0;340;7201;9268;109193;0.1;25.2;0;NA;0;NA;NA;NA
2011-2012;L0.05_Pant5_CN_base_20260519;ONDONNIERE;366;0;94;2242;35763;3177;0.03;7;0;NA;0;NA;NA;NA
2012-2013;L0.05_Pant5_CN_base_20260519;ONDONNIERE;365;246;44;3717;57775;163550;0.05;9.7;0;NA;0;NA;NA;NA
2013-2014;L0.05_Pant5_CN_base_20260519;ONDONNIERE;365;188;30;3230;53171;71811;0.04;8.6;0;NA;0;NA;NA;NA
2014-2015;L0.05_Pant5_CN_base_20260519;ONDONNIERE;365;230;11;3878;-1631;138102;0.05;14.1;0;NA;0;NA;NA;NA
2015-2016;L0.05_Pant5_CN_base_20260519;ONDONNIERE;366;0;343;14855;10203;71983;0.21;42.1;0;NA;0;NA;NA;NA
2016-2017;L0.05_Pant5_CN_base_20260519;ONDONNIERE;365;187;61;1769;-7086;8314;0.02;7.1;0;NA;0;NA;NA;NA
2017-2018;L0.05_Pant5_CN_base_20260519;ONDONNIERE;365;188;74;2346;12037;70003;0.03;7.9;0;NA;0;NA;NA;NA
2018-2019;L0.05_Pant5_CN_base_20260519;ONDONNIERE;365;0;41;2017;-938;29925;0.03;7.2;0;NA;0;NA;NA;NA
2019-2020;L0.05_Pant5_CN_base_20260519;ONDONNIERE;366;168;33;2249;-7086;17256;0.03;8.4;0;NA;0;NA;NA;NA
2020-2021;L0.05_Pant5_CN_base_20260519;ONDONNIERE;365;0;345;25306;8608;114568;0.35;62.4;0;NA;0;NA;NA;NA
2021-2022;L0.05_Pant5_CN_base_20260519;ONDONNIERE;365;157;62;2701;-21764;39031;0.04;10.8;0;NA;0;NA;NA;NA
2022-2023;L0.05_Pant5_CN_base_20260519;ONDONNIERE;365;122;59;1349;2315;18936;0.02;5;0;NA;0;NA;NA;NA
2023-2024;L0.05_Pant5_CN_base_20260519;ONDONNIERE;366;238;26;8032;68443;165335;0.11;18.6;0;NA;0;NA;NA;NA
2024-2025;L0.05_Pant5_CN_base_20260519;ONDONNIERE;365;201;12;3713;22059;100431;0.05;11.2;0;NA;0;NA;NA;NA
2010-2011;L0.05_Pant5_CN_base_20260519;PARADIS;365;82;247;9247;24373;671447;0.15;6;0;NA;0;NA;NA;NA
2011-2012;L0.05_Pant5_CN_base_20260519;PARADIS;366;76;65;8999;25208;460101;0.15;5.3;0;NA;0;NA;NA;NA
2012-2013;L0.05_Pant5_CN_base_20260519;PARADIS;365;291;14;15305;47856;1255917;0.25;7.4;0;NA;0;NA;NA;NA
2013-2014;L0.05_Pant5_CN_base_20260519;PARADIS;365;98;248;17455;27981;753896;0.29;8.6;0;NA;0;NA;NA;NA
2014-2015;L0.05_Pant5_CN_base_20260519;PARADIS;365;149;137;25840;-25377;1222635;0.43;17.5;0;NA;0;NA;NA;NA
2015-2016;L0.05_Pant5_CN_base_20260519;PARADIS;366;95;13;17123;33043;649504;0.28;9;0;NA;0;NA;NA;NA
2016-2017;L0.05_Pant5_CN_base_20260519;PARADIS;365;80;231;6573;9564;632900;0.11;4.9;0;NA;0;NA;NA;NA
2017-2018;L0.05_Pant5_CN_base_20260519;PARADIS;365;124;37;9753;5405;387023;0.16;6.2;0;NA;0;NA;NA;NA
2018-2019;L0.05_Pant5_CN_base_20260519;PARADIS;365;85;248;11409;8954;271353;0.19;7.6;0;NA;0;NA;NA;NA
2019-2020;L0.05_Pant5_CN_base_20260519;PARADIS;366;0;310;13306;-9218;353641;0.22;9.3;0;NA;0;NA;NA;NA
2020-2021;L0.05_Pant5_CN_base_20260519;PARADIS;365;137;61;30293;51229;811507;0.5;13.9;0;NA;0;NA;NA;NA
2021-2022;L0.05_Pant5_CN_base_20260519;PARADIS;365;173;12;10772;-18924;664238;0.18;8;0;NA;0;NA;NA;NA
2022-2023;L0.05_Pant5_CN_base_20260519;PARADIS;365;76;98;5375;-724;494849;0.09;3.7;0;NA;0;NA;NA;NA
2023-2024;L0.05_Pant5_CN_base_20260519;PARADIS;366;218;64;36470;54378;940454;0.6;15.8;0;NA;0;NA;NA;NA
2024-2025;L0.05_Pant5_CN_base_20260519;PARADIS;365;192;14;15927;17756;1100576;0.26;8.9;0;NA;0;NA;NA;NA
2010-2011;L0.05_Pant5_CN_base_20260519;PETIT ETANG LA ROUE;365;59;85;14467;-2076;255804;0.47;4.5;0;NA;0;NA;NA;NA
2011-2012;L0.05_Pant5_CN_base_20260519;PETIT ETANG LA ROUE;366;157;25;12690;11194;103570;0.41;3.6;0;NA;0;NA;NA;NA
2012-2013;L0.05_Pant5_CN_base_20260519;PETIT ETANG LA ROUE;365;356;5;22237;20982;384676;0.72;5.2;0;NA;0;NA;NA;NA
2013-2014;L0.05_Pant5_CN_base_20260519;PETIT ETANG LA ROUE;365;333;6;19218;19622;229334;0.62;4.6;0;NA;0;NA;NA;NA
2014-2015;L0.05_Pant5_CN_base_20260519;PETIT ETANG LA ROUE;365;77;285;29088;7969;245376;0.94;9.4;0;NA;0;NA;NA;NA
2015-2016;L0.05_Pant5_CN_base_20260519;PETIT ETANG LA ROUE;366;226;85;27339;9010;154337;0.88;6.9;0;NA;0;NA;NA;NA
2016-2017;L0.05_Pant5_CN_base_20260519;PETIT ETANG LA ROUE;365;35;223;9216;680;266195;0.3;3.3;0;NA;0;NA;NA;NA
2017-2018;L0.05_Pant5_CN_base_20260519;PETIT ETANG LA ROUE;365;194;81;14325;2532;92963;0.46;4.3;0;NA;0;NA;NA;NA
2018-2019;L0.05_Pant5_CN_base_20260519;PETIT ETANG LA ROUE;365;159;7;11329;-1696;57219;0.37;3.6;0;NA;0;NA;NA;NA
2019-2020;L0.05_Pant5_CN_base_20260519;PETIT ETANG LA ROUE;366;77;286;15299;5862;178118;0.49;5.1;0;NA;0;NA;NA;NA
2020-2021;L0.05_Pant5_CN_base_20260519;PETIT ETANG LA ROUE;365;244;86;52450;14402;214665;1.69;11.5;0;NA;0;NA;NA;NA
2021-2022;L0.05_Pant5_CN_base_20260519;PETIT ETANG LA ROUE;365;262;3;16283;-8353;318429;0.53;5.8;0;NA;0;NA;NA;NA
2022-2023;L0.05_Pant5_CN_base_20260519;PETIT ETANG LA ROUE;365;230;6;7514;-413;93455;0.24;2.5;0;NA;0;NA;NA;NA
2023-2024;L0.05_Pant5_CN_base_20260519;PETIT ETANG LA ROUE;366;259;11;60846;22917;341588;1.96;12.6;0;NA;0;NA;NA;NA
2024-2025;L0.05_Pant5_CN_base_20260519;PETIT ETANG LA ROUE;365;207;5;24481;7787;351985;0.79;6.6;0;NA;0;NA;NA;NA
2010-2011;L0.05_Pant5_CN_base_20260519;PETIT RONZUEL;365;0;274;2649;32110;74120;0.03;5.1;0;NA;0;NA;NA;NA
2011-2012;L0.05_Pant5_CN_base_20260519;PETIT RONZUEL;366;0;120;2594;36840;13360;0.03;4.5;0;NA;0;NA;NA;NA
2012-2013;L0.05_Pant5_CN_base_20260519;PETIT RONZUEL;365;0;18;4459;64983;56689;0.05;6.3;0;NA;0;NA;NA;NA
2013-2014;L0.05_Pant5_CN_base_20260519;PETIT RONZUEL;365;0;287;10165;26675;80797;0.11;14.8;0;NA;0;NA;NA;NA
2014-2015;L0.05_Pant5_CN_base_20260519;PETIT RONZUEL;365;0;226;15556;1315;16870;0.16;30.9;0;NA;0;NA;NA;NA
2015-2016;L0.05_Pant5_CN_base_20260519;PETIT RONZUEL;366;0;98;5134;49784;27832;0.05;8;0;NA;0;NA;NA;NA
2016-2017;L0.05_Pant5_CN_base_20260519;PETIT RONZUEL;365;0;291;1877;27143;51525;0.02;4.1;0;NA;0;NA;NA;NA
2017-2018;L0.05_Pant5_CN_base_20260519;PETIT RONZUEL;365;0;140;2887;10177;11450;0.03;5.3;0;NA;0;NA;NA;NA
2018-2019;L0.05_Pant5_CN_base_20260519;PETIT RONZUEL;365;0;271;2306;18305;19190;0.02;4.5;0;NA;0;NA;NA;NA
2019-2020;L0.05_Pant5_CN_base_20260519;PETIT RONZUEL;366;0;343;5917;19831;33365;0.06;12.1;0;NA;0;NA;NA;NA
2020-2021;L0.05_Pant5_CN_base_20260519;PETIT RONZUEL;365;0;111;17076;44867;13382;0.18;23.1;0;NA;0;NA;NA;NA
2021-2022;L0.05_Pant5_CN_base_20260519;PETIT RONZUEL;365;0;156;3190;16451;68202;0.03;7;0;NA;0;NA;NA;NA
2022-2023;L0.05_Pant5_CN_base_20260519;PETIT RONZUEL;365;0;235;1532;20820;19811;0.02;3.1;0;NA;0;NA;NA;NA
2023-2024;L0.05_Pant5_CN_base_20260519;PETIT RONZUEL;366;0;76;11367;75609;55313;0.12;14.4;0;NA;0;NA;NA;NA
2024-2025;L0.05_Pant5_CN_base_20260519;PETIT RONZUEL;365;0;119;4769;27769;63773;0.05;7.9;0;NA;0;NA;NA;NA
2010-2011;L0.05_Pant5_CN_base_20260519;PLAT;365;4;21;6086;22120;214521;0.03;4;0;NA;0;NA;NA;NA
2011-2012;L0.05_Pant5_CN_base_20260519;PLAT;366;0;311;11191;5859;84687;0.05;6.5;0;NA;0;NA;NA;NA
2012-2013;L0.05_Pant5_CN_base_20260519;PLAT;365;0;88;12657;57380;76944;0.06;6.1;0;NA;0;NA;NA;NA
2013-2014;L0.05_Pant5_CN_base_20260519;PLAT;365;9;73;8971;74135;253211;0.04;4.4;0;NA;0;NA;NA;NA
2014-2015;L0.05_Pant5_CN_base_20260519;PLAT;365;2;159;13474;13363;223843;0.06;9.1;0;NA;0;NA;NA;NA
2015-2016;L0.05_Pant5_CN_base_20260519;PLAT;366;0;112;12290;62225;100196;0.06;6.5;0;NA;0;NA;NA;NA
2016-2017;L0.05_Pant5_CN_base_20260519;PLAT;365;0;308;6472;16571;117138;0.03;4.8;0;NA;0;NA;NA;NA
2017-2018;L0.05_Pant5_CN_base_20260519;PLAT;365;0;152;6828;12839;55288;0.03;4.3;0;NA;0;NA;NA;NA
2018-2019;L0.05_Pant5_CN_base_20260519;PLAT;365;0;365;5184;2674;40874;0.02;3.4;0;NA;0;NA;NA;NA
2019-2020;L0.05_Pant5_CN_base_20260519;PLAT;366;0;311;6858;18260;110949;0.03;4.8;0;NA;0;NA;NA;NA
2020-2021;L0.05_Pant5_CN_base_20260519;PLAT;365;0;83;23769;87250;93341;0.11;10.9;0;NA;0;NA;NA;NA
2021-2022;L0.05_Pant5_CN_base_20260519;PLAT;365;0;302;11378;20605;217206;0.05;8.4;0;NA;0;NA;NA;NA
2022-2023;L0.05_Pant5_CN_base_20260519;PLAT;365;0;365;4810;3396;42500;0.02;3.3;183;73258;3;11.2;0.4;-10.8
2023-2024;L0.05_Pant5_CN_base_20260519;PLAT;366;0;101;28882;92988;142021;0.14;12.5;366;76409;7;54.9;18.6;-36.3
2024-2025;L0.05_Pant5_CN_base_20260519;PLAT;365;11;19;11481;30178;288046;0.06;6.4;365;82813;10;35.7;10.2;-25.5
2010-2011;L0.05_Pant5_CN_base_20260519;POLLET;365;300;18;1033;25372;154264;0;3.9;0;NA;0;NA;NA;NA
2011-2012;L0.05_Pant5_CN_base_20260519;POLLET;366;30;13;999;46611;200330;0;3.4;0;NA;0;NA;NA;NA
2012-2013;L0.05_Pant5_CN_base_20260519;POLLET;365;0;327;11140;12704;232640;0.05;31.4;0;NA;0;NA;NA;NA
2013-2014;L0.05_Pant5_CN_base_20260519;POLLET;365;301;54;1827;70557;102418;0.01;5.3;0;NA;0;NA;NA;NA
2014-2015;L0.05_Pant5_CN_base_20260519;POLLET;365;281;11;2284;-2436;290644;0.01;9;0;NA;0;NA;NA;NA
2015-2016;L0.05_Pant5_CN_base_20260519;POLLET;366;0;15;2086;60686;175422;0.01;6.4;0;NA;0;NA;NA;NA
2016-2017;L0.05_Pant5_CN_base_20260519;POLLET;365;0;17;719;-16872;151543;0;3.1;0;NA;0;NA;NA;NA
2017-2018;L0.05_Pant5_CN_base_20260519;POLLET;365;0;331;8143;-3447;153196;0.04;29.9;0;NA;0;NA;NA;NA
2018-2019;L0.05_Pant5_CN_base_20260519;POLLET;365;0;58;929;11675;3268;0;3.6;0;NA;0;NA;NA;NA
2019-2020;L0.05_Pant5_CN_base_20260519;POLLET;366;0;25;1164;-11224;67768;0.01;4.7;0;NA;0;NA;NA;NA
2020-2021;L0.05_Pant5_CN_base_20260519;POLLET;365;0;21;4041;86076;101842;0.02;10.8;0;NA;0;NA;NA;NA
2021-2022;L0.05_Pant5_CN_base_20260519;POLLET;365;225;16;1288;-32168;205921;0.01;5.6;51;31457;0;NA;NA;NA
2022-2023;L0.05_Pant5_CN_base_20260519;POLLET;365;45;247;2537;33211;223600;0.01;10.2;180;62442;2;57.1;0;-57.1
2023-2024;L0.05_Pant5_CN_base_20260519;POLLET;366;119;52;7171;93392;72313;0.03;18.1;0;NA;0;NA;NA;NA
2024-2025;L0.05_Pant5_CN_base_20260519;POLLET;365;278;12;1949;32390;315281;0.01;6.4;154;7467;3;35.5;1.9;-33.6
2010-2011;L0.05_Pant5_CN_base_20260519;REMONDET NORD;365;7;328;37681;14793;115829;0.33;6.5;0;NA;0;NA;NA;NA
2011-2012;L0.05_Pant5_CN_base_20260519;REMONDET NORD;366;0;97;32799;50346;3028;0.29;5.1;0;NA;0;NA;NA;NA
2012-2013;L0.05_Pant5_CN_base_20260519;REMONDET NORD;365;139;32;55817;86504;135003;0.49;7.1;0;NA;0;NA;NA;NA
2013-2014;L0.05_Pant5_CN_base_20260519;REMONDET NORD;365;185;28;48608;77318;104819;0.43;6.3;0;NA;0;NA;NA;NA
2014-2015;L0.05_Pant5_CN_base_20260519;REMONDET NORD;365;73;26;64577;-334;144568;0.57;11.5;0;NA;0;NA;NA;NA
2015-2016;L0.05_Pant5_CN_base_20260519;REMONDET NORD;366;0;334;74868;16531;119617;0.66;10.4;0;NA;0;NA;NA;NA
2016-2017;L0.05_Pant5_CN_base_20260519;REMONDET NORD;365;0;141;25424;-7895;10472;0.22;5;0;NA;0;NA;NA;NA
2017-2018;L0.05_Pant5_CN_base_20260519;REMONDET NORD;365;84;100;36007;17460;10319;0.32;6;0;NA;0;NA;NA;NA
2018-2019;L0.05_Pant5_CN_base_20260519;REMONDET NORD;365;0;39;29138;193;41620;0.26;5.1;0;NA;0;NA;NA;NA
2019-2020;L0.05_Pant5_CN_base_20260519;REMONDET NORD;366;0;35;35318;-10599;47492;0.31;6.5;0;NA;0;NA;NA;NA
2020-2021;L0.05_Pant5_CN_base_20260519;REMONDET NORD;365;0;365;134483;14723;164347;1.18;16.3;0;NA;0;NA;NA;NA
2021-2022;L0.05_Pant5_CN_base_20260519;REMONDET NORD;365;0;134;42892;-23958;18934;0.38;8.4;0;NA;0;NA;NA;NA
2022-2023;L0.05_Pant5_CN_base_20260519;REMONDET NORD;365;0;199;19364;17666;32667;0.17;3.5;291;10078;3;15.4;2.3;-13.1
2023-2024;L0.05_Pant5_CN_base_20260519;REMONDET NORD;366;274;43;136321;103187;166698;1.19;15.6;366;20110;13;28.1;17.2;-10.9
2024-2025;L0.05_Pant5_CN_base_20260519;REMONDET NORD;365;273;0;58572;30796;104266;0.51;8.7;365;8924;9;30.7;11.7;-19
2010-2011;L0.05_Pant5_CN_base_20260519;REMONDET SUD;365;31;210;7004;43908;433447;0.04;4.5;0;NA;0;NA;NA;NA
2011-2012;L0.05_Pant5_CN_base_20260519;REMONDET SUD;366;22;72;6814;62141;209308;0.04;3.9;0;NA;0;NA;NA;NA
2012-2013;L0.05_Pant5_CN_base_20260519;REMONDET SUD;365;32;293;23657;37792;955291;0.14;11.3;0;NA;0;NA;NA;NA
2013-2014;L0.05_Pant5_CN_base_20260519;REMONDET SUD;365;201;115;14467;64302;488730;0.08;7;0;NA;0;NA;NA;NA
2014-2015;L0.05_Pant5_CN_base_20260519;REMONDET SUD;365;259;7;14816;-4634;943052;0.09;9.8;0;NA;0;NA;NA;NA
2015-2016;L0.05_Pant5_CN_base_20260519;REMONDET SUD;366;89;56;13840;80187;398781;0.08;7.2;0;NA;0;NA;NA;NA
2016-2017;L0.05_Pant5_CN_base_20260519;REMONDET SUD;365;31;161;4910;6959;390856;0.03;3.6;0;NA;0;NA;NA;NA
2017-2018;L0.05_Pant5_CN_base_20260519;REMONDET SUD;365;23;318;18168;308;244969;0.11;11.3;0;NA;0;NA;NA;NA
2018-2019;L0.05_Pant5_CN_base_20260519;REMONDET SUD;365;0;179;8156;8267;181050;0.05;5.3;0;NA;0;NA;NA;NA
2019-2020;L0.05_Pant5_CN_base_20260519;REMONDET SUD;366;171;34;7713;-17812;274109;0.05;5.3;0;NA;0;NA;NA;NA
2020-2021;L0.05_Pant5_CN_base_20260519;REMONDET SUD;365;145;32;26008;113867;633090;0.15;11.8;0;NA;0;NA;NA;NA
2021-2022;L0.05_Pant5_CN_base_20260519;REMONDET SUD;365;202;14;8565;-45355;362270;0.05;6.3;0;NA;0;NA;NA;NA
2022-2023;L0.05_Pant5_CN_base_20260519;REMONDET SUD;365;28;293;7192;19978;280091;0.04;4.9;0;NA;0;NA;NA;NA
2023-2024;L0.05_Pant5_CN_base_20260519;REMONDET SUD;366;195;90;53092;70106;708206;0.31;22.6;0;NA;0;NA;NA;NA
2024-2025;L0.05_Pant5_CN_base_20260519;REMONDET SUD;365;189;21;12892;42887;738793;0.08;7.1;0;NA;0;NA;NA;NA
2010-2011;L0.05_Pant5_CN_base_20260519;RIOUX;365;91;261;18954;17391;59552;0.37;4.8;0;NA;0;NA;NA;NA
2011-2012;L0.05_Pant5_CN_base_20260519;RIOUX;366;0;98;18841;18455;14347;0.37;4.2;0;NA;0;NA;NA;NA
2012-2013;L0.05_Pant5_CN_base_20260519;RIOUX;365;33;46;32572;34833;69251;0.63;6.1;0;NA;0;NA;NA;NA
2013-2014;L0.05_Pant5_CN_base_20260519;RIOUX;365;32;264;31405;13970;71819;0.61;6;0;NA;0;NA;NA;NA
2014-2015;L0.05_Pant5_CN_base_20260519;RIOUX;365;0;203;45014;-5108;39906;0.88;11.7;0;NA;0;NA;NA;NA
2015-2016;L0.05_Pant5_CN_base_20260519;RIOUX;366;59;46;37920;26348;29681;0.74;7.7;0;NA;0;NA;NA;NA
2016-2017;L0.05_Pant5_CN_base_20260519;RIOUX;365;42;263;13583;10940;56007;0.26;3.9;0;NA;0;NA;NA;NA
2017-2018;L0.05_Pant5_CN_base_20260519;RIOUX;365;0;124;21321;4473;13888;0.41;5.2;0;NA;0;NA;NA;NA
2018-2019;L0.05_Pant5_CN_base_20260519;RIOUX;365;0;275;18384;4581;37975;0.36;4.7;0;NA;0;NA;NA;NA
2019-2020;L0.05_Pant5_CN_base_20260519;RIOUX;366;0;317;23453;-3645;17964;0.46;6.3;0;NA;0;NA;NA;NA
2020-2021;L0.05_Pant5_CN_base_20260519;RIOUX;365;114;39;69861;37306;65087;1.36;12.4;0;NA;0;NA;NA;NA
2021-2022;L0.05_Pant5_CN_base_20260519;RIOUX;365;97;130;23360;6793;74077;0.45;6.7;0;NA;0;NA;NA;NA
2022-2023;L0.05_Pant5_CN_base_20260519;RIOUX;365;0;262;10990;9849;18896;0.21;2.9;0;NA;0;NA;NA;NA
2023-2024;L0.05_Pant5_CN_base_20260519;RIOUX;366;44;294;89912;30910;122765;1.75;15;0;NA;0;NA;NA;NA
2024-2025;L0.05_Pant5_CN_base_20260519;RIOUX;365;0;149;37477;-3215;20099;0.73;8.1;0;NA;0;NA;NA;NA
2010-2011;L0.05_Pant5_CN_base_20260519;ROUE RONZUEL;365;66;184;14244;16256;47956;0.34;6.4;0;NA;0;NA;NA;NA
2011-2012;L0.05_Pant5_CN_base_20260519;ROUE RONZUEL;366;1;99;14190;19817;10554;0.34;5.7;0;NA;0;NA;NA;NA
2012-2013;L0.05_Pant5_CN_base_20260519;ROUE RONZUEL;365;52;283;29379;11940;69706;0.71;9.8;0;NA;0;NA;NA;NA
2013-2014;L0.05_Pant5_CN_base_20260519;ROUE RONZUEL;365;20;115;22879;19704;10713;0.55;7.8;0;NA;0;NA;NA;NA
2014-2015;L0.05_Pant5_CN_base_20260519;ROUE RONZUEL;365;38;118;26706;10458;69033;0.64;12.5;0;NA;0;NA;NA;NA
2015-2016;L0.05_Pant5_CN_base_20260519;ROUE RONZUEL;366;73;66;26764;27756;28970;0.64;9.8;0;NA;0;NA;NA;NA
2016-2017;L0.05_Pant5_CN_base_20260519;ROUE RONZUEL;365;11;273;10308;13177;45924;0.25;5.3;0;NA;0;NA;NA;NA
2017-2018;L0.05_Pant5_CN_base_20260519;ROUE RONZUEL;365;0;365;20089;1679;24879;0.48;8.7;0;NA;0;NA;NA;NA
2018-2019;L0.05_Pant5_CN_base_20260519;ROUE RONZUEL;365;0;153;13606;1264;6487;0.33;6.3;0;NA;0;NA;NA;NA
2019-2020;L0.05_Pant5_CN_base_20260519;ROUE RONZUEL;366;0;118;14995;7467;28981;0.36;7.2;0;NA;0;NA;NA;NA
2020-2021;L0.05_Pant5_CN_base_20260519;ROUE RONZUEL;365;113;51;46426;39934;54621;1.12;14.8;0;NA;0;NA;NA;NA
2021-2022;L0.05_Pant5_CN_base_20260519;ROUE RONZUEL;365;58;101;16720;2303;52626;0.4;8.6;0;NA;0;NA;NA;NA
2022-2023;L0.05_Pant5_CN_base_20260519;ROUE RONZUEL;365;0;352;9940;9633;19574;0.24;4.7;0;NA;0;NA;NA;NA
2023-2024;L0.05_Pant5_CN_base_20260519;ROUE RONZUEL;366;111;91;66311;18418;60066;1.6;19.8;0;NA;0;NA;NA;NA
2024-2025;L0.05_Pant5_CN_base_20260519;ROUE RONZUEL;365;50;27;24715;13803;50046;0.6;9.6;154;11620;6;19.3;17.6;-1.6
2010-2011;L0.05_Pant5_CN_base_20260519;SALE;365;110;106;10186;21325;1057791;0.1;4.5;0;NA;0;NA;NA;NA
2011-2012;L0.05_Pant5_CN_base_20260519;SALE;366;98;230;13818;25138;687434;0.14;5.4;0;NA;0;NA;NA;NA
2012-2013;L0.05_Pant5_CN_base_20260519;SALE;365;129;157;22498;14902;1651771;0.22;7.3;0;NA;0;NA;NA;NA
2013-2014;L0.05_Pant5_CN_base_20260519;SALE;365;310;5;14920;63290;1226604;0.15;5;0;NA;0;NA;NA;NA
2014-2015;L0.05_Pant5_CN_base_20260519;SALE;365;260;1;21528;-2600;1720131;0.21;9.8;0;NA;0;NA;NA;NA
2015-2016;L0.05_Pant5_CN_base_20260519;SALE;366;218;28;20132;47213;945743;0.2;7.1;0;NA;0;NA;NA;NA
2016-2017;L0.05_Pant5_CN_base_20260519;SALE;365;105;229;8459;20943;994362;0.08;4.3;0;NA;0;NA;NA;NA
2017-2018;L0.05_Pant5_CN_base_20260519;SALE;365;96;142;13371;-15169;494066;0.13;5.7;0;NA;0;NA;NA;NA
2018-2019;L0.05_Pant5_CN_base_20260519;SALE;365;197;58;8759;-5157;396113;0.09;3.9;0;NA;0;NA;NA;NA
2019-2020;L0.05_Pant5_CN_base_20260519;SALE;366;146;63;11221;-10193;583872;0.11;5.3;0;NA;0;NA;NA;NA
2020-2021;L0.05_Pant5_CN_base_20260519;SALE;365;222;15;37881;66269;1336319;0.38;11.7;0;NA;0;NA;NA;NA
2021-2022;L0.05_Pant5_CN_base_20260519;SALE;365;136;139;12476;-26313;1122731;0.12;6.2;0;NA;0;NA;NA;NA
2022-2023;L0.05_Pant5_CN_base_20260519;SALE;365;75;110;5824;5761;584932;0.06;2.7;0;NA;0;NA;NA;NA
2023-2024;L0.05_Pant5_CN_base_20260519;SALE;366;242;7;46075;74074;1776073;0.46;13.4;0;NA;0;NA;NA;NA
2024-2025;L0.05_Pant5_CN_base_20260519;SALE;365;189;13;18756;25533;1420735;0.19;7.1;0;NA;0;NA;NA;NA
2010-2011;L0.05_Pant5_CN_base_20260519;TRIPOUX;365;220;78;54926;17844;346747;0.94;6.8;0;NA;0;NA;NA;NA
2011-2012;L0.05_Pant5_CN_base_20260519;TRIPOUX;366;151;116;56118;21189;145177;0.96;6.2;0;NA;0;NA;NA;NA
2012-2013;L0.05_Pant5_CN_base_20260519;TRIPOUX;365;0;257;97266;-5641;436366;1.67;8.9;0;NA;0;NA;NA;NA
2013-2014;L0.05_Pant5_CN_base_20260519;TRIPOUX;365;256;30;79284;38885;412932;1.36;7.4;0;NA;0;NA;NA;NA
2014-2015;L0.05_Pant5_CN_base_20260519;TRIPOUX;365;243;117;99935;30069;425507;1.71;12.8;0;NA;0;NA;NA;NA
2015-2016;L0.05_Pant5_CN_base_20260519;TRIPOUX;366;223;19;100348;29693;257828;1.72;10;0;NA;0;NA;NA;NA
2016-2017;L0.05_Pant5_CN_base_20260519;TRIPOUX;365;178;116;39856;12977;259839;0.68;5.7;0;NA;0;NA;NA;NA
2017-2018;L0.05_Pant5_CN_base_20260519;TRIPOUX;365;0;308;62250;-15879;160666;1.07;7.4;0;NA;0;NA;NA;NA
2018-2019;L0.05_Pant5_CN_base_20260519;TRIPOUX;365;157;89;48560;13953;162440;0.83;6.1;0;NA;0;NA;NA;NA
2019-2020;L0.05_Pant5_CN_base_20260519;TRIPOUX;366;223;117;56191;19046;171940;0.96;7.4;0;NA;0;NA;NA;NA
2020-2021;L0.05_Pant5_CN_base_20260519;TRIPOUX;365;269;30;172996;41015;472164;2.97;15;0;NA;0;NA;NA;NA
2021-2022;L0.05_Pant5_CN_base_20260519;TRIPOUX;365;243;93;63248;4213;385149;1.08;8.9;0;NA;0;NA;NA;NA
2022-2023;L0.05_Pant5_CN_base_20260519;TRIPOUX;365;156;138;33024;20861;133503;0.57;4.3;0;NA;0;NA;NA;NA
2023-2024;L0.05_Pant5_CN_base_20260519;TRIPOUX;366;0;359;226724;-7393;730611;3.89;18.5;0;NA;0;NA;NA;NA
2024-2025;L0.05_Pant5_CN_base_20260519;TRIPOUX;365;218;52;93070;16723;264343;1.6;9.9;0;NA;0;NA;NA;NA
2010-2011;L0.05_Pant5_CN_base_20260519;VIEUX;365;53;36;15737;8414;176363;0.36;7.1;0;NA;0;NA;NA;NA
2011-2012;L0.05_Pant5_CN_base_20260519;VIEUX;366;25;307;18956;451;248148;0.43;7.7;0;NA;0;NA;NA;NA
2012-2013;L0.05_Pant5_CN_base_20260519;VIEUX;365;259;69;26590;24640;247849;0.61;8.9;0;NA;0;NA;NA;NA
2013-2014;L0.05_Pant5_CN_base_20260519;VIEUX;365;51;306;27266;6179;171884;0.62;9.3;0;NA;0;NA;NA;NA
2014-2015;L0.05_Pant5_CN_base_20260519;VIEUX;365;219;64;30293;-3305;299334;0.69;14.1;0;NA;0;NA;NA;NA
2015-2016;L0.05_Pant5_CN_base_20260519;VIEUX;366;115;69;27973;21466;211479;0.64;10.2;0;NA;0;NA;NA;NA
2016-2017;L0.05_Pant5_CN_base_20260519;VIEUX;365;25;306;13263;2805;199290;0.3;6.9;0;NA;0;NA;NA;NA
2017-2018;L0.05_Pant5_CN_base_20260519;VIEUX;365;133;100;16203;6066;150073;0.37;7.1;0;NA;0;NA;NA;NA
2018-2019;L0.05_Pant5_CN_base_20260519;VIEUX;365;0;310;16569;-2986;42242;0.38;7.6;0;NA;0;NA;NA;NA
2019-2020;L0.05_Pant5_CN_base_20260519;VIEUX;366;0;133;17541;-5951;77693;0.4;8.4;0;NA;0;NA;NA;NA
2020-2021;L0.05_Pant5_CN_base_20260519;VIEUX;365;138;76;48023;31978;145619;1.1;15.3;0;NA;0;NA;NA;NA
2021-2022;L0.05_Pant5_CN_base_20260519;VIEUX;365;55;306;20446;6636;270891;0.47;10.5;0;NA;0;NA;NA;NA
2022-2023;L0.05_Pant5_CN_base_20260519;VIEUX;365;209;75;9354;-455;201212;0.21;4.5;0;NA;0;NA;NA;NA
2023-2024;L0.05_Pant5_CN_base_20260519;VIEUX;366;35;307;64876;11446;179923;1.48;19.4;0;NA;0;NA;NA;NA
2024-2025;L0.05_Pant5_CN_base_20260519;VIEUX;365;237;66;28494;295;318252;0.65;11;0;NA;0;NA;NA;NA
2010-2011;L0.05_Pant5_CN_base_20260519;VIEUX BURLAT;365;26;277;5154;6097;47062;0.23;8.4;0;NA;0;NA;NA;NA
2011-2012;L0.05_Pant5_CN_base_20260519;VIEUX BURLAT;366;0;120;4403;7445;3419;0.19;6.4;0;NA;0;NA;NA;NA
2012-2013;L0.05_Pant5_CN_base_20260519;VIEUX BURLAT;365;253;29;7140;15473;40198;0.31;8.6;0;NA;0;NA;NA;NA
2013-2014;L0.05_Pant5_CN_base_20260519;VIEUX BURLAT;365;301;29;6162;14545;38241;0.27;7.6;0;NA;0;NA;NA;NA
2014-2015;L0.05_Pant5_CN_base_20260519;VIEUX BURLAT;365;262;29;7690;-619;45733;0.34;12.9;0;NA;0;NA;NA;NA
2015-2016;L0.05_Pant5_CN_base_20260519;VIEUX BURLAT;366;0;279;10018;4530;41948;0.44;13.1;0;NA;0;NA;NA;NA
2016-2017;L0.05_Pant5_CN_base_20260519;VIEUX BURLAT;365;0;365;4070;309;7831;0.18;7.6;0;NA;0;NA;NA;NA
2017-2018;L0.05_Pant5_CN_base_20260519;VIEUX BURLAT;365;91;117;4478;2025;5539;0.2;7;0;NA;0;NA;NA;NA
2018-2019;L0.05_Pant5_CN_base_20260519;VIEUX BURLAT;365;0;30;3836;-1254;15078;0.17;6.3;0;NA;0;NA;NA;NA
2019-2020;L0.05_Pant5_CN_base_20260519;VIEUX BURLAT;366;64;30;4338;-2407;18989;0.19;7.5;0;NA;0;NA;NA;NA
2020-2021;L0.05_Pant5_CN_base_20260519;VIEUX BURLAT;365;55;277;17482;4315;43405;0.77;19.9;0;NA;0;NA;NA;NA
2021-2022;L0.05_Pant5_CN_base_20260519;VIEUX BURLAT;365;143;97;6040;-9935;19394;0.26;11.1;0;NA;0;NA;NA;NA
2022-2023;L0.05_Pant5_CN_base_20260519;VIEUX BURLAT;365;0;278;3254;3222;23511;0.14;5.6;0;NA;0;NA;NA;NA
2023-2024;L0.05_Pant5_CN_base_20260519;VIEUX BURLAT;366;215;91;20328;7219;44890;0.89;21.8;0;NA;0;NA;NA;NA
2024-2025;L0.05_Pant5_CN_base_20260519;VIEUX BURLAT;365;242;29;7229;5758;39315;0.32;10.1;0;NA;0;NA;NA;NA
2010-2011;L0.05_Pant5_CN_modif_20260519;BIETONNAY;365;83;96;30934;24758;138353;0.28;10.5;0;NA;0;NA;NA;NA
2011-2012;L0.05_Pant5_CN_modif_20260519;BIETONNAY;366;0;76;30981;46184;39145;0.28;9.4;0;NA;0;NA;NA;NA
2012-2013;L0.05_Pant5_CN_modif_20260519;BIETONNAY;365;163;17;50284;86893;183347;0.46;12.6;0;NA;0;NA;NA;NA
2013-2014;L0.05_Pant5_CN_modif_20260519;BIETONNAY;365;66;264;60841;34849;197829;0.55;15.6;0;NA;0;NA;NA;NA
2014-2015;L0.05_Pant5_CN_modif_20260519;BIETONNAY;365;0;160;68233;-33483;87217;0.62;23.9;0;NA;0;NA;NA;NA
2015-2016;L0.05_Pant5_CN_modif_20260519;BIETONNAY;366;99;43;52426;66456;76413;0.48;14.3;0;NA;0;NA;NA;NA
2016-2017;L0.05_Pant5_CN_modif_20260519;BIETONNAY;365;35;97;22833;2578;124176;0.21;8.9;0;NA;0;NA;NA;NA
2017-2018;L0.05_Pant5_CN_modif_20260519;BIETONNAY;365;0;124;31871;10401;33887;0.29;10.4;0;NA;0;NA;NA;NA
2018-2019;L0.05_Pant5_CN_modif_20260519;BIETONNAY;365;0;320;38808;12031;95645;0.35;13.4;0;NA;0;NA;NA;NA
2019-2020;L0.05_Pant5_CN_modif_20260519;BIETONNAY;366;0;172;39894;-28477;36963;0.36;14.4;0;NA;0;NA;NA;NA
2020-2021;L0.05_Pant5_CN_modif_20260519;BIETONNAY;365;114;51;83115;93252;158469;0.76;19.8;0;NA;0;NA;NA;NA
2021-2022;L0.05_Pant5_CN_modif_20260519;BIETONNAY;365;82;125;33673;16490;163126;0.31;13;0;NA;0;NA;NA;NA
2022-2023;L0.05_Pant5_CN_modif_20260519;BIETONNAY;365;0;158;18979;11346;44603;0.17;6.8;0;NA;0;NA;NA;NA
2023-2024;L0.05_Pant5_CN_modif_20260519;BIETONNAY;366;36;289;119443;76447;275572;1.09;26.7;0;NA;0;NA;NA;NA
2024-2025;L0.05_Pant5_CN_modif_20260519;BIETONNAY;365;2;148;59373;-9645;47520;0.54;17.2;0;NA;0;NA;NA;NA
2010-2011;L0.05_Pant5_CN_modif_20260519;CARRONNIER;365;79;170;12992;7383;66406;0.22;6.8;0;NA;0;NA;NA;NA
2011-2012;L0.05_Pant5_CN_modif_20260519;CARRONNIER;366;22;40;12764;14020;19990;0.22;5.9;0;NA;0;NA;NA;NA
2012-2013;L0.05_Pant5_CN_modif_20260519;CARRONNIER;365;60;43;21539;26432;86461;0.37;8.3;0;NA;0;NA;NA;NA
2013-2014;L0.05_Pant5_CN_modif_20260519;CARRONNIER;365;24;277;22062;10815;91131;0.38;8.7;0;NA;0;NA;NA;NA
2014-2015;L0.05_Pant5_CN_modif_20260519;CARRONNIER;365;0;137;28407;-11372;40008;0.49;15.3;0;NA;0;NA;NA;NA
2015-2016;L0.05_Pant5_CN_modif_20260519;CARRONNIER;366;102;44;23735;18476;40874;0.41;10;0;NA;0;NA;NA;NA
2016-2017;L0.05_Pant5_CN_modif_20260519;CARRONNIER;365;84;272;9347;-560;67048;0.16;5.6;0;NA;0;NA;NA;NA
2017-2018;L0.05_Pant5_CN_modif_20260519;CARRONNIER;365;0;124;13706;3171;9876;0.23;6.9;0;NA;0;NA;NA;NA
2018-2019;L0.05_Pant5_CN_modif_20260519;CARRONNIER;365;0;279;13681;1063;60390;0.23;7.3;0;NA;0;NA;NA;NA
2019-2020;L0.05_Pant5_CN_modif_20260519;CARRONNIER;366;0;227;15093;-8524;21956;0.26;8.4;0;NA;0;NA;NA;NA
2020-2021;L0.05_Pant5_CN_modif_20260519;CARRONNIER;365;114;51;40962;28283;63392;0.7;15;0;NA;0;NA;NA;NA
2021-2022;L0.05_Pant5_CN_modif_20260519;CARRONNIER;365;85;13;14977;-10496;74398;0.26;8.9;51;9536;0;NA;NA;NA
2022-2023;L0.05_Pant5_CN_modif_20260519;CARRONNIER;365;0;213;7629;7223;34927;0.13;4.2;365;9920;8;17.7;1.5;-16.3
2023-2024;L0.05_Pant5_CN_modif_20260519;CARRONNIER;366;311;49;49396;30127;95791;0.85;17;366;13085;22;32.8;18.2;-14.5
2024-2025;L0.05_Pant5_CN_modif_20260519;CARRONNIER;365;110;48;22020;9835;72620;0.38;9.8;365;20711;11;32.4;7.9;-24.6
2010-2011;L0.05_Pant5_CN_modif_20260519;CHANTEMERLE;365;0;365;16268;671;12977;0.47;9.9;0;NA;0;NA;NA;NA
2011-2012;L0.05_Pant5_CN_modif_20260519;CHANTEMERLE;366;0;174;14007;12373;15563;0.4;7.6;0;NA;0;NA;NA;NA
2012-2013;L0.05_Pant5_CN_modif_20260519;CHANTEMERLE;365;46;68;23186;23440;45087;0.67;10.4;0;NA;0;NA;NA;NA
2013-2014;L0.05_Pant5_CN_modif_20260519;CHANTEMERLE;365;48;245;23020;13734;53073;0.66;10.6;0;NA;0;NA;NA;NA
2014-2015;L0.05_Pant5_CN_modif_20260519;CHANTEMERLE;365;0;229;28682;-3166;25516;0.83;18;0;NA;0;NA;NA;NA
2015-2016;L0.05_Pant5_CN_modif_20260519;CHANTEMERLE;366;52;27;24915;17663;20254;0.72;12.2;0;NA;0;NA;NA;NA
2016-2017;L0.05_Pant5_CN_modif_20260519;CHANTEMERLE;365;51;242;10258;7014;37395;0.3;7.2;0;NA;0;NA;NA;NA
2017-2018;L0.05_Pant5_CN_modif_20260519;CHANTEMERLE;365;0;349;18182;6225;26607;0.52;10.6;0;NA;0;NA;NA;NA
2018-2019;L0.05_Pant5_CN_modif_20260519;CHANTEMERLE;365;0;340;13477;-140;6582;0.39;8.3;0;NA;0;NA;NA;NA
2019-2020;L0.05_Pant5_CN_modif_20260519;CHANTEMERLE;366;0;274;14098;10706;30221;0.41;9.1;0;NA;0;NA;NA;NA
2020-2021;L0.05_Pant5_CN_modif_20260519;CHANTEMERLE;365;62;68;40959;25212;37890;1.18;17.5;0;NA;0;NA;NA;NA
2021-2022;L0.05_Pant5_CN_modif_20260519;CHANTEMERLE;365;116;245;16781;12497;58899;0.48;11.6;0;NA;0;NA;NA;NA
2022-2023;L0.05_Pant5_CN_modif_20260519;CHANTEMERLE;365;0;365;9404;-1308;6690;0.27;6;0;NA;0;NA;NA;NA
2023-2024;L0.05_Pant5_CN_modif_20260519;CHANTEMERLE;366;62;278;54134;21239;76778;1.56;21.7;0;NA;0;NA;NA;NA
2024-2025;L0.05_Pant5_CN_modif_20260519;CHANTEMERLE;365;0;365;29099;4;29103;0.84;15.1;0;NA;0;NA;NA;NA
2010-2011;L0.05_Pant5_CN_modif_20260519;CORVEYZIEUX;365;280;77;18982;-808;232585;0.09;8.9;0;NA;0;NA;NA;NA
2011-2012;L0.05_Pant5_CN_modif_20260519;CORVEYZIEUX;366;61;10;13969;38253;273394;0.06;5.9;0;NA;0;NA;NA;NA
2012-2013;L0.05_Pant5_CN_modif_20260519;CORVEYZIEUX;365;280;10;23650;72299;606636;0.11;8.3;0;NA;0;NA;NA;NA
2013-2014;L0.05_Pant5_CN_modif_20260519;CORVEYZIEUX;365;341;7;20433;67194;470642;0.09;7.3;0;NA;0;NA;NA;NA
2014-2015;L0.05_Pant5_CN_modif_20260519;CORVEYZIEUX;365;61;294;29359;26823;676034;0.14;14.3;0;NA;0;NA;NA;NA
2015-2016;L0.05_Pant5_CN_modif_20260519;CORVEYZIEUX;366;149;80;31965;34219;154547;0.15;12.2;0;NA;0;NA;NA;NA
2016-2017;L0.05_Pant5_CN_modif_20260519;CORVEYZIEUX;365;278;6;10264;-14859;367161;0.05;5.6;0;NA;0;NA;NA;NA
2017-2018;L0.05_Pant5_CN_modif_20260519;CORVEYZIEUX;365;120;13;15002;8434;160259;0.07;6.8;0;NA;0;NA;NA;NA
2018-2019;L0.05_Pant5_CN_modif_20260519;CORVEYZIEUX;365;0;13;12548;-5506;181233;0.06;6;0;NA;0;NA;NA;NA
2019-2020;L0.05_Pant5_CN_modif_20260519;CORVEYZIEUX;366;0;298;19011;19248;425116;0.09;9.6;0;NA;0;NA;NA;NA
2020-2021;L0.05_Pant5_CN_modif_20260519;CORVEYZIEUX;365;114;80;54619;50580;239809;0.25;18.1;0;NA;0;NA;NA;NA
2021-2022;L0.05_Pant5_CN_modif_20260519;CORVEYZIEUX;365;307;6;16435;-28706;552738;0.08;8.8;51;30638;0;NA;NA;NA
2022-2023;L0.05_Pant5_CN_modif_20260519;CORVEYZIEUX;365;0;12;8336;-1083;212478;0.04;4.2;365;39201;5;24.5;1.4;-23
2023-2024;L0.05_Pant5_CN_modif_20260519;CORVEYZIEUX;366;138;8;54356;78644;561740;0.25;17;366;62783;8;37.7;20.1;-17.6
2024-2025;L0.05_Pant5_CN_modif_20260519;CORVEYZIEUX;365;329;6;24135;26867;555782;0.11;9.8;365;38808;5;47.1;6.3;-40.8
2010-2011;L0.05_Pant5_CN_modif_20260519;FOUR;365;0;314;10953;11815;160239;0.12;8.4;0;NA;0;NA;NA;NA
2011-2012;L0.05_Pant5_CN_modif_20260519;FOUR;366;0;84;7722;30109;4044;0.09;5.3;0;NA;0;NA;NA;NA
2012-2013;L0.05_Pant5_CN_modif_20260519;FOUR;365;284;10;12907;56650;180827;0.15;7.4;0;NA;0;NA;NA;NA
2013-2014;L0.05_Pant5_CN_modif_20260519;FOUR;365;311;16;11133;52816;147470;0.13;6.5;0;NA;0;NA;NA;NA
2014-2015;L0.05_Pant5_CN_modif_20260519;FOUR;365;271;8;14633;-1760;128393;0.17;11.6;0;NA;0;NA;NA;NA
2015-2016;L0.05_Pant5_CN_modif_20260519;FOUR;366;0;316;21793;14737;130386;0.25;13.6;0;NA;0;NA;NA;NA
2016-2017;L0.05_Pant5_CN_modif_20260519;FOUR;365;209;62;6861;-17018;22805;0.08;6.1;0;NA;0;NA;NA;NA
2017-2018;L0.05_Pant5_CN_modif_20260519;FOUR;365;28;35;8182;7780;55857;0.09;6.1;0;NA;0;NA;NA;NA
2018-2019;L0.05_Pant5_CN_modif_20260519;FOUR;365;123;37;6789;-3373;32853;0.08;5.3;0;NA;0;NA;NA;NA
2019-2020;L0.05_Pant5_CN_modif_20260519;FOUR;366;14;37;8022;-8622;105005;0.09;6.6;0;NA;0;NA;NA;NA
2020-2021;L0.05_Pant5_CN_modif_20260519;FOUR;365;0;350;39122;21308;148942;0.44;21.2;0;NA;0;NA;NA;NA
2021-2022;L0.05_Pant5_CN_modif_20260519;FOUR;365;181;61;11520;-28924;56318;0.13;10.1;51;11001;0;NA;NA;NA
2022-2023;L0.05_Pant5_CN_modif_20260519;FOUR;365;0;22;4494;569;38362;0.05;3.7;365;20014;7;20.4;0.4;-20
2023-2024;L0.05_Pant5_CN_modif_20260519;FOUR;366;233;17;30869;61867;187034;0.35;15.7;81;21459;3;39.3;13.8;-25.5
2024-2025;L0.05_Pant5_CN_modif_20260519;FOUR;365;47;311;20189;21196;215946;0.23;13.3;0;NA;0;NA;NA;NA
2010-2011;L0.05_Pant5_CN_modif_20260519;FRENE;365;324;2;23928;5169;232535;0.87;10.5;0;NA;0;NA;NA;NA
2011-2012;L0.05_Pant5_CN_modif_20260519;FRENE;366;358;2;23975;9775;94069;0.88;9.4;0;NA;0;NA;NA;NA
2012-2013;L0.05_Pant5_CN_modif_20260519;FRENE;365;357;2;38870;18518;305723;1.42;12.6;0;NA;0;NA;NA;NA
2013-2014;L0.05_Pant5_CN_modif_20260519;FRENE;365;353;5;34031;17220;217610;1.24;11.3;0;NA;0;NA;NA;NA
2014-2015;L0.05_Pant5_CN_modif_20260519;FRENE;365;282;6;37543;-743;132519;1.37;17;0;NA;0;NA;NA;NA
2015-2016;L0.05_Pant5_CN_modif_20260519;FRENE;366;334;2;40558;12829;125875;1.48;14.4;0;NA;0;NA;NA;NA
2016-2017;L0.05_Pant5_CN_modif_20260519;FRENE;365;254;2;17650;-3840;212364;0.64;8.9;0;NA;0;NA;NA;NA
2017-2018;L0.05_Pant5_CN_modif_20260519;FRENE;365;237;10;24664;2135;82957;0.9;10.4;0;NA;0;NA;NA;NA
2018-2019;L0.05_Pant5_CN_modif_20260519;FRENE;365;269;9;21569;-1491;70714;0.79;9.6;0;NA;0;NA;NA;NA
2019-2020;L0.05_Pant5_CN_modif_20260519;FRENE;366;60;303;25069;3902;109787;0.92;11.7;0;NA;0;NA;NA;NA
2020-2021;L0.05_Pant5_CN_modif_20260519;FRENE;365;297;65;67324;12762;144348;2.46;20.8;0;NA;0;NA;NA;NA
2021-2022;L0.05_Pant5_CN_modif_20260519;FRENE;365;278;2;26033;-7388;269025;0.95;13;0;NA;0;NA;NA;NA
2022-2023;L0.05_Pant5_CN_modif_20260519;FRENE;365;293;8;14692;-212;87997;0.54;6.8;0;NA;0;NA;NA;NA
2023-2024;L0.05_Pant5_CN_modif_20260519;FRENE;366;324;8;76732;20156;232441;2.8;22.3;0;NA;0;NA;NA;NA
2024-2025;L0.05_Pant5_CN_modif_20260519;FRENE;365;44;302;41211;6704;290079;1.51;15.5;0;NA;0;NA;NA;NA
2010-2011;L0.05_Pant5_CN_modif_20260519;GRAND ETANG LA ROUE;365;24;279;26279;19198;93007;0.3;6.5;0;NA;0;NA;NA;NA
2011-2012;L0.05_Pant5_CN_modif_20260519;GRAND ETANG LA ROUE;366;0;121;24046;23368;4797;0.28;5.3;0;NA;0;NA;NA;NA
2012-2013;L0.05_Pant5_CN_modif_20260519;GRAND ETANG LA ROUE;365;5;46;40222;48566;89989;0.47;7.4;0;NA;0;NA;NA;NA
2013-2014;L0.05_Pant5_CN_modif_20260519;GRAND ETANG LA ROUE;365;2;33;34891;45735;74155;0.4;6.6;0;NA;0;NA;NA;NA
2014-2015;L0.05_Pant5_CN_modif_20260519;GRAND ETANG LA ROUE;365;30;118;45754;11894;105536;0.53;11.7;0;NA;0;NA;NA;NA
2015-2016;L0.05_Pant5_CN_modif_20260519;GRAND ETANG LA ROUE;366;0;301;51185;17346;68531;0.59;10.3;0;NA;0;NA;NA;NA
2016-2017;L0.05_Pant5_CN_modif_20260519;GRAND ETANG LA ROUE;365;0;365;19819;-53;15451;0.23;5.6;0;NA;0;NA;NA;NA
2017-2018;L0.05_Pant5_CN_modif_20260519;GRAND ETANG LA ROUE;365;0;124;25577;6739;11245;0.3;6.1;0;NA;0;NA;NA;NA
2018-2019;L0.05_Pant5_CN_modif_20260519;GRAND ETANG LA ROUE;365;0;183;21243;1434;35143;0.25;5.4;0;NA;0;NA;NA;NA
2019-2020;L0.05_Pant5_CN_modif_20260519;GRAND ETANG LA ROUE;366;0;243;25059;12078;47459;0.29;6.6;0;NA;0;NA;NA;NA
2020-2021;L0.05_Pant5_CN_modif_20260519;GRAND ETANG LA ROUE;365;63;57;79573;52254;58330;0.92;13.9;0;NA;0;NA;NA;NA
2021-2022;L0.05_Pant5_CN_modif_20260519;GRAND ETANG LA ROUE;365;80;278;31656;12001;119753;0.37;8.9;0;NA;0;NA;NA;NA
2022-2023;L0.05_Pant5_CN_modif_20260519;GRAND ETANG LA ROUE;365;0;365;17249;55;17304;0.2;4.5;0;NA;0;NA;NA;NA
2023-2024;L0.05_Pant5_CN_modif_20260519;GRAND ETANG LA ROUE;366;77;102;108553;22658;73437;1.26;17.8;0;NA;0;NA;NA;NA
2024-2025;L0.05_Pant5_CN_modif_20260519;GRAND ETANG LA ROUE;365;44;61;41806;18123;94917;0.48;8.9;154;32464;6;35.8;17.4;-18.4
2010-2011;L0.05_Pant5_CN_modif_20260519;GRAND RONZUEL;365;0;21;8957;29364;208000;0.06;7.2;0;NA;0;NA;NA;NA
2011-2012;L0.05_Pant5_CN_modif_20260519;GRAND RONZUEL;366;0;55;9010;57096;59910;0.06;6.4;0;NA;0;NA;NA;NA
2012-2013;L0.05_Pant5_CN_modif_20260519;GRAND RONZUEL;365;0;294;28946;50060;247755;0.19;17.1;0;NA;0;NA;NA;NA
2013-2014;L0.05_Pant5_CN_modif_20260519;GRAND RONZUEL;365;0;365;33604;884;166669;0.22;20.3;0;NA;0;NA;NA;NA
2014-2015;L0.05_Pant5_CN_modif_20260519;GRAND RONZUEL;365;0;160;36014;-26769;81411;0.24;29.7;0;NA;0;NA;NA;NA
2015-2016;L0.05_Pant5_CN_modif_20260519;GRAND RONZUEL;366;50;69;16627;80327;81059;0.11;10.7;0;NA;0;NA;NA;NA
2016-2017;L0.05_Pant5_CN_modif_20260519;GRAND RONZUEL;365;0;290;6571;38762;196465;0.04;6;0;NA;0;NA;NA;NA
2017-2018;L0.05_Pant5_CN_modif_20260519;GRAND RONZUEL;365;0;365;24397;6082;55408;0.16;18.8;0;NA;0;NA;NA;NA
2018-2019;L0.05_Pant5_CN_modif_20260519;GRAND RONZUEL;365;0;365;20516;1031;58997;0.14;16.7;0;NA;0;NA;NA;NA
2019-2020;L0.05_Pant5_CN_modif_20260519;GRAND RONZUEL;366;0;159;16867;-16430;54872;0.11;14.4;0;NA;0;NA;NA;NA
2020-2021;L0.05_Pant5_CN_modif_20260519;GRAND RONZUEL;365;62;62;28177;114453;88235;0.19;15.8;0;NA;0;NA;NA;NA
2021-2022;L0.05_Pant5_CN_modif_20260519;GRAND RONZUEL;365;67;131;10426;4701;240441;0.07;9.5;51;80339;0;NA;NA;NA
2022-2023;L0.05_Pant5_CN_modif_20260519;GRAND RONZUEL;365;0;365;10325;28420;85589;0.07;8.7;179;31511;1;1.2;0;-1.1
2023-2024;L0.05_Pant5_CN_modif_20260519;GRAND RONZUEL;366;88;100;64732;53008;130342;0.43;34.2;0;NA;0;NA;NA;NA
2024-2025;L0.05_Pant5_CN_modif_20260519;GRAND RONZUEL;365;30;18;15314;38803;221269;0.1;10.5;0;NA;0;NA;NA;NA
2010-2011;L0.05_Pant5_CN_modif_20260519;GRANGES;365;111;191;18952;7131;36230;0.93;8.9;0;NA;0;NA;NA;NA
2011-2012;L0.05_Pant5_CN_modif_20260519;GRANGES;366;41;33;18866;8451;14750;0.93;7.9;0;NA;0;NA;NA;NA
2012-2013;L0.05_Pant5_CN_modif_20260519;GRANGES;365;112;246;33294;11257;61481;1.64;11.6;0;NA;0;NA;NA;NA
2013-2014;L0.05_Pant5_CN_modif_20260519;GRANGES;365;42;140;28817;5517;16391;1.42;10.2;0;NA;0;NA;NA;NA
2014-2015;L0.05_Pant5_CN_modif_20260519;GRANGES;365;100;77;31372;3153;52468;1.55;15.2;0;NA;0;NA;NA;NA
2015-2016;L0.05_Pant5_CN_modif_20260519;GRANGES;366;153;22;33077;12067;31565;1.63;12.5;0;NA;0;NA;NA;NA
2016-2017;L0.05_Pant5_CN_modif_20260519;GRANGES;365;75;246;14617;4824;33020;0.72;7.9;0;NA;0;NA;NA;NA
2017-2018;L0.05_Pant5_CN_modif_20260519;GRANGES;365;117;124;20160;-2062;8131;0.99;9.1;0;NA;0;NA;NA;NA
2018-2019;L0.05_Pant5_CN_modif_20260519;GRANGES;365;10;154;16960;589;20001;0.84;8.1;0;NA;0;NA;NA;NA
2019-2020;L0.05_Pant5_CN_modif_20260519;GRANGES;366;68;185;18731;5025;30083;0.92;9.4;0;NA;0;NA;NA;NA
2020-2021;L0.05_Pant5_CN_modif_20260519;GRANGES;365;86;272;58606;10283;70077;2.89;19.3;0;NA;0;NA;NA;NA
2021-2022;L0.05_Pant5_CN_modif_20260519;GRANGES;365;0;344;23291;-2841;20450;1.15;12.4;0;NA;0;NA;NA;NA
2022-2023;L0.05_Pant5_CN_modif_20260519;GRANGES;365;0;311;12296;7417;19713;0.61;6.1;0;NA;0;NA;NA;NA
2023-2024;L0.05_Pant5_CN_modif_20260519;GRANGES;366;0;366;74145;102;74247;3.66;23;0;NA;0;NA;NA;NA
2024-2025;L0.05_Pant5_CN_modif_20260519;GRANGES;365;0;365;34946;3;34948;1.72;14;0;NA;0;NA;NA;NA
2010-2011;L0.05_Pant5_CN_modif_20260519;LECHERE;365;1;152;8125;5355;24055;0.32;9.3;0;NA;0;NA;NA;NA
2011-2012;L0.05_Pant5_CN_modif_20260519;LECHERE;366;0;120;7998;9554;6745;0.32;8.2;0;NA;0;NA;NA;NA
2012-2013;L0.05_Pant5_CN_modif_20260519;LECHERE;365;0;303;17211;4418;34884;0.68;14.6;0;NA;0;NA;NA;NA
2013-2014;L0.05_Pant5_CN_modif_20260519;LECHERE;365;0;109;12218;11704;6445;0.48;10.6;0;NA;0;NA;NA;NA
2014-2015;L0.05_Pant5_CN_modif_20260519;LECHERE;365;22;60;13079;802;31359;0.52;15.5;0;NA;0;NA;NA;NA
2015-2016;L0.05_Pant5_CN_modif_20260519;LECHERE;366;40;82;13829;13569;12483;0.55;12.8;0;NA;0;NA;NA;NA
2016-2017;L0.05_Pant5_CN_modif_20260519;LECHERE;365;0;167;5932;2505;21809;0.23;7.8;0;NA;0;NA;NA;NA
2017-2018;L0.05_Pant5_CN_modif_20260519;LECHERE;365;0;365;11252;-385;12410;0.44;12.4;0;NA;0;NA;NA;NA
2018-2019;L0.05_Pant5_CN_modif_20260519;LECHERE;365;0;134;7794;1010;4628;0.31;9.1;0;NA;0;NA;NA;NA
2019-2020;L0.05_Pant5_CN_modif_20260519;LECHERE;366;0;147;7838;2978;14062;0.31;9.6;0;NA;0;NA;NA;NA
2020-2021;L0.05_Pant5_CN_modif_20260519;LECHERE;365;82;78;22501;18879;20840;0.89;18.1;0;NA;0;NA;NA;NA
2021-2022;L0.05_Pant5_CN_modif_20260519;LECHERE;365;60;155;8911;1867;32247;0.35;11.6;0;NA;0;NA;NA;NA
2022-2023;L0.05_Pant5_CN_modif_20260519;LECHERE;365;0;365;6397;2781;9178;0.25;7.7;0;NA;0;NA;NA;NA
2023-2024;L0.05_Pant5_CN_modif_20260519;LECHERE;366;118;90;32147;11144;26177;1.27;24.4;0;NA;0;NA;NA;NA
2024-2025;L0.05_Pant5_CN_modif_20260519;LECHERE;365;31;57;12872;6724;30541;0.51;12.6;0;NA;0;NA;NA;NA
2010-2011;L0.05_Pant5_CN_modif_20260519;LECHERE DU FRAYET;365;0;279;5994;13989;44347;0.12;8.7;0;NA;0;NA;NA;NA
2011-2012;L0.05_Pant5_CN_modif_20260519;LECHERE DU FRAYET;366;0;120;4735;17010;3078;0.09;6.2;0;NA;0;NA;NA;NA
2012-2013;L0.05_Pant5_CN_modif_20260519;LECHERE DU FRAYET;365;0;46;7427;35352;42864;0.14;8;0;NA;0;NA;NA;NA
2013-2014;L0.05_Pant5_CN_modif_20260519;LECHERE DU FRAYET;365;0;280;10718;14547;43846;0.21;11.8;0;NA;0;NA;NA;NA
2014-2015;L0.05_Pant5_CN_modif_20260519;LECHERE DU FRAYET;365;0;226;14528;318;14846;0.28;21.8;0;NA;0;NA;NA;NA
2015-2016;L0.05_Pant5_CN_modif_20260519;LECHERE DU FRAYET;366;0;65;8275;26915;18033;0.16;9.7;0;NA;0;NA;NA;NA
2016-2017;L0.05_Pant5_CN_modif_20260519;LECHERE DU FRAYET;365;0;281;4261;11504;32922;0.08;7.1;0;NA;0;NA;NA;NA
2017-2018;L0.05_Pant5_CN_modif_20260519;LECHERE DU FRAYET;365;0;137;4969;2567;2949;0.1;7;0;NA;0;NA;NA;NA
2018-2019;L0.05_Pant5_CN_modif_20260519;LECHERE DU FRAYET;365;0;303;3895;9302;12793;0.07;5.8;0;NA;0;NA;NA;NA
2019-2020;L0.05_Pant5_CN_modif_20260519;LECHERE DU FRAYET;366;0;331;6537;13118;24647;0.13;10.1;0;NA;0;NA;NA;NA
2020-2021;L0.05_Pant5_CN_modif_20260519;LECHERE DU FRAYET;365;0;110;19061;24466;11929;0.37;19.5;0;NA;0;NA;NA;NA
2021-2022;L0.05_Pant5_CN_modif_20260519;LECHERE DU FRAYET;365;20;147;5178;7969;44746;0.1;8.6;0;NA;0;NA;NA;NA
2022-2023;L0.05_Pant5_CN_modif_20260519;LECHERE DU FRAYET;365;0;352;4056;10007;14063;0.08;6.2;0;NA;0;NA;NA;NA
2023-2024;L0.05_Pant5_CN_modif_20260519;LECHERE DU FRAYET;366;0;366;34027;1291;35318;0.65;32.7;0;NA;0;NA;NA;NA
2024-2025;L0.05_Pant5_CN_modif_20260519;LECHERE DU FRAYET;365;0;181;10429;-616;8037;0.2;13;0;NA;0;NA;NA;NA
2010-2011;L0.05_Pant5_CN_modif_20260519;LES RAGES;365;183;35;15776;3063;15581;1.17;9.9;0;NA;0;NA;NA;NA
2011-2012;L0.05_Pant5_CN_modif_20260519;LES RAGES;366;101;59;16065;6100;25422;1.19;9;0;NA;0;NA;NA;NA
2012-2013;L0.05_Pant5_CN_modif_20260519;LES RAGES;365;0;365;28847;58;28905;2.13;13.4;0;NA;0;NA;NA;NA
2013-2014;L0.05_Pant5_CN_modif_20260519;LES RAGES;365;0;319;24638;1790;21207;1.82;11.7;0;NA;0;NA;NA;NA
2014-2015;L0.05_Pant5_CN_modif_20260519;LES RAGES;365;248;59;25366;3418;34005;1.88;16.4;0;NA;0;NA;NA;NA
2015-2016;L0.05_Pant5_CN_modif_20260519;LES RAGES;366;249;71;27376;9734;37110;2.03;13.9;0;NA;0;NA;NA;NA
2016-2017;L0.05_Pant5_CN_modif_20260519;LES RAGES;365;66;101;11818;1315;13133;0.87;8.5;0;NA;0;NA;NA;NA
2017-2018;L0.05_Pant5_CN_modif_20260519;LES RAGES;365;0;365;18367;174;18541;1.36;11.1;0;NA;0;NA;NA;NA
2018-2019;L0.05_Pant5_CN_modif_20260519;LES RAGES;365;0;365;15754;0;15754;1.17;10.1;0;NA;0;NA;NA;NA
2019-2020;L0.05_Pant5_CN_modif_20260519;LES RAGES;366;0;366;17231;422;16830;1.27;11.5;0;NA;0;NA;NA;NA
2020-2021;L0.05_Pant5_CN_modif_20260519;LES RAGES;365;274;34;43740;9550;45779;3.24;19.3;0;NA;0;NA;NA;NA
2021-2022;L0.05_Pant5_CN_modif_20260519;LES RAGES;365;233;59;17486;1448;27267;1.29;12.5;0;NA;0;NA;NA;NA
2022-2023;L0.05_Pant5_CN_modif_20260519;LES RAGES;365;0;124;9649;2459;11164;0.71;6.4;0;NA;0;NA;NA;NA
2023-2024;L0.05_Pant5_CN_modif_20260519;LES RAGES;366;257;79;52674;13066;65624;3.9;21.8;0;NA;0;NA;NA;NA
2024-2025;L0.05_Pant5_CN_modif_20260519;LES RAGES;365;257;84;25262;6570;31975;1.87;13.6;0;NA;0;NA;NA;NA
2010-2011;L0.05_Pant5_CN_modif_20260519;LIGNIERE;365;118;26;196;33128;215805;0;5.1;0;NA;0;NA;NA;NA
2011-2012;L0.05_Pant5_CN_modif_20260519;LIGNIERE;366;297;24;192;63507;281878;0;4.4;0;NA;0;NA;NA;NA
2012-2013;L0.05_Pant5_CN_modif_20260519;LIGNIERE;365;323;19;330;117219;748453;0;6.3;0;NA;0;NA;NA;NA
2013-2014;L0.05_Pant5_CN_modif_20260519;LIGNIERE;365;322;20;287;106895;544229;0;5.6;0;NA;0;NA;NA;NA
2014-2015;L0.05_Pant5_CN_modif_20260519;LIGNIERE;365;272;19;397;-1733;763252;0;10.6;0;NA;0;NA;NA;NA
2015-2016;L0.05_Pant5_CN_modif_20260519;LIGNIERE;366;29;24;380;81775;234251;0;7.9;0;NA;0;NA;NA;NA
2016-2017;L0.05_Pant5_CN_modif_20260519;LIGNIERE;365;251;26;139;-22139;322885;0;4.1;0;NA;0;NA;NA;NA
2017-2018;L0.05_Pant5_CN_modif_20260519;LIGNIERE;365;160;25;213;17976;207873;0;5.3;0;NA;0;NA;NA;NA
2018-2019;L0.05_Pant5_CN_modif_20260519;LIGNIERE;365;174;27;170;-1829;164324;0;4.5;0;NA;0;NA;NA;NA
2019-2020;L0.05_Pant5_CN_modif_20260519;LIGNIERE;366;260;26;212;-15835;403836;0;5.8;0;NA;0;NA;NA;NA
2020-2021;L0.05_Pant5_CN_modif_20260519;LIGNIERE;365;0;329;28179;18234;486370;0.1;512.8;0;NA;0;NA;NA;NA
2021-2022;L0.05_Pant5_CN_modif_20260519;LIGNIERE;365;235;60;4584;-57120;338786;0.02;135;51;20125;0;NA;NA;NA
2022-2023;L0.05_Pant5_CN_modif_20260519;LIGNIERE;365;256;28;113;1552;166524;0;3.1;365;85720;1;37.3;0;-37.3
2023-2024;L0.05_Pant5_CN_modif_20260519;LIGNIERE;366;299;16;843;125813;670630;0;14.4;366;57580;0;NA;NA;NA
2024-2025;L0.05_Pant5_CN_modif_20260519;LIGNIERE;365;289;21;353;44770;619393;0;7.8;365;32985;0;NA;NA;NA
2010-2011;L0.05_Pant5_CN_modif_20260519;LONGEVAVRE;365;93;243;14262;13917;68335;0.31;13.7;0;NA;0;NA;NA;NA
2011-2012;L0.05_Pant5_CN_modif_20260519;LONGEVAVRE;366;26;82;14671;16687;15692;0.31;12.6;0;NA;0;NA;NA;NA
2012-2013;L0.05_Pant5_CN_modif_20260519;LONGEVAVRE;365;74;262;30247;19736;131711;0.65;21.5;0;NA;0;NA;NA;NA
2013-2014;L0.05_Pant5_CN_modif_20260519;LONGEVAVRE;365;246;115;23853;16787;49317;0.51;17.3;0;NA;0;NA;NA;NA
2014-2015;L0.05_Pant5_CN_modif_20260519;LONGEVAVRE;365;99;96;20777;6482;97172;0.45;20.6;0;NA;0;NA;NA;NA
2015-2016;L0.05_Pant5_CN_modif_20260519;LONGEVAVRE;366;131;32;23571;23983;33997;0.51;18.3;0;NA;0;NA;NA;NA
2016-2017;L0.05_Pant5_CN_modif_20260519;LONGEVAVRE;365;81;13;10798;-6410;54206;0.23;11.9;0;NA;0;NA;NA;NA
2017-2018;L0.05_Pant5_CN_modif_20260519;LONGEVAVRE;365;0;265;21890;5345;75230;0.47;20.2;0;NA;0;NA;NA;NA
2018-2019;L0.05_Pant5_CN_modif_20260519;LONGEVAVRE;365;0;309;15142;-1048;12814;0.32;14.8;0;NA;0;NA;NA;NA
2019-2020;L0.05_Pant5_CN_modif_20260519;LONGEVAVRE;366;13;56;13706;-4601;33289;0.29;14;0;NA;0;NA;NA;NA
2020-2021;L0.05_Pant5_CN_modif_20260519;LONGEVAVRE;365;244;15;35471;30752;77624;0.76;23.9;0;NA;0;NA;NA;NA
2021-2022;L0.05_Pant5_CN_modif_20260519;LONGEVAVRE;365;253;13;15186;-12311;82132;0.33;16.6;0;NA;0;NA;NA;NA
2022-2023;L0.05_Pant5_CN_modif_20260519;LONGEVAVRE;365;0;193;9092;6382;40376;0.2;9.2;0;NA;0;NA;NA;NA
2023-2024;L0.05_Pant5_CN_modif_20260519;LONGEVAVRE;366;244;51;42247;36217;123063;0.91;26.8;0;NA;0;NA;NA;NA
2024-2025;L0.05_Pant5_CN_modif_20260519;LONGEVAVRE;365;92;46;21694;11781;72313;0.47;17.8;0;NA;0;NA;NA;NA
2010-2011;L0.05_Pant5_CN_modif_20260519;NEUF DE BURLAT;365;66;246;8852;7330;27376;0.4;7.7;0;NA;0;NA;NA;NA
2011-2012;L0.05_Pant5_CN_modif_20260519;NEUF DE BURLAT;366;0;227;8247;3749;4126;0.38;6.4;0;NA;0;NA;NA;NA
2012-2013;L0.05_Pant5_CN_modif_20260519;NEUF DE BURLAT;365;31;86;13355;14835;27318;0.61;8.6;0;NA;0;NA;NA;NA
2013-2014;L0.05_Pant5_CN_modif_20260519;NEUF DE BURLAT;365;12;34;11547;13804;24936;0.53;7.6;0;NA;0;NA;NA;NA
2014-2015;L0.05_Pant5_CN_modif_20260519;NEUF DE BURLAT;365;53;124;14399;6348;29903;0.66;12.9;0;NA;0;NA;NA;NA
2015-2016;L0.05_Pant5_CN_modif_20260519;NEUF DE BURLAT;366;0;264;16698;5719;22417;0.76;11.7;0;NA;0;NA;NA;NA
2016-2017;L0.05_Pant5_CN_modif_20260519;NEUF DE BURLAT;365;0;365;6755;721;6123;0.31;6.7;0;NA;0;NA;NA;NA
2017-2018;L0.05_Pant5_CN_modif_20260519;NEUF DE BURLAT;365;0;125;8385;2090;8799;0.38;7;0;NA;0;NA;NA;NA
2018-2019;L0.05_Pant5_CN_modif_20260519;NEUF DE BURLAT;365;0;292;7184;4118;10377;0.33;6.4;0;NA;0;NA;NA;NA
2019-2020;L0.05_Pant5_CN_modif_20260519;NEUF DE BURLAT;366;0;287;8777;8031;20763;0.4;8.1;0;NA;0;NA;NA;NA
2020-2021;L0.05_Pant5_CN_modif_20260519;NEUF DE BURLAT;365;51;171;27398;6656;15488;1.25;16.7;0;NA;0;NA;NA;NA
2021-2022;L0.05_Pant5_CN_modif_20260519;NEUF DE BURLAT;365;116;238;9253;7108;34928;0.42;9.1;0;NA;0;NA;NA;NA
2022-2023;L0.05_Pant5_CN_modif_20260519;NEUF DE BURLAT;365;0;317;4772;6848;10781;0.22;4.4;0;NA;0;NA;NA;NA
2023-2024;L0.05_Pant5_CN_modif_20260519;NEUF DE BURLAT;366;114;77;29975;17049;36093;1.37;17.2;0;NA;0;NA;NA;NA
2024-2025;L0.05_Pant5_CN_modif_20260519;NEUF DE BURLAT;365;81;53;13530;5503;27445;0.62;10.1;0;NA;0;NA;NA;NA
2010-2011;L0.05_Pant5_CN_modif_20260519;ONDONNIERE;365;0;340;11693;9136;124763;0.16;41;0;NA;0;NA;NA;NA
2011-2012;L0.05_Pant5_CN_modif_20260519;ONDONNIERE;366;18;94;3548;35763;3216;0.05;11.1;0;NA;0;NA;NA;NA
2012-2013;L0.05_Pant5_CN_modif_20260519;ONDONNIERE;365;253;39;5619;57775;191171;0.08;14.6;0;NA;0;NA;NA;NA
2013-2014;L0.05_Pant5_CN_modif_20260519;ONDONNIERE;365;220;28;4903;53171;94915;0.07;13;0;NA;0;NA;NA;NA
2014-2015;L0.05_Pant5_CN_modif_20260519;ONDONNIERE;365;236;11;5177;-1631;146521;0.07;18.8;0;NA;0;NA;NA;NA
2015-2016;L0.05_Pant5_CN_modif_20260519;ONDONNIERE;366;0;343;21872;10203;88465;0.3;62;0;NA;0;NA;NA;NA
2016-2017;L0.05_Pant5_CN_modif_20260519;ONDONNIERE;365;187;59;2915;-7086;12792;0.04;11.7;0;NA;0;NA;NA;NA
2017-2018;L0.05_Pant5_CN_modif_20260519;ONDONNIERE;365;194;74;3555;12037;91295;0.05;12;0;NA;0;NA;NA;NA
2018-2019;L0.05_Pant5_CN_modif_20260519;ONDONNIERE;365;0;36;3148;-1304;30847;0.04;11.3;0;NA;0;NA;NA;NA
2019-2020;L0.05_Pant5_CN_modif_20260519;ONDONNIERE;366;171;29;3309;-7325;25929;0.05;12.4;0;NA;0;NA;NA;NA
2020-2021;L0.05_Pant5_CN_modif_20260519;ONDONNIERE;365;0;345;34340;8608;144497;0.48;84.7;0;NA;0;NA;NA;NA
2021-2022;L0.05_Pant5_CN_modif_20260519;ONDONNIERE;365;158;60;4038;-21815;50656;0.06;16.1;0;NA;0;NA;NA;NA
2022-2023;L0.05_Pant5_CN_modif_20260519;ONDONNIERE;365;177;57;2170;2315;19303;0.03;8;0;NA;0;NA;NA;NA
2023-2024;L0.05_Pant5_CN_modif_20260519;ONDONNIERE;366;239;25;10564;67940;195070;0.15;24.5;0;NA;0;NA;NA;NA
2024-2025;L0.05_Pant5_CN_modif_20260519;ONDONNIERE;365;202;11;5319;22059;109026;0.07;16;0;NA;0;NA;NA;NA
2010-2011;L0.05_Pant5_CN_modif_20260519;PARADIS;365;96;219;14226;20454;719175;0.24;9.3;0;NA;0;NA;NA;NA
2011-2012;L0.05_Pant5_CN_modif_20260519;PARADIS;366;109;41;14003;25208;508278;0.23;8.2;0;NA;0;NA;NA;NA
2012-2013;L0.05_Pant5_CN_modif_20260519;PARADIS;365;310;5;23073;47856;1492156;0.38;11.2;0;NA;0;NA;NA;NA
2013-2014;L0.05_Pant5_CN_modif_20260519;PARADIS;365;108;248;26311;27981;924879;0.43;13;0;NA;0;NA;NA;NA
2014-2015;L0.05_Pant5_CN_modif_20260519;PARADIS;365;151;137;33371;-25377;1352058;0.55;22.6;0;NA;0;NA;NA;NA
2015-2016;L0.05_Pant5_CN_modif_20260519;PARADIS;366;146;12;24213;33043;703519;0.4;12.8;0;NA;0;NA;NA;NA
2016-2017;L0.05_Pant5_CN_modif_20260519;PARADIS;365;81;216;10386;5427;728753;0.17;7.8;0;NA;0;NA;NA;NA
2017-2018;L0.05_Pant5_CN_modif_20260519;PARADIS;365;196;37;14464;5405;449769;0.24;9.1;0;NA;0;NA;NA;NA
2018-2019;L0.05_Pant5_CN_modif_20260519;PARADIS;365;86;248;17913;8954;330855;0.3;11.9;0;NA;0;NA;NA;NA
2019-2020;L0.05_Pant5_CN_modif_20260519;PARADIS;366;99;151;18991;-32735;454731;0.31;13.2;0;NA;0;NA;NA;NA
2020-2021;L0.05_Pant5_CN_modif_20260519;PARADIS;365;190;31;39397;46474;1025470;0.65;18.1;0;NA;0;NA;NA;NA
2021-2022;L0.05_Pant5_CN_modif_20260519;PARADIS;365;214;9;15601;-18924;779987;0.26;11.6;0;NA;0;NA;NA;NA
2022-2023;L0.05_Pant5_CN_modif_20260519;PARADIS;365;77;9;8556;-940;515913;0.14;5.9;0;NA;0;NA;NA;NA
2023-2024;L0.05_Pant5_CN_modif_20260519;PARADIS;366;227;33;47218;52011;1172775;0.78;20.4;0;NA;0;NA;NA;NA
2024-2025;L0.05_Pant5_CN_modif_20260519;PARADIS;365;225;14;22538;17756;1262024;0.37;12.6;0;NA;0;NA;NA;NA
2010-2011;L0.05_Pant5_CN_modif_20260519;PETIT ETANG LA ROUE;365;179;84;20726;-2076;277864;0.67;6.5;0;NA;0;NA;NA;NA
2011-2012;L0.05_Pant5_CN_modif_20260519;PETIT ETANG LA ROUE;366;262;25;18707;11194;136128;0.6;5.2;0;NA;0;NA;NA;NA
2012-2013;L0.05_Pant5_CN_modif_20260519;PETIT ETANG LA ROUE;365;356;5;31885;20982;450842;1.03;7.4;0;NA;0;NA;NA;NA
2013-2014;L0.05_Pant5_CN_modif_20260519;PETIT ETANG LA ROUE;365;333;6;27659;19622;279198;0.89;6.6;0;NA;0;NA;NA;NA
2014-2015;L0.05_Pant5_CN_modif_20260519;PETIT ETANG LA ROUE;365;77;285;37166;7969;288640;1.2;12;0;NA;0;NA;NA;NA
2015-2016;L0.05_Pant5_CN_modif_20260519;PETIT ETANG LA ROUE;366;229;85;37235;9010;188530;1.2;9.4;0;NA;0;NA;NA;NA
2016-2017;L0.05_Pant5_CN_modif_20260519;PETIT ETANG LA ROUE;365;35;151;13695;-4348;291756;0.44;4.9;0;NA;0;NA;NA;NA
2017-2018;L0.05_Pant5_CN_modif_20260519;PETIT ETANG LA ROUE;365;209;80;20276;2532;124444;0.65;6.1;0;NA;0;NA;NA;NA
2018-2019;L0.05_Pant5_CN_modif_20260519;PETIT ETANG LA ROUE;365;229;7;16840;-1696;83871;0.54;5.4;0;NA;0;NA;NA;NA
2019-2020;L0.05_Pant5_CN_modif_20260519;PETIT ETANG LA ROUE;366;77;286;21019;5862;200217;0.68;7;0;NA;0;NA;NA;NA
2020-2021;L0.05_Pant5_CN_modif_20260519;PETIT ETANG LA ROUE;365;252;86;65745;14402;265720;2.12;14.5;0;NA;0;NA;NA;NA
2021-2022;L0.05_Pant5_CN_modif_20260519;PETIT ETANG LA ROUE;365;266;3;22433;-8353;351406;0.72;8;0;NA;0;NA;NA;NA
2022-2023;L0.05_Pant5_CN_modif_20260519;PETIT ETANG LA ROUE;365;253;6;11160;-413;112828;0.36;3.7;0;NA;0;NA;NA;NA
2023-2024;L0.05_Pant5_CN_modif_20260519;PETIT ETANG LA ROUE;366;287;10;76094;22917;413157;2.46;15.8;0;NA;0;NA;NA;NA
2024-2025;L0.05_Pant5_CN_modif_20260519;PETIT ETANG LA ROUE;365;265;3;33141;7787;389495;1.07;8.9;0;NA;0;NA;NA;NA
2010-2011;L0.05_Pant5_CN_modif_20260519;PETIT RONZUEL;365;0;271;3949;31742;75327;0.04;7.6;0;NA;0;NA;NA;NA
2011-2012;L0.05_Pant5_CN_modif_20260519;PETIT RONZUEL;366;0;120;3926;36565;13511;0.04;6.8;0;NA;0;NA;NA;NA
2012-2013;L0.05_Pant5_CN_modif_20260519;PETIT RONZUEL;365;0;18;6553;64983;58426;0.07;9.3;0;NA;0;NA;NA;NA
2013-2014;L0.05_Pant5_CN_modif_20260519;PETIT RONZUEL;365;0;287;14943;26675;87118;0.16;21.7;0;NA;0;NA;NA;NA
2014-2015;L0.05_Pant5_CN_modif_20260519;PETIT RONZUEL;365;0;225;19470;757;20227;0.2;38.6;0;NA;0;NA;NA;NA
2015-2016;L0.05_Pant5_CN_modif_20260519;PETIT RONZUEL;366;0;91;7134;49784;28482;0.07;11.1;0;NA;0;NA;NA;NA
2016-2017;L0.05_Pant5_CN_modif_20260519;PETIT RONZUEL;365;0;291;2872;26802;53465;0.03;6.3;0;NA;0;NA;NA;NA
2017-2018;L0.05_Pant5_CN_modif_20260519;PETIT RONZUEL;365;0;134;4183;10087;11522;0.04;7.7;0;NA;0;NA;NA;NA
2018-2019;L0.05_Pant5_CN_modif_20260519;PETIT RONZUEL;365;0;268;3518;16549;19442;0.04;6.9;0;NA;0;NA;NA;NA
2019-2020;L0.05_Pant5_CN_modif_20260519;PETIT RONZUEL;366;0;343;8588;19438;36045;0.09;17.6;0;NA;0;NA;NA;NA
2020-2021;L0.05_Pant5_CN_modif_20260519;PETIT RONZUEL;365;0;111;21249;44867;15605;0.22;28.7;0;NA;0;NA;NA;NA
2021-2022;L0.05_Pant5_CN_modif_20260519;PETIT RONZUEL;365;0;155;4506;15725;70742;0.05;9.9;0;NA;0;NA;NA;NA
2022-2023;L0.05_Pant5_CN_modif_20260519;PETIT RONZUEL;365;0;235;2351;20378;20128;0.02;4.8;0;NA;0;NA;NA;NA
2023-2024;L0.05_Pant5_CN_modif_20260519;PETIT RONZUEL;366;0;76;14469;75549;56786;0.15;18.4;0;NA;0;NA;NA;NA
2024-2025;L0.05_Pant5_CN_modif_20260519;PETIT RONZUEL;365;0;114;6597;26667;66075;0.07;10.9;0;NA;0;NA;NA;NA
2010-2011;L0.05_Pant5_CN_modif_20260519;PLAT;365;4;20;9171;22120;223087;0.04;6;0;NA;0;NA;NA;NA
2011-2012;L0.05_Pant5_CN_modif_20260519;PLAT;366;0;310;16828;5758;99827;0.08;9.8;0;NA;0;NA;NA;NA
2012-2013;L0.05_Pant5_CN_modif_20260519;PLAT;365;109;87;18718;57380;87316;0.09;9;0;NA;0;NA;NA;NA
2013-2014;L0.05_Pant5_CN_modif_20260519;PLAT;365;54;55;13142;74135;288724;0.06;6.5;0;NA;0;NA;NA;NA
2014-2015;L0.05_Pant5_CN_modif_20260519;PLAT;365;9;128;17273;-1336;259962;0.08;11.6;0;NA;0;NA;NA;NA
2015-2016;L0.05_Pant5_CN_modif_20260519;PLAT;366;0;75;16980;62033;104041;0.08;8.9;0;NA;0;NA;NA;NA
2016-2017;L0.05_Pant5_CN_modif_20260519;PLAT;365;0;306;10096;16186;154445;0.05;7.6;0;NA;0;NA;NA;NA
2017-2018;L0.05_Pant5_CN_modif_20260519;PLAT;365;0;141;9829;12839;56390;0.05;6.2;0;NA;0;NA;NA;NA
2018-2019;L0.05_Pant5_CN_modif_20260519;PLAT;365;0;355;8014;1346;52670;0.04;5.3;0;NA;0;NA;NA;NA
2019-2020;L0.05_Pant5_CN_modif_20260519;PLAT;366;0;294;9469;16881;139511;0.05;6.6;0;NA;0;NA;NA;NA
2020-2021;L0.05_Pant5_CN_modif_20260519;PLAT;365;49;70;30117;87136;97664;0.14;13.8;0;NA;0;NA;NA;NA
2021-2022;L0.05_Pant5_CN_modif_20260519;PLAT;365;55;299;16162;20220;264751;0.08;12;0;NA;0;NA;NA;NA
2022-2023;L0.05_Pant5_CN_modif_20260519;PLAT;365;0;365;7228;2372;44553;0.03;5;183;72756;3;11.2;1.1;-10.1
2023-2024;L0.05_Pant5_CN_modif_20260519;PLAT;366;92;100;36438;92839;164384;0.17;15.7;366;64372;7;54.9;22.8;-32.1
2024-2025;L0.05_Pant5_CN_modif_20260519;PLAT;365;26;19;15805;30178;329153;0.08;8.8;365;78087;10;35.7;13.4;-22.2
2010-2011;L0.05_Pant5_CN_modif_20260519;POLLET;365;300;18;1496;25372;163348;0.01;5.7;0;NA;0;NA;NA;NA
2011-2012;L0.05_Pant5_CN_modif_20260519;POLLET;366;30;13;1475;46611;200476;0.01;5;0;NA;0;NA;NA;NA
2012-2013;L0.05_Pant5_CN_modif_20260519;POLLET;365;0;326;16007;12523;263302;0.07;45.2;0;NA;0;NA;NA;NA
2013-2014;L0.05_Pant5_CN_modif_20260519;POLLET;365;303;53;2747;70431;138512;0.01;7.9;0;NA;0;NA;NA;NA
2014-2015;L0.05_Pant5_CN_modif_20260519;POLLET;365;281;11;2910;-2599;327375;0.01;11.5;0;NA;0;NA;NA;NA
2015-2016;L0.05_Pant5_CN_modif_20260519;POLLET;366;1;15;2851;60686;175676;0.01;8.8;0;NA;0;NA;NA;NA
2016-2017;L0.05_Pant5_CN_modif_20260519;POLLET;365;0;16;1073;-16872;156046;0;4.7;0;NA;0;NA;NA;NA
2017-2018;L0.05_Pant5_CN_modif_20260519;POLLET;365;0;328;11476;-4042;194613;0.05;42.2;0;NA;0;NA;NA;NA
2018-2019;L0.05_Pant5_CN_modif_20260519;POLLET;365;0;57;1422;11675;3336;0.01;5.5;0;NA;0;NA;NA;NA
2019-2020;L0.05_Pant5_CN_modif_20260519;POLLET;366;3;23;1592;-11332;80046;0.01;6.5;0;NA;0;NA;NA;NA
2020-2021;L0.05_Pant5_CN_modif_20260519;POLLET;365;7;18;5081;85679;130491;0.02;13.6;0;NA;0;NA;NA;NA
2021-2022;L0.05_Pant5_CN_modif_20260519;POLLET;365;249;15;1779;-32192;257550;0.01;7.7;51;32837;0;NA;NA;NA
2022-2023;L0.05_Pant5_CN_modif_20260519;POLLET;365;53;247;3763;33211;228403;0.02;15.2;180;64131;2;57.1;0;-57.1
2023-2024;L0.05_Pant5_CN_modif_20260519;POLLET;366;176;52;9247;93392;83017;0.04;23.3;0;NA;0;NA;NA;NA
2024-2025;L0.05_Pant5_CN_modif_20260519;POLLET;365;300;11;2641;31866;370268;0.01;8.6;154;7469;3;35.5;3.6;-31.9
2010-2011;L0.05_Pant5_CN_modif_20260519;REMONDET NORD;365;21;327;56621;14372;141516;0.5;9.8;0;NA;0;NA;NA;NA
2011-2012;L0.05_Pant5_CN_modif_20260519;REMONDET NORD;366;78;94;49812;50346;3493;0.44;7.7;0;NA;0;NA;NA;NA
2012-2013;L0.05_Pant5_CN_modif_20260519;REMONDET NORD;365;236;29;81927;86101;174269;0.72;10.5;0;NA;0;NA;NA;NA
2013-2014;L0.05_Pant5_CN_modif_20260519;REMONDET NORD;365;224;25;71593;77318;130790;0.63;9.3;0;NA;0;NA;NA;NA
2014-2015;L0.05_Pant5_CN_modif_20260519;REMONDET NORD;365;167;26;83942;-344;150304;0.74;15;0;NA;0;NA;NA;NA
2015-2016;L0.05_Pant5_CN_modif_20260519;REMONDET NORD;366;0;332;105032;15916;162789;0.92;14.6;0;NA;0;NA;NA;NA
2016-2017;L0.05_Pant5_CN_modif_20260519;REMONDET NORD;365;0;119;38683;-16626;14226;0.34;7.7;0;NA;0;NA;NA;NA
2017-2018;L0.05_Pant5_CN_modif_20260519;REMONDET NORD;365;124;100;52568;17460;15825;0.46;8.7;0;NA;0;NA;NA;NA
2018-2019;L0.05_Pant5_CN_modif_20260519;REMONDET NORD;365;0;28;44274;-491;53154;0.39;7.8;0;NA;0;NA;NA;NA
2019-2020;L0.05_Pant5_CN_modif_20260519;REMONDET NORD;366;0;20;49945;-10915;63799;0.44;9.2;0;NA;0;NA;NA;NA
2020-2021;L0.05_Pant5_CN_modif_20260519;REMONDET NORD;365;0;346;173886;14179;215959;1.52;21.1;0;NA;0;NA;NA;NA
2021-2022;L0.05_Pant5_CN_modif_20260519;REMONDET NORD;365;0;100;60463;-35625;24838;0.53;11.9;0;NA;0;NA;NA;NA
2022-2023;L0.05_Pant5_CN_modif_20260519;REMONDET NORD;365;0;183;29787;11752;36438;0.26;5.4;291;11556;3;15.4;4.1;-11.3
2023-2024;L0.05_Pant5_CN_modif_20260519;REMONDET NORD;366;277;42;174428;102054;202772;1.53;19.9;366;20546;13;28.1;22.6;-5.5
2024-2025;L0.05_Pant5_CN_modif_20260519;REMONDET NORD;365;273;0;81298;30796;127521;0.71;12;365;9187;9;30.7;15.4;-15.4
2010-2011;L0.05_Pant5_CN_modif_20260519;REMONDET SUD;365;31;185;10493;36909;469543;0.06;6.7;0;NA;0;NA;NA;NA
2011-2012;L0.05_Pant5_CN_modif_20260519;REMONDET SUD;366;90;57;10305;62141;242445;0.06;5.9;0;NA;0;NA;NA;NA
2012-2013;L0.05_Pant5_CN_modif_20260519;REMONDET SUD;365;37;292;34978;37792;1133504;0.2;16.7;0;NA;0;NA;NA;NA
2013-2014;L0.05_Pant5_CN_modif_20260519;REMONDET SUD;365;210;115;21165;64302;597242;0.12;10.3;0;NA;0;NA;NA;NA
2014-2015;L0.05_Pant5_CN_modif_20260519;REMONDET SUD;365;265;7;19070;-4634;1019495;0.11;12.7;0;NA;0;NA;NA;NA
2015-2016;L0.05_Pant5_CN_modif_20260519;REMONDET SUD;366;127;55;19168;80187;444096;0.11;10;0;NA;0;NA;NA;NA
2016-2017;L0.05_Pant5_CN_modif_20260519;REMONDET SUD;365;32;154;7555;5483;465699;0.04;5.6;0;NA;0;NA;NA;NA
2017-2018;L0.05_Pant5_CN_modif_20260519;REMONDET SUD;365;24;318;25916;308;258412;0.15;16.1;0;NA;0;NA;NA;NA
2018-2019;L0.05_Pant5_CN_modif_20260519;REMONDET SUD;365;0;176;12194;6720;220046;0.07;8;0;NA;0;NA;NA;NA
2019-2020;L0.05_Pant5_CN_modif_20260519;REMONDET SUD;366;233;32;10731;-17901;398283;0.06;7.4;0;NA;0;NA;NA;NA
2020-2021;L0.05_Pant5_CN_modif_20260519;REMONDET SUD;365;145;32;33098;113867;779672;0.19;15;0;NA;0;NA;NA;NA
2021-2022;L0.05_Pant5_CN_modif_20260519;REMONDET SUD;365;202;14;12102;-45355;423857;0.07;8.9;0;NA;0;NA;NA;NA
2022-2023;L0.05_Pant5_CN_modif_20260519;REMONDET SUD;365;28;293;11206;19978;288811;0.07;7.6;0;NA;0;NA;NA;NA
2023-2024;L0.05_Pant5_CN_modif_20260519;REMONDET SUD;366;195;90;66355;70106;891434;0.39;28.2;0;NA;0;NA;NA;NA
2024-2025;L0.05_Pant5_CN_modif_20260519;REMONDET SUD;365;190;15;17786;42887;826812;0.1;9.8;0;NA;0;NA;NA;NA
2010-2011;L0.05_Pant5_CN_modif_20260519;RIOUX;365;91;244;28181;15317;68288;0.55;7.1;0;NA;0;NA;NA;NA
2011-2012;L0.05_Pant5_CN_modif_20260519;RIOUX;366;0;86;27320;18455;17523;0.53;6.2;0;NA;0;NA;NA;NA
2012-2013;L0.05_Pant5_CN_modif_20260519;RIOUX;365;96;46;46097;34833;82751;0.9;8.6;0;NA;0;NA;NA;NA
2013-2014;L0.05_Pant5_CN_modif_20260519;RIOUX;365;42;263;44422;13970;92159;0.86;8.5;0;NA;0;NA;NA;NA
2014-2015;L0.05_Pant5_CN_modif_20260519;RIOUX;365;0;196;56076;-8770;47306;1.09;14.6;0;NA;0;NA;NA;NA
2015-2016;L0.05_Pant5_CN_modif_20260519;RIOUX;366;93;45;50090;26326;39527;0.97;10.2;0;NA;0;NA;NA;NA
2016-2017;L0.05_Pant5_CN_modif_20260519;RIOUX;365;55;248;20182;8693;62197;0.39;5.8;0;NA;0;NA;NA;NA
2017-2018;L0.05_Pant5_CN_modif_20260519;RIOUX;365;21;124;28940;3964;15257;0.56;7;0;NA;0;NA;NA;NA
2018-2019;L0.05_Pant5_CN_modif_20260519;RIOUX;365;0;266;27678;4581;53474;0.54;7.1;0;NA;0;NA;NA;NA
2019-2020;L0.05_Pant5_CN_modif_20260519;RIOUX;366;0;293;30918;-6259;22469;0.6;8.3;0;NA;0;NA;NA;NA
2020-2021;L0.05_Pant5_CN_modif_20260519;RIOUX;365;156;36;86040;36969;80959;1.67;15.2;0;NA;0;NA;NA;NA
2021-2022;L0.05_Pant5_CN_modif_20260519;RIOUX;365;97;119;31939;3060;79238;0.62;9.1;0;NA;0;NA;NA;NA
2022-2023;L0.05_Pant5_CN_modif_20260519;RIOUX;365;0;249;16470;7155;21240;0.32;4.4;0;NA;0;NA;NA;NA
2023-2024;L0.05_Pant5_CN_modif_20260519;RIOUX;366;45;284;109309;30476;142171;2.13;18.2;0;NA;0;NA;NA;NA
2024-2025;L0.05_Pant5_CN_modif_20260519;RIOUX;365;4;149;49851;-3215;25458;0.97;10.8;0;NA;0;NA;NA;NA
2010-2011;L0.05_Pant5_CN_modif_20260519;ROUE RONZUEL;365;71;158;21889;14055;55156;0.53;9.9;0;NA;0;NA;NA;NA
2011-2012;L0.05_Pant5_CN_modif_20260519;ROUE RONZUEL;366;77;80;22109;19817;13162;0.53;8.9;0;NA;0;NA;NA;NA
2012-2013;L0.05_Pant5_CN_modif_20260519;ROUE RONZUEL;365;75;283;44360;11940;91704;1.07;14.8;0;NA;0;NA;NA;NA
2013-2014;L0.05_Pant5_CN_modif_20260519;ROUE RONZUEL;365;68;115;34368;19704;15124;0.83;11.7;0;NA;0;NA;NA;NA
2014-2015;L0.05_Pant5_CN_modif_20260519;ROUE RONZUEL;365;77;112;35195;7095;81237;0.85;16.4;0;NA;0;NA;NA;NA
2015-2016;L0.05_Pant5_CN_modif_20260519;ROUE RONZUEL;366;100;63;37984;27756;39693;0.92;13.9;0;NA;0;NA;NA;NA
2016-2017;L0.05_Pant5_CN_modif_20260519;ROUE RONZUEL;365;23;263;16272;11058;49884;0.39;8.4;0;NA;0;NA;NA;NA
2017-2018;L0.05_Pant5_CN_modif_20260519;ROUE RONZUEL;365;0;365;29813;1150;34457;0.72;13;0;NA;0;NA;NA;NA
2018-2019;L0.05_Pant5_CN_modif_20260519;ROUE RONZUEL;365;0;141;21180;-1980;8479;0.51;9.8;0;NA;0;NA;NA;NA
2019-2020;L0.05_Pant5_CN_modif_20260519;ROUE RONZUEL;366;0;77;21653;3963;34184;0.52;10.4;0;NA;0;NA;NA;NA
2020-2021;L0.05_Pant5_CN_modif_20260519;ROUE RONZUEL;365;136;50;60689;39638;68576;1.46;19.3;0;NA;0;NA;NA;NA
2021-2022;L0.05_Pant5_CN_modif_20260519;ROUE RONZUEL;365;63;85;24262;-1932;56234;0.58;12.5;0;NA;0;NA;NA;NA
2022-2023;L0.05_Pant5_CN_modif_20260519;ROUE RONZUEL;365;0;352;15942;9593;25536;0.38;7.6;0;NA;0;NA;NA;NA
2023-2024;L0.05_Pant5_CN_modif_20260519;ROUE RONZUEL;366;117;91;85594;18418;78491;2.06;25.6;0;NA;0;NA;NA;NA
2024-2025;L0.05_Pant5_CN_modif_20260519;ROUE RONZUEL;365;71;27;35051;13803;55635;0.84;13.6;154;16160;6;19.3;23.1;3.8
2010-2011;L0.05_Pant5_CN_modif_20260519;SALE;365;113;99;15261;21325;1178700;0.15;6.7;0;NA;0;NA;NA;NA
2011-2012;L0.05_Pant5_CN_modif_20260519;SALE;366;99;230;20839;25138;800007;0.21;8.2;0;NA;0;NA;NA;NA
2012-2013;L0.05_Pant5_CN_modif_20260519;SALE;365;143;153;32948;14902;2000648;0.33;10.7;0;NA;0;NA;NA;NA
2013-2014;L0.05_Pant5_CN_modif_20260519;SALE;365;336;4;21882;63290;1538482;0.22;7.3;0;NA;0;NA;NA;NA
2014-2015;L0.05_Pant5_CN_modif_20260519;SALE;365;260;1;27706;-2600;1927682;0.28;12.6;0;NA;0;NA;NA;NA
2015-2016;L0.05_Pant5_CN_modif_20260519;SALE;366;226;28;27876;47213;1079396;0.28;9.9;0;NA;0;NA;NA;NA
2016-2017;L0.05_Pant5_CN_modif_20260519;SALE;365;106;229;13180;20943;1157509;0.13;6.7;0;NA;0;NA;NA;NA
2017-2018;L0.05_Pant5_CN_modif_20260519;SALE;365;128;141;19155;-15169;603167;0.19;8.1;0;NA;0;NA;NA;NA
2018-2019;L0.05_Pant5_CN_modif_20260519;SALE;365;212;58;13446;-5157;512785;0.13;6;0;NA;0;NA;NA;NA
2019-2020;L0.05_Pant5_CN_modif_20260519;SALE;366;192;47;15602;-10193;741331;0.16;7.3;0;NA;0;NA;NA;NA
2020-2021;L0.05_Pant5_CN_modif_20260519;SALE;365;223;15;48209;66269;1703522;0.48;14.9;0;NA;0;NA;NA;NA
2021-2022;L0.05_Pant5_CN_modif_20260519;SALE;365;136;102;17630;-26313;1286927;0.18;8.8;0;NA;0;NA;NA;NA
2022-2023;L0.05_Pant5_CN_modif_20260519;SALE;365;93;93;8929;1293;623824;0.09;4.1;0;NA;0;NA;NA;NA
2023-2024;L0.05_Pant5_CN_modif_20260519;SALE;366;245;3;58360;74074;2183783;0.58;17;0;NA;0;NA;NA;NA
2024-2025;L0.05_Pant5_CN_modif_20260519;SALE;365;213;13;25878;25533;1649112;0.26;9.7;0;NA;0;NA;NA;NA
2010-2011;L0.05_Pant5_CN_modif_20260519;TRIPOUX;365;222;68;84256;17080;410959;1.45;10.4;0;NA;0;NA;NA;NA
2011-2012;L0.05_Pant5_CN_modif_20260519;TRIPOUX;366;158;116;87654;21189;197923;1.5;9.7;0;NA;0;NA;NA;NA
2012-2013;L0.05_Pant5_CN_modif_20260519;TRIPOUX;365;96;256;146509;-5655;543210;2.51;13.4;0;NA;0;NA;NA;NA
2013-2014;L0.05_Pant5_CN_modif_20260519;TRIPOUX;365;286;19;119417;38885;542225;2.05;11.2;0;NA;0;NA;NA;NA
2014-2015;L0.05_Pant5_CN_modif_20260519;TRIPOUX;365;243;117;132028;28599;497564;2.26;16.9;0;NA;0;NA;NA;NA
2015-2016;L0.05_Pant5_CN_modif_20260519;TRIPOUX;366;317;18;142748;29693;330324;2.45;14.3;0;NA;0;NA;NA;NA
2016-2017;L0.05_Pant5_CN_modif_20260519;TRIPOUX;365;217;116;63025;12977;321689;1.08;9;0;NA;0;NA;NA;NA
2017-2018;L0.05_Pant5_CN_modif_20260519;TRIPOUX;365;0;270;92995;-20375;207808;1.59;11.1;0;NA;0;NA;NA;NA
2018-2019;L0.05_Pant5_CN_modif_20260519;TRIPOUX;365;197;78;75836;4504;210398;1.3;9.6;0;NA;0;NA;NA;NA
2019-2020;L0.05_Pant5_CN_modif_20260519;TRIPOUX;366;244;117;81508;16927;234662;1.4;10.7;0;NA;0;NA;NA;NA
2020-2021;L0.05_Pant5_CN_modif_20260519;TRIPOUX;365;315;29;226601;39888;603226;3.89;19.7;0;NA;0;NA;NA;NA
2021-2022;L0.05_Pant5_CN_modif_20260519;TRIPOUX;365;243;82;91812;-1283;433854;1.57;12.9;0;NA;0;NA;NA;NA
2022-2023;L0.05_Pant5_CN_modif_20260519;TRIPOUX;365;162;138;52886;19687;158893;0.91;6.9;0;NA;0;NA;NA;NA
2023-2024;L0.05_Pant5_CN_modif_20260519;TRIPOUX;366;0;297;295159;-13938;881698;5.06;24.1;0;NA;0;NA;NA;NA
2024-2025;L0.05_Pant5_CN_modif_20260519;TRIPOUX;365;219;28;132282;16551;323939;2.27;14;0;NA;0;NA;NA;NA
2010-2011;L0.05_Pant5_CN_modif_20260519;VIEUX;365;237;16;23229;8414;185868;0.53;10.5;0;NA;0;NA;NA;NA
2011-2012;L0.05_Pant5_CN_modif_20260519;VIEUX;366;55;307;28836;451;268777;0.66;11.7;0;NA;0;NA;NA;NA
2012-2013;L0.05_Pant5_CN_modif_20260519;VIEUX;365;277;69;39032;24584;288904;0.89;13.1;0;NA;0;NA;NA;NA
2013-2014;L0.05_Pant5_CN_modif_20260519;VIEUX;365;55;306;40365;6110;223000;0.92;13.8;0;NA;0;NA;NA;NA
2014-2015;L0.05_Pant5_CN_modif_20260519;VIEUX;365;228;64;39553;-3305;344983;0.9;18.5;0;NA;0;NA;NA;NA
2015-2016;L0.05_Pant5_CN_modif_20260519;VIEUX;366;142;68;39373;21466;222993;0.9;14.4;0;NA;0;NA;NA;NA
2016-2017;L0.05_Pant5_CN_modif_20260519;VIEUX;365;25;306;20205;2805;211219;0.46;10.5;0;NA;0;NA;NA;NA
2017-2018;L0.05_Pant5_CN_modif_20260519;VIEUX;365;171;97;24031;6066;198772;0.55;10.5;0;NA;0;NA;NA;NA
2018-2019;L0.05_Pant5_CN_modif_20260519;VIEUX;365;0;310;25151;-2986;51440;0.57;11.6;0;NA;0;NA;NA;NA
2019-2020;L0.05_Pant5_CN_modif_20260519;VIEUX;366;0;117;24974;-9240;92954;0.57;12;0;NA;0;NA;NA;NA
2020-2021;L0.05_Pant5_CN_modif_20260519;VIEUX;365;138;73;62381;30817;188332;1.42;19.8;0;NA;0;NA;NA;NA
2021-2022;L0.05_Pant5_CN_modif_20260519;VIEUX;365;55;306;29085;6636;331453;0.66;14.9;0;NA;0;NA;NA;NA
2022-2023;L0.05_Pant5_CN_modif_20260519;VIEUX;365;225;69;14543;-455;209330;0.33;6.9;0;NA;0;NA;NA;NA
2023-2024;L0.05_Pant5_CN_modif_20260519;VIEUX;366;35;307;84370;11446;211994;1.93;25.2;0;NA;0;NA;NA;NA
2024-2025;L0.05_Pant5_CN_modif_20260519;VIEUX;365;237;66;39748;295;383926;0.91;15.4;0;NA;0;NA;NA;NA
2010-2011;L0.05_Pant5_CN_modif_20260519;VIEUX BURLAT;365;62;277;7746;6097;54602;0.34;12.6;0;NA;0;NA;NA;NA
2011-2012;L0.05_Pant5_CN_modif_20260519;VIEUX BURLAT;366;0;111;6741;7445;4164;0.3;9.8;0;NA;0;NA;NA;NA
2012-2013;L0.05_Pant5_CN_modif_20260519;VIEUX BURLAT;365;273;18;10472;15473;49183;0.46;12.6;0;NA;0;NA;NA;NA
2013-2014;L0.05_Pant5_CN_modif_20260519;VIEUX BURLAT;365;322;29;9135;14545;45061;0.4;11.2;0;NA;0;NA;NA;NA
2014-2015;L0.05_Pant5_CN_modif_20260519;VIEUX BURLAT;365;262;21;10093;-619;51940;0.44;16.9;0;NA;0;NA;NA;NA
2015-2016;L0.05_Pant5_CN_modif_20260519;VIEUX BURLAT;366;0;278;14197;4530;50365;0.62;18.6;0;NA;0;NA;NA;NA
2016-2017;L0.05_Pant5_CN_modif_20260519;VIEUX BURLAT;365;0;365;6129;-292;10605;0.27;11.4;0;NA;0;NA;NA;NA
2017-2018;L0.05_Pant5_CN_modif_20260519;VIEUX BURLAT;365;125;117;6630;1879;5726;0.29;10.4;0;NA;0;NA;NA;NA
2018-2019;L0.05_Pant5_CN_modif_20260519;VIEUX BURLAT;365;0;30;5797;-1264;18008;0.25;9.6;0;NA;0;NA;NA;NA
2019-2020;L0.05_Pant5_CN_modif_20260519;VIEUX BURLAT;366;188;30;6230;-2407;23340;0.27;10.8;0;NA;0;NA;NA;NA
2020-2021;L0.05_Pant5_CN_modif_20260519;VIEUX BURLAT;365;55;277;22870;4315;53759;1;26.1;0;NA;0;NA;NA;NA
2021-2022;L0.05_Pant5_CN_modif_20260519;VIEUX BURLAT;365;143;97;8505;-9935;25863;0.37;15.7;0;NA;0;NA;NA;NA
2022-2023;L0.05_Pant5_CN_modif_20260519;VIEUX BURLAT;365;0;278;5079;3222;26716;0.22;8.7;0;NA;0;NA;NA;NA
2023-2024;L0.05_Pant5_CN_modif_20260519;VIEUX BURLAT;366;216;91;25999;7219;53129;1.14;27.9;0;NA;0;NA;NA;NA
2024-2025;L0.05_Pant5_CN_modif_20260519;VIEUX BURLAT;365;248;16;10106;5758;46059;0.44;14.1;0;NA;0;NA;NA;NA
2010-2011;L0.2_Pant10_CN_base_20260519;BIETONNAY;365;56;132;25607;25170;137793;0.23;8.7;0;NA;0;NA;NA;NA
2011-2012;L0.2_Pant10_CN_base_20260519;BIETONNAY;366;0;98;21683;46184;32920;0.2;6.6;0;NA;0;NA;NA;NA
2012-2013;L0.2_Pant10_CN_base_20260519;BIETONNAY;365;109;17;45015;86893;161413;0.41;11.3;0;NA;0;NA;NA;NA
2013-2014;L0.2_Pant10_CN_base_20260519;BIETONNAY;365;47;264;61605;34849;193767;0.56;15.8;0;NA;0;NA;NA;NA
2014-2015;L0.2_Pant10_CN_base_20260519;BIETONNAY;365;0;168;60450;-27888;80928;0.55;21.1;0;NA;0;NA;NA;NA
2015-2016;L0.2_Pant10_CN_base_20260519;BIETONNAY;366;91;48;47955;66529;69800;0.44;13.1;0;NA;0;NA;NA;NA
2016-2017;L0.2_Pant10_CN_base_20260519;BIETONNAY;365;24;104;14724;7247;115437;0.13;5.7;0;NA;0;NA;NA;NA
2017-2018;L0.2_Pant10_CN_base_20260519;BIETONNAY;365;0;124;25858;12422;30215;0.24;8.4;0;NA;0;NA;NA;NA
2018-2019;L0.2_Pant10_CN_base_20260519;BIETONNAY;365;0;343;27402;13265;77399;0.25;9.5;0;NA;0;NA;NA;NA
2019-2020;L0.2_Pant10_CN_base_20260519;BIETONNAY;366;0;172;35404;-27709;33278;0.32;12.8;0;NA;0;NA;NA;NA
2020-2021;L0.2_Pant10_CN_base_20260519;BIETONNAY;365;114;54;87608;94180;167412;0.8;20.8;0;NA;0;NA;NA;NA
2021-2022;L0.2_Pant10_CN_base_20260519;BIETONNAY;365;79;136;20712;22761;146891;0.19;8;0;NA;0;NA;NA;NA
2022-2023;L0.2_Pant10_CN_base_20260519;BIETONNAY;365;0;165;15435;16446;45399;0.14;5.5;0;NA;0;NA;NA;NA
2023-2024;L0.2_Pant10_CN_base_20260519;BIETONNAY;366;36;287;116292;78407;268204;1.06;26;0;NA;0;NA;NA;NA
2024-2025;L0.2_Pant10_CN_base_20260519;BIETONNAY;365;0;149;54988;-9645;50331;0.5;15.9;0;NA;0;NA;NA;NA
2010-2011;L0.2_Pant10_CN_base_20260519;CARRONNIER;365;79;227;11654;9776;66538;0.2;6.1;0;NA;0;NA;NA;NA
2011-2012;L0.2_Pant10_CN_base_20260519;CARRONNIER;366;0;42;8502;14020;17716;0.15;4;0;NA;0;NA;NA;NA
2012-2013;L0.2_Pant10_CN_base_20260519;CARRONNIER;365;20;34;19689;26432;71272;0.34;7.6;0;NA;0;NA;NA;NA
2013-2014;L0.2_Pant10_CN_base_20260519;CARRONNIER;365;19;277;23148;10815;84057;0.4;9.1;0;NA;0;NA;NA;NA
2014-2015;L0.2_Pant10_CN_base_20260519;CARRONNIER;365;0;154;25601;-11372;37436;0.44;13.8;0;NA;0;NA;NA;NA
2015-2016;L0.2_Pant10_CN_base_20260519;CARRONNIER;366;95;90;22186;18504;30124;0.38;9.3;0;NA;0;NA;NA;NA
2016-2017;L0.2_Pant10_CN_base_20260519;CARRONNIER;365;82;277;5783;3386;64487;0.1;3.5;0;NA;0;NA;NA;NA
2017-2018;L0.2_Pant10_CN_base_20260519;CARRONNIER;365;0;124;11101;4098;7312;0.19;5.6;0;NA;0;NA;NA;NA
2018-2019;L0.2_Pant10_CN_base_20260519;CARRONNIER;365;0;280;9593;1063;43799;0.16;5.1;0;NA;0;NA;NA;NA
2019-2020;L0.2_Pant10_CN_base_20260519;CARRONNIER;366;0;267;13575;-5019;20894;0.23;7.5;0;NA;0;NA;NA;NA
2020-2021;L0.2_Pant10_CN_base_20260519;CARRONNIER;365;114;51;46321;28635;66783;0.79;17;0;NA;0;NA;NA;NA
2021-2022;L0.2_Pant10_CN_base_20260519;CARRONNIER;365;85;83;8667;-10496;68273;0.15;5.1;51;15781;0;NA;NA;NA
2022-2023;L0.2_Pant10_CN_base_20260519;CARRONNIER;365;0;280;6493;7986;27304;0.11;3.6;365;10865;8;17.7;0.1;-17.6
2023-2024;L0.2_Pant10_CN_base_20260519;CARRONNIER;366;307;49;48740;30628;90573;0.83;16.8;366;12359;22;32.8;13.3;-19.4
2024-2025;L0.2_Pant10_CN_base_20260519;CARRONNIER;365;85;60;20729;9835;73525;0.36;9.2;365;23438;11;32.4;6;-26.4
2010-2011;L0.2_Pant10_CN_base_20260519;CHANTEMERLE;365;0;365;14333;2559;13899;0.41;8.7;0;NA;0;NA;NA;NA
2011-2012;L0.2_Pant10_CN_base_20260519;CHANTEMERLE;366;0;180;9324;12373;15042;0.27;5.1;0;NA;0;NA;NA;NA
2012-2013;L0.2_Pant10_CN_base_20260519;CHANTEMERLE;365;30;74;20427;23440;40064;0.59;9.2;0;NA;0;NA;NA;NA
2013-2014;L0.2_Pant10_CN_base_20260519;CHANTEMERLE;365;30;245;22817;13734;50002;0.66;10.5;0;NA;0;NA;NA;NA
2014-2015;L0.2_Pant10_CN_base_20260519;CHANTEMERLE;365;0;264;24927;-1528;23399;0.72;15.6;0;NA;0;NA;NA;NA
2015-2016;L0.2_Pant10_CN_base_20260519;CHANTEMERLE;366;66;29;22433;17707;16672;0.65;11;0;NA;0;NA;NA;NA
2016-2017;L0.2_Pant10_CN_base_20260519;CHANTEMERLE;365;47;245;6302;8172;36306;0.18;4.4;0;NA;0;NA;NA;NA
2017-2018;L0.2_Pant10_CN_base_20260519;CHANTEMERLE;365;0;350;14487;6859;22983;0.42;8.5;0;NA;0;NA;NA;NA
2018-2019;L0.2_Pant10_CN_base_20260519;CHANTEMERLE;365;0;350;9612;2633;5830;0.28;5.9;0;NA;0;NA;NA;NA
2019-2020;L0.2_Pant10_CN_base_20260519;CHANTEMERLE;366;0;282;12105;12189;29765;0.35;7.8;0;NA;0;NA;NA;NA
2020-2021;L0.2_Pant10_CN_base_20260519;CHANTEMERLE;365;62;67;43838;25593;41031;1.27;18.7;0;NA;0;NA;NA;NA
2021-2022;L0.2_Pant10_CN_base_20260519;CHANTEMERLE;365;115;245;9919;12497;51760;0.29;6.9;0;NA;0;NA;NA;NA
2022-2023;L0.2_Pant10_CN_base_20260519;CHANTEMERLE;365;0;365;8015;235;7381;0.23;5.1;0;NA;0;NA;NA;NA
2023-2024;L0.2_Pant10_CN_base_20260519;CHANTEMERLE;366;62;276;51811;21759;74438;1.5;20.8;0;NA;0;NA;NA;NA
2024-2025;L0.2_Pant10_CN_base_20260519;CHANTEMERLE;365;0;365;26192;4;26196;0.76;13.6;0;NA;0;NA;NA;NA
2010-2011;L0.2_Pant10_CN_base_20260519;CORVEYZIEUX;365;280;77;16299;-808;230444;0.08;7.7;0;NA;0;NA;NA;NA
2011-2012;L0.2_Pant10_CN_base_20260519;CORVEYZIEUX;366;60;10;7733;38405;254265;0.04;3.3;0;NA;0;NA;NA;NA
2012-2013;L0.2_Pant10_CN_base_20260519;CORVEYZIEUX;365;280;13;18687;72299;529603;0.09;6.5;0;NA;0;NA;NA;NA
2013-2014;L0.2_Pant10_CN_base_20260519;CORVEYZIEUX;365;330;7;18189;67194;440474;0.08;6.5;0;NA;0;NA;NA;NA
2014-2015;L0.2_Pant10_CN_base_20260519;CORVEYZIEUX;365;61;294;22857;26823;647944;0.11;11.1;0;NA;0;NA;NA;NA
2015-2016;L0.2_Pant10_CN_base_20260519;CORVEYZIEUX;366;138;80;24511;34219;124486;0.11;9.3;0;NA;0;NA;NA;NA
2016-2017;L0.2_Pant10_CN_base_20260519;CORVEYZIEUX;365;265;7;5454;-14859;344616;0.03;3;0;NA;0;NA;NA;NA
2017-2018;L0.2_Pant10_CN_base_20260519;CORVEYZIEUX;365;0;18;10279;8600;150830;0.05;4.7;0;NA;0;NA;NA;NA
2018-2019;L0.2_Pant10_CN_base_20260519;CORVEYZIEUX;365;0;15;7844;-5401;142229;0.04;3.8;0;NA;0;NA;NA;NA
2019-2020;L0.2_Pant10_CN_base_20260519;CORVEYZIEUX;366;0;300;14316;19292;379440;0.07;7.2;0;NA;0;NA;NA;NA
2020-2021;L0.2_Pant10_CN_base_20260519;CORVEYZIEUX;365;114;80;56264;50580;264987;0.26;18.7;0;NA;0;NA;NA;NA
2021-2022;L0.2_Pant10_CN_base_20260519;CORVEYZIEUX;365;304;6;8306;-28706;500283;0.04;4.5;51;27737;0;NA;NA;NA
2022-2023;L0.2_Pant10_CN_base_20260519;CORVEYZIEUX;365;0;12;6229;-1127;210010;0.03;3.1;365;40618;5;24.5;0;-24.5
2023-2024;L0.2_Pant10_CN_base_20260519;CORVEYZIEUX;366;138;9;48934;78644;500062;0.23;15.3;366;63795;8;37.7;12.1;-25.6
2024-2025;L0.2_Pant10_CN_base_20260519;CORVEYZIEUX;365;326;6;20723;26867;547325;0.1;8.4;365;38802;5;47.1;1.4;-45.6
2010-2011;L0.2_Pant10_CN_base_20260519;FOUR;365;0;314;9220;11815;157530;0.1;7.1;0;NA;0;NA;NA;NA
2011-2012;L0.2_Pant10_CN_base_20260519;FOUR;366;0;84;4787;30109;4189;0.05;3.3;0;NA;0;NA;NA;NA
2012-2013;L0.2_Pant10_CN_base_20260519;FOUR;365;266;13;11063;56748;154538;0.13;6.3;0;NA;0;NA;NA;NA
2013-2014;L0.2_Pant10_CN_base_20260519;FOUR;365;271;18;10999;52816;137666;0.12;6.4;0;NA;0;NA;NA;NA
2014-2015;L0.2_Pant10_CN_base_20260519;FOUR;365;271;8;12660;-1760;122417;0.14;10.1;0;NA;0;NA;NA;NA
2015-2016;L0.2_Pant10_CN_base_20260519;FOUR;366;0;316;20506;14737;116415;0.23;12.8;0;NA;0;NA;NA;NA
2016-2017;L0.2_Pant10_CN_base_20260519;FOUR;365;208;62;3515;-17018;16621;0.04;3.1;0;NA;0;NA;NA;NA
2017-2018;L0.2_Pant10_CN_base_20260519;FOUR;365;0;40;6190;7795;54616;0.07;4.6;0;NA;0;NA;NA;NA
2018-2019;L0.2_Pant10_CN_base_20260519;FOUR;365;0;38;4486;-3159;25635;0.05;3.5;0;NA;0;NA;NA;NA
2019-2020;L0.2_Pant10_CN_base_20260519;FOUR;366;0;45;6803;-8003;85290;0.08;5.6;0;NA;0;NA;NA;NA
2020-2021;L0.2_Pant10_CN_base_20260519;FOUR;365;0;350;44550;23243;158824;0.5;24.1;0;NA;0;NA;NA;NA
2021-2022;L0.2_Pant10_CN_base_20260519;FOUR;365;181;61;6067;-28924;43141;0.07;5.3;51;11564;0;NA;NA;NA
2022-2023;L0.2_Pant10_CN_base_20260519;FOUR;365;0;22;3668;569;37419;0.04;3;365;23851;7;20.4;0;-20.4
2023-2024;L0.2_Pant10_CN_base_20260519;FOUR;366;211;25;29560;62093;170557;0.34;15.1;81;25656;3;39.3;12.6;-26.7
2024-2025;L0.2_Pant10_CN_base_20260519;FOUR;365;42;311;17280;21196;212758;0.2;11.4;0;NA;0;NA;NA;NA
2010-2011;L0.2_Pant10_CN_base_20260519;FRENE;365;301;2;19796;5169;230000;0.72;8.7;0;NA;0;NA;NA;NA
2011-2012;L0.2_Pant10_CN_base_20260519;FRENE;366;355;3;16781;9775;79724;0.61;6.6;0;NA;0;NA;NA;NA
2012-2013;L0.2_Pant10_CN_base_20260519;FRENE;365;357;2;34797;18518;285263;1.27;11.3;0;NA;0;NA;NA;NA
2013-2014;L0.2_Pant10_CN_base_20260519;FRENE;365;352;6;34246;17220;209519;1.25;11.4;0;NA;0;NA;NA;NA
2014-2015;L0.2_Pant10_CN_base_20260519;FRENE;365;281;6;32342;-743;122705;1.18;14.6;0;NA;0;NA;NA;NA
2015-2016;L0.2_Pant10_CN_base_20260519;FRENE;366;306;3;37044;12829;118994;1.35;13.1;0;NA;0;NA;NA;NA
2016-2017;L0.2_Pant10_CN_base_20260519;FRENE;365;245;3;11402;-3840;198549;0.42;5.7;0;NA;0;NA;NA;NA
2017-2018;L0.2_Pant10_CN_base_20260519;FRENE;365;233;10;20006;2135;71667;0.73;8.5;0;NA;0;NA;NA;NA
2018-2019;L0.2_Pant10_CN_base_20260519;FRENE;365;260;9;15690;-1459;54101;0.57;7;0;NA;0;NA;NA;NA
2019-2020;L0.2_Pant10_CN_base_20260519;FRENE;366;60;303;21776;3902;105215;0.8;10.2;0;NA;0;NA;NA;NA
2020-2021;L0.2_Pant10_CN_base_20260519;FRENE;365;297;65;70657;12762;151135;2.58;21.8;0;NA;0;NA;NA;NA
2021-2022;L0.2_Pant10_CN_base_20260519;FRENE;365;270;2;16024;-7388;252646;0.59;8;0;NA;0;NA;NA;NA
2022-2023;L0.2_Pant10_CN_base_20260519;FRENE;365;241;8;11967;-157;85804;0.44;5.5;0;NA;0;NA;NA;NA
2023-2024;L0.2_Pant10_CN_base_20260519;FRENE;366;300;8;73970;20156;212790;2.7;21.5;0;NA;0;NA;NA;NA
2024-2025;L0.2_Pant10_CN_base_20260519;FRENE;365;30;302;36457;6704;285901;1.33;13.7;0;NA;0;NA;NA;NA
2010-2011;L0.2_Pant10_CN_base_20260519;GRAND ETANG LA ROUE;365;20;278;21651;19198;87392;0.25;5.4;0;NA;0;NA;NA;NA
2011-2012;L0.2_Pant10_CN_base_20260519;GRAND ETANG LA ROUE;366;0;121;14880;23368;6290;0.17;3.3;0;NA;0;NA;NA;NA
2012-2013;L0.2_Pant10_CN_base_20260519;GRAND ETANG LA ROUE;365;0;47;34442;48566;77620;0.4;6.3;0;NA;0;NA;NA;NA
2013-2014;L0.2_Pant10_CN_base_20260519;GRAND ETANG LA ROUE;365;0;31;34191;45817;68527;0.4;6.4;0;NA;0;NA;NA;NA
2014-2015;L0.2_Pant10_CN_base_20260519;GRAND ETANG LA ROUE;365;17;151;39451;16311;104591;0.46;10.1;0;NA;0;NA;NA;NA
2015-2016;L0.2_Pant10_CN_base_20260519;GRAND ETANG LA ROUE;366;0;301;46328;17346;63674;0.54;9.3;0;NA;0;NA;NA;NA
2016-2017;L0.2_Pant10_CN_base_20260519;GRAND ETANG LA ROUE;365;0;365;11345;2215;10195;0.13;3.2;0;NA;0;NA;NA;NA
2017-2018;L0.2_Pant10_CN_base_20260519;GRAND ETANG LA ROUE;365;0;124;19262;7800;10738;0.22;4.6;0;NA;0;NA;NA;NA
2018-2019;L0.2_Pant10_CN_base_20260519;GRAND ETANG LA ROUE;365;0;301;14048;6820;28447;0.16;3.6;0;NA;0;NA;NA;NA
2019-2020;L0.2_Pant10_CN_base_20260519;GRAND ETANG LA ROUE;366;0;257;21179;14968;46279;0.25;5.6;0;NA;0;NA;NA;NA
2020-2021;L0.2_Pant10_CN_base_20260519;GRAND ETANG LA ROUE;365;99;57;88745;52867;67924;1.03;15.5;0;NA;0;NA;NA;NA
2021-2022;L0.2_Pant10_CN_base_20260519;GRAND ETANG LA ROUE;365;80;278;16867;12001;104535;0.2;4.8;0;NA;0;NA;NA;NA
2022-2023;L0.2_Pant10_CN_base_20260519;GRAND ETANG LA ROUE;365;0;365;14030;55;14086;0.16;3.7;0;NA;0;NA;NA;NA
2023-2024;L0.2_Pant10_CN_base_20260519;GRAND ETANG LA ROUE;366;85;102;103218;22658;67117;1.2;16.9;0;NA;0;NA;NA;NA
2024-2025;L0.2_Pant10_CN_base_20260519;GRAND ETANG LA ROUE;365;44;61;38247;18123;98945;0.44;8.1;154;37864;6;35.8;12;-23.8
2010-2011;L0.2_Pant10_CN_base_20260519;GRAND RONZUEL;365;0;31;7621;29364;208155;0.05;6.1;0;NA;0;NA;NA;NA
2011-2012;L0.2_Pant10_CN_base_20260519;GRAND RONZUEL;366;0;65;5598;57096;54043;0.04;4;0;NA;0;NA;NA;NA
2012-2013;L0.2_Pant10_CN_base_20260519;GRAND RONZUEL;365;0;295;23958;50060;230251;0.16;14.2;0;NA;0;NA;NA;NA
2013-2014;L0.2_Pant10_CN_base_20260519;GRAND RONZUEL;365;0;365;32764;884;161193;0.22;19.8;0;NA;0;NA;NA;NA
2014-2015;L0.2_Pant10_CN_base_20260519;GRAND RONZUEL;365;0;162;32365;-23678;76285;0.22;26.7;0;NA;0;NA;NA;NA
2015-2016;L0.2_Pant10_CN_base_20260519;GRAND RONZUEL;366;47;75;14483;80327;77392;0.1;9.4;0;NA;0;NA;NA;NA
2016-2017;L0.2_Pant10_CN_base_20260519;GRAND RONZUEL;365;0;291;3822;39846;188087;0.03;3.5;0;NA;0;NA;NA;NA
2017-2018;L0.2_Pant10_CN_base_20260519;GRAND RONZUEL;365;0;365;18379;6536;49144;0.12;14.2;0;NA;0;NA;NA;NA
2018-2019;L0.2_Pant10_CN_base_20260519;GRAND RONZUEL;365;0;365;13860;1031;49495;0.09;11.3;0;NA;0;NA;NA;NA
2019-2020;L0.2_Pant10_CN_base_20260519;GRAND RONZUEL;366;0;168;14625;-10343;53593;0.1;12.5;0;NA;0;NA;NA;NA
2020-2021;L0.2_Pant10_CN_base_20260519;GRAND RONZUEL;365;62;62;30218;115068;91314;0.2;17;0;NA;0;NA;NA;NA
2021-2022;L0.2_Pant10_CN_base_20260519;GRAND RONZUEL;365;67;136;5705;9296;232721;0.04;5.2;51;80456;0;NA;NA;NA
2022-2023;L0.2_Pant10_CN_base_20260519;GRAND RONZUEL;365;0;365;6992;28426;80470;0.05;5.9;179;31564;1;1.2;0;-1.2
2023-2024;L0.2_Pant10_CN_base_20260519;GRAND RONZUEL;366;88;99;58691;53008;118931;0.39;31;0;NA;0;NA;NA;NA
2024-2025;L0.2_Pant10_CN_base_20260519;GRAND RONZUEL;365;30;17;13669;38803;223687;0.09;9.4;0;NA;0;NA;NA;NA
2010-2011;L0.2_Pant10_CN_base_20260519;GRANGES;365;111;219;15681;9647;35655;0.77;7.3;0;NA;0;NA;NA;NA
2011-2012;L0.2_Pant10_CN_base_20260519;GRANGES;366;0;143;12348;8451;13739;0.61;5.2;0;NA;0;NA;NA;NA
2012-2013;L0.2_Pant10_CN_base_20260519;GRANGES;365;53;246;28609;11257;49855;1.41;9.9;0;NA;0;NA;NA;NA
2013-2014;L0.2_Pant10_CN_base_20260519;GRANGES;365;34;125;28308;5517;17575;1.4;10;0;NA;0;NA;NA;NA
2014-2015;L0.2_Pant10_CN_base_20260519;GRANGES;365;79;98;26690;5427;48366;1.32;12.9;0;NA;0;NA;NA;NA
2015-2016;L0.2_Pant10_CN_base_20260519;GRANGES;366;112;26;29257;12067;28366;1.44;11.1;0;NA;0;NA;NA;NA
2016-2017;L0.2_Pant10_CN_base_20260519;GRANGES;365;52;246;8853;4824;26635;0.44;4.8;0;NA;0;NA;NA;NA
2017-2018;L0.2_Pant10_CN_base_20260519;GRANGES;365;109;124;15449;-2062;3949;0.76;7;0;NA;0;NA;NA;NA
2018-2019;L0.2_Pant10_CN_base_20260519;GRANGES;365;0;224;11768;4304;18500;0.58;5.6;0;NA;0;NA;NA;NA
2019-2020;L0.2_Pant10_CN_base_20260519;GRANGES;366;68;215;15811;7008;29193;0.78;7.9;0;NA;0;NA;NA;NA
2020-2021;L0.2_Pant10_CN_base_20260519;GRANGES;365;81;272;61981;10809;73426;3.06;20.4;0;NA;0;NA;NA;NA
2021-2022;L0.2_Pant10_CN_base_20260519;GRANGES;365;0;348;13505;-1497;12008;0.67;7.2;0;NA;0;NA;NA;NA
2022-2023;L0.2_Pant10_CN_base_20260519;GRANGES;365;0;316;9528;7447;16975;0.47;4.7;0;NA;0;NA;NA;NA
2023-2024;L0.2_Pant10_CN_base_20260519;GRANGES;366;0;366;69946;102;70047;3.45;21.7;0;NA;0;NA;NA;NA
2024-2025;L0.2_Pant10_CN_base_20260519;GRANGES;365;0;365;30965;3;30967;1.53;12.4;0;NA;0;NA;NA;NA
2010-2011;L0.2_Pant10_CN_base_20260519;LECHERE;365;1;155;6448;6192;23256;0.25;7.4;0;NA;0;NA;NA;NA
2011-2012;L0.2_Pant10_CN_base_20260519;LECHERE;366;0;120;5099;9823;6558;0.2;5.2;0;NA;0;NA;NA;NA
2012-2013;L0.2_Pant10_CN_base_20260519;LECHERE;365;0;303;14337;4418;28904;0.57;12.2;0;NA;0;NA;NA;NA
2013-2014;L0.2_Pant10_CN_base_20260519;LECHERE;365;0;115;11519;11704;6015;0.45;10;0;NA;0;NA;NA;NA
2014-2015;L0.2_Pant10_CN_base_20260519;LECHERE;365;22;63;10998;1622;29828;0.43;13;0;NA;0;NA;NA;NA
2015-2016;L0.2_Pant10_CN_base_20260519;LECHERE;366;47;83;12007;13569;10651;0.47;11.1;0;NA;0;NA;NA;NA
2016-2017;L0.2_Pant10_CN_base_20260519;LECHERE;365;0;172;3510;3243;20467;0.14;4.6;0;NA;0;NA;NA;NA
2017-2018;L0.2_Pant10_CN_base_20260519;LECHERE;365;0;365;8617;-10;9819;0.34;9.5;0;NA;0;NA;NA;NA
2018-2019;L0.2_Pant10_CN_base_20260519;LECHERE;365;0;148;5205;2403;3736;0.21;6.1;0;NA;0;NA;NA;NA
2019-2020;L0.2_Pant10_CN_base_20260519;LECHERE;366;0;154;6518;3696;13392;0.26;8;0;NA;0;NA;NA;NA
2020-2021;L0.2_Pant10_CN_base_20260519;LECHERE;365;93;78;23372;19117;21895;0.92;18.8;0;NA;0;NA;NA;NA
2021-2022;L0.2_Pant10_CN_base_20260519;LECHERE;365;55;166;5074;3618;29977;0.2;6.6;0;NA;0;NA;NA;NA
2022-2023;L0.2_Pant10_CN_base_20260519;LECHERE;365;0;365;5039;2791;7830;0.2;6.1;0;NA;0;NA;NA;NA
2023-2024;L0.2_Pant10_CN_base_20260519;LECHERE;366;99;90;29761;11144;24383;1.17;22.5;0;NA;0;NA;NA;NA
2024-2025;L0.2_Pant10_CN_base_20260519;LECHERE;365;25;74;11221;6724;30500;0.44;11;0;NA;0;NA;NA;NA
2010-2011;L0.2_Pant10_CN_base_20260519;LECHERE DU FRAYET;365;0;279;4210;13989;42283;0.08;6.1;0;NA;0;NA;NA;NA
2011-2012;L0.2_Pant10_CN_base_20260519;LECHERE DU FRAYET;366;0;120;3009;17010;3433;0.06;3.9;0;NA;0;NA;NA;NA
2012-2013;L0.2_Pant10_CN_base_20260519;LECHERE DU FRAYET;365;0;42;6034;35352;40352;0.12;6.5;0;NA;0;NA;NA;NA
2013-2014;L0.2_Pant10_CN_base_20260519;LECHERE DU FRAYET;365;0;280;10070;14547;42237;0.19;11.1;0;NA;0;NA;NA;NA
2014-2015;L0.2_Pant10_CN_base_20260519;LECHERE DU FRAYET;365;0;231;12605;1159;13764;0.24;18.9;0;NA;0;NA;NA;NA
2015-2016;L0.2_Pant10_CN_base_20260519;LECHERE DU FRAYET;366;0;82;6826;26915;16682;0.13;8;0;NA;0;NA;NA;NA
2016-2017;L0.2_Pant10_CN_base_20260519;LECHERE DU FRAYET;365;0;281;2196;11548;30803;0.04;3.7;0;NA;0;NA;NA;NA
2017-2018;L0.2_Pant10_CN_base_20260519;LECHERE DU FRAYET;365;0;144;3398;2567;2705;0.07;4.8;0;NA;0;NA;NA;NA
2018-2019;L0.2_Pant10_CN_base_20260519;LECHERE DU FRAYET;365;0;331;2502;11644;12613;0.05;3.7;0;NA;0;NA;NA;NA
2019-2020;L0.2_Pant10_CN_base_20260519;LECHERE DU FRAYET;366;0;332;4817;13118;22729;0.09;7.5;0;NA;0;NA;NA;NA
2020-2021;L0.2_Pant10_CN_base_20260519;LECHERE DU FRAYET;365;0;110;19780;24466;11667;0.38;20.2;0;NA;0;NA;NA;NA
2021-2022;L0.2_Pant10_CN_base_20260519;LECHERE DU FRAYET;365;20;149;2669;9126;44374;0.05;4.4;0;NA;0;NA;NA;NA
2022-2023;L0.2_Pant10_CN_base_20260519;LECHERE DU FRAYET;365;0;352;2714;10007;12721;0.05;4.2;0;NA;0;NA;NA;NA
2023-2024;L0.2_Pant10_CN_base_20260519;LECHERE DU FRAYET;366;0;366;30756;1291;32046;0.59;29.5;0;NA;0;NA;NA;NA
2024-2025;L0.2_Pant10_CN_base_20260519;LECHERE DU FRAYET;365;0;190;9786;485;8699;0.19;12.2;0;NA;0;NA;NA;NA
2010-2011;L0.2_Pant10_CN_base_20260519;LES RAGES;365;178;42;12165;3063;13326;0.9;7.6;0;NA;0;NA;NA;NA
2011-2012;L0.2_Pant10_CN_base_20260519;LES RAGES;366;69;120;9621;6100;17623;0.71;5.4;0;NA;0;NA;NA;NA
2012-2013;L0.2_Pant10_CN_base_20260519;LES RAGES;365;0;365;23032;58;23090;1.7;10.7;0;NA;0;NA;NA;NA
2013-2014;L0.2_Pant10_CN_base_20260519;LES RAGES;365;0;321;21780;1790;18280;1.61;10.3;0;NA;0;NA;NA;NA
2014-2015;L0.2_Pant10_CN_base_20260519;LES RAGES;365;246;59;20409;3622;29321;1.51;13.2;0;NA;0;NA;NA;NA
2015-2016;L0.2_Pant10_CN_base_20260519;LES RAGES;366;177;74;22148;10213;32361;1.64;11.2;0;NA;0;NA;NA;NA
2016-2017;L0.2_Pant10_CN_base_20260519;LES RAGES;365;0;103;6711;1446;8157;0.5;4.8;0;NA;0;NA;NA;NA
2017-2018;L0.2_Pant10_CN_base_20260519;LES RAGES;365;0;365;12872;174;13046;0.95;7.8;0;NA;0;NA;NA;NA
2018-2019;L0.2_Pant10_CN_base_20260519;LES RAGES;365;0;365;10330;0;10330;0.76;6.6;0;NA;0;NA;NA;NA
2019-2020;L0.2_Pant10_CN_base_20260519;LES RAGES;366;0;366;13359;422;13428;0.99;8.9;0;NA;0;NA;NA;NA
2020-2021;L0.2_Pant10_CN_base_20260519;LES RAGES;365;307;35;42929;9977;43577;3.18;18.9;0;NA;0;NA;NA;NA
2021-2022;L0.2_Pant10_CN_base_20260519;LES RAGES;365;227;59;9643;1798;21123;0.71;6.9;0;NA;0;NA;NA;NA
2022-2023;L0.2_Pant10_CN_base_20260519;LES RAGES;365;0;129;7087;3240;9984;0.52;4.7;0;NA;0;NA;NA;NA
2023-2024;L0.2_Pant10_CN_base_20260519;LES RAGES;366;257;79;46456;13700;60251;3.44;19.3;0;NA;0;NA;NA;NA
2024-2025;L0.2_Pant10_CN_base_20260519;LES RAGES;365;258;89;20882;6743;27477;1.54;11.2;0;NA;0;NA;NA;NA
2010-2011;L0.2_Pant10_CN_base_20260519;LIGNIERE;365;124;27;172;33653;209630;0;4.4;0;NA;0;NA;NA;NA
2011-2012;L0.2_Pant10_CN_base_20260519;LIGNIERE;366;296;24;106;63507;264639;0;2.5;0;NA;0;NA;NA;NA
2012-2013;L0.2_Pant10_CN_base_20260519;LIGNIERE;365;323;19;273;117219;671373;0;5.2;0;NA;0;NA;NA;NA
2013-2014;L0.2_Pant10_CN_base_20260519;LIGNIERE;365;322;20;274;106895;514026;0;5.4;0;NA;0;NA;NA;NA
2014-2015;L0.2_Pant10_CN_base_20260519;LIGNIERE;365;271;19;337;-1733;735700;0;9;0;NA;0;NA;NA;NA
2015-2016;L0.2_Pant10_CN_base_20260519;LIGNIERE;366;0;25;324;81775;225193;0;6.8;0;NA;0;NA;NA;NA
2016-2017;L0.2_Pant10_CN_base_20260519;LIGNIERE;365;251;28;73;-21538;279242;0;2.2;0;NA;0;NA;NA;NA
2017-2018;L0.2_Pant10_CN_base_20260519;LIGNIERE;365;114;25;152;17976;207848;0;3.8;0;NA;0;NA;NA;NA
2018-2019;L0.2_Pant10_CN_base_20260519;LIGNIERE;365;0;27;109;-1396;155266;0;2.9;0;NA;0;NA;NA;NA
2019-2020;L0.2_Pant10_CN_base_20260519;LIGNIERE;366;254;29;172;-15130;325845;0;4.7;0;NA;0;NA;NA;NA
2020-2021;L0.2_Pant10_CN_base_20260519;LIGNIERE;365;0;329;34431;18234;511717;0.12;626.5;0;NA;0;NA;NA;NA
2021-2022;L0.2_Pant10_CN_base_20260519;LIGNIERE;365;235;60;2273;-57120;284036;0.01;66.9;51;20112;0;NA;NA;NA
2022-2023;L0.2_Pant10_CN_base_20260519;LIGNIERE;365;249;28;92;1552;166506;0;2.5;365;83462;1;37.3;0;-37.3
2023-2024;L0.2_Pant10_CN_base_20260519;LIGNIERE;366;298;16;791;125813;606430;0;13.5;366;56261;0;NA;NA;NA
2024-2025;L0.2_Pant10_CN_base_20260519;LIGNIERE;365;289;21;318;44770;610892;0;7.1;365;32985;0;NA;NA;NA
2010-2011;L0.2_Pant10_CN_base_20260519;LONGEVAVRE;365;93;262;11368;16344;67418;0.24;10.9;0;NA;0;NA;NA;NA
2011-2012;L0.2_Pant10_CN_base_20260519;LONGEVAVRE;366;0;82;10116;16687;14727;0.22;8.7;0;NA;0;NA;NA;NA
2012-2013;L0.2_Pant10_CN_base_20260519;LONGEVAVRE;365;57;262;25217;19736;116490;0.54;17.9;0;NA;0;NA;NA;NA
2013-2014;L0.2_Pant10_CN_base_20260519;LONGEVAVRE;365;234;115;22693;16787;45103;0.49;16.5;0;NA;0;NA;NA;NA
2014-2015;L0.2_Pant10_CN_base_20260519;LONGEVAVRE;365;99;106;17152;9458;94388;0.37;17;0;NA;0;NA;NA;NA
2015-2016;L0.2_Pant10_CN_base_20260519;LONGEVAVRE;366;119;32;20475;23983;27798;0.44;15.9;0;NA;0;NA;NA;NA
2016-2017;L0.2_Pant10_CN_base_20260519;LONGEVAVRE;365;54;13;6956;-6410;50793;0.15;7.7;0;NA;0;NA;NA;NA
2017-2018;L0.2_Pant10_CN_base_20260519;LONGEVAVRE;365;0;265;17064;5345;64782;0.37;15.8;0;NA;0;NA;NA;NA
2018-2019;L0.2_Pant10_CN_base_20260519;LONGEVAVRE;365;0;350;11342;1935;11528;0.24;11.1;0;NA;0;NA;NA;NA
2019-2020;L0.2_Pant10_CN_base_20260519;LONGEVAVRE;366;9;58;11349;-4594;32008;0.24;11.6;0;NA;0;NA;NA;NA
2020-2021;L0.2_Pant10_CN_base_20260519;LONGEVAVRE;365;244;15;34894;30752;78709;0.75;23.5;0;NA;0;NA;NA;NA
2021-2022;L0.2_Pant10_CN_base_20260519;LONGEVAVRE;365;243;13;9452;-12311;71341;0.2;10.3;0;NA;0;NA;NA;NA
2022-2023;L0.2_Pant10_CN_base_20260519;LONGEVAVRE;365;0;194;7069;7961;38686;0.15;7.2;0;NA;0;NA;NA;NA
2023-2024;L0.2_Pant10_CN_base_20260519;LONGEVAVRE;366;236;53;38791;36701;119718;0.83;24.6;0;NA;0;NA;NA;NA
2024-2025;L0.2_Pant10_CN_base_20260519;LONGEVAVRE;365;70;48;18274;11781;70673;0.39;15;0;NA;0;NA;NA;NA
2010-2011;L0.2_Pant10_CN_base_20260519;NEUF DE BURLAT;365;57;246;7272;7330;25458;0.33;6.3;0;NA;0;NA;NA;NA
2011-2012;L0.2_Pant10_CN_base_20260519;NEUF DE BURLAT;366;0;227;5516;3749;4453;0.25;4.3;0;NA;0;NA;NA;NA
2012-2013;L0.2_Pant10_CN_base_20260519;NEUF DE BURLAT;365;29;93;11838;14847;24373;0.54;7.6;0;NA;0;NA;NA;NA
2013-2014;L0.2_Pant10_CN_base_20260519;NEUF DE BURLAT;365;2;25;11713;13804;24076;0.53;7.7;0;NA;0;NA;NA;NA
2014-2015;L0.2_Pant10_CN_base_20260519;NEUF DE BURLAT;365;53;156;12615;7328;28507;0.58;11.3;0;NA;0;NA;NA;NA
2015-2016;L0.2_Pant10_CN_base_20260519;NEUF DE BURLAT;366;0;264;15720;5719;21439;0.72;11;0;NA;0;NA;NA;NA
2016-2017;L0.2_Pant10_CN_base_20260519;NEUF DE BURLAT;365;0;365;4085;1393;4452;0.19;4.1;0;NA;0;NA;NA;NA
2017-2018;L0.2_Pant10_CN_base_20260519;NEUF DE BURLAT;365;0;135;6676;2452;8176;0.3;5.6;0;NA;0;NA;NA;NA
2018-2019;L0.2_Pant10_CN_base_20260519;NEUF DE BURLAT;365;0;301;4920;6793;9947;0.22;4.4;0;NA;0;NA;NA;NA
2019-2020;L0.2_Pant10_CN_base_20260519;NEUF DE BURLAT;366;0;289;7507;8031;19282;0.34;6.9;0;NA;0;NA;NA;NA
2020-2021;L0.2_Pant10_CN_base_20260519;NEUF DE BURLAT;365;51;164;30253;6656;18504;1.38;18.5;0;NA;0;NA;NA;NA
2021-2022;L0.2_Pant10_CN_base_20260519;NEUF DE BURLAT;365;110;245;5223;7638;31265;0.24;5.2;0;NA;0;NA;NA;NA
2022-2023;L0.2_Pant10_CN_base_20260519;NEUF DE BURLAT;365;0;317;3918;7745;11132;0.18;3.6;0;NA;0;NA;NA;NA
2023-2024;L0.2_Pant10_CN_base_20260519;NEUF DE BURLAT;366;126;86;29280;17339;34708;1.34;16.8;0;NA;0;NA;NA;NA
2024-2025;L0.2_Pant10_CN_base_20260519;NEUF DE BURLAT;365;81;109;12502;5503;28698;0.57;9.3;0;NA;0;NA;NA;NA
2010-2011;L0.2_Pant10_CN_base_20260519;ONDONNIERE;365;0;340;9402;9142;121176;0.13;32.9;0;NA;0;NA;NA;NA
2011-2012;L0.2_Pant10_CN_base_20260519;ONDONNIERE;366;1;94;2238;35763;3185;0.03;7;0;NA;0;NA;NA;NA
2012-2013;L0.2_Pant10_CN_base_20260519;ONDONNIERE;365;241;43;4558;57775;175624;0.06;11.8;0;NA;0;NA;NA;NA
2013-2014;L0.2_Pant10_CN_base_20260519;ONDONNIERE;365;209;29;4394;53171;87218;0.06;11.7;0;NA;0;NA;NA;NA
2014-2015;L0.2_Pant10_CN_base_20260519;ONDONNIERE;365;234;11;4175;-1631;142990;0.06;15.1;0;NA;0;NA;NA;NA
2015-2016;L0.2_Pant10_CN_base_20260519;ONDONNIERE;366;0;343;18774;10203;78911;0.26;53.2;0;NA;0;NA;NA;NA
2016-2017;L0.2_Pant10_CN_base_20260519;ONDONNIERE;365;187;62;1555;-7086;8456;0.02;6.3;0;NA;0;NA;NA;NA
2017-2018;L0.2_Pant10_CN_base_20260519;ONDONNIERE;365;188;74;2571;12037;80956;0.04;8.7;0;NA;0;NA;NA;NA
2018-2019;L0.2_Pant10_CN_base_20260519;ONDONNIERE;365;0;36;2141;-544;29280;0.03;7.7;0;NA;0;NA;NA;NA
2019-2020;L0.2_Pant10_CN_base_20260519;ONDONNIERE;366;169;29;2610;-7086;23072;0.04;9.8;0;NA;0;NA;NA;NA
2020-2021;L0.2_Pant10_CN_base_20260519;ONDONNIERE;365;0;345;34191;8608;145053;0.48;84.3;0;NA;0;NA;NA;NA
2021-2022;L0.2_Pant10_CN_base_20260519;ONDONNIERE;365;157;62;2160;-21815;38295;0.03;8.6;0;NA;0;NA;NA;NA
2022-2023;L0.2_Pant10_CN_base_20260519;ONDONNIERE;365;170;59;1600;2315;18900;0.02;5.9;0;NA;0;NA;NA;NA
2023-2024;L0.2_Pant10_CN_base_20260519;ONDONNIERE;366;238;26;9424;68047;188799;0.13;21.9;0;NA;0;NA;NA;NA
2024-2025;L0.2_Pant10_CN_base_20260519;ONDONNIERE;365;202;12;4375;22059;106355;0.06;13.2;0;NA;0;NA;NA;NA
2010-2011;L0.2_Pant10_CN_base_20260519;PARADIS;365;82;248;11289;24926;715422;0.19;7.4;0;NA;0;NA;NA;NA
2011-2012;L0.2_Pant10_CN_base_20260519;PARADIS;366;77;70;8928;25208;498849;0.15;5.2;0;NA;0;NA;NA;NA
2012-2013;L0.2_Pant10_CN_base_20260519;PARADIS;365;286;5;19458;47856;1333390;0.32;9.4;0;NA;0;NA;NA;NA
2013-2014;L0.2_Pant10_CN_base_20260519;PARADIS;365;86;248;24418;27981;849438;0.4;12.1;0;NA;0;NA;NA;NA
2014-2015;L0.2_Pant10_CN_base_20260519;PARADIS;365;147;137;28707;-25377;1294630;0.47;19.4;0;NA;0;NA;NA;NA
2015-2016;L0.2_Pant10_CN_base_20260519;PARADIS;366;144;13;21022;33043;671143;0.35;11.1;0;NA;0;NA;NA;NA
2016-2017;L0.2_Pant10_CN_base_20260519;PARADIS;365;81;230;6145;9428;660772;0.1;4.6;0;NA;0;NA;NA;NA
2017-2018;L0.2_Pant10_CN_base_20260519;PARADIS;365;170;37;10999;5405;402803;0.18;6.9;0;NA;0;NA;NA;NA
2018-2019;L0.2_Pant10_CN_base_20260519;PARADIS;365;85;248;11725;8954;298666;0.19;7.8;0;NA;0;NA;NA;NA
2019-2020;L0.2_Pant10_CN_base_20260519;PARADIS;366;0;206;16515;-32735;375335;0.27;11.5;0;NA;0;NA;NA;NA
2020-2021;L0.2_Pant10_CN_base_20260519;PARADIS;365;194;55;40920;49307;1022857;0.68;18.8;0;NA;0;NA;NA;NA
2021-2022;L0.2_Pant10_CN_base_20260519;PARADIS;365;164;12;8884;-18924;697134;0.15;6.6;0;NA;0;NA;NA;NA
2022-2023;L0.2_Pant10_CN_base_20260519;PARADIS;365;75;45;6583;-940;505828;0.11;4.6;0;NA;0;NA;NA;NA
2023-2024;L0.2_Pant10_CN_base_20260519;PARADIS;366;218;49;44114;53182;1078949;0.73;19.1;0;NA;0;NA;NA;NA
2024-2025;L0.2_Pant10_CN_base_20260519;PARADIS;365;209;14;19647;17756;1219542;0.32;11;0;NA;0;NA;NA;NA
2010-2011;L0.2_Pant10_CN_base_20260519;PETIT ETANG LA ROUE;365;2;85;18369;-2076;279820;0.59;5.7;0;NA;0;NA;NA;NA
2011-2012;L0.2_Pant10_CN_base_20260519;PETIT ETANG LA ROUE;366;157;25;11223;11194;105789;0.36;3.1;0;NA;0;NA;NA;NA
2012-2013;L0.2_Pant10_CN_base_20260519;PETIT ETANG LA ROUE;365;355;5;27303;20982;410019;0.88;6.3;0;NA;0;NA;NA;NA
2013-2014;L0.2_Pant10_CN_base_20260519;PETIT ETANG LA ROUE;365;316;6;27104;19622;263859;0.87;6.4;0;NA;0;NA;NA;NA
2014-2015;L0.2_Pant10_CN_base_20260519;PETIT ETANG LA ROUE;365;77;285;31731;7969;269078;1.02;10.3;0;NA;0;NA;NA;NA
2015-2016;L0.2_Pant10_CN_base_20260519;PETIT ETANG LA ROUE;366;221;85;32466;9010;170881;1.05;8.2;0;NA;0;NA;NA;NA
2016-2017;L0.2_Pant10_CN_base_20260519;PETIT ETANG LA ROUE;365;34;228;7736;599;273604;0.25;2.8;0;NA;0;NA;NA;NA
2017-2018;L0.2_Pant10_CN_base_20260519;PETIT ETANG LA ROUE;365;193;81;15270;2555;99052;0.49;4.6;0;NA;0;NA;NA;NA
2018-2019;L0.2_Pant10_CN_base_20260519;PETIT ETANG LA ROUE;365;204;6;11136;-1696;59219;0.36;3.6;0;NA;0;NA;NA;NA
2019-2020;L0.2_Pant10_CN_base_20260519;PETIT ETANG LA ROUE;366;77;286;17645;5862;189725;0.57;5.9;0;NA;0;NA;NA;NA
2020-2021;L0.2_Pant10_CN_base_20260519;PETIT ETANG LA ROUE;365;251;86;73052;14402;279552;2.36;16.1;0;NA;0;NA;NA;NA
2021-2022;L0.2_Pant10_CN_base_20260519;PETIT ETANG LA ROUE;365;261;3;11820;-8353;319613;0.38;4.2;0;NA;0;NA;NA;NA
2022-2023;L0.2_Pant10_CN_base_20260519;PETIT ETANG LA ROUE;365;210;6;9078;-413;108497;0.29;3;0;NA;0;NA;NA;NA
2023-2024;L0.2_Pant10_CN_base_20260519;PETIT ETANG LA ROUE;366;270;10;72884;22917;376696;2.35;15.1;0;NA;0;NA;NA;NA
2024-2025;L0.2_Pant10_CN_base_20260519;PETIT ETANG LA ROUE;365;255;3;30320;7787;380938;0.98;8.1;0;NA;0;NA;NA;NA
2010-2011;L0.2_Pant10_CN_base_20260519;PETIT RONZUEL;365;0;275;3272;32438;75383;0.03;6.3;0;NA;0;NA;NA;NA
2011-2012;L0.2_Pant10_CN_base_20260519;PETIT RONZUEL;366;0;120;2396;36856;13644;0.03;4.1;0;NA;0;NA;NA;NA
2012-2013;L0.2_Pant10_CN_base_20260519;PETIT RONZUEL;365;0;18;5507;64983;56965;0.06;7.8;0;NA;0;NA;NA;NA
2013-2014;L0.2_Pant10_CN_base_20260519;PETIT RONZUEL;365;0;287;14438;26675;85360;0.15;21;0;NA;0;NA;NA;NA
2014-2015;L0.2_Pant10_CN_base_20260519;PETIT RONZUEL;365;0;226;17446;1469;18916;0.18;34.6;0;NA;0;NA;NA;NA
2015-2016;L0.2_Pant10_CN_base_20260519;PETIT RONZUEL;366;0;101;6072;49784;27382;0.06;9.4;0;NA;0;NA;NA;NA
2016-2017;L0.2_Pant10_CN_base_20260519;PETIT RONZUEL;365;0;291;1666;27192;52840;0.02;3.7;0;NA;0;NA;NA;NA
2017-2018;L0.2_Pant10_CN_base_20260519;PETIT RONZUEL;365;0;139;3064;10276;11459;0.03;5.7;0;NA;0;NA;NA;NA
2018-2019;L0.2_Pant10_CN_base_20260519;PETIT RONZUEL;365;0;271;2351;18491;19334;0.02;4.6;0;NA;0;NA;NA;NA
2019-2020;L0.2_Pant10_CN_base_20260519;PETIT RONZUEL;366;0;343;6569;19568;34017;0.07;13.4;0;NA;0;NA;NA;NA
2020-2021;L0.2_Pant10_CN_base_20260519;PETIT RONZUEL;365;0;111;21620;44867;15239;0.23;29.2;0;NA;0;NA;NA;NA
2021-2022;L0.2_Pant10_CN_base_20260519;PETIT RONZUEL;365;0;157;2482;16670;70399;0.03;5.4;0;NA;0;NA;NA;NA
2022-2023;L0.2_Pant10_CN_base_20260519;PETIT RONZUEL;365;0;233;1835;20855;20233;0.02;3.7;0;NA;0;NA;NA;NA
2023-2024;L0.2_Pant10_CN_base_20260519;PETIT RONZUEL;366;0;76;13390;75693;55711;0.14;17;0;NA;0;NA;NA;NA
2024-2025;L0.2_Pant10_CN_base_20260519;PETIT RONZUEL;365;0;119;5803;27632;66359;0.06;9.6;0;NA;0;NA;NA;NA
2010-2011;L0.2_Pant10_CN_base_20260519;PLAT;365;4;20;7961;22120;221783;0.04;5.2;0;NA;0;NA;NA;NA
2011-2012;L0.2_Pant10_CN_base_20260519;PLAT;366;0;311;9363;5758;89529;0.04;5.5;0;NA;0;NA;NA;NA
2012-2013;L0.2_Pant10_CN_base_20260519;PLAT;365;42;88;16879;57380;81817;0.08;8.2;0;NA;0;NA;NA;NA
2013-2014;L0.2_Pant10_CN_base_20260519;PLAT;365;10;56;12983;74135;262204;0.06;6.4;0;NA;0;NA;NA;NA
2014-2015;L0.2_Pant10_CN_base_20260519;PLAT;365;7;134;14944;1478;248400;0.07;10.1;0;NA;0;NA;NA;NA
2015-2016;L0.2_Pant10_CN_base_20260519;PLAT;366;0;114;15086;62225;97948;0.07;8;0;NA;0;NA;NA;NA
2016-2017;L0.2_Pant10_CN_base_20260519;PLAT;365;0;307;6405;16220;135023;0.03;4.8;0;NA;0;NA;NA;NA
2017-2018;L0.2_Pant10_CN_base_20260519;PLAT;365;0;150;7307;12839;54801;0.04;4.6;0;NA;0;NA;NA;NA
2018-2019;L0.2_Pant10_CN_base_20260519;PLAT;365;0;365;5296;3351;42876;0.03;3.5;0;NA;0;NA;NA;NA
2019-2020;L0.2_Pant10_CN_base_20260519;PLAT;366;0;293;8030;17779;119183;0.04;5.6;0;NA;0;NA;NA;NA
2020-2021;L0.2_Pant10_CN_base_20260519;PLAT;365;51;75;33730;87376;97737;0.16;15.5;0;NA;0;NA;NA;NA
2021-2022;L0.2_Pant10_CN_base_20260519;PLAT;365;55;299;8810;20086;257510;0.04;6.5;0;NA;0;NA;NA;NA
2022-2023;L0.2_Pant10_CN_base_20260519;PLAT;365;0;365;6796;3382;44529;0.03;4.7;183;72976;3;11.2;0;-11.2
2023-2024;L0.2_Pant10_CN_base_20260519;PLAT;366;87;100;34893;93180;150523;0.17;15.1;366;69103;7;54.9;18.3;-36.6
2024-2025;L0.2_Pant10_CN_base_20260519;PLAT;365;20;19;14455;30178;327096;0.07;8.1;365;81672;10;35.7;9.7;-26
2010-2011;L0.2_Pant10_CN_base_20260519;POLLET;365;300;18;1327;25372;161986;0.01;5.1;0;NA;0;NA;NA;NA
2011-2012;L0.2_Pant10_CN_base_20260519;POLLET;366;30;13;901;46611;200299;0;3.1;0;NA;0;NA;NA;NA
2012-2013;L0.2_Pant10_CN_base_20260519;POLLET;365;0;327;15052;12704;246177;0.07;42.5;0;NA;0;NA;NA;NA
2013-2014;L0.2_Pant10_CN_base_20260519;POLLET;365;302;53;2336;70557;111948;0.01;6.7;0;NA;0;NA;NA;NA
2014-2015;L0.2_Pant10_CN_base_20260519;POLLET;365;281;11;2535;-2436;315384;0.01;10;0;NA;0;NA;NA;NA
2015-2016;L0.2_Pant10_CN_base_20260519;POLLET;366;0;15;2573;60686;175386;0.01;7.9;0;NA;0;NA;NA;NA
2016-2017;L0.2_Pant10_CN_base_20260519;POLLET;365;0;17;609;-16872;149736;0;2.7;0;NA;0;NA;NA;NA
2017-2018;L0.2_Pant10_CN_base_20260519;POLLET;365;0;330;8853;-3771;170993;0.04;32.5;0;NA;0;NA;NA;NA
2018-2019;L0.2_Pant10_CN_base_20260519;POLLET;365;0;58;880;11675;3208;0;3.4;0;NA;0;NA;NA;NA
2019-2020;L0.2_Pant10_CN_base_20260519;POLLET;366;0;25;1368;-11224;69941;0.01;5.6;0;NA;0;NA;NA;NA
2020-2021;L0.2_Pant10_CN_base_20260519;POLLET;365;8;20;5762;85679;109728;0.02;15.4;0;NA;0;NA;NA;NA
2021-2022;L0.2_Pant10_CN_base_20260519;POLLET;365;248;15;928;-32402;251659;0;4;51;31625;0;NA;NA;NA
2022-2023;L0.2_Pant10_CN_base_20260519;POLLET;365;46;247;2179;33211;225357;0.01;8.8;180;63057;2;57.1;0;-57.1
2023-2024;L0.2_Pant10_CN_base_20260519;POLLET;366;123;52;9016;93392;80338;0.04;22.7;0;NA;0;NA;NA;NA
2024-2025;L0.2_Pant10_CN_base_20260519;POLLET;365;278;12;2451;31866;356658;0.01;8;154;7466;3;35.5;0.3;-35.2
2010-2011;L0.2_Pant10_CN_base_20260519;REMONDET NORD;365;17;328;48037;14793;130608;0.42;8.3;0;NA;0;NA;NA;NA
2011-2012;L0.2_Pant10_CN_base_20260519;REMONDET NORD;366;8;76;33359;50346;2744;0.29;5.2;0;NA;0;NA;NA;NA
2012-2013;L0.2_Pant10_CN_base_20260519;REMONDET NORD;365;216;27;73138;86504;155540;0.64;9.3;0;NA;0;NA;NA;NA
2013-2014;L0.2_Pant10_CN_base_20260519;REMONDET NORD;365;209;26;71545;77318;125383;0.63;9.3;0;NA;0;NA;NA;NA
2014-2015;L0.2_Pant10_CN_base_20260519;REMONDET NORD;365;127;26;72195;-334;145254;0.63;12.9;0;NA;0;NA;NA;NA
2015-2016;L0.2_Pant10_CN_base_20260519;REMONDET NORD;366;0;334;95887;16531;147567;0.84;13.4;0;NA;0;NA;NA;NA
2016-2017;L0.2_Pant10_CN_base_20260519;REMONDET NORD;365;0;141;23881;-10631;7351;0.21;4.7;0;NA;0;NA;NA;NA
2017-2018;L0.2_Pant10_CN_base_20260519;REMONDET NORD;365;109;100;41221;17460;9049;0.36;6.9;0;NA;0;NA;NA;NA
2018-2019;L0.2_Pant10_CN_base_20260519;REMONDET NORD;365;0;40;31682;-228;46126;0.28;5.6;0;NA;0;NA;NA;NA
2019-2020;L0.2_Pant10_CN_base_20260519;REMONDET NORD;366;0;25;42765;-10599;54948;0.37;7.9;0;NA;0;NA;NA;NA
2020-2021;L0.2_Pant10_CN_base_20260519;REMONDET NORD;365;0;364;187738;14723;220537;1.64;22.8;0;NA;0;NA;NA;NA
2021-2022;L0.2_Pant10_CN_base_20260519;REMONDET NORD;365;0;151;36100;-20162;15937;0.32;7.1;0;NA;0;NA;NA;NA
2022-2023;L0.2_Pant10_CN_base_20260519;REMONDET NORD;365;0;192;24433;17003;38180;0.21;4.5;291;11537;3;15.4;0.4;-15
2023-2024;L0.2_Pant10_CN_base_20260519;REMONDET NORD;366;275;42;166167;103881;198196;1.46;19;366;20270;13;28.1;16.4;-11.7
2024-2025;L0.2_Pant10_CN_base_20260519;REMONDET NORD;365;267;0;73271;30796;117998;0.64;10.8;365;8759;9;30.7;11;-19.7
2010-2011;L0.2_Pant10_CN_base_20260519;REMONDET SUD;365;31;245;8368;50457;468197;0.05;5.4;0;NA;0;NA;NA;NA
2011-2012;L0.2_Pant10_CN_base_20260519;REMONDET SUD;366;22;72;5675;62141;236346;0.03;3.3;0;NA;0;NA;NA;NA
2012-2013;L0.2_Pant10_CN_base_20260519;REMONDET SUD;365;32;292;25568;37792;1006675;0.15;12.2;0;NA;0;NA;NA;NA
2013-2014;L0.2_Pant10_CN_base_20260519;REMONDET SUD;365;218;115;17734;64302;558201;0.1;8.6;0;NA;0;NA;NA;NA
2014-2015;L0.2_Pant10_CN_base_20260519;REMONDET SUD;365;265;7;15574;-4634;983499;0.09;10.3;0;NA;0;NA;NA;NA
2015-2016;L0.2_Pant10_CN_base_20260519;REMONDET SUD;366;132;56;15447;80187;418201;0.09;8;0;NA;0;NA;NA;NA
2016-2017;L0.2_Pant10_CN_base_20260519;REMONDET SUD;365;32;151;4003;6371;410736;0.02;3;0;NA;0;NA;NA;NA
2017-2018;L0.2_Pant10_CN_base_20260519;REMONDET SUD;365;23;318;17787;308;243058;0.1;11;0;NA;0;NA;NA;NA
2018-2019;L0.2_Pant10_CN_base_20260519;REMONDET SUD;365;0;181;8005;9153;202783;0.05;5.2;0;NA;0;NA;NA;NA
2019-2020;L0.2_Pant10_CN_base_20260519;REMONDET SUD;366;210;33;8308;-17812;313048;0.05;5.7;0;NA;0;NA;NA;NA
2020-2021;L0.2_Pant10_CN_base_20260519;REMONDET SUD;365;144;32;34423;113867;807997;0.2;15.6;0;NA;0;NA;NA;NA
2021-2022;L0.2_Pant10_CN_base_20260519;REMONDET SUD;365;202;14;6097;-45355;353619;0.04;4.5;0;NA;0;NA;NA;NA
2022-2023;L0.2_Pant10_CN_base_20260519;REMONDET SUD;365;28;293;6967;19978;285281;0.04;4.7;0;NA;0;NA;NA;NA
2023-2024;L0.2_Pant10_CN_base_20260519;REMONDET SUD;366;195;90;57695;70106;814826;0.34;24.5;0;NA;0;NA;NA;NA
2024-2025;L0.2_Pant10_CN_base_20260519;REMONDET SUD;365;189;15;15210;42887;805794;0.09;8.4;0;NA;0;NA;NA;NA
2010-2011;L0.2_Pant10_CN_base_20260519;RIOUX;365;91;261;24159;19395;69160;0.47;6.1;0;NA;0;NA;NA;NA
2011-2012;L0.2_Pant10_CN_base_20260519;RIOUX;366;0;91;17685;18455;16527;0.34;4;0;NA;0;NA;NA;NA
2012-2013;L0.2_Pant10_CN_base_20260519;RIOUX;365;33;46;40861;34833;72478;0.8;7.6;0;NA;0;NA;NA;NA
2013-2014;L0.2_Pant10_CN_base_20260519;RIOUX;365;35;263;45246;13970;87399;0.88;8.6;0;NA;0;NA;NA;NA
2014-2015;L0.2_Pant10_CN_base_20260519;RIOUX;365;0;208;49692;-4124;45568;0.97;12.9;0;NA;0;NA;NA;NA
2015-2016;L0.2_Pant10_CN_base_20260519;RIOUX;366;106;46;45952;26348;36276;0.89;9.3;0;NA;0;NA;NA;NA
2016-2017;L0.2_Pant10_CN_base_20260519;RIOUX;365;35;262;12052;11097;56760;0.23;3.5;0;NA;0;NA;NA;NA
2017-2018;L0.2_Pant10_CN_base_20260519;RIOUX;365;0;124;23041;5168;13423;0.45;5.6;0;NA;0;NA;NA;NA
2018-2019;L0.2_Pant10_CN_base_20260519;RIOUX;365;0;267;18735;4581;40515;0.36;4.8;0;NA;0;NA;NA;NA
2019-2020;L0.2_Pant10_CN_base_20260519;RIOUX;366;0;284;27304;-4714;21177;0.53;7.3;0;NA;0;NA;NA;NA
2020-2021;L0.2_Pant10_CN_base_20260519;RIOUX;365;156;39;95912;37729;91355;1.87;17;0;NA;0;NA;NA;NA
2021-2022;L0.2_Pant10_CN_base_20260519;RIOUX;365;97;149;18027;7461;69186;0.35;5.2;0;NA;0;NA;NA;NA
2022-2023;L0.2_Pant10_CN_base_20260519;RIOUX;365;0;246;13522;10305;22525;0.26;3.6;0;NA;0;NA;NA;NA
2023-2024;L0.2_Pant10_CN_base_20260519;RIOUX;366;44;284;107285;31533;140121;2.09;17.9;0;NA;0;NA;NA;NA
2024-2025;L0.2_Pant10_CN_base_20260519;RIOUX;365;0;151;46652;-3215;28075;0.91;10.1;0;NA;0;NA;NA;NA
2010-2011;L0.2_Pant10_CN_base_20260519;ROUE RONZUEL;365;70;202;16879;18111;53891;0.41;7.6;0;NA;0;NA;NA;NA
2011-2012;L0.2_Pant10_CN_base_20260519;ROUE RONZUEL;366;0;99;13290;19817;11653;0.32;5.4;0;NA;0;NA;NA;NA
2012-2013;L0.2_Pant10_CN_base_20260519;ROUE RONZUEL;365;30;283;34766;11940;72916;0.84;11.6;0;NA;0;NA;NA;NA
2013-2014;L0.2_Pant10_CN_base_20260519;ROUE RONZUEL;365;100;115;30253;19704;12549;0.73;10.3;0;NA;0;NA;NA;NA
2014-2015;L0.2_Pant10_CN_base_20260519;ROUE RONZUEL;365;67;119;28318;11198;76924;0.68;13.2;0;NA;0;NA;NA;NA
2015-2016;L0.2_Pant10_CN_base_20260519;ROUE RONZUEL;366;95;66;30730;27756;33163;0.74;11.2;0;NA;0;NA;NA;NA
2016-2017;L0.2_Pant10_CN_base_20260519;ROUE RONZUEL;365;7;275;9304;13440;45447;0.22;4.8;0;NA;0;NA;NA;NA
2017-2018;L0.2_Pant10_CN_base_20260519;ROUE RONZUEL;365;0;365;20973;2186;25780;0.51;9.1;0;NA;0;NA;NA;NA
2018-2019;L0.2_Pant10_CN_base_20260519;ROUE RONZUEL;365;0;163;14142;2914;7346;0.34;6.5;0;NA;0;NA;NA;NA
2019-2020;L0.2_Pant10_CN_base_20260519;ROUE RONZUEL;366;0;104;16737;6687;31638;0.4;8.1;0;NA;0;NA;NA;NA
2020-2021;L0.2_Pant10_CN_base_20260519;ROUE RONZUEL;365;127;51;59564;40277;67936;1.44;18.9;0;NA;0;NA;NA;NA
2021-2022;L0.2_Pant10_CN_base_20260519;ROUE RONZUEL;365;54;107;13380;3522;50303;0.32;6.9;0;NA;0;NA;NA;NA
2022-2023;L0.2_Pant10_CN_base_20260519;ROUE RONZUEL;365;0;357;11217;9634;20852;0.27;5.4;0;NA;0;NA;NA;NA
2023-2024;L0.2_Pant10_CN_base_20260519;ROUE RONZUEL;366;110;91;74914;18418;69526;1.81;22.4;0;NA;0;NA;NA;NA
2024-2025;L0.2_Pant10_CN_base_20260519;ROUE RONZUEL;365;52;30;28974;13803;53522;0.7;11.2;154;11646;6;19.3;17;-2.3
2010-2011;L0.2_Pant10_CN_base_20260519;SALE;365;111;108;12237;21325;1160342;0.12;5.4;0;NA;0;NA;NA;NA
2011-2012;L0.2_Pant10_CN_base_20260519;SALE;366;99;230;10922;25138;715027;0.11;4.3;0;NA;0;NA;NA;NA
2012-2013;L0.2_Pant10_CN_base_20260519;SALE;365;128;157;27025;14902;1779176;0.27;8.8;0;NA;0;NA;NA;NA
2013-2014;L0.2_Pant10_CN_base_20260519;SALE;365;316;8;19521;63290;1412682;0.19;6.5;0;NA;0;NA;NA;NA
2014-2015;L0.2_Pant10_CN_base_20260519;SALE;365;258;1;22748;-2600;1828972;0.23;10.3;0;NA;0;NA;NA;NA
2015-2016;L0.2_Pant10_CN_base_20260519;SALE;366;225;28;22597;47213;996832;0.22;8;0;NA;0;NA;NA;NA
2016-2017;L0.2_Pant10_CN_base_20260519;SALE;365;105;229;6707;20943;1033418;0.07;3.4;0;NA;0;NA;NA;NA
2017-2018;L0.2_Pant10_CN_base_20260519;SALE;365;122;142;12897;-15169;514416;0.13;5.5;0;NA;0;NA;NA;NA
2018-2019;L0.2_Pant10_CN_base_20260519;SALE;365;138;98;8386;-5157;438604;0.08;3.8;0;NA;0;NA;NA;NA
2019-2020;L0.2_Pant10_CN_base_20260519;SALE;366;120;52;12138;-10193;631103;0.12;5.7;0;NA;0;NA;NA;NA
2020-2021;L0.2_Pant10_CN_base_20260519;SALE;365;223;7;50367;66269;1705963;0.5;15.6;0;NA;0;NA;NA;NA
2021-2022;L0.2_Pant10_CN_base_20260519;SALE;365;136;138;8897;-26313;1126951;0.09;4.4;0;NA;0;NA;NA;NA
2022-2023;L0.2_Pant10_CN_base_20260519;SALE;365;75;114;6669;5492;615226;0.07;3.1;0;NA;0;NA;NA;NA
2023-2024;L0.2_Pant10_CN_base_20260519;SALE;366;242;2;52511;74074;2012343;0.52;15.3;0;NA;0;NA;NA;NA
2024-2025;L0.2_Pant10_CN_base_20260519;SALE;365;212;13;22190;25533;1586825;0.22;8.4;0;NA;0;NA;NA;NA
2010-2011;L0.2_Pant10_CN_base_20260519;TRIPOUX;365;220;78;63750;17199;402554;1.09;7.9;0;NA;0;NA;NA;NA
2011-2012;L0.2_Pant10_CN_base_20260519;TRIPOUX;366;152;116;51527;21189;139981;0.88;5.7;0;NA;0;NA;NA;NA
2012-2013;L0.2_Pant10_CN_base_20260519;TRIPOUX;365;10;256;116093;-5641;480982;1.99;10.6;0;NA;0;NA;NA;NA
2013-2014;L0.2_Pant10_CN_base_20260519;TRIPOUX;365;256;63;102940;45190;499656;1.77;9.6;0;NA;0;NA;NA;NA
2014-2015;L0.2_Pant10_CN_base_20260519;TRIPOUX;365;243;117;105122;30653;461105;1.8;13.4;0;NA;0;NA;NA;NA
2015-2016;L0.2_Pant10_CN_base_20260519;TRIPOUX;366;301;30;113445;29693;285117;1.95;11.3;0;NA;0;NA;NA;NA
2016-2017;L0.2_Pant10_CN_base_20260519;TRIPOUX;365;201;117;35862;12977;272499;0.62;5.1;0;NA;0;NA;NA;NA
2017-2018;L0.2_Pant10_CN_base_20260519;TRIPOUX;365;0;305;64169;-16772;171991;1.1;7.7;0;NA;0;NA;NA;NA
2018-2019;L0.2_Pant10_CN_base_20260519;TRIPOUX;365;174;104;49495;14552;159792;0.85;6.2;0;NA;0;NA;NA;NA
2019-2020;L0.2_Pant10_CN_base_20260519;TRIPOUX;366;243;117;62016;20248;209475;1.06;8.2;0;NA;0;NA;NA;NA
2020-2021;L0.2_Pant10_CN_base_20260519;TRIPOUX;365;269;29;218816;42924;616211;3.75;19;0;NA;0;NA;NA;NA
2021-2022;L0.2_Pant10_CN_base_20260519;TRIPOUX;365;243;92;50878;4810;361176;0.87;7.2;0;NA;0;NA;NA;NA
2022-2023;L0.2_Pant10_CN_base_20260519;TRIPOUX;365;160;138;37383;20861;145068;0.64;4.9;0;NA;0;NA;NA;NA
2023-2024;L0.2_Pant10_CN_base_20260519;TRIPOUX;366;0;257;258598;-15418;828071;4.44;21.2;0;NA;0;NA;NA;NA
2024-2025;L0.2_Pant10_CN_base_20260519;TRIPOUX;365;219;30;107892;16624;308432;1.85;11.4;0;NA;0;NA;NA;NA
2010-2011;L0.2_Pant10_CN_base_20260519;VIEUX;365;216;16;19186;8414;181837;0.44;8.7;0;NA;0;NA;NA;NA
2011-2012;L0.2_Pant10_CN_base_20260519;VIEUX;366;43;307;20070;451;256908;0.46;8.1;0;NA;0;NA;NA;NA
2012-2013;L0.2_Pant10_CN_base_20260519;VIEUX;365;270;64;34290;24640;270897;0.78;11.5;0;NA;0;NA;NA;NA
2013-2014;L0.2_Pant10_CN_base_20260519;VIEUX;365;21;307;40628;6179;192965;0.93;13.9;0;NA;0;NA;NA;NA
2014-2015;L0.2_Pant10_CN_base_20260519;VIEUX;365;226;64;34000;-3305;327946;0.78;15.9;0;NA;0;NA;NA;NA
2015-2016;L0.2_Pant10_CN_base_20260519;VIEUX;366;138;69;35929;21466;219550;0.82;13.1;0;NA;0;NA;NA;NA
2016-2017;L0.2_Pant10_CN_base_20260519;VIEUX;365;25;306;13250;2805;197154;0.3;6.9;0;NA;0;NA;NA;NA
2017-2018;L0.2_Pant10_CN_base_20260519;VIEUX;365;132;100;19395;6066;171432;0.44;8.4;0;NA;0;NA;NA;NA
2018-2019;L0.2_Pant10_CN_base_20260519;VIEUX;365;0;310;18358;-2986;43602;0.42;8.5;0;NA;0;NA;NA;NA
2019-2020;L0.2_Pant10_CN_base_20260519;VIEUX;366;0;125;22064;-8079;82679;0.5;10.6;0;NA;0;NA;NA;NA
2020-2021;L0.2_Pant10_CN_base_20260519;VIEUX;365;138;76;65638;32395;171315;1.5;20.8;0;NA;0;NA;NA;NA
2021-2022;L0.2_Pant10_CN_base_20260519;VIEUX;365;55;306;18050;6636;314038;0.41;9.3;0;NA;0;NA;NA;NA
2022-2023;L0.2_Pant10_CN_base_20260519;VIEUX;365;205;69;11586;-455;207622;0.26;5.5;0;NA;0;NA;NA;NA
2023-2024;L0.2_Pant10_CN_base_20260519;VIEUX;366;35;307;81643;11446;202292;1.86;24.4;0;NA;0;NA;NA;NA
2024-2025;L0.2_Pant10_CN_base_20260519;VIEUX;365;237;66;36314;295;368031;0.83;14.1;0;NA;0;NA;NA;NA
2010-2011;L0.2_Pant10_CN_base_20260519;VIEUX BURLAT;365;34;277;5326;6097;49562;0.23;8.6;0;NA;0;NA;NA;NA
2011-2012;L0.2_Pant10_CN_base_20260519;VIEUX BURLAT;366;0;120;4152;7445;4724;0.18;6;0;NA;0;NA;NA;NA
2012-2013;L0.2_Pant10_CN_base_20260519;VIEUX BURLAT;365;247;28;8252;15473;41939;0.36;9.9;0;NA;0;NA;NA;NA
2013-2014;L0.2_Pant10_CN_base_20260519;VIEUX BURLAT;365;296;27;7860;14545;42185;0.34;9.6;0;NA;0;NA;NA;NA
2014-2015;L0.2_Pant10_CN_base_20260519;VIEUX BURLAT;365;262;29;8033;-619;48682;0.35;13.5;0;NA;0;NA;NA;NA
2015-2016;L0.2_Pant10_CN_base_20260519;VIEUX BURLAT;366;0;279;11682;4530;46673;0.51;15.3;0;NA;0;NA;NA;NA
2016-2017;L0.2_Pant10_CN_base_20260519;VIEUX BURLAT;365;0;365;3618;442;7415;0.16;6.7;0;NA;0;NA;NA;NA
2017-2018;L0.2_Pant10_CN_base_20260519;VIEUX BURLAT;365;91;117;4566;2181;5460;0.2;7.1;0;NA;0;NA;NA;NA
2018-2019;L0.2_Pant10_CN_base_20260519;VIEUX BURLAT;365;0;30;3792;-1254;15271;0.17;6.3;0;NA;0;NA;NA;NA
2019-2020;L0.2_Pant10_CN_base_20260519;VIEUX BURLAT;366;176;30;4742;-2407;19628;0.21;8.2;0;NA;0;NA;NA;NA
2020-2021;L0.2_Pant10_CN_base_20260519;VIEUX BURLAT;365;55;277;22182;4315;54766;0.97;25.3;0;NA;0;NA;NA;NA
2021-2022;L0.2_Pant10_CN_base_20260519;VIEUX BURLAT;365;143;97;4683;-9935;19008;0.21;8.6;0;NA;0;NA;NA;NA
2022-2023;L0.2_Pant10_CN_base_20260519;VIEUX BURLAT;365;0;278;3461;3222;24819;0.15;5.9;0;NA;0;NA;NA;NA
2023-2024;L0.2_Pant10_CN_base_20260519;VIEUX BURLAT;366;215;91;22546;7219;48789;0.99;24.2;0;NA;0;NA;NA;NA
2024-2025;L0.2_Pant10_CN_base_20260519;VIEUX BURLAT;365;239;21;8255;5758;45283;0.36;11.5;0;NA;0;NA;NA;NA
2010-2011;L0.2_Pant10_CN_modif_20260519;BIETONNAY;365;83;96;43122;24758;165330;0.39;14.6;0;NA;0;NA;NA;NA
2011-2012;L0.2_Pant10_CN_modif_20260519;BIETONNAY;366;13;75;39843;46184;43356;0.36;12.1;0;NA;0;NA;NA;NA
2012-2013;L0.2_Pant10_CN_modif_20260519;BIETONNAY;365;169;16;73530;86893;229796;0.67;18.4;0;NA;0;NA;NA;NA
2013-2014;L0.2_Pant10_CN_modif_20260519;BIETONNAY;365;56;264;98440;34849;247913;0.9;25.2;0;NA;0;NA;NA;NA
2014-2015;L0.2_Pant10_CN_modif_20260519;BIETONNAY;365;0;156;81831;-36431;102852;0.74;28.6;0;NA;0;NA;NA;NA
2015-2016;L0.2_Pant10_CN_modif_20260519;BIETONNAY;366;106;44;72530;66456;107238;0.66;19.8;0;NA;0;NA;NA;NA
2016-2017;L0.2_Pant10_CN_modif_20260519;BIETONNAY;365;35;95;27809;242;129045;0.25;10.8;0;NA;0;NA;NA;NA
2017-2018;L0.2_Pant10_CN_modif_20260519;BIETONNAY;365;10;124;42285;10604;35324;0.38;13.8;0;NA;0;NA;NA;NA
2018-2019;L0.2_Pant10_CN_modif_20260519;BIETONNAY;365;0;274;52582;12031;124891;0.48;18.1;0;NA;0;NA;NA;NA
2019-2020;L0.2_Pant10_CN_modif_20260519;BIETONNAY;366;0;161;55222;-35445;54222;0.5;19.9;0;NA;0;NA;NA;NA
2020-2021;L0.2_Pant10_CN_modif_20260519;BIETONNAY;365;114;50;114532;93664;210667;1.04;27.3;0;NA;0;NA;NA;NA
2021-2022;L0.2_Pant10_CN_modif_20260519;BIETONNAY;365;81;124;36359;14108;161850;0.33;14;0;NA;0;NA;NA;NA
2022-2023;L0.2_Pant10_CN_modif_20260519;BIETONNAY;365;0;130;28294;4958;50727;0.26;10.1;0;NA;0;NA;NA;NA
2023-2024;L0.2_Pant10_CN_modif_20260519;BIETONNAY;366;36;285;159700;74956;334791;1.45;35.7;0;NA;0;NA;NA;NA
2024-2025;L0.2_Pant10_CN_modif_20260519;BIETONNAY;365;16;148;80837;-9645;69574;0.74;23.4;0;NA;0;NA;NA;NA
2010-2011;L0.2_Pant10_CN_modif_20260519;CARRONNIER;365;85;175;17893;7383;83086;0.31;9.3;0;NA;0;NA;NA;NA
2011-2012;L0.2_Pant10_CN_modif_20260519;CARRONNIER;366;60;38;15053;14020;20758;0.26;7;0;NA;0;NA;NA;NA
2012-2013;L0.2_Pant10_CN_modif_20260519;CARRONNIER;365;193;18;30823;26432;102141;0.53;11.9;0;NA;0;NA;NA;NA
2013-2014;L0.2_Pant10_CN_modif_20260519;CARRONNIER;365;85;277;35146;10815;129944;0.6;13.8;0;NA;0;NA;NA;NA
2014-2015;L0.2_Pant10_CN_modif_20260519;CARRONNIER;365;0;137;34089;-11372;52782;0.58;18.3;0;NA;0;NA;NA;NA
2015-2016;L0.2_Pant10_CN_modif_20260519;CARRONNIER;366;132;44;31969;18476;63340;0.55;13.4;0;NA;0;NA;NA;NA
2016-2017;L0.2_Pant10_CN_modif_20260519;CARRONNIER;365;82;267;10549;-3225;67799;0.18;6.3;0;NA;0;NA;NA;NA
2017-2018;L0.2_Pant10_CN_modif_20260519;CARRONNIER;365;94;120;17429;3171;10169;0.3;8.7;0;NA;0;NA;NA;NA
2018-2019;L0.2_Pant10_CN_modif_20260519;CARRONNIER;365;1;278;17242;1046;79419;0.3;9.1;0;NA;0;NA;NA;NA
2019-2020;L0.2_Pant10_CN_modif_20260519;CARRONNIER;366;0;153;20102;-12858;30003;0.34;11.1;0;NA;0;NA;NA;NA
2020-2021;L0.2_Pant10_CN_modif_20260519;CARRONNIER;365;114;50;57781;28537;94411;0.99;21.2;0;NA;0;NA;NA;NA
2021-2022;L0.2_Pant10_CN_modif_20260519;CARRONNIER;365;85;12;14631;-10496;76611;0.25;8.7;51;7300;0;NA;NA;NA
2022-2023;L0.2_Pant10_CN_modif_20260519;CARRONNIER;365;0;158;10897;7634;46365;0.19;6;365;8513;8;17.7;1;-16.8
2023-2024;L0.2_Pant10_CN_modif_20260519;CARRONNIER;366;312;42;63674;30480;127118;1.09;21.9;366;13671;22;32.8;19.2;-13.6
2024-2025;L0.2_Pant10_CN_modif_20260519;CARRONNIER;365;172;43;29692;9835;81963;0.51;13.2;365;20227;11;32.4;9;-23.4
2010-2011;L0.2_Pant10_CN_modif_20260519;CHANTEMERLE;365;0;361;22553;1360;19483;0.65;13.7;0;NA;0;NA;NA;NA
2011-2012;L0.2_Pant10_CN_modif_20260519;CHANTEMERLE;366;0;170;16722;12373;18691;0.48;9.1;0;NA;0;NA;NA;NA
2012-2013;L0.2_Pant10_CN_modif_20260519;CHANTEMERLE;365;47;37;32481;23440;51135;0.94;14.6;0;NA;0;NA;NA;NA
2013-2014;L0.2_Pant10_CN_modif_20260519;CHANTEMERLE;365;54;245;35780;13734;69133;1.03;16.4;0;NA;0;NA;NA;NA
2014-2015;L0.2_Pant10_CN_modif_20260519;CHANTEMERLE;365;0;219;33681;-4394;29287;0.97;21.1;0;NA;0;NA;NA;NA
2015-2016;L0.2_Pant10_CN_modif_20260519;CHANTEMERLE;366;102;27;32987;17663;26325;0.95;16.2;0;NA;0;NA;NA;NA
2016-2017;L0.2_Pant10_CN_modif_20260519;CHANTEMERLE;365;63;233;11664;6487;40589;0.34;8.1;0;NA;0;NA;NA;NA
2017-2018;L0.2_Pant10_CN_modif_20260519;CHANTEMERLE;365;0;349;22908;6486;31280;0.66;13.4;0;NA;0;NA;NA;NA
2018-2019;L0.2_Pant10_CN_modif_20260519;CHANTEMERLE;365;0;343;17556;388;8888;0.51;10.9;0;NA;0;NA;NA;NA
2019-2020;L0.2_Pant10_CN_modif_20260519;CHANTEMERLE;366;26;237;18575;10130;36702;0.54;12;0;NA;0;NA;NA;NA
2020-2021;L0.2_Pant10_CN_modif_20260519;CHANTEMERLE;365;116;56;55789;25478;52817;1.61;23.8;0;NA;0;NA;NA;NA
2021-2022;L0.2_Pant10_CN_modif_20260519;CHANTEMERLE;365;116;245;16971;12497;58977;0.49;11.7;0;NA;0;NA;NA;NA
2022-2023;L0.2_Pant10_CN_modif_20260519;CHANTEMERLE;365;0;360;13811;-1893;10823;0.4;8.9;0;NA;0;NA;NA;NA
2023-2024;L0.2_Pant10_CN_modif_20260519;CHANTEMERLE;366;63;266;69185;21540;91821;2;27.8;0;NA;0;NA;NA;NA
2024-2025;L0.2_Pant10_CN_modif_20260519;CHANTEMERLE;365;0;365;38038;4;38042;1.1;19.8;0;NA;0;NA;NA;NA
2010-2011;L0.2_Pant10_CN_modif_20260519;CORVEYZIEUX;365;281;77;27443;-808;308262;0.13;12.9;0;NA;0;NA;NA;NA
2011-2012;L0.2_Pant10_CN_modif_20260519;CORVEYZIEUX;366;61;8;16497;38253;287972;0.08;7;0;NA;0;NA;NA;NA
2012-2013;L0.2_Pant10_CN_modif_20260519;CORVEYZIEUX;365;284;10;33868;72299;730044;0.16;11.8;0;NA;0;NA;NA;NA
2013-2014;L0.2_Pant10_CN_modif_20260519;CORVEYZIEUX;365;341;7;32649;67194;610970;0.15;11.7;0;NA;0;NA;NA;NA
2014-2015;L0.2_Pant10_CN_modif_20260519;CORVEYZIEUX;365;61;294;34950;26823;752584;0.16;17;0;NA;0;NA;NA;NA
2015-2016;L0.2_Pant10_CN_modif_20260519;CORVEYZIEUX;366;181;80;40629;34219;242670;0.19;15.5;0;NA;0;NA;NA;NA
2016-2017;L0.2_Pant10_CN_modif_20260519;CORVEYZIEUX;365;340;7;11553;-14859;378188;0.05;6.3;0;NA;0;NA;NA;NA
2017-2018;L0.2_Pant10_CN_modif_20260519;CORVEYZIEUX;365;211;12;19103;8434;206749;0.09;8.7;0;NA;0;NA;NA;NA
2018-2019;L0.2_Pant10_CN_modif_20260519;CORVEYZIEUX;365;0;12;15912;-5506;196074;0.07;7.7;0;NA;0;NA;NA;NA
2019-2020;L0.2_Pant10_CN_modif_20260519;CORVEYZIEUX;366;15;295;25272;19248;513738;0.12;12.7;0;NA;0;NA;NA;NA
2020-2021;L0.2_Pant10_CN_modif_20260519;CORVEYZIEUX;365;144;80;75453;50580;417073;0.35;25.1;0;NA;0;NA;NA;NA
2021-2022;L0.2_Pant10_CN_modif_20260519;CORVEYZIEUX;365;312;6;16053;-28706;558213;0.07;8.6;51;34162;0;NA;NA;NA
2022-2023;L0.2_Pant10_CN_modif_20260519;CORVEYZIEUX;365;0;12;11892;-1133;236300;0.06;5.9;365;26822;5;24.5;0.1;-24.3
2023-2024;L0.2_Pant10_CN_modif_20260519;CORVEYZIEUX;366;181;8;70025;78644;743333;0.33;21.9;366;56376;8;37.7;19.7;-18
2024-2025;L0.2_Pant10_CN_modif_20260519;CORVEYZIEUX;365;327;6;32513;26867;643068;0.15;13.2;365;38751;5;47.1;4.1;-43
2010-2011;L0.2_Pant10_CN_modif_20260519;FOUR;365;5;313;15924;11669;186506;0.18;12.3;0;NA;0;NA;NA;NA
2011-2012;L0.2_Pant10_CN_modif_20260519;FOUR;366;6;84;9990;30109;4693;0.11;6.9;0;NA;0;NA;NA;NA
2012-2013;L0.2_Pant10_CN_modif_20260519;FOUR;365;296;9;19775;56650;214498;0.22;11.3;0;NA;0;NA;NA;NA
2013-2014;L0.2_Pant10_CN_modif_20260519;FOUR;365;297;11;19468;52816;195131;0.22;11.3;0;NA;0;NA;NA;NA
2014-2015;L0.2_Pant10_CN_modif_20260519;FOUR;365;271;8;18370;-1760;150190;0.21;14.6;0;NA;0;NA;NA;NA
2015-2016;L0.2_Pant10_CN_modif_20260519;FOUR;366;0;316;34153;14737;166728;0.39;21.2;0;NA;0;NA;NA;NA
2016-2017;L0.2_Pant10_CN_modif_20260519;FOUR;365;212;62;7513;-17018;26435;0.09;6.6;0;NA;0;NA;NA;NA
2017-2018;L0.2_Pant10_CN_modif_20260519;FOUR;365;92;34;11359;7780;56036;0.13;8.4;0;NA;0;NA;NA;NA
2018-2019;L0.2_Pant10_CN_modif_20260519;FOUR;365;247;36;8891;-3575;50051;0.1;7;0;NA;0;NA;NA;NA
2019-2020;L0.2_Pant10_CN_modif_20260519;FOUR;366;47;20;11500;-8682;121895;0.13;9.4;0;NA;0;NA;NA;NA
2020-2021;L0.2_Pant10_CN_modif_20260519;FOUR;365;0;350;60642;17195;211847;0.69;32.8;0;NA;0;NA;NA;NA
2021-2022;L0.2_Pant10_CN_modif_20260519;FOUR;365;181;61;11341;-28924;57546;0.13;9.9;51;10391;0;NA;NA;NA
2022-2023;L0.2_Pant10_CN_modif_20260519;FOUR;365;8;22;6781;569;38649;0.08;5.5;365;14403;7;20.4;0.6;-19.8
2023-2024;L0.2_Pant10_CN_modif_20260519;FOUR;366;262;13;42053;61772;254333;0.48;21.4;81;20966;3;39.3;23.2;-16
2024-2025;L0.2_Pant10_CN_modif_20260519;FOUR;365;43;311;27535;21196;233900;0.31;18.2;0;NA;0;NA;NA;NA
2010-2011;L0.2_Pant10_CN_modif_20260519;FRENE;365;319;2;33280;5169;257216;1.22;14.6;0;NA;0;NA;NA;NA
2011-2012;L0.2_Pant10_CN_modif_20260519;FRENE;366;358;2;30749;9775;104439;1.12;12.1;0;NA;0;NA;NA;NA
2012-2013;L0.2_Pant10_CN_modif_20260519;FRENE;365;357;2;56747;18518;345934;2.07;18.4;0;NA;0;NA;NA;NA
2013-2014;L0.2_Pant10_CN_modif_20260519;FRENE;365;353;5;54745;17220;278093;2;18.2;0;NA;0;NA;NA;NA
2014-2015;L0.2_Pant10_CN_modif_20260519;FRENE;365;282;6;45125;-743;157198;1.65;20.4;0;NA;0;NA;NA;NA
2015-2016;L0.2_Pant10_CN_modif_20260519;FRENE;366;326;2;55976;12829;146383;2.05;19.8;0;NA;0;NA;NA;NA
2016-2017;L0.2_Pant10_CN_modif_20260519;FRENE;365;251;2;21462;-3840;233761;0.78;10.8;0;NA;0;NA;NA;NA
2017-2018;L0.2_Pant10_CN_modif_20260519;FRENE;365;233;10;32634;2135;97896;1.19;13.8;0;NA;0;NA;NA;NA
2018-2019;L0.2_Pant10_CN_modif_20260519;FRENE;365;272;8;29595;-1491;83718;1.08;13.2;0;NA;0;NA;NA;NA
2019-2020;L0.2_Pant10_CN_modif_20260519;FRENE;366;60;303;34742;3902;123949;1.27;16.2;0;NA;0;NA;NA;NA
2020-2021;L0.2_Pant10_CN_modif_20260519;FRENE;365;297;65;92068;12762;201220;3.36;28.4;0;NA;0;NA;NA;NA
2021-2022;L0.2_Pant10_CN_modif_20260519;FRENE;365;284;2;28061;-7388;273113;1.03;14;0;NA;0;NA;NA;NA
2022-2023;L0.2_Pant10_CN_modif_20260519;FRENE;365;276;8;21836;-212;108065;0.8;10.1;0;NA;0;NA;NA;NA
2023-2024;L0.2_Pant10_CN_modif_20260519;FRENE;366;308;7;100154;20156;273088;3.66;29;0;NA;0;NA;NA;NA
2024-2025;L0.2_Pant10_CN_modif_20260519;FRENE;365;35;302;54303;6704;322882;1.98;20.4;0;NA;0;NA;NA;NA
2010-2011;L0.2_Pant10_CN_modif_20260519;GRAND ETANG LA ROUE;365;75;278;37609;19136;109782;0.44;9.3;0;NA;0;NA;NA;NA
2011-2012;L0.2_Pant10_CN_modif_20260519;GRAND ETANG LA ROUE;366;0;120;31326;23368;8936;0.36;7;0;NA;0;NA;NA;NA
2012-2013;L0.2_Pant10_CN_modif_20260519;GRAND ETANG LA ROUE;365;21;25;62467;48566;102825;0.72;11.5;0;NA;0;NA;NA;NA
2013-2014;L0.2_Pant10_CN_modif_20260519;GRAND ETANG LA ROUE;365;32;28;60905;45705;93721;0.71;11.4;0;NA;0;NA;NA;NA
2014-2015;L0.2_Pant10_CN_modif_20260519;GRAND ETANG LA ROUE;365;42;117;57520;9943;134318;0.67;14.7;0;NA;0;NA;NA;NA
2015-2016;L0.2_Pant10_CN_modif_20260519;GRAND ETANG LA ROUE;366;0;301;77050;17346;94396;0.89;15.4;0;NA;0;NA;NA;NA
2016-2017;L0.2_Pant10_CN_modif_20260519;GRAND ETANG LA ROUE;365;0;365;23872;-1586;18668;0.28;6.8;0;NA;0;NA;NA;NA
2017-2018;L0.2_Pant10_CN_modif_20260519;GRAND ETANG LA ROUE;365;0;124;35429;7389;11496;0.41;8.5;0;NA;0;NA;NA;NA
2018-2019;L0.2_Pant10_CN_modif_20260519;GRAND ETANG LA ROUE;365;0;187;28419;1836;47243;0.33;7.2;0;NA;0;NA;NA;NA
2019-2020;L0.2_Pant10_CN_modif_20260519;GRAND ETANG LA ROUE;366;0;152;35905;8068;59887;0.42;9.5;0;NA;0;NA;NA;NA
2020-2021;L0.2_Pant10_CN_modif_20260519;GRAND ETANG LA ROUE;365;114;52;119875;52695;98708;1.39;20.9;0;NA;0;NA;NA;NA
2021-2022;L0.2_Pant10_CN_modif_20260519;GRAND ETANG LA ROUE;365;80;278;32866;12001;120766;0.38;9.3;0;NA;0;NA;NA;NA
2022-2023;L0.2_Pant10_CN_modif_20260519;GRAND ETANG LA ROUE;365;0;365;26255;55;26311;0.3;6.9;0;NA;0;NA;NA;NA
2023-2024;L0.2_Pant10_CN_modif_20260519;GRAND ETANG LA ROUE;366;99;99;146447;22658;105507;1.7;24;0;NA;0;NA;NA;NA
2024-2025;L0.2_Pant10_CN_modif_20260519;GRAND ETANG LA ROUE;365;53;61;59806;18123;112204;0.69;12.7;154;27989;6;35.8;18.7;-17.1
2010-2011;L0.2_Pant10_CN_modif_20260519;GRAND RONZUEL;365;0;21;12054;29364;223812;0.08;9.6;0;NA;0;NA;NA;NA
2011-2012;L0.2_Pant10_CN_modif_20260519;GRAND RONZUEL;366;0;55;10081;57096;62552;0.07;7.2;0;NA;0;NA;NA;NA
2012-2013;L0.2_Pant10_CN_modif_20260519;GRAND RONZUEL;365;0;294;39094;49994;270297;0.26;23.1;0;NA;0;NA;NA;NA
2013-2014;L0.2_Pant10_CN_modif_20260519;GRAND RONZUEL;365;0;365;50362;884;207062;0.34;30.5;0;NA;0;NA;NA;NA
2014-2015;L0.2_Pant10_CN_modif_20260519;GRAND RONZUEL;365;0;160;42043;-27600;98068;0.28;34.7;0;NA;0;NA;NA;NA
2015-2016;L0.2_Pant10_CN_modif_20260519;GRAND RONZUEL;366;91;71;21061;80327;86191;0.14;13.6;0;NA;0;NA;NA;NA
2016-2017;L0.2_Pant10_CN_modif_20260519;GRAND RONZUEL;365;9;288;7165;38114;213687;0.05;6.6;0;NA;0;NA;NA;NA
2017-2018;L0.2_Pant10_CN_modif_20260519;GRAND RONZUEL;365;0;365;28755;6306;61935;0.19;22.2;0;NA;0;NA;NA;NA
2018-2019;L0.2_Pant10_CN_modif_20260519;GRAND RONZUEL;365;0;365;25391;1031;65188;0.17;20.7;0;NA;0;NA;NA;NA
2019-2020;L0.2_Pant10_CN_modif_20260519;GRAND RONZUEL;366;0;134;21172;-31142;59361;0.14;18;0;NA;0;NA;NA;NA
2020-2021;L0.2_Pant10_CN_modif_20260519;GRAND RONZUEL;365;99;61;37864;114610;120362;0.25;21.3;0;NA;0;NA;NA;NA
2021-2022;L0.2_Pant10_CN_modif_20260519;GRAND RONZUEL;365;67;133;9884;4821;243653;0.07;9;51;80363;0;NA;NA;NA
2022-2023;L0.2_Pant10_CN_modif_20260519;GRAND RONZUEL;365;0;365;13122;28408;93743;0.09;11.1;179;31553;1;1.2;0;-1.2
2023-2024;L0.2_Pant10_CN_modif_20260519;GRAND RONZUEL;366;92;98;75061;53008;150452;0.5;39.7;0;NA;0;NA;NA;NA
2024-2025;L0.2_Pant10_CN_modif_20260519;GRAND RONZUEL;365;30;17;19678;38803;241714;0.13;13.5;0;NA;0;NA;NA;NA
2010-2011;L0.2_Pant10_CN_modif_20260519;GRANGES;365;111;194;25269;7991;43113;1.25;11.8;0;NA;0;NA;NA;NA
2011-2012;L0.2_Pant10_CN_modif_20260519;GRANGES;366;60;37;22292;8451;18664;1.1;9.4;0;NA;0;NA;NA;NA
2012-2013;L0.2_Pant10_CN_modif_20260519;GRANGES;365;106;246;45871;11257;74124;2.26;15.9;0;NA;0;NA;NA;NA
2013-2014;L0.2_Pant10_CN_modif_20260519;GRANGES;365;121;125;44152;5517;30579;2.18;15.7;0;NA;0;NA;NA;NA
2014-2015;L0.2_Pant10_CN_modif_20260519;GRANGES;365;117;68;36682;1680;57452;1.81;17.8;0;NA;0;NA;NA;NA
2015-2016;L0.2_Pant10_CN_modif_20260519;GRANGES;366;116;25;43295;12067;42183;2.13;16.4;0;NA;0;NA;NA;NA
2016-2017;L0.2_Pant10_CN_modif_20260519;GRANGES;365;74;246;16502;4824;34505;0.81;8.9;0;NA;0;NA;NA;NA
2017-2018;L0.2_Pant10_CN_modif_20260519;GRANGES;365;121;124;24968;-2062;13464;1.23;11.3;0;NA;0;NA;NA;NA
2018-2019;L0.2_Pant10_CN_modif_20260519;GRANGES;365;26;182;21702;1242;21808;1.07;10.4;0;NA;0;NA;NA;NA
2019-2020;L0.2_Pant10_CN_modif_20260519;GRANGES;366;69;169;24463;4364;38570;1.21;12.2;0;NA;0;NA;NA;NA
2020-2021;L0.2_Pant10_CN_modif_20260519;GRANGES;365;86;272;79177;10620;90631;3.9;26.1;0;NA;0;NA;NA;NA
2021-2022;L0.2_Pant10_CN_modif_20260519;GRANGES;365;0;340;23107;-4010;19097;1.14;12.3;0;NA;0;NA;NA;NA
2022-2023;L0.2_Pant10_CN_modif_20260519;GRANGES;365;0;311;16962;7447;24410;0.84;8.4;0;NA;0;NA;NA;NA
2023-2024;L0.2_Pant10_CN_modif_20260519;GRANGES;366;0;366;93097;102;93199;4.59;28.9;0;NA;0;NA;NA;NA
2024-2025;L0.2_Pant10_CN_modif_20260519;GRANGES;365;0;365;45220;3;45223;2.23;18.2;0;NA;0;NA;NA;NA
2010-2011;L0.2_Pant10_CN_modif_20260519;LECHERE;365;31;128;10719;4862;27056;0.42;12.3;0;NA;0;NA;NA;NA
2011-2012;L0.2_Pant10_CN_modif_20260519;LECHERE;366;0;119;9382;9554;7715;0.37;9.6;0;NA;0;NA;NA;NA
2012-2013;L0.2_Pant10_CN_modif_20260519;LECHERE;365;0;302;23437;4418;41764;0.93;19.9;0;NA;0;NA;NA;NA
2013-2014;L0.2_Pant10_CN_modif_20260519;LECHERE;365;65;109;18298;11704;7844;0.72;15.9;0;NA;0;NA;NA;NA
2014-2015;L0.2_Pant10_CN_modif_20260519;LECHERE;365;45;46;15225;-671;36655;0.6;18;0;NA;0;NA;NA;NA
2015-2016;L0.2_Pant10_CN_modif_20260519;LECHERE;366;86;83;17959;13520;13992;0.71;16.6;0;NA;0;NA;NA;NA
2016-2017;L0.2_Pant10_CN_modif_20260519;LECHERE;365;7;107;6710;1374;24234;0.26;8.8;0;NA;0;NA;NA;NA
2017-2018;L0.2_Pant10_CN_modif_20260519;LECHERE;365;0;365;13887;-263;15020;0.55;15.3;0;NA;0;NA;NA;NA
2018-2019;L0.2_Pant10_CN_modif_20260519;LECHERE;365;0;124;9746;477;4528;0.38;11.4;0;NA;0;NA;NA;NA
2019-2020;L0.2_Pant10_CN_modif_20260519;LECHERE;366;0;111;10159;1585;16649;0.4;12.4;0;NA;0;NA;NA;NA
2020-2021;L0.2_Pant10_CN_modif_20260519;LECHERE;365;114;74;30013;19019;28424;1.18;24.2;0;NA;0;NA;NA;NA
2021-2022;L0.2_Pant10_CN_modif_20260519;LECHERE;365;58;155;8933;1619;31950;0.35;11.6;0;NA;0;NA;NA;NA
2022-2023;L0.2_Pant10_CN_modif_20260519;LECHERE;365;0;365;8985;2791;11776;0.35;10.9;0;NA;0;NA;NA;NA
2023-2024;L0.2_Pant10_CN_modif_20260519;LECHERE;366;117;87;39358;11144;33644;1.55;29.8;0;NA;0;NA;NA;NA
2024-2025;L0.2_Pant10_CN_modif_20260519;LECHERE;365;25;59;16500;6724;32677;0.65;16.2;0;NA;0;NA;NA;NA
2010-2011;L0.2_Pant10_CN_modif_20260519;LECHERE DU FRAYET;365;7;278;7490;13974;46690;0.14;10.9;0;NA;0;NA;NA;NA
2011-2012;L0.2_Pant10_CN_modif_20260519;LECHERE DU FRAYET;366;0;120;6113;17010;4172;0.12;7.9;0;NA;0;NA;NA;NA
2012-2013;L0.2_Pant10_CN_modif_20260519;LECHERE DU FRAYET;365;0;37;10772;35352;44582;0.21;11.6;0;NA;0;NA;NA;NA
2013-2014;L0.2_Pant10_CN_modif_20260519;LECHERE DU FRAYET;365;0;279;17640;14487;52619;0.34;19.4;0;NA;0;NA;NA;NA
2014-2015;L0.2_Pant10_CN_modif_20260519;LECHERE DU FRAYET;365;0;229;17634;75;17710;0.34;26.4;0;NA;0;NA;NA;NA
2015-2016;L0.2_Pant10_CN_modif_20260519;LECHERE DU FRAYET;366;0;65;11318;26915;17681;0.22;13.3;0;NA;0;NA;NA;NA
2016-2017;L0.2_Pant10_CN_modif_20260519;LECHERE DU FRAYET;365;0;280;4731;11504;36787;0.09;7.9;0;NA;0;NA;NA;NA
2017-2018;L0.2_Pant10_CN_modif_20260519;LECHERE DU FRAYET;365;0;133;6378;2567;3037;0.12;8.9;0;NA;0;NA;NA;NA
2018-2019;L0.2_Pant10_CN_modif_20260519;LECHERE DU FRAYET;365;0;310;4971;8224;13338;0.1;7.4;0;NA;0;NA;NA;NA
2019-2020;L0.2_Pant10_CN_modif_20260519;LECHERE DU FRAYET;366;0;330;8572;13118;27455;0.16;13.3;0;NA;0;NA;NA;NA
2020-2021;L0.2_Pant10_CN_modif_20260519;LECHERE DU FRAYET;365;22;109;26319;24466;14103;0.51;26.9;0;NA;0;NA;NA;NA
2021-2022;L0.2_Pant10_CN_modif_20260519;LECHERE DU FRAYET;365;50;146;5036;7758;49477;0.1;8.3;0;NA;0;NA;NA;NA
2022-2023;L0.2_Pant10_CN_modif_20260519;LECHERE DU FRAYET;365;0;352;5506;10007;15513;0.11;8.4;0;NA;0;NA;NA;NA
2023-2024;L0.2_Pant10_CN_modif_20260519;LECHERE DU FRAYET;366;0;366;43799;1291;45090;0.84;42.1;0;NA;0;NA;NA;NA
2024-2025;L0.2_Pant10_CN_modif_20260519;LECHERE DU FRAYET;365;0;177;14929;-616;11603;0.29;18.6;0;NA;0;NA;NA;NA
2010-2011;L0.2_Pant10_CN_modif_20260519;LES RAGES;365;226;19;22242;3063;21128;1.65;13.9;0;NA;0;NA;NA;NA
2011-2012;L0.2_Pant10_CN_modif_20260519;LES RAGES;366;186;59;20787;6100;31064;1.54;11.7;0;NA;0;NA;NA;NA
2012-2013;L0.2_Pant10_CN_modif_20260519;LES RAGES;365;0;365;42597;58;42655;3.15;19.8;0;NA;0;NA;NA;NA
2013-2014;L0.2_Pant10_CN_modif_20260519;LES RAGES;365;0;311;40631;1790;33155;3.01;19.3;0;NA;0;NA;NA;NA
2014-2015;L0.2_Pant10_CN_modif_20260519;LES RAGES;365;249;59;30821;3622;43709;2.28;20;0;NA;0;NA;NA;NA
2015-2016;L0.2_Pant10_CN_modif_20260519;LES RAGES;366;249;74;38387;9989;48376;2.84;19.4;0;NA;0;NA;NA;NA
2016-2017;L0.2_Pant10_CN_modif_20260519;LES RAGES;365;213;101;14311;1336;15646;1.06;10.3;0;NA;0;NA;NA;NA
2017-2018;L0.2_Pant10_CN_modif_20260519;LES RAGES;365;0;365;24561;174;24735;1.82;14.8;0;NA;0;NA;NA;NA
2018-2019;L0.2_Pant10_CN_modif_20260519;LES RAGES;365;0;365;21668;0;21668;1.6;13.8;0;NA;0;NA;NA;NA
2019-2020;L0.2_Pant10_CN_modif_20260519;LES RAGES;366;0;366;24063;422;23902;1.78;16.1;0;NA;0;NA;NA;NA
2020-2021;L0.2_Pant10_CN_modif_20260519;LES RAGES;365;323;34;61109;9764;59888;4.52;26.9;0;NA;0;NA;NA;NA
2021-2022;L0.2_Pant10_CN_modif_20260519;LES RAGES;365;268;59;18777;1762;32108;1.39;13.4;0;NA;0;NA;NA;NA
2022-2023;L0.2_Pant10_CN_modif_20260519;LES RAGES;365;192;123;14428;2693;16422;1.07;9.6;0;NA;0;NA;NA;NA
2023-2024;L0.2_Pant10_CN_modif_20260519;LES RAGES;366;257;79;68970;13370;82201;5.1;28.6;0;NA;0;NA;NA;NA
2024-2025;L0.2_Pant10_CN_modif_20260519;LES RAGES;365;267;84;33769;6743;40675;2.5;18.1;0;NA;0;NA;NA;NA
2010-2011;L0.2_Pant10_CN_modif_20260519;LIGNIERE;365;290;24;285;32937;275414;0;7.4;0;NA;0;NA;NA;NA
2011-2012;L0.2_Pant10_CN_modif_20260519;LIGNIERE;366;322;22;224;62544;325731;0;5.2;0;NA;0;NA;NA;NA
2012-2013;L0.2_Pant10_CN_modif_20260519;LIGNIERE;365;325;19;490;117219;872023;0;9.4;0;NA;0;NA;NA;NA
2013-2014;L0.2_Pant10_CN_modif_20260519;LIGNIERE;365;324;19;479;106895;684738;0;9.4;0;NA;0;NA;NA;NA
2014-2015;L0.2_Pant10_CN_modif_20260519;LIGNIERE;365;274;19;485;-1733;840187;0;13;0;NA;0;NA;NA;NA
2015-2016;L0.2_Pant10_CN_modif_20260519;LIGNIERE;366;110;24;531;81775;276603;0;11.1;0;NA;0;NA;NA;NA
2016-2017;L0.2_Pant10_CN_modif_20260519;LIGNIERE;365;268;22;154;-22500;378268;0;4.6;0;NA;0;NA;NA;NA
2017-2018;L0.2_Pant10_CN_modif_20260519;LIGNIERE;365;213;25;277;17976;226858;0;6.9;0;NA;0;NA;NA;NA
2018-2019;L0.2_Pant10_CN_modif_20260519;LIGNIERE;365;215;24;214;-2214;192430;0;5.6;0;NA;0;NA;NA;NA
2019-2020;L0.2_Pant10_CN_modif_20260519;LIGNIERE;366;260;25;287;-16292;508187;0;7.9;0;NA;0;NA;NA;NA
2020-2021;L0.2_Pant10_CN_modif_20260519;LIGNIERE;365;0;329;46488;18234;680720;0.17;845.9;0;NA;0;NA;NA;NA
2021-2022;L0.2_Pant10_CN_modif_20260519;LIGNIERE;365;235;60;4137;-57120;343803;0.01;121.8;51;20139;0;NA;NA;NA
2022-2023;L0.2_Pant10_CN_modif_20260519;LIGNIERE;365;282;28;165;1552;178712;0;4.5;365;98811;1;37.3;0;-37.3
2023-2024;L0.2_Pant10_CN_modif_20260519;LIGNIERE;366;304;14;1113;125813;864202;0;19;366;59555;0;NA;NA;NA
2024-2025;L0.2_Pant10_CN_modif_20260519;LIGNIERE;365;289;21;494;44770;706814;0;11;365;33005;0;NA;NA;NA
2010-2011;L0.2_Pant10_CN_modif_20260519;LONGEVAVRE;365;93;251;19858;14276;83774;0.43;19;0;NA;0;NA;NA;NA
2011-2012;L0.2_Pant10_CN_modif_20260519;LONGEVAVRE;366;93;71;19089;16687;18442;0.41;16.4;0;NA;0;NA;NA;NA
2012-2013;L0.2_Pant10_CN_modif_20260519;LONGEVAVRE;365;99;262;43024;19736;156325;0.92;30.6;0;NA;0;NA;NA;NA
2013-2014;L0.2_Pant10_CN_modif_20260519;LONGEVAVRE;365;247;115;37310;16787;78851;0.8;27.1;0;NA;0;NA;NA;NA
2014-2015;L0.2_Pant10_CN_modif_20260519;LONGEVAVRE;365;99;93;24551;5212;103429;0.53;24.3;0;NA;0;NA;NA;NA
2015-2016;L0.2_Pant10_CN_modif_20260519;LONGEVAVRE;366;135;32;31867;23983;48474;0.68;24.7;0;NA;0;NA;NA;NA
2016-2017;L0.2_Pant10_CN_modif_20260519;LONGEVAVRE;365;88;13;13213;-6410;58991;0.28;14.6;0;NA;0;NA;NA;NA
2017-2018;L0.2_Pant10_CN_modif_20260519;LONGEVAVRE;365;0;265;28526;5345;87254;0.61;26.4;0;NA;0;NA;NA;NA
2018-2019;L0.2_Pant10_CN_modif_20260519;LONGEVAVRE;365;0;299;21591;-1704;18417;0.46;21.1;0;NA;0;NA;NA;NA
2019-2020;L0.2_Pant10_CN_modif_20260519;LONGEVAVRE;366;187;22;18692;-4614;38587;0.4;19.1;0;NA;0;NA;NA;NA
2020-2021;L0.2_Pant10_CN_modif_20260519;LONGEVAVRE;365;290;13;47066;30712;112703;1.01;31.7;0;NA;0;NA;NA;NA
2021-2022;L0.2_Pant10_CN_modif_20260519;LONGEVAVRE;365;259;13;16812;-12311;82313;0.36;18.3;0;NA;0;NA;NA;NA
2022-2023;L0.2_Pant10_CN_modif_20260519;LONGEVAVRE;365;23;145;13615;3871;48173;0.29;13.8;0;NA;0;NA;NA;NA
2023-2024;L0.2_Pant10_CN_modif_20260519;LONGEVAVRE;366;244;45;53875;36303;150808;1.16;34.2;0;NA;0;NA;NA;NA
2024-2025;L0.2_Pant10_CN_modif_20260519;LONGEVAVRE;365;99;46;28059;11781;83829;0.6;23.1;0;NA;0;NA;NA;NA
2010-2011;L0.2_Pant10_CN_modif_20260519;NEUF DE BURLAT;365;110;246;11658;7330;31516;0.53;10.1;0;NA;0;NA;NA;NA
2011-2012;L0.2_Pant10_CN_modif_20260519;NEUF DE BURLAT;366;0;227;9883;3749;5917;0.45;7.7;0;NA;0;NA;NA;NA
2012-2013;L0.2_Pant10_CN_modif_20260519;NEUF DE BURLAT;365;47;57;18841;14835;30819;0.86;12.1;0;NA;0;NA;NA;NA
2013-2014;L0.2_Pant10_CN_modif_20260519;NEUF DE BURLAT;365;52;21;17986;13795;30252;0.82;11.8;0;NA;0;NA;NA;NA
2014-2015;L0.2_Pant10_CN_modif_20260519;NEUF DE BURLAT;365;76;127;17111;5777;34988;0.78;15.4;0;NA;0;NA;NA;NA
2015-2016;L0.2_Pant10_CN_modif_20260519;NEUF DE BURLAT;366;0;264;22823;5719;28542;1.04;16;0;NA;0;NA;NA;NA
2016-2017;L0.2_Pant10_CN_modif_20260519;NEUF DE BURLAT;365;0;359;7623;491;6973;0.35;7.6;0;NA;0;NA;NA;NA
2017-2018;L0.2_Pant10_CN_modif_20260519;NEUF DE BURLAT;365;0;120;10513;2273;8847;0.48;8.8;0;NA;0;NA;NA;NA
2018-2019;L0.2_Pant10_CN_modif_20260519;NEUF DE BURLAT;365;0;269;9014;4007;12793;0.41;8;0;NA;0;NA;NA;NA
2019-2020;L0.2_Pant10_CN_modif_20260519;NEUF DE BURLAT;366;14;249;11356;8031;24696;0.52;10.5;0;NA;0;NA;NA;NA
2020-2021;L0.2_Pant10_CN_modif_20260519;NEUF DE BURLAT;365;93;149;37866;6656;26053;1.73;23.1;0;NA;0;NA;NA;NA
2021-2022;L0.2_Pant10_CN_modif_20260519;NEUF DE BURLAT;365;113;238;9052;6583;34104;0.41;8.9;0;NA;0;NA;NA;NA
2022-2023;L0.2_Pant10_CN_modif_20260519;NEUF DE BURLAT;365;0;317;6671;6657;12698;0.3;6.1;0;NA;0;NA;NA;NA
2023-2024;L0.2_Pant10_CN_modif_20260519;NEUF DE BURLAT;366;154;63;38406;17248;41778;1.75;22.1;0;NA;0;NA;NA;NA
2024-2025;L0.2_Pant10_CN_modif_20260519;NEUF DE BURLAT;365;81;47;17982;5503;33144;0.82;13.4;0;NA;0;NA;NA;NA
2010-2011;L0.2_Pant10_CN_modif_20260519;ONDONNIERE;365;0;339;18491;8944;148934;0.26;64.8;0;NA;0;NA;NA;NA
2011-2012;L0.2_Pant10_CN_modif_20260519;ONDONNIERE;366;49;93;4963;35763;3323;0.07;15.6;0;NA;0;NA;NA;NA
2012-2013;L0.2_Pant10_CN_modif_20260519;ONDONNIERE;365;256;37;8563;57775;223004;0.12;22.2;0;NA;0;NA;NA;NA
2013-2014;L0.2_Pant10_CN_modif_20260519;ONDONNIERE;365;227;26;8377;53171;127709;0.12;22.2;0;NA;0;NA;NA;NA
2014-2015;L0.2_Pant10_CN_modif_20260519;ONDONNIERE;365;242;11;6433;-1631;153873;0.09;23.3;0;NA;0;NA;NA;NA
2015-2016;L0.2_Pant10_CN_modif_20260519;ONDONNIERE;366;0;343;34046;10203;115275;0.47;96.5;0;NA;0;NA;NA;NA
2016-2017;L0.2_Pant10_CN_modif_20260519;ONDONNIERE;365;189;58;3326;-7086;17794;0.05;13.4;0;NA;0;NA;NA;NA
2017-2018;L0.2_Pant10_CN_modif_20260519;ONDONNIERE;365;193;74;5033;12037;106262;0.07;17;0;NA;0;NA;NA;NA
2018-2019;L0.2_Pant10_CN_modif_20260519;ONDONNIERE;365;0;36;4547;-824;29559;0.06;16.3;0;NA;0;NA;NA;NA
2019-2020;L0.2_Pant10_CN_modif_20260519;ONDONNIERE;366;174;28;4854;-7337;40079;0.07;18.1;0;NA;0;NA;NA;NA
2020-2021;L0.2_Pant10_CN_modif_20260519;ONDONNIERE;365;0;345;51274;8608;196690;0.71;126.5;0;NA;0;NA;NA;NA
2021-2022;L0.2_Pant10_CN_modif_20260519;ONDONNIERE;365;159;60;4306;-21815;50876;0.06;17.2;0;NA;0;NA;NA;NA
2022-2023;L0.2_Pant10_CN_modif_20260519;ONDONNIERE;365;202;57;3369;2315;25127;0.05;12.5;0;NA;0;NA;NA;NA
2023-2024;L0.2_Pant10_CN_modif_20260519;ONDONNIERE;366;246;25;14315;67700;229824;0.2;33.2;0;NA;0;NA;NA;NA
2024-2025;L0.2_Pant10_CN_modif_20260519;ONDONNIERE;365;204;11;7230;22059;122432;0.1;21.7;0;NA;0;NA;NA;NA
2010-2011;L0.2_Pant10_CN_modif_20260519;PARADIS;365;104;13;18768;13440;820619;0.31;12.3;0;NA;0;NA;NA;NA
2011-2012;L0.2_Pant10_CN_modif_20260519;PARADIS;366;140;10;16427;25208;588007;0.27;9.6;0;NA;0;NA;NA;NA
2012-2013;L0.2_Pant10_CN_modif_20260519;PARADIS;365;325;5;31648;47856;1761216;0.52;15.3;0;NA;0;NA;NA;NA
2013-2014;L0.2_Pant10_CN_modif_20260519;PARADIS;365;103;248;39266;27981;1168171;0.65;19.4;0;NA;0;NA;NA;NA
2014-2015;L0.2_Pant10_CN_modif_20260519;PARADIS;365;150;137;38692;-25377;1524137;0.64;26.2;0;NA;0;NA;NA;NA
2015-2016;L0.2_Pant10_CN_modif_20260519;PARADIS;366;164;12;31444;33043;811922;0.52;16.6;0;NA;0;NA;NA;NA
2016-2017;L0.2_Pant10_CN_modif_20260519;PARADIS;365;81;205;11749;3323;776891;0.19;8.8;0;NA;0;NA;NA;NA
2017-2018;L0.2_Pant10_CN_modif_20260519;PARADIS;365;200;37;17776;5405;557325;0.29;11.2;0;NA;0;NA;NA;NA
2018-2019;L0.2_Pant10_CN_modif_20260519;PARADIS;365;85;248;22439;8954;371040;0.37;15;0;NA;0;NA;NA;NA
2019-2020;L0.2_Pant10_CN_modif_20260519;PARADIS;366;109;151;25296;-32735;602806;0.42;17.6;0;NA;0;NA;NA;NA
2020-2021;L0.2_Pant10_CN_modif_20260519;PARADIS;365;197;26;52549;46474;1398528;0.87;24.2;0;NA;0;NA;NA;NA
2021-2022;L0.2_Pant10_CN_modif_20260519;PARADIS;365;220;9;15640;-18924;846681;0.26;11.6;0;NA;0;NA;NA;NA
2022-2023;L0.2_Pant10_CN_modif_20260519;PARADIS;365;106;4;11862;-940;537814;0.2;8.2;0;NA;0;NA;NA;NA
2023-2024;L0.2_Pant10_CN_modif_20260519;PARADIS;366;243;21;59047;52011;1549087;0.98;25.6;0;NA;0;NA;NA;NA
2024-2025;L0.2_Pant10_CN_modif_20260519;PARADIS;365;225;14;28889;17756;1442930;0.48;16.2;0;NA;0;NA;NA;NA
2010-2011;L0.2_Pant10_CN_modif_20260519;PETIT ETANG LA ROUE;365;107;84;31186;-2076;326857;1.01;9.8;0;NA;0;NA;NA;NA
2011-2012;L0.2_Pant10_CN_modif_20260519;PETIT ETANG LA ROUE;366;317;25;23875;11194;158353;0.77;6.7;0;NA;0;NA;NA;NA
2012-2013;L0.2_Pant10_CN_modif_20260519;PETIT ETANG LA ROUE;365;356;5;49520;20982;530048;1.6;11.5;0;NA;0;NA;NA;NA
2013-2014;L0.2_Pant10_CN_modif_20260519;PETIT ETANG LA ROUE;365;333;6;48282;19622;382097;1.56;11.4;0;NA;0;NA;NA;NA
2014-2015;L0.2_Pant10_CN_modif_20260519;PETIT ETANG LA ROUE;365;77;285;46685;7969;327953;1.51;15.1;0;NA;0;NA;NA;NA
2015-2016;L0.2_Pant10_CN_modif_20260519;PETIT ETANG LA ROUE;366;222;85;53747;9010;241560;1.73;13.6;0;NA;0;NA;NA;NA
2016-2017;L0.2_Pant10_CN_modif_20260519;PETIT ETANG LA ROUE;365;35;120;16442;-4348;315853;0.53;5.9;0;NA;0;NA;NA;NA
2017-2018;L0.2_Pant10_CN_modif_20260519;PETIT ETANG LA ROUE;365;205;52;28086;2532;160114;0.91;8.5;0;NA;0;NA;NA;NA
2018-2019;L0.2_Pant10_CN_modif_20260519;PETIT ETANG LA ROUE;365;268;6;22529;-1696;104180;0.73;7.2;0;NA;0;NA;NA;NA
2019-2020;L0.2_Pant10_CN_modif_20260519;PETIT ETANG LA ROUE;366;77;286;30119;5862;231719;0.97;10;0;NA;0;NA;NA;NA
2020-2021;L0.2_Pant10_CN_modif_20260519;PETIT ETANG LA ROUE;365;256;86;98430;14305;379356;3.18;21.7;0;NA;0;NA;NA;NA
2021-2022;L0.2_Pant10_CN_modif_20260519;PETIT ETANG LA ROUE;365;272;3;23067;-8353;354762;0.74;8.2;0;NA;0;NA;NA;NA
2022-2023;L0.2_Pant10_CN_modif_20260519;PETIT ETANG LA ROUE;365;238;6;16987;-413;150875;0.55;5.6;0;NA;0;NA;NA;NA
2023-2024;L0.2_Pant10_CN_modif_20260519;PETIT ETANG LA ROUE;366;294;10;104006;22917;504850;3.36;21.5;0;NA;0;NA;NA;NA
2024-2025;L0.2_Pant10_CN_modif_20260519;PETIT ETANG LA ROUE;365;260;3;47410;7787;448325;1.53;12.7;0;NA;0;NA;NA;NA
2010-2011;L0.2_Pant10_CN_modif_20260519;PETIT RONZUEL;365;0;274;5698;32065;78033;0.06;10.9;0;NA;0;NA;NA;NA
2011-2012;L0.2_Pant10_CN_modif_20260519;PETIT RONZUEL;366;0;120;5079;36345;13996;0.05;8.7;0;NA;0;NA;NA;NA
2012-2013;L0.2_Pant10_CN_modif_20260519;PETIT RONZUEL;365;0;16;9959;64942;60361;0.1;14.2;0;NA;0;NA;NA;NA
2013-2014;L0.2_Pant10_CN_modif_20260519;PETIT RONZUEL;365;0;286;25710;26675;99972;0.27;37.4;0;NA;0;NA;NA;NA
2014-2015;L0.2_Pant10_CN_modif_20260519;PETIT RONZUEL;365;0;225;24065;348;24413;0.25;47.8;0;NA;0;NA;NA;NA
2015-2016;L0.2_Pant10_CN_modif_20260519;PETIT RONZUEL;366;0;91;10245;49784;28340;0.11;15.9;0;NA;0;NA;NA;NA
2016-2017;L0.2_Pant10_CN_modif_20260519;PETIT RONZUEL;365;0;290;3494;26542;57172;0.04;7.7;0;NA;0;NA;NA;NA
2017-2018;L0.2_Pant10_CN_modif_20260519;PETIT RONZUEL;365;0;132;5728;10175;11595;0.06;10.6;0;NA;0;NA;NA;NA
2018-2019;L0.2_Pant10_CN_modif_20260519;PETIT RONZUEL;365;0;264;4788;15083;19922;0.05;9.4;0;NA;0;NA;NA;NA
2019-2020;L0.2_Pant10_CN_modif_20260519;PETIT RONZUEL;366;0;343;12228;19011;40048;0.13;25;0;NA;0;NA;NA;NA
2020-2021;L0.2_Pant10_CN_modif_20260519;PETIT RONZUEL;365;0;110;28928;44867;18802;0.3;39.1;0;NA;0;NA;NA;NA
2021-2022;L0.2_Pant10_CN_modif_20260519;PETIT RONZUEL;365;0;154;4740;15372;75106;0.05;10.4;0;NA;0;NA;NA;NA
2022-2023;L0.2_Pant10_CN_modif_20260519;PETIT RONZUEL;365;0;223;3566;19789;20846;0.04;7.2;0;NA;0;NA;NA;NA
2023-2024;L0.2_Pant10_CN_modif_20260519;PETIT RONZUEL;366;0;76;19417;75640;58360;0.2;24.7;0;NA;0;NA;NA;NA
2024-2025;L0.2_Pant10_CN_modif_20260519;PETIT RONZUEL;365;0;108;9186;25580;71036;0.1;15.1;0;NA;0;NA;NA;NA
2010-2011;L0.2_Pant10_CN_modif_20260519;PLAT;365;5;19;13279;22120;247935;0.06;8.7;0;NA;0;NA;NA;NA
2011-2012;L0.2_Pant10_CN_modif_20260519;PLAT;366;0;310;20172;5641;111310;0.1;11.8;0;NA;0;NA;NA;NA
2012-2013;L0.2_Pant10_CN_modif_20260519;PLAT;365;127;86;29266;57380;120723;0.14;14.1;0;NA;0;NA;NA;NA
2013-2014;L0.2_Pant10_CN_modif_20260519;PLAT;365;88;48;22980;74135;306038;0.11;11.3;0;NA;0;NA;NA;NA
2014-2015;L0.2_Pant10_CN_modif_20260519;PLAT;365;17;104;21683;-3063;322059;0.1;14.6;0;NA;0;NA;NA;NA
2015-2016;L0.2_Pant10_CN_modif_20260519;PLAT;366;37;61;24867;57179;111639;0.12;13.1;0;NA;0;NA;NA;NA
2016-2017;L0.2_Pant10_CN_modif_20260519;PLAT;365;0;302;12877;16019;205847;0.06;9.6;0;NA;0;NA;NA;NA
2017-2018;L0.2_Pant10_CN_modif_20260519;PLAT;365;0;135;13467;12839;56339;0.06;8.5;0;NA;0;NA;NA;NA
2018-2019;L0.2_Pant10_CN_modif_20260519;PLAT;365;0;340;10495;-3690;62580;0.05;7;0;NA;0;NA;NA;NA
2019-2020;L0.2_Pant10_CN_modif_20260519;PLAT;366;0;268;13575;14522;166976;0.07;9.4;0;NA;0;NA;NA;NA
2020-2021;L0.2_Pant10_CN_modif_20260519;PLAT;365;86;62;45429;87362;155658;0.22;20.8;0;NA;0;NA;NA;NA
2021-2022;L0.2_Pant10_CN_modif_20260519;PLAT;365;56;299;16841;20086;286748;0.08;12.5;0;NA;0;NA;NA;NA
2022-2023;L0.2_Pant10_CN_modif_20260519;PLAT;365;0;358;11600;991;48113;0.06;8;183;71414;3;11.2;0.5;-10.7
2023-2024;L0.2_Pant10_CN_modif_20260519;PLAT;366;126;99;49639;93121;228623;0.24;21.4;366;53905;7;54.9;25.5;-29.4
2024-2025;L0.2_Pant10_CN_modif_20260519;PLAT;365;56;19;22549;30178;364216;0.11;12.6;365;76053;10;35.7;15.7;-20
2010-2011;L0.2_Pant10_CN_modif_20260519;POLLET;365;302;17;2065;25372;189019;0.01;7.9;0;NA;0;NA;NA;NA
2011-2012;L0.2_Pant10_CN_modif_20260519;POLLET;366;30;13;1617;46611;200451;0.01;5.5;0;NA;0;NA;NA;NA
2012-2013;L0.2_Pant10_CN_modif_20260519;POLLET;365;0;325;23418;12523;315763;0.1;66.1;0;NA;0;NA;NA;NA
2013-2014;L0.2_Pant10_CN_modif_20260519;POLLET;365;303;53;3782;70431;156784;0.02;10.9;0;NA;0;NA;NA;NA
2014-2015;L0.2_Pant10_CN_modif_20260519;POLLET;365;282;10;3403;-3393;389191;0.01;13.4;0;NA;0;NA;NA;NA
2015-2016;L0.2_Pant10_CN_modif_20260519;POLLET;366;35;15;3677;60686;175664;0.02;11.3;0;NA;0;NA;NA;NA
2016-2017;L0.2_Pant10_CN_modif_20260519;POLLET;365;277;16;1151;-16872;164664;0;5;0;NA;0;NA;NA;NA
2017-2018;L0.2_Pant10_CN_modif_20260519;POLLET;365;0;324;13675;-5450;246709;0.06;50.3;0;NA;0;NA;NA;NA
2018-2019;L0.2_Pant10_CN_modif_20260519;POLLET;365;0;55;1598;11675;3208;0.01;6.2;0;NA;0;NA;NA;NA
2019-2020;L0.2_Pant10_CN_modif_20260519;POLLET;366;196;22;2006;-11332;90504;0.01;8.1;0;NA;0;NA;NA;NA
2020-2021;L0.2_Pant10_CN_modif_20260519;POLLET;365;52;16;7094;85571;175061;0.03;19;0;NA;0;NA;NA;NA
2021-2022;L0.2_Pant10_CN_modif_20260519;POLLET;365;283;12;1646;-33052;320270;0.01;7.1;51;34312;0;NA;NA;NA
2022-2023;L0.2_Pant10_CN_modif_20260519;POLLET;365;54;246;3899;33211;233349;0.02;15.7;180;65994;2;57.1;0;-57.1
2023-2024;L0.2_Pant10_CN_modif_20260519;POLLET;366;243;51;11816;93392;142588;0.05;29.8;0;NA;0;NA;NA;NA
2024-2025;L0.2_Pant10_CN_modif_20260519;POLLET;365;309;11;3488;31866;413458;0.02;11.4;154;7469;3;35.5;1.8;-33.6
2010-2011;L0.2_Pant10_CN_modif_20260519;REMONDET NORD;365;23;325;78281;14214;171375;0.69;13.5;0;NA;0;NA;NA;NA
2011-2012;L0.2_Pant10_CN_modif_20260519;REMONDET NORD;366;96;64;60231;50346;7874;0.53;9.3;0;NA;0;NA;NA;NA
2012-2013;L0.2_Pant10_CN_modif_20260519;REMONDET NORD;365;279;24;116652;86101;216760;1.02;14.9;0;NA;0;NA;NA;NA
2013-2014;L0.2_Pant10_CN_modif_20260519;REMONDET NORD;365;239;25;111934;77318;169405;0.98;14.6;0;NA;0;NA;NA;NA
2014-2015;L0.2_Pant10_CN_modif_20260519;REMONDET NORD;365;180;26;99162;-334;166210;0.87;17.7;0;NA;0;NA;NA;NA
2015-2016;L0.2_Pant10_CN_modif_20260519;REMONDET NORD;366;0;332;142121;15916;199199;1.24;19.8;0;NA;0;NA;NA;NA
2016-2017;L0.2_Pant10_CN_modif_20260519;REMONDET NORD;365;0;100;44606;-20654;12671;0.39;8.8;0;NA;0;NA;NA;NA
2017-2018;L0.2_Pant10_CN_modif_20260519;REMONDET NORD;365;125;100;66021;17056;33587;0.58;11;0;NA;0;NA;NA;NA
2018-2019;L0.2_Pant10_CN_modif_20260519;REMONDET NORD;365;0;28;58391;-228;51473;0.51;10.3;0;NA;0;NA;NA;NA
2019-2020;L0.2_Pant10_CN_modif_20260519;REMONDET NORD;366;43;17;65960;-11020;85065;0.58;12.1;0;NA;0;NA;NA;NA
2020-2021;L0.2_Pant10_CN_modif_20260519;REMONDET NORD;365;0;337;240220;14179;291735;2.1;29.2;0;NA;0;NA;NA;NA
2021-2022;L0.2_Pant10_CN_modif_20260519;REMONDET NORD;365;0;98;61645;-36817;24828;0.54;12.1;0;NA;0;NA;NA;NA
2022-2023;L0.2_Pant10_CN_modif_20260519;REMONDET NORD;365;0;160;43007;5480;44298;0.38;7.8;291;16339;3;15.4;2.7;-12.6
2023-2024;L0.2_Pant10_CN_modif_20260519;REMONDET NORD;366;277;42;221047;102431;250716;1.94;25.2;366;20779;13;28.1;23.1;-5
2024-2025;L0.2_Pant10_CN_modif_20260519;REMONDET NORD;365;273;0;106892;30796;152449;0.94;15.8;365;8886;9;30.7;15.4;-15.4
2010-2011;L0.2_Pant10_CN_modif_20260519;REMONDET SUD;365;31;95;14426;32338;543261;0.08;9.3;0;NA;0;NA;NA;NA
2011-2012;L0.2_Pant10_CN_modif_20260519;REMONDET SUD;366;104;32;12108;62141;304077;0.07;7;0;NA;0;NA;NA;NA
2012-2013;L0.2_Pant10_CN_modif_20260519;REMONDET SUD;365;55;292;48219;37792;1318191;0.28;23;0;NA;0;NA;NA;NA
2013-2014;L0.2_Pant10_CN_modif_20260519;REMONDET SUD;365;238;115;32707;64302;787909;0.19;15.9;0;NA;0;NA;NA;NA
2014-2015;L0.2_Pant10_CN_modif_20260519;REMONDET SUD;365;265;7;22769;-4634;1116129;0.13;15.1;0;NA;0;NA;NA;NA
2015-2016;L0.2_Pant10_CN_modif_20260519;REMONDET SUD;366;149;56;25816;80187;530544;0.15;13.4;0;NA;0;NA;NA;NA
2016-2017;L0.2_Pant10_CN_modif_20260519;REMONDET SUD;365;32;70;8480;-12968;501159;0.05;6.3;0;NA;0;NA;NA;NA
2017-2018;L0.2_Pant10_CN_modif_20260519;REMONDET SUD;365;24;318;32737;308;301688;0.19;20.3;0;NA;0;NA;NA;NA
2018-2019;L0.2_Pant10_CN_modif_20260519;REMONDET SUD;365;0;174;15382;6640;247795;0.09;10.1;0;NA;0;NA;NA;NA
2019-2020;L0.2_Pant10_CN_modif_20260519;REMONDET SUD;366;240;32;14234;-17901;526700;0.08;9.8;0;NA;0;NA;NA;NA
2020-2021;L0.2_Pant10_CN_modif_20260519;REMONDET SUD;365;145;32;46694;113867;1066481;0.27;21.1;0;NA;0;NA;NA;NA
2021-2022;L0.2_Pant10_CN_modif_20260519;REMONDET SUD;365;203;14;11783;-45355;427444;0.07;8.6;0;NA;0;NA;NA;NA
2022-2023;L0.2_Pant10_CN_modif_20260519;REMONDET SUD;365;28;293;14739;19978;312892;0.09;10;0;NA;0;NA;NA;NA
2023-2024;L0.2_Pant10_CN_modif_20260519;REMONDET SUD;366;195;90;81270;70106;1148405;0.48;34.6;0;NA;0;NA;NA;NA
2024-2025;L0.2_Pant10_CN_modif_20260519;REMONDET SUD;365;189;14;23863;42887;945011;0.14;13.2;0;NA;0;NA;NA;NA
2010-2011;L0.2_Pant10_CN_modif_20260519;RIOUX;365;91;238;38143;17337;84203;0.74;9.6;0;NA;0;NA;NA;NA
2011-2012;L0.2_Pant10_CN_modif_20260519;RIOUX;366;6;69;31822;18426;21157;0.62;7.2;0;NA;0;NA;NA;NA
2012-2013;L0.2_Pant10_CN_modif_20260519;RIOUX;365;173;29;65030;34833;96489;1.27;12.1;0;NA;0;NA;NA;NA
2013-2014;L0.2_Pant10_CN_modif_20260519;RIOUX;365;65;263;69357;13970;123801;1.35;13.2;0;NA;0;NA;NA;NA
2014-2015;L0.2_Pant10_CN_modif_20260519;RIOUX;365;0;193;66782;-9908;56874;1.3;17.4;0;NA;0;NA;NA;NA
2015-2016;L0.2_Pant10_CN_modif_20260519;RIOUX;366;117;46;66748;26326;56731;1.3;13.6;0;NA;0;NA;NA;NA
2016-2017;L0.2_Pant10_CN_modif_20260519;RIOUX;365;54;244;22606;7899;64012;0.44;6.5;0;NA;0;NA;NA;NA
2017-2018;L0.2_Pant10_CN_modif_20260519;RIOUX;365;92;124;36288;4543;15671;0.71;8.8;0;NA;0;NA;NA;NA
2018-2019;L0.2_Pant10_CN_modif_20260519;RIOUX;365;1;265;34458;4522;66976;0.67;8.8;0;NA;0;NA;NA;NA
2019-2020;L0.2_Pant10_CN_modif_20260519;RIOUX;366;0;224;40746;-9825;29356;0.79;10.9;0;NA;0;NA;NA;NA
2020-2021;L0.2_Pant10_CN_modif_20260519;RIOUX;365;157;34;120095;37532;115270;2.34;21.3;0;NA;0;NA;NA;NA
2021-2022;L0.2_Pant10_CN_modif_20260519;RIOUX;365;97;115;31242;1813;76978;0.61;8.9;0;NA;0;NA;NA;NA
2022-2023;L0.2_Pant10_CN_modif_20260519;RIOUX;365;0;185;23027;5231;26590;0.45;6.1;0;NA;0;NA;NA;NA
2023-2024;L0.2_Pant10_CN_modif_20260519;RIOUX;366;48;284;141300;31176;174143;2.75;23.5;0;NA;0;NA;NA;NA
2024-2025;L0.2_Pant10_CN_modif_20260519;RIOUX;365;20;149;66879;-3215;37604;1.3;14.4;0;NA;0;NA;NA;NA
2010-2011;L0.2_Pant10_CN_modif_20260519;ROUE RONZUEL;365;71;147;30861;15450;67924;0.74;13.9;0;NA;0;NA;NA;NA
2011-2012;L0.2_Pant10_CN_modif_20260519;ROUE RONZUEL;366;91;58;28650;19785;19978;0.69;11.6;0;NA;0;NA;NA;NA
2012-2013;L0.2_Pant10_CN_modif_20260519;ROUE RONZUEL;365;77;283;65066;11940;113377;1.57;21.8;0;NA;0;NA;NA;NA
2013-2014;L0.2_Pant10_CN_modif_20260519;ROUE RONZUEL;365;182;115;56796;19704;37558;1.37;19.4;0;NA;0;NA;NA;NA
2014-2015;L0.2_Pant10_CN_modif_20260519;ROUE RONZUEL;365;77;107;42764;4645;86351;1.03;20;0;NA;0;NA;NA;NA
2015-2016;L0.2_Pant10_CN_modif_20260519;ROUE RONZUEL;366;111;65;53261;27756;55237;1.28;19.4;0;NA;0;NA;NA;NA
2016-2017;L0.2_Pant10_CN_modif_20260519;ROUE RONZUEL;365;20;254;19791;9652;52073;0.48;10.3;0;NA;0;NA;NA;NA
2017-2018;L0.2_Pant10_CN_modif_20260519;ROUE RONZUEL;365;0;365;39845;1440;44435;0.96;17.4;0;NA;0;NA;NA;NA
2018-2019;L0.2_Pant10_CN_modif_20260519;ROUE RONZUEL;365;0;129;29247;-3120;11267;0.7;13.5;0;NA;0;NA;NA;NA
2019-2020;L0.2_Pant10_CN_modif_20260519;ROUE RONZUEL;366;15;58;30180;-797;42424;0.73;14.5;0;NA;0;NA;NA;NA
2020-2021;L0.2_Pant10_CN_modif_20260519;ROUE RONZUEL;365;189;49;84789;39909;92648;2.04;26.9;0;NA;0;NA;NA;NA
2021-2022;L0.2_Pant10_CN_modif_20260519;ROUE RONZUEL;365;62;75;26053;-3827;56095;0.63;13.4;0;NA;0;NA;NA;NA
2022-2023;L0.2_Pant10_CN_modif_20260519;ROUE RONZUEL;365;0;352;23588;9634;33222;0.57;11.3;0;NA;0;NA;NA;NA
2023-2024;L0.2_Pant10_CN_modif_20260519;ROUE RONZUEL;366;133;91;110329;18418;103984;2.66;33;0;NA;0;NA;NA;NA
2024-2025;L0.2_Pant10_CN_modif_20260519;ROUE RONZUEL;365;101;27;46855;13803;67212;1.13;18.1;154;17011;6;19.3;26.9;7.6
2010-2011;L0.2_Pant10_CN_modif_20260519;SALE;365;130;103;21078;21325;1398221;0.21;9.2;0;NA;0;NA;NA;NA
2011-2012;L0.2_Pant10_CN_modif_20260519;SALE;366;100;230;23487;25138;914557;0.23;9.2;0;NA;0;NA;NA;NA
2012-2013;L0.2_Pant10_CN_modif_20260519;SALE;365;153;153;48394;14902;2445549;0.48;15.7;0;NA;0;NA;NA;NA
2013-2014;L0.2_Pant10_CN_modif_20260519;SALE;365;334;1;35025;63290;1980635;0.35;11.6;0;NA;0;NA;NA;NA
2014-2015;L0.2_Pant10_CN_modif_20260519;SALE;365;260;1;33253;-2600;2165854;0.33;15.1;0;NA;0;NA;NA;NA
2015-2016;L0.2_Pant10_CN_modif_20260519;SALE;366;236;25;37750;47213;1327979;0.38;13.4;0;NA;0;NA;NA;NA
2016-2017;L0.2_Pant10_CN_modif_20260519;SALE;365;105;229;14616;20943;1227551;0.15;7.4;0;NA;0;NA;NA;NA
2017-2018;L0.2_Pant10_CN_modif_20260519;SALE;365;131;141;23771;-15169;751983;0.24;10.1;0;NA;0;NA;NA;NA
2018-2019;L0.2_Pant10_CN_modif_20260519;SALE;365;208;58;17016;-5157;632961;0.17;7.6;0;NA;0;NA;NA;NA
2019-2020;L0.2_Pant10_CN_modif_20260519;SALE;366;197;46;20774;-10193;961694;0.21;9.7;0;NA;0;NA;NA;NA
2020-2021;L0.2_Pant10_CN_modif_20260519;SALE;365;227;7;68301;66269;2323027;0.68;21.1;0;NA;0;NA;NA;NA
2021-2022;L0.2_Pant10_CN_modif_20260519;SALE;365;136;34;17205;-26313;1343503;0.17;8.6;0;NA;0;NA;NA;NA
2022-2023;L0.2_Pant10_CN_modif_20260519;SALE;365;121;84;12711;181;697587;0.13;5.9;0;NA;0;NA;NA;NA
2023-2024;L0.2_Pant10_CN_modif_20260519;SALE;366;264;2;75135;74074;2768151;0.75;21.8;0;NA;0;NA;NA;NA
2024-2025;L0.2_Pant10_CN_modif_20260519;SALE;365;215;13;34811;25533;1938196;0.35;13.1;0;NA;0;NA;NA;NA
2010-2011;L0.2_Pant10_CN_modif_20260519;TRIPOUX;365;236;67;114092;17123;516158;1.96;14.1;0;NA;0;NA;NA;NA
2011-2012;L0.2_Pant10_CN_modif_20260519;TRIPOUX;366;180;116;109914;21189;232085;1.89;12.2;0;NA;0;NA;NA;NA
2012-2013;L0.2_Pant10_CN_modif_20260519;TRIPOUX;365;105;256;210924;-5641;700821;3.62;19.3;0;NA;0;NA;NA;NA
2013-2014;L0.2_Pant10_CN_modif_20260519;TRIPOUX;365;285;62;191579;41803;730712;3.29;17.9;0;NA;0;NA;NA;NA
2014-2015;L0.2_Pant10_CN_modif_20260519;TRIPOUX;365;243;117;158126;30405;557973;2.71;20.2;0;NA;0;NA;NA;NA
2015-2016;L0.2_Pant10_CN_modif_20260519;TRIPOUX;366;320;17;196000;29693;460405;3.36;19.6;0;NA;0;NA;NA;NA
2016-2017;L0.2_Pant10_CN_modif_20260519;TRIPOUX;365;201;116;74173;12977;342532;1.27;10.5;0;NA;0;NA;NA;NA
2017-2018;L0.2_Pant10_CN_modif_20260519;TRIPOUX;365;0;255;122790;-20375;244162;2.11;14.6;0;NA;0;NA;NA;NA
2018-2019;L0.2_Pant10_CN_modif_20260519;TRIPOUX;365;206;56;101484;3850;287111;1.74;12.8;0;NA;0;NA;NA;NA
2019-2020;L0.2_Pant10_CN_modif_20260519;TRIPOUX;366;244;117;112366;16465;304735;1.93;14.8;0;NA;0;NA;NA;NA
2020-2021;L0.2_Pant10_CN_modif_20260519;TRIPOUX;365;315;29;311261;41305;826623;5.34;27.1;0;NA;0;NA;NA;NA
2021-2022;L0.2_Pant10_CN_modif_20260519;TRIPOUX;365;243;73;96309;-1043;432192;1.65;13.6;0;NA;0;NA;NA;NA
2022-2023;L0.2_Pant10_CN_modif_20260519;TRIPOUX;365;174;138;76272;18659;201634;1.31;10;0;NA;0;NA;NA;NA
2023-2024;L0.2_Pant10_CN_modif_20260519;TRIPOUX;366;0;257;382590;-15418;1070609;6.56;31.3;0;NA;0;NA;NA;NA
2024-2025;L0.2_Pant10_CN_modif_20260519;TRIPOUX;365;239;21;174327;15619;423514;2.99;18.5;0;NA;0;NA;NA;NA
2010-2011;L0.2_Pant10_CN_modif_20260519;VIEUX;365;296;8;32308;8414;223606;0.74;14.6;0;NA;0;NA;NA;NA
2011-2012;L0.2_Pant10_CN_modif_20260519;VIEUX;366;55;307;36838;451;277906;0.84;14.9;0;NA;0;NA;NA;NA
2012-2013;L0.2_Pant10_CN_modif_20260519;VIEUX;365;295;64;56357;24584;359836;1.29;18.8;0;NA;0;NA;NA;NA
2013-2014;L0.2_Pant10_CN_modif_20260519;VIEUX;365;55;306;64785;6110;264546;1.48;22.1;0;NA;0;NA;NA;NA
2014-2015;L0.2_Pant10_CN_modif_20260519;VIEUX;365;229;64;47176;-3305;414859;1.08;22;0;NA;0;NA;NA;NA
2015-2016;L0.2_Pant10_CN_modif_20260519;VIEUX;366;149;68;54341;21466;237908;1.24;19.8;0;NA;0;NA;NA;NA
2016-2017;L0.2_Pant10_CN_modif_20260519;VIEUX;365;25;306;24823;2805;224057;0.57;12.9;0;NA;0;NA;NA;NA
2017-2018;L0.2_Pant10_CN_modif_20260519;VIEUX;365;169;97;31782;6066;259486;0.73;13.8;0;NA;0;NA;NA;NA
2018-2019;L0.2_Pant10_CN_modif_20260519;VIEUX;365;0;310;34952;-2986;60245;0.8;16.1;0;NA;0;NA;NA;NA
2019-2020;L0.2_Pant10_CN_modif_20260519;VIEUX;366;0;91;34453;-9240;107747;0.79;16.6;0;NA;0;NA;NA;NA
2020-2021;L0.2_Pant10_CN_modif_20260519;VIEUX;365;138;67;85810;29173;259873;1.96;27.3;0;NA;0;NA;NA;NA
2021-2022;L0.2_Pant10_CN_modif_20260519;VIEUX;365;55;306;31558;6636;396605;0.72;16.2;0;NA;0;NA;NA;NA
2022-2023;L0.2_Pant10_CN_modif_20260519;VIEUX;365;209;69;21314;-455;223201;0.49;10.2;0;NA;0;NA;NA;NA
2023-2024;L0.2_Pant10_CN_modif_20260519;VIEUX;366;35;307;111699;11446;296740;2.55;33.4;0;NA;0;NA;NA;NA
2024-2025;L0.2_Pant10_CN_modif_20260519;VIEUX;365;237;66;53473;295;441351;1.22;20.7;0;NA;0;NA;NA;NA
2010-2011;L0.2_Pant10_CN_modif_20260519;VIEUX BURLAT;365;80;277;10275;6097;62419;0.45;16.6;0;NA;0;NA;NA;NA
2011-2012;L0.2_Pant10_CN_modif_20260519;VIEUX BURLAT;366;0;110;8888;7445;6209;0.39;12.9;0;NA;0;NA;NA;NA
2012-2013;L0.2_Pant10_CN_modif_20260519;VIEUX BURLAT;365;303;15;15307;15473;59580;0.67;18.4;0;NA;0;NA;NA;NA
2013-2014;L0.2_Pant10_CN_modif_20260519;VIEUX BURLAT;365;311;27;14768;14545;55843;0.65;18.1;0;NA;0;NA;NA;NA
2014-2015;L0.2_Pant10_CN_modif_20260519;VIEUX BURLAT;365;262;29;12165;-619;59212;0.53;20.4;0;NA;0;NA;NA;NA
2015-2016;L0.2_Pant10_CN_modif_20260519;VIEUX BURLAT;366;0;279;20412;4530;62588;0.9;26.7;0;NA;0;NA;NA;NA
2016-2017;L0.2_Pant10_CN_modif_20260519;VIEUX BURLAT;365;0;360;7511;-654;12561;0.33;14;0;NA;0;NA;NA;NA
2017-2018;L0.2_Pant10_CN_modif_20260519;VIEUX BURLAT;365;131;117;8786;1958;7829;0.39;13.7;0;NA;0;NA;NA;NA
2018-2019;L0.2_Pant10_CN_modif_20260519;VIEUX BURLAT;365;0;30;7961;-1264;18844;0.35;13.2;0;NA;0;NA;NA;NA
2019-2020;L0.2_Pant10_CN_modif_20260519;VIEUX BURLAT;366;225;26;8627;-2407;33766;0.38;14.9;0;NA;0;NA;NA;NA
2020-2021;L0.2_Pant10_CN_modif_20260519;VIEUX BURLAT;365;55;277;32001;4315;73197;1.4;36.5;0;NA;0;NA;NA;NA
2021-2022;L0.2_Pant10_CN_modif_20260519;VIEUX BURLAT;365;144;97;9065;-9935;25249;0.4;16.7;0;NA;0;NA;NA;NA
2022-2023;L0.2_Pant10_CN_modif_20260519;VIEUX BURLAT;365;0;278;7463;3222;31367;0.33;12.8;0;NA;0;NA;NA;NA
2023-2024;L0.2_Pant10_CN_modif_20260519;VIEUX BURLAT;366;215;91;33207;7219;66219;1.46;35.6;0;NA;0;NA;NA;NA
2024-2025;L0.2_Pant10_CN_modif_20260519;VIEUX BURLAT;365;243;16;13428;5758;55024;0.59;18.7;0;NA;0;NA;NA;NA
2010-2011;L0.2_Pant5_CN_base_20260519;BIETONNAY;365;20;134;11849;25845;109335;0.11;4;0;NA;0;NA;NA;NA
2011-2012;L0.2_Pant5_CN_base_20260519;BIETONNAY;366;0;121;11961;46975;27140;0.11;3.6;0;NA;0;NA;NA;NA
2012-2013;L0.2_Pant5_CN_base_20260519;BIETONNAY;365;48;21;21479;87057;123392;0.2;5.4;0;NA;0;NA;NA;NA
2013-2014;L0.2_Pant5_CN_base_20260519;BIETONNAY;365;27;264;25538;34849;135204;0.23;6.5;0;NA;0;NA;NA;NA
2014-2015;L0.2_Pant5_CN_base_20260519;BIETONNAY;365;0;172;49865;-23556;64062;0.45;17.4;0;NA;0;NA;NA;NA
2015-2016;L0.2_Pant5_CN_base_20260519;BIETONNAY;366;44;48;28155;66529;47699;0.26;7.7;0;NA;0;NA;NA;NA
2016-2017;L0.2_Pant5_CN_base_20260519;BIETONNAY;365;6;119;7649;12498;98919;0.07;3;0;NA;0;NA;NA;NA
2017-2018;L0.2_Pant5_CN_base_20260519;BIETONNAY;365;0;136;15542;12587;27739;0.14;5.1;0;NA;0;NA;NA;NA
2018-2019;L0.2_Pant5_CN_base_20260519;BIETONNAY;365;0;345;12290;21959;54806;0.11;4.2;0;NA;0;NA;NA;NA
2019-2020;L0.2_Pant5_CN_base_20260519;BIETONNAY;366;0;187;21842;-18200;20490;0.2;7.9;0;NA;0;NA;NA;NA
2020-2021;L0.2_Pant5_CN_base_20260519;BIETONNAY;365;114;56;57229;94180;114926;0.52;13.6;0;NA;0;NA;NA;NA
2021-2022;L0.2_Pant5_CN_base_20260519;BIETONNAY;365;78;140;17584;25949;146566;0.16;6.8;0;NA;0;NA;NA;NA
2022-2023;L0.2_Pant5_CN_base_20260519;BIETONNAY;365;0;197;6726;24412;39423;0.06;2.4;0;NA;0;NA;NA;NA
2023-2024;L0.2_Pant5_CN_base_20260519;BIETONNAY;366;35;302;82369;78407;215990;0.75;18.4;0;NA;0;NA;NA;NA
2024-2025;L0.2_Pant5_CN_base_20260519;BIETONNAY;365;0;168;33327;-9645;28059;0.3;9.7;0;NA;0;NA;NA;NA
2010-2011;L0.2_Pant5_CN_base_20260519;CARRONNIER;365;24;277;4802;11197;54684;0.08;2.5;0;NA;0;NA;NA;NA
2011-2012;L0.2_Pant5_CN_base_20260519;CARRONNIER;366;0;127;4661;14031;10935;0.08;2.2;0;NA;0;NA;NA;NA
2012-2013;L0.2_Pant5_CN_base_20260519;CARRONNIER;365;0;69;8473;26432;54453;0.15;3.3;0;NA;0;NA;NA;NA
2013-2014;L0.2_Pant5_CN_base_20260519;CARRONNIER;365;0;279;8176;10832;45794;0.14;3.2;0;NA;0;NA;NA;NA
2014-2015;L0.2_Pant5_CN_base_20260519;CARRONNIER;365;0;190;20388;-11372;29279;0.35;11;0;NA;0;NA;NA;NA
2015-2016;L0.2_Pant5_CN_base_20260519;CARRONNIER;366;1;91;12217;18504;18852;0.21;5.1;0;NA;0;NA;NA;NA
2016-2017;L0.2_Pant5_CN_base_20260519;CARRONNIER;365;3;278;2600;7915;51051;0.04;1.6;0;NA;0;NA;NA;NA
2017-2018;L0.2_Pant5_CN_base_20260519;CARRONNIER;365;0;124;6541;4157;6613;0.11;3.3;0;NA;0;NA;NA;NA
2018-2019;L0.2_Pant5_CN_base_20260519;CARRONNIER;365;0;299;3760;1063;23492;0.06;2;0;NA;0;NA;NA;NA
2019-2020;L0.2_Pant5_CN_base_20260519;CARRONNIER;366;0;341;8381;-1284;14281;0.14;4.6;0;NA;0;NA;NA;NA
2020-2021;L0.2_Pant5_CN_base_20260519;CARRONNIER;365;93;55;28909;28635;39656;0.5;10.6;0;NA;0;NA;NA;NA
2021-2022;L0.2_Pant5_CN_base_20260519;CARRONNIER;365;85;122;7440;-9082;66069;0.13;4.4;51;20828;0;NA;NA;NA
2022-2023;L0.2_Pant5_CN_base_20260519;CARRONNIER;365;0;349;2811;9824;17802;0.05;1.5;365;11724;8;17.7;0;-17.7
2023-2024;L0.2_Pant5_CN_base_20260519;CARRONNIER;366;302;49;35779;30628;65613;0.61;12.3;366;11201;22;32.8;12.4;-20.4
2024-2025;L0.2_Pant5_CN_base_20260519;CARRONNIER;365;85;63;12180;9835;68327;0.21;5.4;365;27669;11;32.4;4.3;-28.1
2010-2011;L0.2_Pant5_CN_base_20260519;CHANTEMERLE;365;0;365;6223;2742;7214;0.18;3.8;0;NA;0;NA;NA;NA
2011-2012;L0.2_Pant5_CN_base_20260519;CHANTEMERLE;366;0;214;5099;13264;12136;0.15;2.8;0;NA;0;NA;NA;NA
2012-2013;L0.2_Pant5_CN_base_20260519;CHANTEMERLE;365;8;94;9172;23440;31974;0.26;4.1;0;NA;0;NA;NA;NA
2013-2014;L0.2_Pant5_CN_base_20260519;CHANTEMERLE;365;0;247;8794;13749;31158;0.25;4;0;NA;0;NA;NA;NA
2014-2015;L0.2_Pant5_CN_base_20260519;CHANTEMERLE;365;0;277;20076;372;20448;0.58;12.6;0;NA;0;NA;NA;NA
2015-2016;L0.2_Pant5_CN_base_20260519;CHANTEMERLE;366;0;29;12717;17707;16670;0.37;6.2;0;NA;0;NA;NA;NA
2016-2017;L0.2_Pant5_CN_base_20260519;CHANTEMERLE;365;0;247;2991;9534;24643;0.09;2.1;0;NA;0;NA;NA;NA
2017-2018;L0.2_Pant5_CN_base_20260519;CHANTEMERLE;365;0;350;8675;6885;17196;0.25;5.1;0;NA;0;NA;NA;NA
2018-2019;L0.2_Pant5_CN_base_20260519;CHANTEMERLE;365;0;359;4089;3423;3669;0.12;2.5;0;NA;0;NA;NA;NA
2019-2020;L0.2_Pant5_CN_base_20260519;CHANTEMERLE;366;0;295;7349;12795;23043;0.21;4.8;0;NA;0;NA;NA;NA
2020-2021;L0.2_Pant5_CN_base_20260519;CHANTEMERLE;365;4;107;27933;25593;31387;0.81;11.9;0;NA;0;NA;NA;NA
2021-2022;L0.2_Pant5_CN_base_20260519;CHANTEMERLE;365;84;245;8202;12497;43782;0.24;5.7;0;NA;0;NA;NA;NA
2022-2023;L0.2_Pant5_CN_base_20260519;CHANTEMERLE;365;0;365;3321;1012;3465;0.1;2.1;0;NA;0;NA;NA;NA
2023-2024;L0.2_Pant5_CN_base_20260519;CHANTEMERLE;366;61;291;37146;21759;59773;1.07;14.9;0;NA;0;NA;NA;NA
2024-2025;L0.2_Pant5_CN_base_20260519;CHANTEMERLE;365;0;365;15780;4;15784;0.46;8.2;0;NA;0;NA;NA;NA
2010-2011;L0.2_Pant5_CN_base_20260519;CORVEYZIEUX;365;280;77;7399;-808;168393;0.03;3.5;0;NA;0;NA;NA;NA
2011-2012;L0.2_Pant5_CN_base_20260519;CORVEYZIEUX;366;59;11;4371;38405;223592;0.02;1.8;0;NA;0;NA;NA;NA
2012-2013;L0.2_Pant5_CN_base_20260519;CORVEYZIEUX;365;279;15;7929;72434;399840;0.04;2.8;0;NA;0;NA;NA;NA
2013-2014;L0.2_Pant5_CN_base_20260519;CORVEYZIEUX;365;303;7;6638;67194;316407;0.03;2.4;0;NA;0;NA;NA;NA
2014-2015;L0.2_Pant5_CN_base_20260519;CORVEYZIEUX;365;61;294;17559;26823;580530;0.08;8.6;0;NA;0;NA;NA;NA
2015-2016;L0.2_Pant5_CN_base_20260519;CORVEYZIEUX;366;91;80;15262;34219;72772;0.07;5.8;0;NA;0;NA;NA;NA
2016-2017;L0.2_Pant5_CN_base_20260519;CORVEYZIEUX;365;6;9;2287;-14859;319345;0.01;1.2;0;NA;0;NA;NA;NA
2017-2018;L0.2_Pant5_CN_base_20260519;CORVEYZIEUX;365;0;22;6139;8820;107208;0.03;2.8;0;NA;0;NA;NA;NA
2018-2019;L0.2_Pant5_CN_base_20260519;CORVEYZIEUX;365;0;18;3269;-5401;105168;0.02;1.6;0;NA;0;NA;NA;NA
2019-2020;L0.2_Pant5_CN_base_20260519;CORVEYZIEUX;366;0;303;8391;19381;295576;0.04;4.2;0;NA;0;NA;NA;NA
2020-2021;L0.2_Pant5_CN_base_20260519;CORVEYZIEUX;365;109;80;37516;50580;136295;0.17;12.5;0;NA;0;NA;NA;NA
2021-2022;L0.2_Pant5_CN_base_20260519;CORVEYZIEUX;365;301;6;7259;-28706;458885;0.03;3.9;51;24994;0;NA;NA;NA
2022-2023;L0.2_Pant5_CN_base_20260519;CORVEYZIEUX;365;0;12;2828;-1083;185557;0.01;1.4;365;52887;5;24.5;0;-24.5
2023-2024;L0.2_Pant5_CN_base_20260519;CORVEYZIEUX;366;109;9;35911;78644;401118;0.17;11.2;366;72379;8;37.7;12.1;-25.6
2024-2025;L0.2_Pant5_CN_base_20260519;CORVEYZIEUX;365;301;6;12042;26867;436384;0.06;4.9;365;38862;5;47.1;1.4;-45.6
2010-2011;L0.2_Pant5_CN_base_20260519;FOUR;365;0;315;3126;11815;134225;0.04;2.4;0;NA;0;NA;NA;NA
2011-2012;L0.2_Pant5_CN_base_20260519;FOUR;366;0;84;2507;30109;3577;0.03;1.7;0;NA;0;NA;NA;NA
2012-2013;L0.2_Pant5_CN_base_20260519;FOUR;365;265;14;4545;56834;113327;0.05;2.6;0;NA;0;NA;NA;NA
2013-2014;L0.2_Pant5_CN_base_20260519;FOUR;365;236;23;3706;52816;90234;0.04;2.2;0;NA;0;NA;NA;NA
2014-2015;L0.2_Pant5_CN_base_20260519;FOUR;365;206;8;9905;-1760;107106;0.11;7.9;0;NA;0;NA;NA;NA
2015-2016;L0.2_Pant5_CN_base_20260519;FOUR;366;0;316;9908;14743;93552;0.11;6.2;0;NA;0;NA;NA;NA
2016-2017;L0.2_Pant5_CN_base_20260519;FOUR;365;193;65;1642;-17018;4419;0.02;1.5;0;NA;0;NA;NA;NA
2017-2018;L0.2_Pant5_CN_base_20260519;FOUR;365;0;48;3637;7795;46319;0.04;2.7;0;NA;0;NA;NA;NA
2018-2019;L0.2_Pant5_CN_base_20260519;FOUR;365;0;39;1767;-2957;19173;0.02;1.4;0;NA;0;NA;NA;NA
2019-2020;L0.2_Pant5_CN_base_20260519;FOUR;366;0;71;4125;-1528;56973;0.05;3.4;0;NA;0;NA;NA;NA
2020-2021;L0.2_Pant5_CN_base_20260519;FOUR;365;0;350;26039;23243;107248;0.3;14.1;0;NA;0;NA;NA;NA
2021-2022;L0.2_Pant5_CN_base_20260519;FOUR;365;180;61;5425;-28924;38598;0.06;4.8;51;12103;0;NA;NA;NA
2022-2023;L0.2_Pant5_CN_base_20260519;FOUR;365;0;28;1603;569;36724;0.02;1.3;365;31862;7;20.4;0;-20.4
2023-2024;L0.2_Pant5_CN_base_20260519;FOUR;366;184;27;21638;62093;117328;0.25;11;81;32373;3;39.3;8.2;-31
2024-2025;L0.2_Pant5_CN_base_20260519;FOUR;365;41;311;10472;21196;197241;0.12;6.9;0;NA;0;NA;NA;NA
2010-2011;L0.2_Pant5_CN_base_20260519;FRENE;365;258;2;9190;5169;208400;0.34;4;0;NA;0;NA;NA;NA
2011-2012;L0.2_Pant5_CN_base_20260519;FRENE;366;245;3;9271;9775;55399;0.34;3.6;0;NA;0;NA;NA;NA
2012-2013;L0.2_Pant5_CN_base_20260519;FRENE;365;356;2;16615;18518;240275;0.61;5.4;0;NA;0;NA;NA;NA
2013-2014;L0.2_Pant5_CN_base_20260519;FRENE;365;347;6;14435;17220;145862;0.53;4.8;0;NA;0;NA;NA;NA
2014-2015;L0.2_Pant5_CN_base_20260519;FRENE;365;269;6;25932;-743;106445;0.95;11.7;0;NA;0;NA;NA;NA
2015-2016;L0.2_Pant5_CN_base_20260519;FRENE;366;302;3;21813;12829;103921;0.8;7.7;0;NA;0;NA;NA;NA
2016-2017;L0.2_Pant5_CN_base_20260519;FRENE;365;245;3;5915;-3840;166933;0.22;3;0;NA;0;NA;NA;NA
2017-2018;L0.2_Pant5_CN_base_20260519;FRENE;365;231;10;12042;2135;56092;0.44;5.1;0;NA;0;NA;NA;NA
2018-2019;L0.2_Pant5_CN_base_20260519;FRENE;365;250;9;7079;-1459;34419;0.26;3.2;0;NA;0;NA;NA;NA
2019-2020;L0.2_Pant5_CN_base_20260519;FRENE;366;60;303;13085;3902;92604;0.48;6.1;0;NA;0;NA;NA;NA
2020-2021;L0.2_Pant5_CN_base_20260519;FRENE;365;297;65;46796;12762;112005;1.71;14.4;0;NA;0;NA;NA;NA
2021-2022;L0.2_Pant5_CN_base_20260519;FRENE;365;258;2;13610;-7388;229319;0.5;6.8;0;NA;0;NA;NA;NA
2022-2023;L0.2_Pant5_CN_base_20260519;FRENE;365;240;9;5223;-157;69116;0.19;2.4;0;NA;0;NA;NA;NA
2023-2024;L0.2_Pant5_CN_base_20260519;FRENE;366;300;8;54710;20156;184023;2;15.9;0;NA;0;NA;NA;NA
2024-2025;L0.2_Pant5_CN_base_20260519;FRENE;365;30;302;22975;6704;251069;0.84;8.6;0;NA;0;NA;NA;NA
2010-2011;L0.2_Pant5_CN_base_20260519;GRAND ETANG LA ROUE;365;0;280;8595;19238;68657;0.1;2.1;0;NA;0;NA;NA;NA
2011-2012;L0.2_Pant5_CN_base_20260519;GRAND ETANG LA ROUE;366;0;123;7915;23368;2745;0.09;1.8;0;NA;0;NA;NA;NA
2012-2013;L0.2_Pant5_CN_base_20260519;GRAND ETANG LA ROUE;365;0;57;14166;48566;64696;0.16;2.6;0;NA;0;NA;NA;NA
2013-2014;L0.2_Pant5_CN_base_20260519;GRAND ETANG LA ROUE;365;0;41;11666;46083;52601;0.14;2.2;0;NA;0;NA;NA;NA
2014-2015;L0.2_Pant5_CN_base_20260519;GRAND ETANG LA ROUE;365;11;158;30985;19449;82156;0.36;7.9;0;NA;0;NA;NA;NA
2015-2016;L0.2_Pant5_CN_base_20260519;GRAND ETANG LA ROUE;366;0;301;24209;17346;41555;0.28;4.9;0;NA;0;NA;NA;NA
2016-2017;L0.2_Pant5_CN_base_20260519;GRAND ETANG LA ROUE;365;0;365;4778;4215;5629;0.06;1.4;0;NA;0;NA;NA;NA
2017-2018;L0.2_Pant5_CN_base_20260519;GRAND ETANG LA ROUE;365;0;127;11350;7800;10272;0.13;2.7;0;NA;0;NA;NA;NA
2018-2019;L0.2_Pant5_CN_base_20260519;GRAND ETANG LA ROUE;365;0;365;5563;8786;19291;0.06;1.4;0;NA;0;NA;NA;NA
2019-2020;L0.2_Pant5_CN_base_20260519;GRAND ETANG LA ROUE;366;0;305;12865;17967;36154;0.15;3.4;0;NA;0;NA;NA;NA
2020-2021;L0.2_Pant5_CN_base_20260519;GRAND ETANG LA ROUE;365;33;60;54974;52867;46227;0.64;9.6;0;NA;0;NA;NA;NA
2021-2022;L0.2_Pant5_CN_base_20260519;GRAND ETANG LA ROUE;365;48;278;14427;12001;90019;0.17;4.1;0;NA;0;NA;NA;NA
2022-2023;L0.2_Pant5_CN_base_20260519;GRAND ETANG LA ROUE;365;0;365;6171;55;6226;0.07;1.6;0;NA;0;NA;NA;NA
2023-2024;L0.2_Pant5_CN_base_20260519;GRAND ETANG LA ROUE;366;0;103;77199;22658;58361;0.89;12.7;0;NA;0;NA;NA;NA
2024-2025;L0.2_Pant5_CN_base_20260519;GRAND ETANG LA ROUE;365;0;86;21933;18185;71456;0.25;4.7;154;41917;6;35.8;12;-23.8
2010-2011;L0.2_Pant5_CN_base_20260519;GRAND RONZUEL;365;0;110;3185;29364;200173;0.02;2.5;0;NA;0;NA;NA;NA
2011-2012;L0.2_Pant5_CN_base_20260519;GRAND RONZUEL;366;0;120;3085;57118;39585;0.02;2.2;0;NA;0;NA;NA;NA
2012-2013;L0.2_Pant5_CN_base_20260519;GRAND RONZUEL;365;0;295;10140;50060;202508;0.07;6;0;NA;0;NA;NA;NA
2013-2014;L0.2_Pant5_CN_base_20260519;GRAND RONZUEL;365;0;365;11963;884;118303;0.08;7.2;0;NA;0;NA;NA;NA
2014-2015;L0.2_Pant5_CN_base_20260519;GRAND RONZUEL;365;0;166;26830;-19232;66425;0.18;22.2;0;NA;0;NA;NA;NA
2015-2016;L0.2_Pant5_CN_base_20260519;GRAND RONZUEL;366;0;75;8063;80327;77392;0.05;5.2;0;NA;0;NA;NA;NA
2016-2017;L0.2_Pant5_CN_base_20260519;GRAND RONZUEL;365;0;293;1697;40680;162033;0.01;1.6;0;NA;0;NA;NA;NA
2017-2018;L0.2_Pant5_CN_base_20260519;GRAND RONZUEL;365;0;365;11082;6551;41628;0.07;8.5;0;NA;0;NA;NA;NA
2018-2019;L0.2_Pant5_CN_base_20260519;GRAND RONZUEL;365;0;365;5671;1031;38424;0.04;4.6;0;NA;0;NA;NA;NA
2019-2020;L0.2_Pant5_CN_base_20260519;GRAND RONZUEL;366;0;193;9555;-2720;49673;0.06;8.1;0;NA;0;NA;NA;NA
2020-2021;L0.2_Pant5_CN_base_20260519;GRAND RONZUEL;365;38;64;19020;115289;75902;0.13;10.7;0;NA;0;NA;NA;NA
2021-2022;L0.2_Pant5_CN_base_20260519;GRAND RONZUEL;365;34;141;4906;13260;210291;0.03;4.5;51;80470;0;NA;NA;NA
2022-2023;L0.2_Pant5_CN_base_20260519;GRAND RONZUEL;365;0;365;3482;28434;72151;0.02;2.9;179;31568;1;1.2;0;-1.2
2023-2024;L0.2_Pant5_CN_base_20260519;GRAND RONZUEL;366;60;101;46978;53008;109459;0.31;24.8;0;NA;0;NA;NA;NA
2024-2025;L0.2_Pant5_CN_base_20260519;GRAND RONZUEL;365;19;20;8044;39644;202337;0.05;5.5;0;NA;0;NA;NA;NA
2010-2011;L0.2_Pant5_CN_base_20260519;GRANGES;365;96;246;7063;9893;24627;0.35;3.3;0;NA;0;NA;NA;NA
2011-2012;L0.2_Pant5_CN_base_20260519;GRANGES;366;0;185;6850;8995;9386;0.34;2.9;0;NA;0;NA;NA;NA
2012-2013;L0.2_Pant5_CN_base_20260519;GRANGES;365;31;246;13152;11257;32216;0.65;4.6;0;NA;0;NA;NA;NA
2013-2014;L0.2_Pant5_CN_base_20260519;GRANGES;365;0;147;11270;5517;8185;0.56;4;0;NA;0;NA;NA;NA
2014-2015;L0.2_Pant5_CN_base_20260519;GRANGES;365;76;124;21311;7839;37753;1.05;10.3;0;NA;0;NA;NA;NA
2015-2016;L0.2_Pant5_CN_base_20260519;GRANGES;366;73;26;16827;12067;16133;0.83;6.4;0;NA;0;NA;NA;NA
2016-2017;L0.2_Pant5_CN_base_20260519;GRANGES;365;48;246;4289;4824;21873;0.21;2.3;0;NA;0;NA;NA;NA
2017-2018;L0.2_Pant5_CN_base_20260519;GRANGES;365;0;124;9204;-2062;2929;0.45;4.2;0;NA;0;NA;NA;NA
2018-2019;L0.2_Pant5_CN_base_20260519;GRANGES;365;0;275;5143;5336;11018;0.25;2.5;0;NA;0;NA;NA;NA
2019-2020;L0.2_Pant5_CN_base_20260519;GRANGES;366;14;264;9636;7785;20457;0.48;4.8;0;NA;0;NA;NA;NA
2020-2021;L0.2_Pant5_CN_base_20260519;GRANGES;365;81;272;39610;10809;51056;1.95;13.1;0;NA;0;NA;NA;NA
2021-2022;L0.2_Pant5_CN_base_20260519;GRANGES;365;0;352;11749;137;11887;0.58;6.3;0;NA;0;NA;NA;NA
2022-2023;L0.2_Pant5_CN_base_20260519;GRANGES;365;0;317;4296;7447;11743;0.21;2.1;0;NA;0;NA;NA;NA
2023-2024;L0.2_Pant5_CN_base_20260519;GRANGES;366;0;366;51654;102;51756;2.55;16;0;NA;0;NA;NA;NA
2024-2025;L0.2_Pant5_CN_base_20260519;GRANGES;365;0;365;18876;3;18879;0.93;7.6;0;NA;0;NA;NA;NA
2010-2011;L0.2_Pant5_CN_base_20260519;LECHERE;365;0;183;2934;7293;19734;0.12;3.4;0;NA;0;NA;NA;NA
2011-2012;L0.2_Pant5_CN_base_20260519;LECHERE;366;0;120;2840;10412;5691;0.11;2.9;0;NA;0;NA;NA;NA
2012-2013;L0.2_Pant5_CN_base_20260519;LECHERE;365;0;303;6798;4418;19924;0.27;5.8;0;NA;0;NA;NA;NA
2013-2014;L0.2_Pant5_CN_base_20260519;LECHERE;365;0;115;4703;11704;4476;0.19;4.1;0;NA;0;NA;NA;NA
2014-2015;L0.2_Pant5_CN_base_20260519;LECHERE;365;0;73;8831;3668;24430;0.35;10.4;0;NA;0;NA;NA;NA
2015-2016;L0.2_Pant5_CN_base_20260519;LECHERE;366;0;83;6966;13569;10650;0.28;6.4;0;NA;0;NA;NA;NA
2016-2017;L0.2_Pant5_CN_base_20260519;LECHERE;365;0;288;1714;4889;15277;0.07;2.3;0;NA;0;NA;NA;NA
2017-2018;L0.2_Pant5_CN_base_20260519;LECHERE;365;0;365;5185;10;6407;0.2;5.7;0;NA;0;NA;NA;NA
2018-2019;L0.2_Pant5_CN_base_20260519;LECHERE;365;0;190;2470;3705;3676;0.1;2.9;0;NA;0;NA;NA;NA
2019-2020;L0.2_Pant5_CN_base_20260519;LECHERE;366;0;195;3984;5189;10980;0.16;4.9;0;NA;0;NA;NA;NA
2020-2021;L0.2_Pant5_CN_base_20260519;LECHERE;365;40;78;15170;19117;15956;0.6;12.2;0;NA;0;NA;NA;NA
2021-2022;L0.2_Pant5_CN_base_20260519;LECHERE;365;29;169;4355;4310;27688;0.17;5.7;0;NA;0;NA;NA;NA
2022-2023;L0.2_Pant5_CN_base_20260519;LECHERE;365;0;365;2245;2791;5037;0.09;2.7;0;NA;0;NA;NA;NA
2023-2024;L0.2_Pant5_CN_base_20260519;LECHERE;366;86;91;22778;11144;18173;0.9;17.3;0;NA;0;NA;NA;NA
2024-2025;L0.2_Pant5_CN_base_20260519;LECHERE;365;25;92;6850;6724;27111;0.27;6.7;0;NA;0;NA;NA;NA
2010-2011;L0.2_Pant5_CN_base_20260519;LECHERE DU FRAYET;365;0;279;1697;13989;38781;0.03;2.5;0;NA;0;NA;NA;NA
2011-2012;L0.2_Pant5_CN_base_20260519;LECHERE DU FRAYET;366;0;120;1455;17010;2479;0.03;1.9;0;NA;0;NA;NA;NA
2012-2013;L0.2_Pant5_CN_base_20260519;LECHERE DU FRAYET;365;0;47;2554;35352;38137;0.05;2.7;0;NA;0;NA;NA;NA
2013-2014;L0.2_Pant5_CN_base_20260519;LECHERE DU FRAYET;365;0;280;3511;14547;33812;0.07;3.9;0;NA;0;NA;NA;NA
2014-2015;L0.2_Pant5_CN_base_20260519;LECHERE DU FRAYET;365;0;233;10357;1689;12047;0.2;15.5;0;NA;0;NA;NA;NA
2015-2016;L0.2_Pant5_CN_base_20260519;LECHERE DU FRAYET;366;0;82;3782;26915;16682;0.07;4.4;0;NA;0;NA;NA;NA
2016-2017;L0.2_Pant5_CN_base_20260519;LECHERE DU FRAYET;365;0;281;860;11548;26424;0.02;1.4;0;NA;0;NA;NA;NA
2017-2018;L0.2_Pant5_CN_base_20260519;LECHERE DU FRAYET;365;0;152;1970;2567;2545;0.04;2.8;0;NA;0;NA;NA;NA
2018-2019;L0.2_Pant5_CN_base_20260519;LECHERE DU FRAYET;365;0;333;1032;13194;12250;0.02;1.5;0;NA;0;NA;NA;NA
2019-2020;L0.2_Pant5_CN_base_20260519;LECHERE DU FRAYET;366;0;332;2893;13824;20684;0.06;4.5;0;NA;0;NA;NA;NA
2020-2021;L0.2_Pant5_CN_base_20260519;LECHERE DU FRAYET;365;0;111;13326;24466;10030;0.26;13.6;0;NA;0;NA;NA;NA
2021-2022;L0.2_Pant5_CN_base_20260519;LECHERE DU FRAYET;365;0;150;2328;9467;39557;0.04;3.8;0;NA;0;NA;NA;NA
2022-2023;L0.2_Pant5_CN_base_20260519;LECHERE DU FRAYET;365;0;358;1364;10007;11371;0.03;2.1;0;NA;0;NA;NA;NA
2023-2024;L0.2_Pant5_CN_base_20260519;LECHERE DU FRAYET;366;0;366;22768;1291;24059;0.44;21.9;0;NA;0;NA;NA;NA
2024-2025;L0.2_Pant5_CN_base_20260519;LECHERE DU FRAYET;365;0;197;5300;1493;5221;0.1;6.6;0;NA;0;NA;NA;NA
2010-2011;L0.2_Pant5_CN_base_20260519;LES RAGES;365;0;66;5802;3148;8189;0.43;3.6;0;NA;0;NA;NA;NA
2011-2012;L0.2_Pant5_CN_base_20260519;LES RAGES;366;0;164;5428;6514;12703;0.4;3;0;NA;0;NA;NA;NA
2012-2013;L0.2_Pant5_CN_base_20260519;LES RAGES;365;0;365;10923;58;10981;0.81;5.1;0;NA;0;NA;NA;NA
2013-2014;L0.2_Pant5_CN_base_20260519;LES RAGES;365;0;323;9257;1790;8564;0.68;4.4;0;NA;0;NA;NA;NA
2014-2015;L0.2_Pant5_CN_base_20260519;LES RAGES;365;223;92;16560;3622;22665;1.23;10.7;0;NA;0;NA;NA;NA
2015-2016;L0.2_Pant5_CN_base_20260519;LES RAGES;366;177;74;13090;10213;23303;0.97;6.6;0;NA;0;NA;NA;NA
2016-2017;L0.2_Pant5_CN_base_20260519;LES RAGES;365;0;103;3396;1446;4842;0.25;2.4;0;NA;0;NA;NA;NA
2017-2018;L0.2_Pant5_CN_base_20260519;LES RAGES;365;0;365;7797;174;7971;0.58;4.7;0;NA;0;NA;NA;NA
2018-2019;L0.2_Pant5_CN_base_20260519;LES RAGES;365;0;365;4731;0;4731;0.35;3;0;NA;0;NA;NA;NA
2019-2020;L0.2_Pant5_CN_base_20260519;LES RAGES;366;0;366;8205;422;8274;0.61;5.5;0;NA;0;NA;NA;NA
2020-2021;L0.2_Pant5_CN_base_20260519;LES RAGES;365;274;35;28275;9977;33834;2.09;12.5;0;NA;0;NA;NA;NA
2021-2022;L0.2_Pant5_CN_base_20260519;LES RAGES;365;160;59;8330;1798;14899;0.62;5.9;0;NA;0;NA;NA;NA
2022-2023;L0.2_Pant5_CN_base_20260519;LES RAGES;365;0;129;3203;3329;6188;0.24;2.1;0;NA;0;NA;NA;NA
2023-2024;L0.2_Pant5_CN_base_20260519;LES RAGES;366;257;79;34457;13700;48252;2.55;14.3;0;NA;0;NA;NA;NA
2024-2025;L0.2_Pant5_CN_base_20260519;LES RAGES;365;154;89;12914;6743;19509;0.96;6.9;0;NA;0;NA;NA;NA
2010-2011;L0.2_Pant5_CN_base_20260519;LIGNIERE;365;0;28;66;33820;184660;0;1.7;0;NA;0;NA;NA;NA
2011-2012;L0.2_Pant5_CN_base_20260519;LIGNIERE;366;295;28;59;63916;187135;0;1.4;0;NA;0;NA;NA;NA
2012-2013;L0.2_Pant5_CN_base_20260519;LIGNIERE;365;321;19;106;117219;541446;0;2;0;NA;0;NA;NA;NA
2013-2014;L0.2_Pant5_CN_base_20260519;LIGNIERE;365;321;20;86;106895;389770;0;1.7;0;NA;0;NA;NA;NA
2014-2015;L0.2_Pant5_CN_base_20260519;LIGNIERE;365;271;19;262;-1733;668315;0;7;0;NA;0;NA;NA;NA
2015-2016;L0.2_Pant5_CN_base_20260519;LIGNIERE;366;0;25;173;81775;225090;0;3.6;0;NA;0;NA;NA;NA
2016-2017;L0.2_Pant5_CN_base_20260519;LIGNIERE;365;251;32;28;-19613;203998;0;0.8;0;NA;0;NA;NA;NA
2017-2018;L0.2_Pant5_CN_base_20260519;LIGNIERE;365;0;25;89;17976;207836;0;2.2;0;NA;0;NA;NA;NA
2018-2019;L0.2_Pant5_CN_base_20260519;LIGNIERE;365;0;31;41;-313;112664;0;1.1;0;NA;0;NA;NA;NA
2019-2020;L0.2_Pant5_CN_base_20260519;LIGNIERE;366;243;32;104;-14968;207912;0;2.9;0;NA;0;NA;NA;NA
2020-2021;L0.2_Pant5_CN_base_20260519;LIGNIERE;365;0;330;17207;18234;362834;0.06;313.1;0;NA;0;NA;NA;NA
2021-2022;L0.2_Pant5_CN_base_20260519;LIGNIERE;365;233;60;2259;-57120;242635;0.01;66.5;51;20099;0;NA;NA;NA
2022-2023;L0.2_Pant5_CN_base_20260519;LIGNIERE;365;166;28;40;1552;166493;0;1.1;365;62533;1;37.3;0;-37.3
2023-2024;L0.2_Pant5_CN_base_20260519;LIGNIERE;366;297;18;578;126294;483247;0;9.9;366;53131;0;NA;NA;NA
2024-2025;L0.2_Pant5_CN_base_20260519;LIGNIERE;365;289;21;177;44770;499810;0;3.9;365;32967;0;NA;NA;NA
2010-2011;L0.2_Pant5_CN_base_20260519;LONGEVAVRE;365;43;262;5805;16667;49562;0.12;5.6;0;NA;0;NA;NA;NA
2011-2012;L0.2_Pant5_CN_base_20260519;LONGEVAVRE;366;0;115;5737;16690;11913;0.12;4.9;0;NA;0;NA;NA;NA
2012-2013;L0.2_Pant5_CN_base_20260519;LONGEVAVRE;365;30;262;12859;19736;90483;0.28;9.1;0;NA;0;NA;NA;NA
2013-2014;L0.2_Pant5_CN_base_20260519;LONGEVAVRE;365;225;116;10546;16787;14113;0.23;7.7;0;NA;0;NA;NA;NA
2014-2015;L0.2_Pant5_CN_base_20260519;LONGEVAVRE;365;99;118;13909;11334;90070;0.3;13.8;0;NA;0;NA;NA;NA
2015-2016;L0.2_Pant5_CN_base_20260519;LONGEVAVRE;366;99;32;12586;23983;20138;0.27;9.8;0;NA;0;NA;NA;NA
2016-2017;L0.2_Pant5_CN_base_20260519;LONGEVAVRE;365;42;27;4032;-6410;48894;0.09;4.4;0;NA;0;NA;NA;NA
2017-2018;L0.2_Pant5_CN_base_20260519;LONGEVAVRE;365;0;352;10544;5345;39557;0.23;9.7;0;NA;0;NA;NA;NA
2018-2019;L0.2_Pant5_CN_base_20260519;LONGEVAVRE;365;0;358;5559;2878;6635;0.12;5.4;0;NA;0;NA;NA;NA
2019-2020;L0.2_Pant5_CN_base_20260519;LONGEVAVRE;366;0;87;6939;-4593;27432;0.15;7.1;0;NA;0;NA;NA;NA
2020-2021;L0.2_Pant5_CN_base_20260519;LONGEVAVRE;365;215;47;23559;32127;50551;0.51;15.9;0;NA;0;NA;NA;NA
2021-2022;L0.2_Pant5_CN_base_20260519;LONGEVAVRE;365;240;13;8030;-12311;64003;0.17;8.8;0;NA;0;NA;NA;NA
2022-2023;L0.2_Pant5_CN_base_20260519;LONGEVAVRE;365;0;259;3159;9684;30409;0.07;3.2;0;NA;0;NA;NA;NA
2023-2024;L0.2_Pant5_CN_base_20260519;LONGEVAVRE;366;229;61;29121;36701;95470;0.62;18.5;0;NA;0;NA;NA;NA
2024-2025;L0.2_Pant5_CN_base_20260519;LONGEVAVRE;365;69;48;11959;11781;60703;0.26;9.8;0;NA;0;NA;NA;NA
2010-2011;L0.2_Pant5_CN_base_20260519;NEUF DE BURLAT;365;9;246;2979;7345;19264;0.14;2.6;0;NA;0;NA;NA;NA
2011-2012;L0.2_Pant5_CN_base_20260519;NEUF DE BURLAT;366;0;232;2878;3749;2688;0.13;2.2;0;NA;0;NA;NA;NA
2012-2013;L0.2_Pant5_CN_base_20260519;NEUF DE BURLAT;365;0;119;5100;14866;19593;0.23;3.3;0;NA;0;NA;NA;NA
2013-2014;L0.2_Pant5_CN_base_20260519;NEUF DE BURLAT;365;0;65;4224;13804;17314;0.19;2.8;0;NA;0;NA;NA;NA
2014-2015;L0.2_Pant5_CN_base_20260519;NEUF DE BURLAT;365;43;198;9927;8384;23337;0.45;8.9;0;NA;0;NA;NA;NA
2015-2016;L0.2_Pant5_CN_base_20260519;NEUF DE BURLAT;366;0;264;8343;5719;14062;0.38;5.9;0;NA;0;NA;NA;NA
2016-2017;L0.2_Pant5_CN_base_20260519;NEUF DE BURLAT;365;0;365;1870;2111;2955;0.09;1.9;0;NA;0;NA;NA;NA
2017-2018;L0.2_Pant5_CN_base_20260519;NEUF DE BURLAT;365;0;158;3944;2860;7829;0.18;3.3;0;NA;0;NA;NA;NA
2018-2019;L0.2_Pant5_CN_base_20260519;NEUF DE BURLAT;365;0;325;2003;9030;8857;0.09;1.8;0;NA;0;NA;NA;NA
2019-2020;L0.2_Pant5_CN_base_20260519;NEUF DE BURLAT;366;0;296;4628;8047;14850;0.21;4.3;0;NA;0;NA;NA;NA
2020-2021;L0.2_Pant5_CN_base_20260519;NEUF DE BURLAT;365;0;207;19356;6656;12422;0.88;11.8;0;NA;0;NA;NA;NA
2021-2022;L0.2_Pant5_CN_base_20260519;NEUF DE BURLAT;365;57;246;4487;8322;26399;0.2;4.4;0;NA;0;NA;NA;NA
2022-2023;L0.2_Pant5_CN_base_20260519;NEUF DE BURLAT;365;0;317;1705;8078;9252;0.08;1.6;0;NA;0;NA;NA;NA
2023-2024;L0.2_Pant5_CN_base_20260519;NEUF DE BURLAT;366;62;105;21481;17339;32090;0.98;12.3;0;NA;0;NA;NA;NA
2024-2025;L0.2_Pant5_CN_base_20260519;NEUF DE BURLAT;365;0;139;7352;6308;20274;0.34;5.5;0;NA;0;NA;NA;NA
2010-2011;L0.2_Pant5_CN_base_20260519;ONDONNIERE;365;0;340;3242;9339;96673;0.05;11.4;0;NA;0;NA;NA;NA
2011-2012;L0.2_Pant5_CN_base_20260519;ONDONNIERE;366;0;94;1272;35763;3154;0.02;4;0;NA;0;NA;NA;NA
2012-2013;L0.2_Pant5_CN_base_20260519;ONDONNIERE;365;239;44;2297;57775;144239;0.03;6;0;NA;0;NA;NA;NA
2013-2014;L0.2_Pant5_CN_base_20260519;ONDONNIERE;365;160;31;2001;53171;56254;0.03;5.3;0;NA;0;NA;NA;NA
2014-2015;L0.2_Pant5_CN_base_20260519;ONDONNIERE;365;234;12;3418;-1355;135346;0.05;12.4;0;NA;0;NA;NA;NA
2015-2016;L0.2_Pant5_CN_base_20260519;ONDONNIERE;366;0;343;10082;10203;62353;0.14;28.6;0;NA;0;NA;NA;NA
2016-2017;L0.2_Pant5_CN_base_20260519;ONDONNIERE;365;187;64;861;-7086;6094;0.01;3.5;0;NA;0;NA;NA;NA
2017-2018;L0.2_Pant5_CN_base_20260519;ONDONNIERE;365;170;75;1570;12037;54500;0.02;5.3;0;NA;0;NA;NA;NA
2018-2019;L0.2_Pant5_CN_base_20260519;ONDONNIERE;365;0;55;1044;-544;29280;0.01;3.7;0;NA;0;NA;NA;NA
2019-2020;L0.2_Pant5_CN_base_20260519;ONDONNIERE;366;155;44;1606;-7086;12337;0.02;6;0;NA;0;NA;NA;NA
2020-2021;L0.2_Pant5_CN_base_20260519;ONDONNIERE;365;0;345;20992;8608;102863;0.29;51.8;0;NA;0;NA;NA;NA
2021-2022;L0.2_Pant5_CN_base_20260519;ONDONNIERE;365;156;62;1859;-21695;30982;0.03;7.4;0;NA;0;NA;NA;NA
2022-2023;L0.2_Pant5_CN_base_20260519;ONDONNIERE;365;2;61;726;2315;18693;0.01;2.7;0;NA;0;NA;NA;NA
2023-2024;L0.2_Pant5_CN_base_20260519;ONDONNIERE;366;237;27;7052;68443;153425;0.1;16.4;0;NA;0;NA;NA;NA
2024-2025;L0.2_Pant5_CN_base_20260519;ONDONNIERE;365;201;20;2807;22059;94823;0.04;8.4;0;NA;0;NA;NA;NA
2010-2011;L0.2_Pant5_CN_base_20260519;PARADIS;365;82;248;5137;25480;633213;0.08;3.4;0;NA;0;NA;NA;NA
2011-2012;L0.2_Pant5_CN_base_20260519;PARADIS;366;75;76;4973;25208;417405;0.08;2.9;0;NA;0;NA;NA;NA
2012-2013;L0.2_Pant5_CN_base_20260519;PARADIS;365;273;14;8981;47856;1025765;0.15;4.4;0;NA;0;NA;NA;NA
2013-2014;L0.2_Pant5_CN_base_20260519;PARADIS;365;86;248;9959;27981;604765;0.16;4.9;0;NA;0;NA;NA;NA
2014-2015;L0.2_Pant5_CN_base_20260519;PARADIS;365;114;137;23738;-25377;1144969;0.39;16;0;NA;0;NA;NA;NA
2015-2016;L0.2_Pant5_CN_base_20260519;PARADIS;366;80;13;12197;33043;629674;0.2;6.4;0;NA;0;NA;NA;NA
2016-2017;L0.2_Pant5_CN_base_20260519;PARADIS;365;78;248;3002;13637;530711;0.05;2.3;0;NA;0;NA;NA;NA
2017-2018;L0.2_Pant5_CN_base_20260519;PARADIS;365;78;37;6612;5405;346868;0.11;4.2;0;NA;0;NA;NA;NA
2018-2019;L0.2_Pant5_CN_base_20260519;PARADIS;365;84;255;5080;8954;202848;0.08;3.4;0;NA;0;NA;NA;NA
2019-2020;L0.2_Pant5_CN_base_20260519;PARADIS;366;0;358;9816;-2236;291940;0.16;6.8;0;NA;0;NA;NA;NA
2020-2021;L0.2_Pant5_CN_base_20260519;PARADIS;365;129;67;26560;51468;668097;0.44;12.2;0;NA;0;NA;NA;NA
2021-2022;L0.2_Pant5_CN_base_20260519;PARADIS;365;104;168;7626;10890;621453;0.13;5.7;0;NA;0;NA;NA;NA
2022-2023;L0.2_Pant5_CN_base_20260519;PARADIS;365;75;182;2918;8785;477681;0.05;2;0;NA;0;NA;NA;NA
2023-2024;L0.2_Pant5_CN_base_20260519;PARADIS;366;200;65;32553;55261;858851;0.54;14.1;0;NA;0;NA;NA;NA
2024-2025;L0.2_Pant5_CN_base_20260519;PARADIS;365;183;14;11993;17756;977098;0.2;6.7;0;NA;0;NA;NA;NA
2010-2011;L0.2_Pant5_CN_base_20260519;PETIT ETANG LA ROUE;365;0;86;7455;-2076;240340;0.24;2.3;0;NA;0;NA;NA;NA
2011-2012;L0.2_Pant5_CN_base_20260519;PETIT ETANG LA ROUE;366;102;40;6218;11194;69239;0.2;1.7;0;NA;0;NA;NA;NA
2012-2013;L0.2_Pant5_CN_base_20260519;PETIT ETANG LA ROUE;365;342;6;11230;20982;328090;0.36;2.6;0;NA;0;NA;NA;NA
2013-2014;L0.2_Pant5_CN_base_20260519;PETIT ETANG LA ROUE;365;300;6;9248;19622;175923;0.3;2.2;0;NA;0;NA;NA;NA
2014-2015;L0.2_Pant5_CN_base_20260519;PETIT ETANG LA ROUE;365;77;285;24709;7969;231114;0.8;8;0;NA;0;NA;NA;NA
2015-2016;L0.2_Pant5_CN_base_20260519;PETIT ETANG LA ROUE;366;219;85;18155;9010;130894;0.59;4.6;0;NA;0;NA;NA;NA
2016-2017;L0.2_Pant5_CN_base_20260519;PETIT ETANG LA ROUE;365;34;285;3189;4613;236666;0.1;1.1;0;NA;0;NA;NA;NA
2017-2018;L0.2_Pant5_CN_base_20260519;PETIT ETANG LA ROUE;365;193;82;8997;2555;69098;0.29;2.7;0;NA;0;NA;NA;NA
2018-2019;L0.2_Pant5_CN_base_20260519;PETIT ETANG LA ROUE;365;17;11;4410;-1696;45172;0.14;1.4;0;NA;0;NA;NA;NA
2019-2020;L0.2_Pant5_CN_base_20260519;PETIT ETANG LA ROUE;366;28;286;10602;5862;149246;0.34;3.5;0;NA;0;NA;NA;NA
2020-2021;L0.2_Pant5_CN_base_20260519;PETIT ETANG LA ROUE;365;231;86;45788;14402;192930;1.48;10.1;0;NA;0;NA;NA;NA
2021-2022;L0.2_Pant5_CN_base_20260519;PETIT ETANG LA ROUE;365;234;3;10241;-8353;295861;0.33;3.6;0;NA;0;NA;NA;NA
2022-2023;L0.2_Pant5_CN_base_20260519;PETIT ETANG LA ROUE;365;208;6;3993;-413;79396;0.13;1.3;0;NA;0;NA;NA;NA
2023-2024;L0.2_Pant5_CN_base_20260519;PETIT ETANG LA ROUE;366;255;11;53317;22917;310603;1.72;11;0;NA;0;NA;NA;NA
2024-2025;L0.2_Pant5_CN_base_20260519;PETIT ETANG LA ROUE;365;161;5;17387;7787;326501;0.56;4.7;0;NA;0;NA;NA;NA
2010-2011;L0.2_Pant5_CN_base_20260519;PETIT RONZUEL;365;0;275;1444;32482;73040;0.02;2.8;0;NA;0;NA;NA;NA
2011-2012;L0.2_Pant5_CN_base_20260519;PETIT RONZUEL;366;0;120;1343;37172;13214;0.01;2.3;0;NA;0;NA;NA;NA
2012-2013;L0.2_Pant5_CN_base_20260519;PETIT RONZUEL;365;0;18;2443;64983;55017;0.03;3.5;0;NA;0;NA;NA;NA
2013-2014;L0.2_Pant5_CN_base_20260519;PETIT RONZUEL;365;0;287;5381;26675;74556;0.06;7.8;0;NA;0;NA;NA;NA
2014-2015;L0.2_Pant5_CN_base_20260519;PETIT RONZUEL;365;0;227;14722;1958;16680;0.15;29.2;0;NA;0;NA;NA;NA
2015-2016;L0.2_Pant5_CN_base_20260519;PETIT RONZUEL;366;0;101;3448;49784;27382;0.04;5.4;0;NA;0;NA;NA;NA
2016-2017;L0.2_Pant5_CN_base_20260519;PETIT RONZUEL;365;0;291;762;27532;49652;0.01;1.7;0;NA;0;NA;NA;NA
2017-2018;L0.2_Pant5_CN_base_20260519;PETIT RONZUEL;365;0;144;1832;10281;11375;0.02;3.4;0;NA;0;NA;NA;NA
2018-2019;L0.2_Pant5_CN_base_20260519;PETIT RONZUEL;365;0;275;1003;19952;19021;0.01;2;0;NA;0;NA;NA;NA
2019-2020;L0.2_Pant5_CN_base_20260519;PETIT RONZUEL;366;0;343;3643;20275;31082;0.04;7.5;0;NA;0;NA;NA;NA
2020-2021;L0.2_Pant5_CN_base_20260519;PETIT RONZUEL;365;0;111;15557;44867;13070;0.16;21;0;NA;0;NA;NA;NA
2021-2022;L0.2_Pant5_CN_base_20260519;PETIT RONZUEL;365;0;157;2149;16994;66497;0.02;4.7;0;NA;0;NA;NA;NA
2022-2023;L0.2_Pant5_CN_base_20260519;PETIT RONZUEL;365;0;236;821;21171;19535;0.01;1.7;0;NA;0;NA;NA;NA
2023-2024;L0.2_Pant5_CN_base_20260519;PETIT RONZUEL;366;0;76;9861;75693;54887;0.1;12.5;0;NA;0;NA;NA;NA
2024-2025;L0.2_Pant5_CN_base_20260519;PETIT RONZUEL;365;0;121;3457;28520;62197;0.04;5.7;0;NA;0;NA;NA;NA
2010-2011;L0.2_Pant5_CN_base_20260519;PLAT;365;3;22;3185;22120;208339;0.02;2.1;0;NA;0;NA;NA;NA
2011-2012;L0.2_Pant5_CN_base_20260519;PLAT;366;0;312;5718;5900;68610;0.03;3.3;0;NA;0;NA;NA;NA
2012-2013;L0.2_Pant5_CN_base_20260519;PLAT;365;0;104;6560;57514;66417;0.03;3.2;0;NA;0;NA;NA;NA
2013-2014;L0.2_Pant5_CN_base_20260519;PLAT;365;3;75;4374;74135;223125;0.02;2.2;0;NA;0;NA;NA;NA
2014-2015;L0.2_Pant5_CN_base_20260519;PLAT;365;0;179;11692;20159;195559;0.06;7.9;0;NA;0;NA;NA;NA
2015-2016;L0.2_Pant5_CN_base_20260519;PLAT;366;0;118;8183;62225;96955;0.04;4.3;0;NA;0;NA;NA;NA
2016-2017;L0.2_Pant5_CN_base_20260519;PLAT;365;0;309;2239;16739;90401;0.01;1.7;0;NA;0;NA;NA;NA
2017-2018;L0.2_Pant5_CN_base_20260519;PLAT;365;0;155;4293;12839;46503;0.02;2.7;0;NA;0;NA;NA;NA
2018-2019;L0.2_Pant5_CN_base_20260519;PLAT;365;0;365;2085;4302;32969;0.01;1.4;0;NA;0;NA;NA;NA
2019-2020;L0.2_Pant5_CN_base_20260519;PLAT;366;0;324;4869;20219;88318;0.02;3.4;0;NA;0;NA;NA;NA
2020-2021;L0.2_Pant5_CN_base_20260519;PLAT;365;0;82;20802;87376;93004;0.1;9.5;0;NA;0;NA;NA;NA
2021-2022;L0.2_Pant5_CN_base_20260519;PLAT;365;0;304;7317;20689;192306;0.04;5.4;0;NA;0;NA;NA;NA
2022-2023;L0.2_Pant5_CN_base_20260519;PLAT;365;0;365;2693;4102;40450;0.01;1.9;183;73500;3;11.2;0;-11.2
2023-2024;L0.2_Pant5_CN_base_20260519;PLAT;366;0;103;25541;93180;131584;0.12;11;366;81997;7;54.9;18.3;-36.6
2024-2025;L0.2_Pant5_CN_base_20260519;PLAT;365;10;19;8284;30178;267591;0.04;4.6;365;86642;10;35.7;8.1;-27.6
2010-2011;L0.2_Pant5_CN_base_20260519;POLLET;365;300;18;506;25372;147509;0;1.9;0;NA;0;NA;NA;NA
2011-2012;L0.2_Pant5_CN_base_20260519;POLLET;366;30;13;492;46611;200144;0;1.7;0;NA;0;NA;NA;NA
2012-2013;L0.2_Pant5_CN_base_20260519;POLLET;365;0;328;5781;12938;200412;0.03;16.3;0;NA;0;NA;NA;NA
2013-2014;L0.2_Pant5_CN_base_20260519;POLLET;365;301;54;741;70557;71537;0;2.1;0;NA;0;NA;NA;NA
2014-2015;L0.2_Pant5_CN_base_20260519;POLLET;365;281;11;1970;-2436;261835;0.01;7.8;0;NA;0;NA;NA;NA
2015-2016;L0.2_Pant5_CN_base_20260519;POLLET;366;0;15;1382;60686;175265;0.01;4.3;0;NA;0;NA;NA;NA
2016-2017;L0.2_Pant5_CN_base_20260519;POLLET;365;0;17;244;-16872;147552;0;1.1;0;NA;0;NA;NA;NA
2017-2018;L0.2_Pant5_CN_base_20260519;POLLET;365;0;333;5182;-2833;114975;0.02;19;0;NA;0;NA;NA;NA
2018-2019;L0.2_Pant5_CN_base_20260519;POLLET;365;0;64;335;11675;3208;0;1.3;0;NA;0;NA;NA;NA
2019-2020;L0.2_Pant5_CN_base_20260519;POLLET;366;0;41;827;-11224;59266;0;3.4;0;NA;0;NA;NA;NA
2020-2021;L0.2_Pant5_CN_base_20260519;POLLET;365;0;23;3518;86401;79266;0.02;9.4;0;NA;0;NA;NA;NA
2021-2022;L0.2_Pant5_CN_base_20260519;POLLET;365;215;16;798;-32168;180859;0;3.5;51;30348;0;NA;NA;NA
2022-2023;L0.2_Pant5_CN_base_20260519;POLLET;365;42;247;1418;33445;219474;0.01;5.7;180;60986;2;57.1;0;-57.1
2023-2024;L0.2_Pant5_CN_base_20260519;POLLET;366;65;53;5509;93392;73022;0.02;13.9;0;NA;0;NA;NA;NA
2024-2025;L0.2_Pant5_CN_base_20260519;POLLET;365;277;14;1390;32787;281883;0.01;4.5;154;7465;3;35.5;0;-35.4
2010-2011;L0.2_Pant5_CN_base_20260519;REMONDET NORD;365;0;330;20476;14934;91732;0.18;3.5;0;NA;0;NA;NA;NA
2011-2012;L0.2_Pant5_CN_base_20260519;REMONDET NORD;366;0;101;18458;50346;2739;0.16;2.9;0;NA;0;NA;NA;NA
2012-2013;L0.2_Pant5_CN_base_20260519;REMONDET NORD;365;107;35;33668;86504;102184;0.29;4.3;0;NA;0;NA;NA;NA
2013-2014;L0.2_Pant5_CN_base_20260519;REMONDET NORD;365;77;29;28171;77318;95604;0.25;3.7;0;NA;0;NA;NA;NA
2014-2015;L0.2_Pant5_CN_base_20260519;REMONDET NORD;365;13;28;57430;-123;130861;0.5;10.2;0;NA;0;NA;NA;NA
2015-2016;L0.2_Pant5_CN_base_20260519;REMONDET NORD;366;0;340;52777;16531;89692;0.46;7.4;0;NA;0;NA;NA;NA
2016-2017;L0.2_Pant5_CN_base_20260519;REMONDET NORD;365;0;159;12298;830;7230;0.11;2.4;0;NA;0;NA;NA;NA
2017-2018;L0.2_Pant5_CN_base_20260519;REMONDET NORD;365;5;101;24597;17460;8945;0.22;4.1;0;NA;0;NA;NA;NA
2018-2019;L0.2_Pant5_CN_base_20260519;REMONDET NORD;365;0;64;13782;544;30378;0.12;2.4;0;NA;0;NA;NA;NA
2019-2020;L0.2_Pant5_CN_base_20260519;REMONDET NORD;366;0;61;26013;-10125;31317;0.23;4.8;0;NA;0;NA;NA;NA
2020-2021;L0.2_Pant5_CN_base_20260519;REMONDET NORD;365;0;365;117605;19767;144900;1.03;14.3;0;NA;0;NA;NA;NA
2021-2022;L0.2_Pant5_CN_base_20260519;REMONDET NORD;365;0;158;31331;-15429;15903;0.27;6.2;0;NA;0;NA;NA;NA
2022-2023;L0.2_Pant5_CN_base_20260519;REMONDET NORD;365;0;212;10717;22181;29643;0.09;2;291;9479;3;15.4;0.3;-15.1
2023-2024;L0.2_Pant5_CN_base_20260519;REMONDET NORD;366;275;43;122776;104285;155209;1.08;14;366;20134;13;28.1;15.4;-12.7
2024-2025;L0.2_Pant5_CN_base_20260519;REMONDET NORD;365;267;0;44628;30796;89366;0.39;6.6;365;8588;9;30.7;11;-19.7
2010-2011;L0.2_Pant5_CN_base_20260519;REMONDET SUD;365;31;245;3605;51407;404605;0.02;2.3;0;NA;0;NA;NA;NA
2011-2012;L0.2_Pant5_CN_base_20260519;REMONDET SUD;366;22;73;3208;62141;182151;0.02;1.8;0;NA;0;NA;NA;NA
2012-2013;L0.2_Pant5_CN_base_20260519;REMONDET SUD;365;31;293;11695;37792;777417;0.07;5.6;0;NA;0;NA;NA;NA
2013-2014;L0.2_Pant5_CN_base_20260519;REMONDET SUD;365;195;115;6839;64302;393272;0.04;3.3;0;NA;0;NA;NA;NA
2014-2015;L0.2_Pant5_CN_base_20260519;REMONDET SUD;365;246;7;12456;-4634;898603;0.07;8.3;0;NA;0;NA;NA;NA
2015-2016;L0.2_Pant5_CN_base_20260519;REMONDET SUD;366;48;56;8659;80187;382190;0.05;4.5;0;NA;0;NA;NA;NA
2016-2017;L0.2_Pant5_CN_base_20260519;REMONDET SUD;365;29;167;1678;8742;306661;0.01;1.2;0;NA;0;NA;NA;NA
2017-2018;L0.2_Pant5_CN_base_20260519;REMONDET SUD;365;23;318;10781;308;235935;0.06;6.7;0;NA;0;NA;NA;NA
2018-2019;L0.2_Pant5_CN_base_20260519;REMONDET SUD;365;0;182;4036;10199;143383;0.02;2.6;0;NA;0;NA;NA;NA
2019-2020;L0.2_Pant5_CN_base_20260519;REMONDET SUD;366;16;54;5091;-16995;217723;0.03;3.5;0;NA;0;NA;NA;NA
2020-2021;L0.2_Pant5_CN_base_20260519;REMONDET SUD;365;141;57;21836;113867;520631;0.13;9.9;0;NA;0;NA;NA;NA
2021-2022;L0.2_Pant5_CN_base_20260519;REMONDET SUD;365;201;14;5328;-45193;311964;0.03;3.9;0;NA;0;NA;NA;NA
2022-2023;L0.2_Pant5_CN_base_20260519;REMONDET SUD;365;28;293;3608;19978;272734;0.02;2.5;0;NA;0;NA;NA;NA
2023-2024;L0.2_Pant5_CN_base_20260519;REMONDET SUD;366;194;90;45312;70106;636274;0.27;19.3;0;NA;0;NA;NA;NA
2024-2025;L0.2_Pant5_CN_base_20260519;REMONDET SUD;365;175;25;8838;42887;659709;0.05;4.9;0;NA;0;NA;NA;NA
2010-2011;L0.2_Pant5_CN_base_20260519;RIOUX;365;29;264;10024;19696;51264;0.2;2.5;0;NA;0;NA;NA;NA
2011-2012;L0.2_Pant5_CN_base_20260519;RIOUX;366;0;126;9720;19462;11594;0.19;2.2;0;NA;0;NA;NA;NA
2012-2013;L0.2_Pant5_CN_base_20260519;RIOUX;365;11;51;17603;34833;55087;0.34;3.3;0;NA;0;NA;NA;NA
2013-2014;L0.2_Pant5_CN_base_20260519;RIOUX;365;0;266;16226;14021;47983;0.32;3.1;0;NA;0;NA;NA;NA
2014-2015;L0.2_Pant5_CN_base_20260519;RIOUX;365;0;230;39522;-340;39182;0.77;10.3;0;NA;0;NA;NA;NA
2015-2016;L0.2_Pant5_CN_base_20260519;RIOUX;366;0;46;25442;26348;26359;0.5;5.2;0;NA;0;NA;NA;NA
2016-2017;L0.2_Pant5_CN_base_20260519;RIOUX;365;0;265;5383;13700;42101;0.1;1.6;0;NA;0;NA;NA;NA
2017-2018;L0.2_Pant5_CN_base_20260519;RIOUX;365;0;124;13614;5187;12358;0.26;3.3;0;NA;0;NA;NA;NA
2018-2019;L0.2_Pant5_CN_base_20260519;RIOUX;365;0;321;7533;4581;20971;0.15;1.9;0;NA;0;NA;NA;NA
2019-2020;L0.2_Pant5_CN_base_20260519;RIOUX;366;0;341;16650;-1124;14113;0.32;4.5;0;NA;0;NA;NA;NA
2020-2021;L0.2_Pant5_CN_base_20260519;RIOUX;365;104;45;60113;37729;55614;1.17;10.6;0;NA;0;NA;NA;NA
2021-2022;L0.2_Pant5_CN_base_20260519;RIOUX;365;97;166;15487;9949;69076;0.3;4.4;0;NA;0;NA;NA;NA
2022-2023;L0.2_Pant5_CN_base_20260519;RIOUX;365;0;268;5885;12103;16686;0.11;1.6;0;NA;0;NA;NA;NA
2023-2024;L0.2_Pant5_CN_base_20260519;RIOUX;366;44;304;77436;31533;110271;1.51;12.9;0;NA;0;NA;NA;NA
2024-2025;L0.2_Pant5_CN_base_20260519;RIOUX;365;0;155;27092;-3215;15267;0.53;5.8;0;NA;0;NA;NA;NA
2010-2011;L0.2_Pant5_CN_base_20260519;ROUE RONZUEL;365;17;212;8051;18432;42485;0.19;3.6;0;NA;0;NA;NA;NA
2011-2012;L0.2_Pant5_CN_base_20260519;ROUE RONZUEL;366;0;105;7528;20663;8873;0.18;3;0;NA;0;NA;NA;NA
2012-2013;L0.2_Pant5_CN_base_20260519;ROUE RONZUEL;365;7;284;16729;11940;51160;0.4;5.6;0;NA;0;NA;NA;NA
2013-2014;L0.2_Pant5_CN_base_20260519;ROUE RONZUEL;365;0;118;12870;19704;7014;0.31;4.4;0;NA;0;NA;NA;NA
2014-2015;L0.2_Pant5_CN_base_20260519;ROUE RONZUEL;365;38;125;22978;13705;62242;0.55;10.7;0;NA;0;NA;NA;NA
2015-2016;L0.2_Pant5_CN_base_20260519;ROUE RONZUEL;366;53;66;18162;27756;22421;0.44;6.6;0;NA;0;NA;NA;NA
2016-2017;L0.2_Pant5_CN_base_20260519;ROUE RONZUEL;365;0;285;4704;15214;40796;0.11;2.4;0;NA;0;NA;NA;NA
2017-2018;L0.2_Pant5_CN_base_20260519;ROUE RONZUEL;365;0;365;12809;2243;17672;0.31;5.6;0;NA;0;NA;NA;NA
2018-2019;L0.2_Pant5_CN_base_20260519;ROUE RONZUEL;365;0;188;6640;4842;5258;0.16;3.1;0;NA;0;NA;NA;NA
2019-2020;L0.2_Pant5_CN_base_20260519;ROUE RONZUEL;366;0;142;10281;10254;25262;0.25;4.9;0;NA;0;NA;NA;NA
2020-2021;L0.2_Pant5_CN_base_20260519;ROUE RONZUEL;365;113;52;39232;40293;47692;0.95;12.5;0;NA;0;NA;NA;NA
2021-2022;L0.2_Pant5_CN_base_20260519;ROUE RONZUEL;365;53;111;11558;5310;50196;0.28;5.9;0;NA;0;NA;NA;NA
2022-2023;L0.2_Pant5_CN_base_20260519;ROUE RONZUEL;365;0;358;5164;9634;14798;0.12;2.5;0;NA;0;NA;NA;NA
2023-2024;L0.2_Pant5_CN_base_20260519;ROUE RONZUEL;366;109;91;57080;18418;51770;1.38;17.1;0;NA;0;NA;NA;NA
2024-2025;L0.2_Pant5_CN_base_20260519;ROUE RONZUEL;365;41;30;17918;13803;46817;0.43;6.9;154;8240;6;19.3;16.1;-3.2
2010-2011;L0.2_Pant5_CN_base_20260519;SALE;365;107;108;5253;21325;965682;0.05;2.3;0;NA;0;NA;NA;NA
2011-2012;L0.2_Pant5_CN_base_20260519;SALE;366;97;230;6578;25138;588430;0.07;2.6;0;NA;0;NA;NA;NA
2012-2013;L0.2_Pant5_CN_base_20260519;SALE;365;112;158;11490;14902;1330413;0.11;3.7;0;NA;0;NA;NA;NA
2013-2014;L0.2_Pant5_CN_base_20260519;SALE;365;304;8;7077;63290;973483;0.07;2.4;0;NA;0;NA;NA;NA
2014-2015;L0.2_Pant5_CN_base_20260519;SALE;365;224;1;18159;-2600;1593643;0.18;8.2;0;NA;0;NA;NA;NA
2015-2016;L0.2_Pant5_CN_base_20260519;SALE;366;208;29;12629;47213;887818;0.13;4.5;0;NA;0;NA;NA;NA
2016-2017;L0.2_Pant5_CN_base_20260519;SALE;365;103;229;2684;20943;812550;0.03;1.4;0;NA;0;NA;NA;NA
2017-2018;L0.2_Pant5_CN_base_20260519;SALE;365;0;144;8167;-15169;440958;0.08;3.5;0;NA;0;NA;NA;NA
2018-2019;L0.2_Pant5_CN_base_20260519;SALE;365;104;109;3486;-5157;286613;0.03;1.6;0;NA;0;NA;NA;NA
2019-2020;L0.2_Pant5_CN_base_20260519;SALE;366;105;71;7431;-10193;451172;0.07;3.5;0;NA;0;NA;NA;NA
2020-2021;L0.2_Pant5_CN_base_20260519;SALE;365;219;17;31878;66269;1121736;0.32;9.9;0;NA;0;NA;NA;NA
2021-2022;L0.2_Pant5_CN_base_20260519;SALE;365;136;142;7772;-23775;1042589;0.08;3.9;0;NA;0;NA;NA;NA
2022-2023;L0.2_Pant5_CN_base_20260519;SALE;365;73;116;3019;6018;554485;0.03;1.4;0;NA;0;NA;NA;NA
2023-2024;L0.2_Pant5_CN_base_20260519;SALE;366;238;26;38548;74074;1615602;0.38;11.2;0;NA;0;NA;NA;NA
2024-2025;L0.2_Pant5_CN_base_20260519;SALE;365;186;13;12889;25533;1249423;0.13;4.9;0;NA;0;NA;NA;NA
2010-2011;L0.2_Pant5_CN_base_20260519;TRIPOUX;365;219;124;31819;20016;301244;0.55;3.9;0;NA;0;NA;NA;NA
2011-2012;L0.2_Pant5_CN_base_20260519;TRIPOUX;366;140;177;29781;21189;100721;0.51;3.3;0;NA;0;NA;NA;NA
2012-2013;L0.2_Pant5_CN_base_20260519;TRIPOUX;365;0;257;56707;-5641;355138;0.97;5.2;0;NA;0;NA;NA;NA
2013-2014;L0.2_Pant5_CN_base_20260519;TRIPOUX;365;219;50;45311;38885;317815;0.78;4.2;0;NA;0;NA;NA;NA
2014-2015;L0.2_Pant5_CN_base_20260519;TRIPOUX;365;219;117;86197;30774;380026;1.48;11;0;NA;0;NA;NA;NA
2015-2016;L0.2_Pant5_CN_base_20260519;TRIPOUX;366;222;34;68365;29693;226976;1.17;6.8;0;NA;0;NA;NA;NA
2016-2017;L0.2_Pant5_CN_base_20260519;TRIPOUX;365;156;159;18697;12977;186280;0.32;2.7;0;NA;0;NA;NA;NA
2017-2018;L0.2_Pant5_CN_base_20260519;TRIPOUX;365;0;333;39203;-9217;124583;0.67;4.7;0;NA;0;NA;NA;NA
2018-2019;L0.2_Pant5_CN_base_20260519;TRIPOUX;365;157;115;23572;19774;124193;0.4;3;0;NA;0;NA;NA;NA
2019-2020;L0.2_Pant5_CN_base_20260519;TRIPOUX;366;195;117;38297;20507;128187;0.66;5;0;NA;0;NA;NA;NA
2020-2021;L0.2_Pant5_CN_base_20260519;TRIPOUX;365;263;30;146296;42924;413623;2.51;12.7;0;NA;0;NA;NA;NA
2021-2022;L0.2_Pant5_CN_base_20260519;TRIPOUX;365;243;99;44225;8952;350568;0.76;6.2;0;NA;0;NA;NA;NA
2022-2023;L0.2_Pant5_CN_base_20260519;TRIPOUX;365;156;138;17259;20861;112921;0.3;2.3;0;NA;0;NA;NA;NA
2023-2024;L0.2_Pant5_CN_base_20260519;TRIPOUX;366;0;366;193394;-1737;668595;3.32;15.8;0;NA;0;NA;NA;NA
2024-2025;L0.2_Pant5_CN_base_20260519;TRIPOUX;365;218;87;67659;16863;222775;1.16;7.2;0;NA;0;NA;NA;NA
2010-2011;L0.2_Pant5_CN_base_20260519;VIEUX;365;25;37;8878;8414;170761;0.2;4;0;NA;0;NA;NA;NA
2011-2012;L0.2_Pant5_CN_base_20260519;VIEUX;366;24;307;11210;451;228968;0.26;4.5;0;NA;0;NA;NA;NA
2012-2013;L0.2_Pant5_CN_base_20260519;VIEUX;365;202;69;16562;24640;208076;0.38;5.5;0;NA;0;NA;NA;NA
2013-2014;L0.2_Pant5_CN_base_20260519;VIEUX;365;20;307;17123;6179;128378;0.39;5.8;0;NA;0;NA;NA;NA
2014-2015;L0.2_Pant5_CN_base_20260519;VIEUX;365;157;64;27744;-3305;268150;0.63;12.9;0;NA;0;NA;NA;NA
2015-2016;L0.2_Pant5_CN_base_20260519;VIEUX;366;72;69;21094;21466;209126;0.48;7.7;0;NA;0;NA;NA;NA
2016-2017;L0.2_Pant5_CN_base_20260519;VIEUX;365;25;306;6715;2805;183895;0.15;3.5;0;NA;0;NA;NA;NA
2017-2018;L0.2_Pant5_CN_base_20260519;VIEUX;365;116;101;11644;6066;109609;0.27;5.1;0;NA;0;NA;NA;NA
2018-2019;L0.2_Pant5_CN_base_20260519;VIEUX;365;0;310;7928;-2986;31226;0.18;3.6;0;NA;0;NA;NA;NA
2019-2020;L0.2_Pant5_CN_base_20260519;VIEUX;366;0;153;13700;-3071;68649;0.31;6.6;0;NA;0;NA;NA;NA
2020-2021;L0.2_Pant5_CN_base_20260519;VIEUX;365;136;76;42877;32395;118231;0.98;13.6;0;NA;0;NA;NA;NA
2021-2022;L0.2_Pant5_CN_base_20260519;VIEUX;365;55;306;15118;6636;240168;0.34;7.8;0;NA;0;NA;NA;NA
2022-2023;L0.2_Pant5_CN_base_20260519;VIEUX;365;205;82;5060;-455;195220;0.12;2.4;0;NA;0;NA;NA;NA
2023-2024;L0.2_Pant5_CN_base_20260519;VIEUX;366;6;307;58980;11446;172307;1.35;17.6;0;NA;0;NA;NA;NA
2024-2025;L0.2_Pant5_CN_base_20260519;VIEUX;365;216;67;22297;352;279321;0.51;8.6;0;NA;0;NA;NA;NA
2010-2011;L0.2_Pant5_CN_base_20260519;VIEUX BURLAT;365;11;277;2645;6116;39442;0.12;4.3;0;NA;0;NA;NA;NA
2011-2012;L0.2_Pant5_CN_base_20260519;VIEUX BURLAT;366;0;120;2273;7445;2715;0.1;3.3;0;NA;0;NA;NA;NA
2012-2013;L0.2_Pant5_CN_base_20260519;VIEUX BURLAT;365;231;30;4026;15473;31443;0.18;4.8;0;NA;0;NA;NA;NA
2013-2014;L0.2_Pant5_CN_base_20260519;VIEUX BURLAT;365;288;29;3481;14545;30899;0.15;4.3;0;NA;0;NA;NA;NA
2014-2015;L0.2_Pant5_CN_base_20260519;VIEUX BURLAT;365;262;29;6600;-619;42147;0.29;11.1;0;NA;0;NA;NA;NA
2015-2016;L0.2_Pant5_CN_base_20260519;VIEUX BURLAT;366;0;279;6653;4530;34197;0.29;8.7;0;NA;0;NA;NA;NA
2016-2017;L0.2_Pant5_CN_base_20260519;VIEUX BURLAT;365;0;365;1941;937;4737;0.09;3.6;0;NA;0;NA;NA;NA
2017-2018;L0.2_Pant5_CN_base_20260519;VIEUX BURLAT;365;7;117;2792;2196;5310;0.12;4.4;0;NA;0;NA;NA;NA
2018-2019;L0.2_Pant5_CN_base_20260519;VIEUX BURLAT;365;0;38;1810;-1254;12701;0.08;3;0;NA;0;NA;NA;NA
2019-2020;L0.2_Pant5_CN_base_20260519;VIEUX BURLAT;366;0;31;2931;-2407;16090;0.13;5.1;0;NA;0;NA;NA;NA
2020-2021;L0.2_Pant5_CN_base_20260519;VIEUX BURLAT;365;32;296;14439;4315;35776;0.63;16.5;0;NA;0;NA;NA;NA
2021-2022;L0.2_Pant5_CN_base_20260519;VIEUX BURLAT;365;143;117;4176;-9935;14042;0.18;7.7;0;NA;0;NA;NA;NA
2022-2023;L0.2_Pant5_CN_base_20260519;VIEUX BURLAT;365;0;279;1628;3222;20700;0.07;2.8;0;NA;0;NA;NA;NA
2023-2024;L0.2_Pant5_CN_base_20260519;VIEUX BURLAT;366;215;91;17453;7219;41077;0.77;18.7;0;NA;0;NA;NA;NA
2024-2025;L0.2_Pant5_CN_base_20260519;VIEUX BURLAT;365;238;29;5179;5758;33858;0.23;7.2;0;NA;0;NA;NA;NA
2010-2011;L0.2_Pant5_CN_modif_20260519;BIETONNAY;365;60;126;25175;24758;128640;0.23;8.5;0;NA;0;NA;NA;NA
2011-2012;L0.2_Pant5_CN_modif_20260519;BIETONNAY;366;0;98;24211;46184;32358;0.22;7.3;0;NA;0;NA;NA;NA
2012-2013;L0.2_Pant5_CN_modif_20260519;BIETONNAY;365;114;17;42939;86893;159925;0.39;10.8;0;NA;0;NA;NA;NA
2013-2014;L0.2_Pant5_CN_modif_20260519;BIETONNAY;365;51;264;51756;34849;181786;0.47;13.2;0;NA;0;NA;NA;NA
2014-2015;L0.2_Pant5_CN_modif_20260519;BIETONNAY;365;0;166;70285;-29867;90565;0.64;24.6;0;NA;0;NA;NA;NA
2015-2016;L0.2_Pant5_CN_modif_20260519;BIETONNAY;366;83;44;48339;66456;68768;0.44;13.2;0;NA;0;NA;NA;NA
2016-2017;L0.2_Pant5_CN_modif_20260519;BIETONNAY;365;24;105;18240;7459;119345;0.17;7.1;0;NA;0;NA;NA;NA
2017-2018;L0.2_Pant5_CN_modif_20260519;BIETONNAY;365;0;124;26709;11374;30241;0.24;8.7;0;NA;0;NA;NA;NA
2018-2019;L0.2_Pant5_CN_modif_20260519;BIETONNAY;365;0;339;30182;12088;79429;0.27;10.4;0;NA;0;NA;NA;NA
2019-2020;L0.2_Pant5_CN_modif_20260519;BIETONNAY;366;0;174;35319;-25787;32072;0.32;12.7;0;NA;0;NA;NA;NA
2020-2021;L0.2_Pant5_CN_modif_20260519;BIETONNAY;365;114;52;81675;93664;154617;0.74;19.4;0;NA;0;NA;NA;NA
2021-2022;L0.2_Pant5_CN_modif_20260519;BIETONNAY;365;79;130;31212;19215;160814;0.28;12;0;NA;0;NA;NA;NA
2022-2023;L0.2_Pant5_CN_modif_20260519;BIETONNAY;365;0;178;13689;18130;42759;0.12;4.9;0;NA;0;NA;NA;NA
2023-2024;L0.2_Pant5_CN_modif_20260519;BIETONNAY;366;36;291;118732;77281;271565;1.08;26.6;0;NA;0;NA;NA;NA
2024-2025;L0.2_Pant5_CN_modif_20260519;BIETONNAY;365;0;149;55516;-9645;44865;0.51;16.1;0;NA;0;NA;NA;NA
2010-2011;L0.2_Pant5_CN_modif_20260519;CARRONNIER;365;79;225;9144;9422;61248;0.16;4.8;0;NA;0;NA;NA;NA
2011-2012;L0.2_Pant5_CN_modif_20260519;CARRONNIER;366;0;46;8653;14020;16239;0.15;4;0;NA;0;NA;NA;NA
2012-2013;L0.2_Pant5_CN_modif_20260519;CARRONNIER;365;38;65;15562;26432;76001;0.27;6;0;NA;0;NA;NA;NA
2013-2014;L0.2_Pant5_CN_modif_20260519;CARRONNIER;365;15;278;16122;10815;73190;0.28;6.3;0;NA;0;NA;NA;NA
2014-2015;L0.2_Pant5_CN_modif_20260519;CARRONNIER;365;0;142;28454;-11372;43018;0.49;15.3;0;NA;0;NA;NA;NA
2015-2016;L0.2_Pant5_CN_modif_20260519;CARRONNIER;366;94;56;19684;18476;31281;0.34;8.3;0;NA;0;NA;NA;NA
2016-2017;L0.2_Pant5_CN_modif_20260519;CARRONNIER;365;82;277;5827;2026;64979;0.1;3.5;0;NA;0;NA;NA;NA
2017-2018;L0.2_Pant5_CN_modif_20260519;CARRONNIER;365;0;124;10679;3607;6957;0.18;5.4;0;NA;0;NA;NA;NA
2018-2019;L0.2_Pant5_CN_modif_20260519;CARRONNIER;365;0;279;8350;1063;46438;0.14;4.4;0;NA;0;NA;NA;NA
2019-2020;L0.2_Pant5_CN_modif_20260519;CARRONNIER;366;0;278;12553;-5974;20205;0.22;7;0;NA;0;NA;NA;NA
2020-2021;L0.2_Pant5_CN_modif_20260519;CARRONNIER;365;114;50;39100;28582;60867;0.67;14.3;0;NA;0;NA;NA;NA
2021-2022;L0.2_Pant5_CN_modif_20260519;CARRONNIER;365;85;24;12601;-10496;73137;0.22;7.5;51;11976;0;NA;NA;NA
2022-2023;L0.2_Pant5_CN_modif_20260519;CARRONNIER;365;0;282;4959;7634;28015;0.08;2.7;365;10471;8;17.7;0.3;-17.5
2023-2024;L0.2_Pant5_CN_modif_20260519;CARRONNIER;366;312;49;47631;30480;94742;0.82;16.4;366;13293;22;32.8;17.3;-15.4
2024-2025;L0.2_Pant5_CN_modif_20260519;CARRONNIER;365;85;60;19064;9835;71134;0.33;8.5;365;21903;11;32.4;6.7;-25.7
2010-2011;L0.2_Pant5_CN_modif_20260519;CHANTEMERLE;365;0;365;12182;1971;11372;0.35;7.4;0;NA;0;NA;NA;NA
2011-2012;L0.2_Pant5_CN_modif_20260519;CHANTEMERLE;366;0;208;9766;12373;13030;0.28;5.3;0;NA;0;NA;NA;NA
2012-2013;L0.2_Pant5_CN_modif_20260519;CHANTEMERLE;365;30;91;17417;23440;40275;0.5;7.8;0;NA;0;NA;NA;NA
2013-2014;L0.2_Pant5_CN_modif_20260519;CHANTEMERLE;365;1;246;17576;13734;43784;0.51;8.1;0;NA;0;NA;NA;NA
2014-2015;L0.2_Pant5_CN_modif_20260519;CHANTEMERLE;365;0;246;28340;-1611;26729;0.82;17.8;0;NA;0;NA;NA;NA
2015-2016;L0.2_Pant5_CN_modif_20260519;CHANTEMERLE;366;30;27;21016;17663;19286;0.61;10.3;0;NA;0;NA;NA;NA
2016-2017;L0.2_Pant5_CN_modif_20260519;CHANTEMERLE;365;35;246;6950;8457;32913;0.2;4.8;0;NA;0;NA;NA;NA
2017-2018;L0.2_Pant5_CN_modif_20260519;CHANTEMERLE;365;0;350;14331;6652;22869;0.41;8.4;0;NA;0;NA;NA;NA
2018-2019;L0.2_Pant5_CN_modif_20260519;CHANTEMERLE;365;0;344;9047;1807;5153;0.26;5.6;0;NA;0;NA;NA;NA
2019-2020;L0.2_Pant5_CN_modif_20260519;CHANTEMERLE;366;0;288;11486;11390;27518;0.33;7.4;0;NA;0;NA;NA;NA
2020-2021;L0.2_Pant5_CN_modif_20260519;CHANTEMERLE;365;62;93;38602;25478;35805;1.11;16.5;0;NA;0;NA;NA;NA
2021-2022;L0.2_Pant5_CN_modif_20260519;CHANTEMERLE;365;115;245;14146;12497;55977;0.41;9.8;0;NA;0;NA;NA;NA
2022-2023;L0.2_Pant5_CN_modif_20260519;CHANTEMERLE;365;0;365;6190;45;5140;0.18;4;0;NA;0;NA;NA;NA
2023-2024;L0.2_Pant5_CN_modif_20260519;CHANTEMERLE;366;63;279;51181;21540;73817;1.48;20.6;0;NA;0;NA;NA;NA
2024-2025;L0.2_Pant5_CN_modif_20260519;CHANTEMERLE;365;0;365;25299;4;25303;0.73;13.2;0;NA;0;NA;NA;NA
2010-2011;L0.2_Pant5_CN_modif_20260519;CORVEYZIEUX;365;280;77;14266;-808;208313;0.07;6.7;0;NA;0;NA;NA;NA
2011-2012;L0.2_Pant5_CN_modif_20260519;CORVEYZIEUX;366;60;10;9452;38405;243335;0.04;4;0;NA;0;NA;NA;NA
2012-2013;L0.2_Pant5_CN_modif_20260519;CORVEYZIEUX;365;280;12;17071;72299;539544;0.08;6;0;NA;0;NA;NA;NA
2013-2014;L0.2_Pant5_CN_modif_20260519;CORVEYZIEUX;365;312;7;14868;67194;408039;0.07;5.3;0;NA;0;NA;NA;NA
2014-2015;L0.2_Pant5_CN_modif_20260519;CORVEYZIEUX;365;61;294;27412;26823;676332;0.13;13.4;0;NA;0;NA;NA;NA
2015-2016;L0.2_Pant5_CN_modif_20260519;CORVEYZIEUX;366;144;80;26968;34219;132467;0.13;10.3;0;NA;0;NA;NA;NA
2016-2017;L0.2_Pant5_CN_modif_20260519;CORVEYZIEUX;365;163;7;6396;-14859;357043;0.03;3.5;0;NA;0;NA;NA;NA
2017-2018;L0.2_Pant5_CN_modif_20260519;CORVEYZIEUX;365;28;18;11669;8600;142797;0.05;5.3;0;NA;0;NA;NA;NA
2018-2019;L0.2_Pant5_CN_modif_20260519;CORVEYZIEUX;365;0;15;7758;-5401;154975;0.04;3.7;0;NA;0;NA;NA;NA
2019-2020;L0.2_Pant5_CN_modif_20260519;CORVEYZIEUX;366;0;300;15087;19292;378149;0.07;7.6;0;NA;0;NA;NA;NA
2020-2021;L0.2_Pant5_CN_modif_20260519;CORVEYZIEUX;365;114;80;52938;50580;236456;0.25;17.6;0;NA;0;NA;NA;NA
2021-2022;L0.2_Pant5_CN_modif_20260519;CORVEYZIEUX;365;305;6;13813;-28706;537145;0.06;7.4;51;28706;0;NA;NA;NA
2022-2023;L0.2_Pant5_CN_modif_20260519;CORVEYZIEUX;365;0;12;5398;-1083;202114;0.03;2.7;365;45729;5;24.5;0;-24.5
2023-2024;L0.2_Pant5_CN_modif_20260519;CORVEYZIEUX;366;138;8;52401;78644;544617;0.24;16.4;366;64082;8;37.7;19.7;-18
2024-2025;L0.2_Pant5_CN_modif_20260519;CORVEYZIEUX;365;327;6;20861;26867;535314;0.1;8.4;365;38812;5;47.1;4;-43.1
2010-2011;L0.2_Pant5_CN_modif_20260519;FOUR;365;0;314;6639;11815;147899;0.08;5.1;0;NA;0;NA;NA;NA
2011-2012;L0.2_Pant5_CN_modif_20260519;FOUR;366;0;84;5257;30109;3635;0.06;3.6;0;NA;0;NA;NA;NA
2012-2013;L0.2_Pant5_CN_modif_20260519;FOUR;365;269;11;9436;56748;156435;0.11;5.4;0;NA;0;NA;NA;NA
2013-2014;L0.2_Pant5_CN_modif_20260519;FOUR;365;262;16;8159;52816;124081;0.09;4.8;0;NA;0;NA;NA;NA
2014-2015;L0.2_Pant5_CN_modif_20260519;FOUR;365;271;8;14701;-1760;130210;0.17;11.7;0;NA;0;NA;NA;NA
2015-2016;L0.2_Pant5_CN_modif_20260519;FOUR;366;0;316;18395;14737;117009;0.21;11.4;0;NA;0;NA;NA;NA
2016-2017;L0.2_Pant5_CN_modif_20260519;FOUR;365;207;62;4222;-17018;16823;0.05;3.7;0;NA;0;NA;NA;NA
2017-2018;L0.2_Pant5_CN_modif_20260519;FOUR;365;0;47;6828;7795;54733;0.08;5.1;0;NA;0;NA;NA;NA
2018-2019;L0.2_Pant5_CN_modif_20260519;FOUR;365;0;37;4002;-3159;26067;0.05;3.1;0;NA;0;NA;NA;NA
2019-2020;L0.2_Pant5_CN_modif_20260519;FOUR;366;0;47;6991;-6584;88864;0.08;5.7;0;NA;0;NA;NA;NA
2020-2021;L0.2_Pant5_CN_modif_20260519;FOUR;365;0;350;37944;23222;144221;0.43;20.6;0;NA;0;NA;NA;NA
2021-2022;L0.2_Pant5_CN_modif_20260519;FOUR;365;181;61;9967;-28924;53550;0.11;8.7;51;11374;0;NA;NA;NA
2022-2023;L0.2_Pant5_CN_modif_20260519;FOUR;365;0;22;2955;569;37662;0.03;2.4;365;24113;7;20.4;0;-20.4
2023-2024;L0.2_Pant5_CN_modif_20260519;FOUR;366;236;17;31109;62093;176560;0.35;15.8;81;23457;3;39.3;12.6;-26.6
2024-2025;L0.2_Pant5_CN_modif_20260519;FOUR;365;43;311;17847;21196;210358;0.2;11.8;0;NA;0;NA;NA;NA
2010-2011;L0.2_Pant5_CN_modif_20260519;FRENE;365;301;2;19429;5169;223864;0.71;8.5;0;NA;0;NA;NA;NA
2011-2012;L0.2_Pant5_CN_modif_20260519;FRENE;366;355;3;18685;9775;77427;0.68;7.3;0;NA;0;NA;NA;NA
2012-2013;L0.2_Pant5_CN_modif_20260519;FRENE;365;357;2;33139;18518;281079;1.21;10.8;0;NA;0;NA;NA;NA
2013-2014;L0.2_Pant5_CN_modif_20260519;FRENE;365;353;5;28915;17220;191710;1.06;9.6;0;NA;0;NA;NA;NA
2014-2015;L0.2_Pant5_CN_modif_20260519;FRENE;365;281;6;37617;-743;137021;1.37;17;0;NA;0;NA;NA;NA
2015-2016;L0.2_Pant5_CN_modif_20260519;FRENE;366;324;2;37306;12829;121613;1.36;13.2;0;NA;0;NA;NA;NA
2016-2017;L0.2_Pant5_CN_modif_20260519;FRENE;365;248;2;14077;-3840;198609;0.51;7.1;0;NA;0;NA;NA;NA
2017-2018;L0.2_Pant5_CN_modif_20260519;FRENE;365;233;10;20613;2135;72619;0.75;8.7;0;NA;0;NA;NA;NA
2018-2019;L0.2_Pant5_CN_modif_20260519;FRENE;365;269;9;16742;-1491;55161;0.61;7.5;0;NA;0;NA;NA;NA
2019-2020;L0.2_Pant5_CN_modif_20260519;FRENE;366;60;303;21638;3902;104741;0.79;10.1;0;NA;0;NA;NA;NA
2020-2021;L0.2_Pant5_CN_modif_20260519;FRENE;365;297;65;66204;12762;142980;2.42;20.4;0;NA;0;NA;NA;NA
2021-2022;L0.2_Pant5_CN_modif_20260519;FRENE;365;271;2;24088;-7388;262301;0.88;12;0;NA;0;NA;NA;NA
2022-2023;L0.2_Pant5_CN_modif_20260519;FRENE;365;271;8;10565;-157;79459;0.39;4.9;0;NA;0;NA;NA;NA
2023-2024;L0.2_Pant5_CN_modif_20260519;FRENE;366;305;8;77037;20156;229675;2.81;22.3;0;NA;0;NA;NA;NA
2024-2025;L0.2_Pant5_CN_modif_20260519;FRENE;365;35;302;38092;6704;282366;1.39;14.3;0;NA;0;NA;NA;NA
2010-2011;L0.2_Pant5_CN_modif_20260519;GRAND ETANG LA ROUE;365;11;279;17981;19218;80756;0.21;4.5;0;NA;0;NA;NA;NA
2011-2012;L0.2_Pant5_CN_modif_20260519;GRAND ETANG LA ROUE;366;0;123;17051;23368;3520;0.2;3.8;0;NA;0;NA;NA;NA
2012-2013;L0.2_Pant5_CN_modif_20260519;GRAND ETANG LA ROUE;365;0;56;30547;48566;82062;0.35;5.6;0;NA;0;NA;NA;NA
2013-2014;L0.2_Pant5_CN_modif_20260519;GRAND ETANG LA ROUE;365;0;34;26078;45950;64504;0.3;4.9;0;NA;0;NA;NA;NA
2014-2015;L0.2_Pant5_CN_modif_20260519;GRAND ETANG LA ROUE;365;17;138;46257;15679;103411;0.54;11.9;0;NA;0;NA;NA;NA
2015-2016;L0.2_Pant5_CN_modif_20260519;GRAND ETANG LA ROUE;366;0;301;44199;17346;61544;0.51;8.9;0;NA;0;NA;NA;NA
2016-2017;L0.2_Pant5_CN_modif_20260519;GRAND ETANG LA ROUE;365;0;365;13108;2588;12078;0.15;3.7;0;NA;0;NA;NA;NA
2017-2018;L0.2_Pant5_CN_modif_20260519;GRAND ETANG LA ROUE;365;0;124;21356;7551;10323;0.25;5.1;0;NA;0;NA;NA;NA
2018-2019;L0.2_Pant5_CN_modif_20260519;GRAND ETANG LA ROUE;365;0;282;13224;6371;31011;0.15;3.3;0;NA;0;NA;NA;NA
2019-2020;L0.2_Pant5_CN_modif_20260519;GRAND ETANG LA ROUE;366;0;277;21892;13862;44502;0.25;5.8;0;NA;0;NA;NA;NA
2020-2021;L0.2_Pant5_CN_modif_20260519;GRAND ETANG LA ROUE;365;61;57;78988;52808;58184;0.92;13.8;0;NA;0;NA;NA;NA
2021-2022;L0.2_Pant5_CN_modif_20260519;GRAND ETANG LA ROUE;365;80;278;27642;12001;115292;0.32;7.8;0;NA;0;NA;NA;NA
2022-2023;L0.2_Pant5_CN_modif_20260519;GRAND ETANG LA ROUE;365;0;365;11613;55;11668;0.13;3;0;NA;0;NA;NA;NA
2023-2024;L0.2_Pant5_CN_modif_20260519;GRAND ETANG LA ROUE;366;76;102;111101;22658;77827;1.29;18.2;0;NA;0;NA;NA;NA
2024-2025;L0.2_Pant5_CN_modif_20260519;GRAND ETANG LA ROUE;365;44;61;37775;18123;92026;0.44;8;154;34355;6;35.8;18.7;-17.1
2010-2011;L0.2_Pant5_CN_modif_20260519;GRAND RONZUEL;365;0;46;6408;29364;204652;0.04;5.1;0;NA;0;NA;NA;NA
2011-2012;L0.2_Pant5_CN_modif_20260519;GRAND RONZUEL;366;0;73;5900;57096;50095;0.04;4.2;0;NA;0;NA;NA;NA
2012-2013;L0.2_Pant5_CN_modif_20260519;GRAND RONZUEL;365;0;294;19198;50060;228388;0.13;11.4;0;NA;0;NA;NA;NA
2013-2014;L0.2_Pant5_CN_modif_20260519;GRAND RONZUEL;365;0;365;23981;884;147261;0.16;14.5;0;NA;0;NA;NA;NA
2014-2015;L0.2_Pant5_CN_modif_20260519;GRAND RONZUEL;365;0;162;36569;-24520;85327;0.24;30.2;0;NA;0;NA;NA;NA
2015-2016;L0.2_Pant5_CN_modif_20260519;GRAND RONZUEL;366;38;72;13191;80327;80038;0.09;8.5;0;NA;0;NA;NA;NA
2016-2017;L0.2_Pant5_CN_modif_20260519;GRAND RONZUEL;365;0;291;4093;40053;185861;0.03;3.8;0;NA;0;NA;NA;NA
2017-2018;L0.2_Pant5_CN_modif_20260519;GRAND RONZUEL;365;0;365;18161;6395;48863;0.12;14;0;NA;0;NA;NA;NA
2018-2019;L0.2_Pant5_CN_modif_20260519;GRAND RONZUEL;365;0;365;12890;1031;49484;0.09;10.5;0;NA;0;NA;NA;NA
2019-2020;L0.2_Pant5_CN_modif_20260519;GRAND RONZUEL;366;0;168;13850;-10776;53257;0.09;11.8;0;NA;0;NA;NA;NA
2020-2021;L0.2_Pant5_CN_modif_20260519;GRAND RONZUEL;365;52;62;25965;114920;87690;0.17;14.6;0;NA;0;NA;NA;NA
2021-2022;L0.2_Pant5_CN_modif_20260519;GRAND RONZUEL;365;60;133;8563;6546;234656;0.06;7.8;51;80447;0;NA;NA;NA
2022-2023;L0.2_Pant5_CN_modif_20260519;GRAND RONZUEL;365;0;365;6149;28434;78516;0.04;5.2;179;31562;1;1.2;0;-1.2
2023-2024;L0.2_Pant5_CN_modif_20260519;GRAND RONZUEL;366;84;100;61193;53008;130445;0.41;32.4;0;NA;0;NA;NA;NA
2024-2025;L0.2_Pant5_CN_modif_20260519;GRAND RONZUEL;365;30;18;12819;39290;217409;0.09;8.8;0;NA;0;NA;NA;NA
2010-2011;L0.2_Pant5_CN_modif_20260519;GRANGES;365;111;243;14153;8810;31484;0.7;6.6;0;NA;0;NA;NA;NA
2011-2012;L0.2_Pant5_CN_modif_20260519;GRANGES;366;0;105;13288;8451;11384;0.66;5.6;0;NA;0;NA;NA;NA
2012-2013;L0.2_Pant5_CN_modif_20260519;GRANGES;365;92;246;25255;11257;49691;1.25;8.8;0;NA;0;NA;NA;NA
2013-2014;L0.2_Pant5_CN_modif_20260519;GRANGES;365;0;140;22383;5517;13515;1.1;7.9;0;NA;0;NA;NA;NA
2014-2015;L0.2_Pant5_CN_modif_20260519;GRANGES;365;78;84;30610;5151;50146;1.51;14.8;0;NA;0;NA;NA;NA
2015-2016;L0.2_Pant5_CN_modif_20260519;GRANGES;366;101;25;28090;12067;27172;1.38;10.6;0;NA;0;NA;NA;NA
2016-2017;L0.2_Pant5_CN_modif_20260519;GRANGES;365;65;246;10079;4824;27887;0.5;5.4;0;NA;0;NA;NA;NA
2017-2018;L0.2_Pant5_CN_modif_20260519;GRANGES;365;110;124;15458;-2062;3954;0.76;7;0;NA;0;NA;NA;NA
2018-2019;L0.2_Pant5_CN_modif_20260519;GRANGES;365;0;213;11667;3067;17922;0.58;5.6;0;NA;0;NA;NA;NA
2019-2020;L0.2_Pant5_CN_modif_20260519;GRANGES;366;64;201;15248;5999;26665;0.75;7.6;0;NA;0;NA;NA;NA
2020-2021;L0.2_Pant5_CN_modif_20260519;GRANGES;365;86;272;55228;10620;66682;2.72;18.2;0;NA;0;NA;NA;NA
2021-2022;L0.2_Pant5_CN_modif_20260519;GRANGES;365;0;346;20213;-1354;18859;1;10.8;0;NA;0;NA;NA;NA
2022-2023;L0.2_Pant5_CN_modif_20260519;GRANGES;365;0;316;8086;7447;15533;0.4;4;0;NA;0;NA;NA;NA
2023-2024;L0.2_Pant5_CN_modif_20260519;GRANGES;366;0;366;70857;102;70959;3.49;22;0;NA;0;NA;NA;NA
2024-2025;L0.2_Pant5_CN_modif_20260519;GRANGES;365;0;365;30531;3;30534;1.51;12.3;0;NA;0;NA;NA;NA
2010-2011;L0.2_Pant5_CN_modif_20260519;LECHERE;365;0;160;6213;6418;22483;0.25;7.1;0;NA;0;NA;NA;NA
2011-2012;L0.2_Pant5_CN_modif_20260519;LECHERE;366;0;120;5705;9768;5995;0.23;5.9;0;NA;0;NA;NA;NA
2012-2013;L0.2_Pant5_CN_modif_20260519;LECHERE;365;0;303;13449;4418;29188;0.53;11.4;0;NA;0;NA;NA;NA
2013-2014;L0.2_Pant5_CN_modif_20260519;LECHERE;365;0;115;9565;11704;5663;0.38;8.3;0;NA;0;NA;NA;NA
2014-2015;L0.2_Pant5_CN_modif_20260519;LECHERE;365;20;63;12793;1600;29998;0.51;15.1;0;NA;0;NA;NA;NA
2015-2016;L0.2_Pant5_CN_modif_20260519;LECHERE;366;15;83;11838;13569;12198;0.47;11;0;NA;0;NA;NA;NA
2016-2017;L0.2_Pant5_CN_modif_20260519;LECHERE;365;0;189;4261;3451;19526;0.17;5.6;0;NA;0;NA;NA;NA
2017-2018;L0.2_Pant5_CN_modif_20260519;LECHERE;365;0;365;8751;-160;9988;0.35;9.7;0;NA;0;NA;NA;NA
2018-2019;L0.2_Pant5_CN_modif_20260519;LECHERE;365;0;152;5647;2494;4433;0.22;6.6;0;NA;0;NA;NA;NA
2019-2020;L0.2_Pant5_CN_modif_20260519;LECHERE;366;0;157;6385;3955;13259;0.25;7.8;0;NA;0;NA;NA;NA
2020-2021;L0.2_Pant5_CN_modif_20260519;LECHERE;365;64;78;21310;19019;19813;0.84;17.2;0;NA;0;NA;NA;NA
2021-2022;L0.2_Pant5_CN_modif_20260519;LECHERE;365;57;162;7754;2755;31815;0.31;10.1;0;NA;0;NA;NA;NA
2022-2023;L0.2_Pant5_CN_modif_20260519;LECHERE;365;0;365;4325;2791;7116;0.17;5.2;0;NA;0;NA;NA;NA
2023-2024;L0.2_Pant5_CN_modif_20260519;LECHERE;366;94;90;31189;11144;25587;1.23;23.6;0;NA;0;NA;NA;NA
2024-2025;L0.2_Pant5_CN_modif_20260519;LECHERE;365;25;62;11313;6724;29772;0.45;11.1;0;NA;0;NA;NA;NA
2010-2011;L0.2_Pant5_CN_modif_20260519;LECHERE DU FRAYET;365;0;279;3608;13989;41178;0.07;5.2;0;NA;0;NA;NA;NA
2011-2012;L0.2_Pant5_CN_modif_20260519;LECHERE DU FRAYET;366;0;120;3115;17010;2709;0.06;4;0;NA;0;NA;NA;NA
2012-2013;L0.2_Pant5_CN_modif_20260519;LECHERE DU FRAYET;365;0;46;5286;35352;41023;0.1;5.7;0;NA;0;NA;NA;NA
2013-2014;L0.2_Pant5_CN_modif_20260519;LECHERE DU FRAYET;365;0;280;7669;14547;39246;0.15;8.4;0;NA;0;NA;NA;NA
2014-2015;L0.2_Pant5_CN_modif_20260519;LECHERE DU FRAYET;365;0;231;14910;1043;15953;0.29;22.4;0;NA;0;NA;NA;NA
2015-2016;L0.2_Pant5_CN_modif_20260519;LECHERE DU FRAYET;366;0;65;6812;26915;17678;0.13;8;0;NA;0;NA;NA;NA
2016-2017;L0.2_Pant5_CN_modif_20260519;LECHERE DU FRAYET;365;0;281;2372;11548;29969;0.05;4;0;NA;0;NA;NA;NA
2017-2018;L0.2_Pant5_CN_modif_20260519;LECHERE DU FRAYET;365;0;140;3740;2567;2568;0.07;5.2;0;NA;0;NA;NA;NA
2018-2019;L0.2_Pant5_CN_modif_20260519;LECHERE DU FRAYET;365;0;329;2337;11082;12628;0.04;3.5;0;NA;0;NA;NA;NA
2019-2020;L0.2_Pant5_CN_modif_20260519;LECHERE DU FRAYET;366;0;332;5188;13279;22996;0.1;8;0;NA;0;NA;NA;NA
2020-2021;L0.2_Pant5_CN_modif_20260519;LECHERE DU FRAYET;365;0;110;18545;24466;12283;0.36;18.9;0;NA;0;NA;NA;NA
2021-2022;L0.2_Pant5_CN_modif_20260519;LECHERE DU FRAYET;365;0;148;4308;8492;43528;0.08;7.1;0;NA;0;NA;NA;NA
2022-2023;L0.2_Pant5_CN_modif_20260519;LECHERE DU FRAYET;365;0;355;2514;10007;12522;0.05;3.9;0;NA;0;NA;NA;NA
2023-2024;L0.2_Pant5_CN_modif_20260519;LECHERE DU FRAYET;366;0;366;32788;1291;34079;0.63;31.5;0;NA;0;NA;NA;NA
2024-2025;L0.2_Pant5_CN_modif_20260519;LECHERE DU FRAYET;365;0;185;9005;-136;7285;0.17;11.2;0;NA;0;NA;NA;NA
2010-2011;L0.2_Pant5_CN_modif_20260519;LES RAGES;365;179;58;12428;3063;13321;0.92;7.8;0;NA;0;NA;NA;NA
2011-2012;L0.2_Pant5_CN_modif_20260519;LES RAGES;366;79;115;12245;6100;20514;0.91;6.9;0;NA;0;NA;NA;NA
2012-2013;L0.2_Pant5_CN_modif_20260519;LES RAGES;365;0;365;24076;58;24134;1.78;11.2;0;NA;0;NA;NA;NA
2013-2014;L0.2_Pant5_CN_modif_20260519;LES RAGES;365;0;322;20563;1790;17962;1.52;9.7;0;NA;0;NA;NA;NA
2014-2015;L0.2_Pant5_CN_modif_20260519;LES RAGES;365;248;59;25317;3622;33330;1.87;16.4;0;NA;0;NA;NA;NA
2015-2016;L0.2_Pant5_CN_modif_20260519;LES RAGES;366;249;74;24864;9989;34853;1.84;12.6;0;NA;0;NA;NA;NA
2016-2017;L0.2_Pant5_CN_modif_20260519;LES RAGES;365;0;102;9130;1336;10466;0.68;6.6;0;NA;0;NA;NA;NA
2017-2018;L0.2_Pant5_CN_modif_20260519;LES RAGES;365;0;365;15281;174;15454;1.13;9.2;0;NA;0;NA;NA;NA
2018-2019;L0.2_Pant5_CN_modif_20260519;LES RAGES;365;0;365;11778;0;11778;0.87;7.5;0;NA;0;NA;NA;NA
2019-2020;L0.2_Pant5_CN_modif_20260519;LES RAGES;366;0;366;14930;422;14769;1.1;10;0;NA;0;NA;NA;NA
2020-2021;L0.2_Pant5_CN_modif_20260519;LES RAGES;365;274;34;42729;9764;44861;3.16;18.8;0;NA;0;NA;NA;NA
2021-2022;L0.2_Pant5_CN_modif_20260519;LES RAGES;365;231;59;15975;1762;25951;1.18;11.4;0;NA;0;NA;NA;NA
2022-2023;L0.2_Pant5_CN_modif_20260519;LES RAGES;365;0;129;6760;2782;8843;0.5;4.5;0;NA;0;NA;NA;NA
2023-2024;L0.2_Pant5_CN_modif_20260519;LES RAGES;366;257;79;52636;13370;65867;3.89;21.8;0;NA;0;NA;NA;NA
2024-2025;L0.2_Pant5_CN_modif_20260519;LES RAGES;365;257;84;23187;6743;30093;1.72;12.5;0;NA;0;NA;NA;NA
2010-2011;L0.2_Pant5_CN_modif_20260519;LIGNIERE;365;38;27;129;33463;203317;0;3.3;0;NA;0;NA;NA;NA
2011-2012;L0.2_Pant5_CN_modif_20260519;LIGNIERE;366;296;26;125;63771;232830;0;2.9;0;NA;0;NA;NA;NA
2012-2013;L0.2_Pant5_CN_modif_20260519;LIGNIERE;365;323;19;226;117219;681266;0;4.3;0;NA;0;NA;NA;NA
2013-2014;L0.2_Pant5_CN_modif_20260519;LIGNIERE;365;322;20;192;106895;481513;0;3.8;0;NA;0;NA;NA;NA
2014-2015;L0.2_Pant5_CN_modif_20260519;LIGNIERE;365;272;19;388;-1733;764101;0;10.4;0;NA;0;NA;NA;NA
2015-2016;L0.2_Pant5_CN_modif_20260519;LIGNIERE;366;8;24;306;81775;233271;0;6.4;0;NA;0;NA;NA;NA
2016-2017;L0.2_Pant5_CN_modif_20260519;LIGNIERE;365;251;28;76;-21538;291597;0;2.3;0;NA;0;NA;NA;NA
2017-2018;L0.2_Pant5_CN_modif_20260519;LIGNIERE;365;90;25;166;17976;207846;0;4.1;0;NA;0;NA;NA;NA
2018-2019;L0.2_Pant5_CN_modif_20260519;LIGNIERE;365;0;28;94;-1396;147247;0;2.5;0;NA;0;NA;NA;NA
2019-2020;L0.2_Pant5_CN_modif_20260519;LIGNIERE;366;254;28;175;-15546;332880;0;4.8;0;NA;0;NA;NA;NA
2020-2021;L0.2_Pant5_CN_modif_20260519;LIGNIERE;365;0;329;25941;18234;478689;0.09;472;0;NA;0;NA;NA;NA
2021-2022;L0.2_Pant5_CN_modif_20260519;LIGNIERE;365;235;60;4105;-57120;322726;0.01;120.9;51;20116;0;NA;NA;NA
2022-2023;L0.2_Pant5_CN_modif_20260519;LIGNIERE;365;222;28;73;1552;166510;0;2;365;76690;1;37.3;0;-37.3
2023-2024;L0.2_Pant5_CN_modif_20260519;LIGNIERE;366;299;16;821;125813;643095;0;14;366;56262;0;NA;NA;NA
2024-2025;L0.2_Pant5_CN_modif_20260519;LIGNIERE;365;289;21;301;44770;598868;0;6.7;365;32968;0;NA;NA;NA
2010-2011;L0.2_Pant5_CN_modif_20260519;LONGEVAVRE;365;93;258;12567;15098;62184;0.27;12;0;NA;0;NA;NA;NA
2011-2012;L0.2_Pant5_CN_modif_20260519;LONGEVAVRE;366;0;82;12246;16687;14419;0.26;10.5;0;NA;0;NA;NA;NA
2012-2013;L0.2_Pant5_CN_modif_20260519;LONGEVAVRE;365;74;262;27090;19736;119476;0.58;19.2;0;NA;0;NA;NA;NA
2013-2014;L0.2_Pant5_CN_modif_20260519;LONGEVAVRE;365;246;116;21454;16787;37646;0.46;15.6;0;NA;0;NA;NA;NA
2014-2015;L0.2_Pant5_CN_modif_20260519;LONGEVAVRE;365;99;99;20679;8065;99852;0.44;20.5;0;NA;0;NA;NA;NA
2015-2016;L0.2_Pant5_CN_modif_20260519;LONGEVAVRE;366;129;32;22393;23983;32161;0.48;17.3;0;NA;0;NA;NA;NA
2016-2017;L0.2_Pant5_CN_modif_20260519;LONGEVAVRE;365;55;13;9408;-6410;52467;0.2;10.4;0;NA;0;NA;NA;NA
2017-2018;L0.2_Pant5_CN_modif_20260519;LONGEVAVRE;365;0;266;19022;5345;64180;0.41;17.6;0;NA;0;NA;NA;NA
2018-2019;L0.2_Pant5_CN_modif_20260519;LONGEVAVRE;365;0;327;13050;193;10636;0.28;12.8;0;NA;0;NA;NA;NA
2019-2020;L0.2_Pant5_CN_modif_20260519;LONGEVAVRE;366;0;58;12115;-4593;32638;0.26;12.4;0;NA;0;NA;NA;NA
2020-2021;L0.2_Pant5_CN_modif_20260519;LONGEVAVRE;365;232;29;34790;30752;71341;0.75;23.5;0;NA;0;NA;NA;NA
2021-2022;L0.2_Pant5_CN_modif_20260519;LONGEVAVRE;365;248;13;14501;-12311;80052;0.31;15.8;0;NA;0;NA;NA;NA
2022-2023;L0.2_Pant5_CN_modif_20260519;LONGEVAVRE;365;0;219;7087;7889;36656;0.15;7.2;0;NA;0;NA;NA;NA
2023-2024;L0.2_Pant5_CN_modif_20260519;LONGEVAVRE;366;241;51;42246;36303;121248;0.91;26.8;0;NA;0;NA;NA;NA
2024-2025;L0.2_Pant5_CN_modif_20260519;LONGEVAVRE;365;83;46;20570;11781;69697;0.44;16.9;0;NA;0;NA;NA;NA
2010-2011;L0.2_Pant5_CN_modif_20260519;NEUF DE BURLAT;365;46;246;6148;7345;23256;0.28;5.3;0;NA;0;NA;NA;NA
2011-2012;L0.2_Pant5_CN_modif_20260519;NEUF DE BURLAT;366;0;227;5529;3749;3144;0.25;4.3;0;NA;0;NA;NA;NA
2012-2013;L0.2_Pant5_CN_modif_20260519;NEUF DE BURLAT;365;29;103;9764;14835;24377;0.45;6.3;0;NA;0;NA;NA;NA
2013-2014;L0.2_Pant5_CN_modif_20260519;NEUF DE BURLAT;365;0;37;8470;13804;21236;0.39;5.6;0;NA;0;NA;NA;NA
2014-2015;L0.2_Pant5_CN_modif_20260519;NEUF DE BURLAT;365;53;152;14131;7328;28852;0.64;12.7;0;NA;0;NA;NA;NA
2015-2016;L0.2_Pant5_CN_modif_20260519;NEUF DE BURLAT;366;0;264;13757;5719;19476;0.63;9.7;0;NA;0;NA;NA;NA
2016-2017;L0.2_Pant5_CN_modif_20260519;NEUF DE BURLAT;365;0;365;4425;1581;4864;0.2;4.4;0;NA;0;NA;NA;NA
2017-2018;L0.2_Pant5_CN_modif_20260519;NEUF DE BURLAT;365;0;134;6462;2350;8115;0.29;5.4;0;NA;0;NA;NA;NA
2018-2019;L0.2_Pant5_CN_modif_20260519;NEUF DE BURLAT;365;0;295;4557;6517;9660;0.21;4;0;NA;0;NA;NA;NA
2019-2020;L0.2_Pant5_CN_modif_20260519;NEUF DE BURLAT;366;0;292;7128;8031;18412;0.33;6.6;0;NA;0;NA;NA;NA
2020-2021;L0.2_Pant5_CN_modif_20260519;NEUF DE BURLAT;365;49;193;26243;6656;15179;1.2;16;0;NA;0;NA;NA;NA
2021-2022;L0.2_Pant5_CN_modif_20260519;NEUF DE BURLAT;365;94;242;7835;7716;33271;0.36;7.7;0;NA;0;NA;NA;NA
2022-2023;L0.2_Pant5_CN_modif_20260519;NEUF DE BURLAT;365;0;317;3087;7565;10021;0.14;2.8;0;NA;0;NA;NA;NA
2023-2024;L0.2_Pant5_CN_modif_20260519;NEUF DE BURLAT;366;85;91;28932;17248;36352;1.32;16.6;0;NA;0;NA;NA;NA
2024-2025;L0.2_Pant5_CN_modif_20260519;NEUF DE BURLAT;365;72;80;11707;5503;25386;0.53;8.7;0;NA;0;NA;NA;NA
2010-2011;L0.2_Pant5_CN_modif_20260519;ONDONNIERE;365;0;340;8753;9136;115271;0.12;30.7;0;NA;0;NA;NA;NA
2011-2012;L0.2_Pant5_CN_modif_20260519;ONDONNIERE;366;4;94;2933;35763;3162;0.04;9.2;0;NA;0;NA;NA;NA
2012-2013;L0.2_Pant5_CN_modif_20260519;ONDONNIERE;365;247;43;5115;57775;177871;0.07;13.3;0;NA;0;NA;NA;NA
2013-2014;L0.2_Pant5_CN_modif_20260519;ONDONNIERE;365;197;29;4442;53171;81514;0.06;11.8;0;NA;0;NA;NA;NA
2014-2015;L0.2_Pant5_CN_modif_20260519;ONDONNIERE;365;240;11;5295;-1631;149461;0.07;19.2;0;NA;0;NA;NA;NA
2015-2016;L0.2_Pant5_CN_modif_20260519;ONDONNIERE;366;0;343;21049;10203;85662;0.29;59.6;0;NA;0;NA;NA;NA
2016-2017;L0.2_Pant5_CN_modif_20260519;ONDONNIERE;365;187;60;2247;-7086;10612;0.03;9.1;0;NA;0;NA;NA;NA
2017-2018;L0.2_Pant5_CN_modif_20260519;ONDONNIERE;365;188;74;3198;12037;80932;0.04;10.8;0;NA;0;NA;NA;NA
2018-2019;L0.2_Pant5_CN_modif_20260519;ONDONNIERE;365;0;36;2604;-824;29559;0.04;9.3;0;NA;0;NA;NA;NA
2019-2020;L0.2_Pant5_CN_modif_20260519;ONDONNIERE;366;170;29;3052;-7086;23145;0.04;11.4;0;NA;0;NA;NA;NA
2020-2021;L0.2_Pant5_CN_modif_20260519;ONDONNIERE;365;0;345;34375;8608;138141;0.48;84.8;0;NA;0;NA;NA;NA
2021-2022;L0.2_Pant5_CN_modif_20260519;ONDONNIERE;365;158;60;3659;-21815;48370;0.05;14.6;0;NA;0;NA;NA;NA
2022-2023;L0.2_Pant5_CN_modif_20260519;ONDONNIERE;365;156;59;1638;2315;19059;0.02;6.1;0;NA;0;NA;NA;NA
2023-2024;L0.2_Pant5_CN_modif_20260519;ONDONNIERE;366;239;26;11018;68047;189732;0.15;25.6;0;NA;0;NA;NA;NA
2024-2025;L0.2_Pant5_CN_modif_20260519;ONDONNIERE;365;202;12;5124;22059;106231;0.07;15.4;0;NA;0;NA;NA;NA
2010-2011;L0.2_Pant5_CN_modif_20260519;PARADIS;365;82;247;10877;24546;687803;0.18;7.1;0;NA;0;NA;NA;NA
2011-2012;L0.2_Pant5_CN_modif_20260519;PARADIS;366;77;46;9989;25208;466571;0.17;5.9;0;NA;0;NA;NA;NA
2012-2013;L0.2_Pant5_CN_modif_20260519;PARADIS;365;283;14;17979;47856;1316692;0.3;8.7;0;NA;0;NA;NA;NA
2013-2014;L0.2_Pant5_CN_modif_20260519;PARADIS;365;86;248;20517;27981;794547;0.34;10.2;0;NA;0;NA;NA;NA
2014-2015;L0.2_Pant5_CN_modif_20260519;PARADIS;365;150;137;33461;-25377;1334782;0.55;22.6;0;NA;0;NA;NA;NA
2015-2016;L0.2_Pant5_CN_modif_20260519;PARADIS;366;143;12;20727;33043;676326;0.34;11;0;NA;0;NA;NA;NA
2016-2017;L0.2_Pant5_CN_modif_20260519;PARADIS;365;81;228;7461;9413;687471;0.12;5.6;0;NA;0;NA;NA;NA
2017-2018;L0.2_Pant5_CN_modif_20260519;PARADIS;365;186;37;11173;5405;402883;0.18;7;0;NA;0;NA;NA;NA
2018-2019;L0.2_Pant5_CN_modif_20260519;PARADIS;365;85;248;12662;8954;293303;0.21;8.4;0;NA;0;NA;NA;NA
2019-2020;L0.2_Pant5_CN_modif_20260519;PARADIS;366;0;218;15559;-29181;382505;0.26;10.8;0;NA;0;NA;NA;NA
2020-2021;L0.2_Pant5_CN_modif_20260519;PARADIS;365;188;61;37310;51283;962615;0.62;17.2;0;NA;0;NA;NA;NA
2021-2022;L0.2_Pant5_CN_modif_20260519;PARADIS;365;201;9;13576;-18924;748814;0.22;10.1;0;NA;0;NA;NA;NA
2022-2023;L0.2_Pant5_CN_modif_20260519;PARADIS;365;76;77;5718;-940;505445;0.09;4;0;NA;0;NA;NA;NA
2023-2024;L0.2_Pant5_CN_modif_20260519;PARADIS;366;217;64;45305;53285;1127027;0.75;19.6;0;NA;0;NA;NA;NA
2024-2025;L0.2_Pant5_CN_modif_20260519;PARADIS;365;213;14;19807;17756;1210008;0.33;11.1;0;NA;0;NA;NA;NA
2010-2011;L0.2_Pant5_CN_modif_20260519;PETIT ETANG LA ROUE;365;53;85;15002;-2076;265887;0.48;4.7;0;NA;0;NA;NA;NA
2011-2012;L0.2_Pant5_CN_modif_20260519;PETIT ETANG LA ROUE;366;157;26;13348;11194;106407;0.43;3.7;0;NA;0;NA;NA;NA
2012-2013;L0.2_Pant5_CN_modif_20260519;PETIT ETANG LA ROUE;365;356;5;24216;20982;408491;0.78;5.6;0;NA;0;NA;NA;NA
2013-2014;L0.2_Pant5_CN_modif_20260519;PETIT ETANG LA ROUE;365;333;6;20673;19622;241531;0.67;4.9;0;NA;0;NA;NA;NA
2014-2015;L0.2_Pant5_CN_modif_20260519;PETIT ETANG LA ROUE;365;77;285;37189;7969;291902;1.2;12;0;NA;0;NA;NA;NA
2015-2016;L0.2_Pant5_CN_modif_20260519;PETIT ETANG LA ROUE;366;220;85;32487;9010;177269;1.05;8.2;0;NA;0;NA;NA;NA
2016-2017;L0.2_Pant5_CN_modif_20260519;PETIT ETANG LA ROUE;365;35;226;8859;286;276631;0.29;3.2;0;NA;0;NA;NA;NA
2017-2018;L0.2_Pant5_CN_modif_20260519;PETIT ETANG LA ROUE;365;193;81;16930;2555;105975;0.55;5.1;0;NA;0;NA;NA;NA
2018-2019;L0.2_Pant5_CN_modif_20260519;PETIT ETANG LA ROUE;365;143;7;10483;-1696;59695;0.34;3.3;0;NA;0;NA;NA;NA
2019-2020;L0.2_Pant5_CN_modif_20260519;PETIT ETANG LA ROUE;366;77;286;18218;5862;190835;0.59;6.1;0;NA;0;NA;NA;NA
2020-2021;L0.2_Pant5_CN_modif_20260519;PETIT ETANG LA ROUE;365;251;86;65470;14402;263466;2.11;14.4;0;NA;0;NA;NA;NA
2021-2022;L0.2_Pant5_CN_modif_20260519;PETIT ETANG LA ROUE;365;264;3;19687;-8353;342030;0.64;7;0;NA;0;NA;NA;NA
2022-2023;L0.2_Pant5_CN_modif_20260519;PETIT ETANG LA ROUE;365;223;6;7513;-413;98155;0.24;2.5;0;NA;0;NA;NA;NA
2023-2024;L0.2_Pant5_CN_modif_20260519;PETIT ETANG LA ROUE;366;273;11;77419;22917;410520;2.5;16;0;NA;0;NA;NA;NA
2024-2025;L0.2_Pant5_CN_modif_20260519;PETIT ETANG LA ROUE;365;210;3;29946;7787;376654;0.97;8;0;NA;0;NA;NA;NA
2010-2011;L0.2_Pant5_CN_modif_20260519;PETIT RONZUEL;365;0;274;2926;32237;74512;0.03;5.6;0;NA;0;NA;NA;NA
2011-2012;L0.2_Pant5_CN_modif_20260519;PETIT RONZUEL;366;0;120;2890;36892;13337;0.03;5;0;NA;0;NA;NA;NA
2012-2013;L0.2_Pant5_CN_modif_20260519;PETIT RONZUEL;365;0;18;5173;64983;57251;0.05;7.4;0;NA;0;NA;NA;NA
2013-2014;L0.2_Pant5_CN_modif_20260519;PETIT RONZUEL;365;0;287;11757;26675;82861;0.12;17.1;0;NA;0;NA;NA;NA
2014-2015;L0.2_Pant5_CN_modif_20260519;PETIT RONZUEL;365;0;226;20899;1267;22166;0.22;41.5;0;NA;0;NA;NA;NA
2015-2016;L0.2_Pant5_CN_modif_20260519;PETIT RONZUEL;366;0;91;6336;49784;28332;0.07;9.8;0;NA;0;NA;NA;NA
2016-2017;L0.2_Pant5_CN_modif_20260519;PETIT RONZUEL;365;0;291;2022;27203;52460;0.02;4.5;0;NA;0;NA;NA;NA
2017-2018;L0.2_Pant5_CN_modif_20260519;PETIT RONZUEL;365;0;136;3496;10219;11400;0.04;6.5;0;NA;0;NA;NA;NA
2018-2019;L0.2_Pant5_CN_modif_20260519;PETIT RONZUEL;365;0;274;2381;17831;19327;0.02;4.7;0;NA;0;NA;NA;NA
2019-2020;L0.2_Pant5_CN_modif_20260519;PETIT RONZUEL;366;0;343;7023;19695;34471;0.07;14.4;0;NA;0;NA;NA;NA
2020-2021;L0.2_Pant5_CN_modif_20260519;PETIT RONZUEL;365;0;111;21567;44867;16318;0.23;29.1;0;NA;0;NA;NA;NA
2021-2022;L0.2_Pant5_CN_modif_20260519;PETIT RONZUEL;365;0;156;4031;16073;70220;0.04;8.8;0;NA;0;NA;NA;NA
2022-2023;L0.2_Pant5_CN_modif_20260519;PETIT RONZUEL;365;0;236;1597;20813;19901;0.02;3.2;0;NA;0;NA;NA;NA
2023-2024;L0.2_Pant5_CN_modif_20260519;PETIT RONZUEL;366;0;76;14572;75640;57241;0.15;18.5;0;NA;0;NA;NA;NA
2024-2025;L0.2_Pant5_CN_modif_20260519;PETIT RONZUEL;365;0;116;6014;27006;65566;0.06;9.9;0;NA;0;NA;NA;NA
2010-2011;L0.2_Pant5_CN_modif_20260519;PLAT;365;4;21;6144;22120;216041;0.03;4;0;NA;0;NA;NA;NA
2011-2012;L0.2_Pant5_CN_modif_20260519;PLAT;366;0;311;11881;5859;84721;0.06;6.9;0;NA;0;NA;NA;NA
2012-2013;L0.2_Pant5_CN_modif_20260519;PLAT;365;52;88;13704;57380;78259;0.07;6.6;0;NA;0;NA;NA;NA
2013-2014;L0.2_Pant5_CN_modif_20260519;PLAT;365;10;70;9631;74135;264895;0.05;4.8;0;NA;0;NA;NA;NA
2014-2015;L0.2_Pant5_CN_modif_20260519;PLAT;365;4;131;17353;-140;239636;0.08;11.7;0;NA;0;NA;NA;NA
2015-2016;L0.2_Pant5_CN_modif_20260519;PLAT;366;0;98;14600;62033;102965;0.07;7.7;0;NA;0;NA;NA;NA
2016-2017;L0.2_Pant5_CN_modif_20260519;PLAT;365;0;307;5909;16437;129846;0.03;4.4;0;NA;0;NA;NA;NA
2017-2018;L0.2_Pant5_CN_modif_20260519;PLAT;365;0;147;8059;12839;54917;0.04;5.1;0;NA;0;NA;NA;NA
2018-2019;L0.2_Pant5_CN_modif_20260519;PLAT;365;0;365;4725;3477;44284;0.02;3.1;0;NA;0;NA;NA;NA
2019-2020;L0.2_Pant5_CN_modif_20260519;PLAT;366;0;313;8252;17870;122390;0.04;5.7;0;NA;0;NA;NA;NA
2020-2021;L0.2_Pant5_CN_modif_20260519;PLAT;365;45;67;29676;87362;99116;0.14;13.6;0;NA;0;NA;NA;NA
2021-2022;L0.2_Pant5_CN_modif_20260519;PLAT;365;23;300;13646;20220;252854;0.07;10.1;0;NA;0;NA;NA;NA
2022-2023;L0.2_Pant5_CN_modif_20260519;PLAT;365;0;365;4998;3357;42889;0.02;3.4;183;73093;3;11.2;0;-11.2
2023-2024;L0.2_Pant5_CN_modif_20260519;PLAT;366;87;100;36722;93121;157570;0.18;15.8;366;65404;7;54.9;25.5;-29.4
2024-2025;L0.2_Pant5_CN_modif_20260519;PLAT;365;20;19;14066;30178;321766;0.07;7.9;365;79645;10;35.7;13.3;-22.4
2010-2011;L0.2_Pant5_CN_modif_20260519;POLLET;365;300;18;1027;25372;155776;0;3.9;0;NA;0;NA;NA;NA
2011-2012;L0.2_Pant5_CN_modif_20260519;POLLET;366;30;13;931;46611;200227;0;3.2;0;NA;0;NA;NA;NA
2012-2013;L0.2_Pant5_CN_modif_20260519;POLLET;365;0;327;10852;12704;233640;0.05;30.6;0;NA;0;NA;NA;NA
2013-2014;L0.2_Pant5_CN_modif_20260519;POLLET;365;302;53;1589;70557;113893;0.01;4.6;0;NA;0;NA;NA;NA
2014-2015;L0.2_Pant5_CN_modif_20260519;POLLET;365;281;11;2785;-2436;306921;0.01;11;0;NA;0;NA;NA;NA
2015-2016;L0.2_Pant5_CN_modif_20260519;POLLET;366;0;15;2209;60686;175530;0.01;6.8;0;NA;0;NA;NA;NA
2016-2017;L0.2_Pant5_CN_modif_20260519;POLLET;365;0;16;604;-16872;154320;0;2.6;0;NA;0;NA;NA;NA
2017-2018;L0.2_Pant5_CN_modif_20260519;POLLET;365;0;330;8369;-3541;165544;0.04;30.8;0;NA;0;NA;NA;NA
2018-2019;L0.2_Pant5_CN_modif_20260519;POLLET;365;0;58;760;11675;3208;0;3;0;NA;0;NA;NA;NA
2019-2020;L0.2_Pant5_CN_modif_20260519;POLLET;366;0;25;1238;-11224;71196;0.01;5;0;NA;0;NA;NA;NA
2020-2021;L0.2_Pant5_CN_modif_20260519;POLLET;365;9;20;4733;85679;113069;0.02;12.7;0;NA;0;NA;NA;NA
2021-2022;L0.2_Pant5_CN_modif_20260519;POLLET;365;249;15;1430;-32402;247285;0.01;6.2;51;31963;0;NA;NA;NA
2022-2023;L0.2_Pant5_CN_modif_20260519;POLLET;365;45;247;2295;33211;224170;0.01;9.2;180;62778;2;57.1;0;-57.1
2023-2024;L0.2_Pant5_CN_modif_20260519;POLLET;366;135;52;8129;93392;80896;0.04;20.5;0;NA;0;NA;NA;NA
2024-2025;L0.2_Pant5_CN_modif_20260519;POLLET;365;283;12;2187;31866;356662;0.01;7.1;154;7465;3;35.5;0.7;-34.8
2010-2011;L0.2_Pant5_CN_modif_20260519;REMONDET NORD;365;20;328;42388;14635;119556;0.37;7.3;0;NA;0;NA;NA;NA
2011-2012;L0.2_Pant5_CN_modif_20260519;REMONDET NORD;366;15;97;35736;50346;2748;0.31;5.5;0;NA;0;NA;NA;NA
2012-2013;L0.2_Pant5_CN_modif_20260519;REMONDET NORD;365;187;31;64263;86504;147684;0.56;8.2;0;NA;0;NA;NA;NA
2013-2014;L0.2_Pant5_CN_modif_20260519;REMONDET NORD;365;203;27;56170;77318;111363;0.49;7.3;0;NA;0;NA;NA;NA
2014-2015;L0.2_Pant5_CN_modif_20260519;REMONDET NORD;365;158;26;82437;-334;151759;0.72;14.7;0;NA;0;NA;NA;NA
2015-2016;L0.2_Pant5_CN_modif_20260519;REMONDET NORD;366;0;332;89266;16232;144386;0.78;12.4;0;NA;0;NA;NA;NA
2016-2017;L0.2_Pant5_CN_modif_20260519;REMONDET NORD;365;0;140;28269;-8821;12534;0.25;5.6;0;NA;0;NA;NA;NA
2017-2018;L0.2_Pant5_CN_modif_20260519;REMONDET NORD;365;108;100;41047;17460;9976;0.36;6.8;0;NA;0;NA;NA;NA
2018-2019;L0.2_Pant5_CN_modif_20260519;REMONDET NORD;365;0;29;31296;-228;46145;0.27;5.5;0;NA;0;NA;NA;NA
2019-2020;L0.2_Pant5_CN_modif_20260519;REMONDET NORD;366;0;23;41047;-10599;50469;0.36;7.5;0;NA;0;NA;NA;NA
2020-2021;L0.2_Pant5_CN_modif_20260519;REMONDET NORD;365;0;361;164899;14477;199721;1.44;20;0;NA;0;NA;NA;NA
2021-2022;L0.2_Pant5_CN_modif_20260519;REMONDET NORD;365;0;106;53790;-29014;24776;0.47;10.6;0;NA;0;NA;NA;NA
2022-2023;L0.2_Pant5_CN_modif_20260519;REMONDET NORD;365;0;203;20188;18017;34017;0.18;3.7;291;10195;3;15.4;1.6;-13.8
2023-2024;L0.2_Pant5_CN_modif_20260519;REMONDET NORD;366;277;43;168287;102957;198482;1.47;19.2;366;20629;13;28.1;21.6;-6.5
2024-2025;L0.2_Pant5_CN_modif_20260519;REMONDET NORD;365;273;0;72140;30796;118022;0.63;10.7;365;8928;9;30.7;15.1;-15.7
2010-2011;L0.2_Pant5_CN_modif_20260519;REMONDET SUD;365;31;216;7329;46287;445136;0.04;4.7;0;NA;0;NA;NA;NA
2011-2012;L0.2_Pant5_CN_modif_20260519;REMONDET SUD;366;22;72;6938;62141;214051;0.04;4;0;NA;0;NA;NA;NA
2012-2013;L0.2_Pant5_CN_modif_20260519;REMONDET SUD;365;32;292;24936;37792;999234;0.15;11.9;0;NA;0;NA;NA;NA
2013-2014;L0.2_Pant5_CN_modif_20260519;REMONDET SUD;365;203;115;15441;64302;509375;0.09;7.5;0;NA;0;NA;NA;NA
2014-2015;L0.2_Pant5_CN_modif_20260519;REMONDET SUD;365;265;7;18642;-4634;1021473;0.11;12.4;0;NA;0;NA;NA;NA
2015-2016;L0.2_Pant5_CN_modif_20260519;REMONDET SUD;366;121;56;15795;80187;423411;0.09;8.2;0;NA;0;NA;NA;NA
2016-2017;L0.2_Pant5_CN_modif_20260519;REMONDET SUD;365;32;157;4695;7137;429632;0.03;3.5;0;NA;0;NA;NA;NA
2017-2018;L0.2_Pant5_CN_modif_20260519;REMONDET SUD;365;23;318;20449;308;246778;0.12;12.7;0;NA;0;NA;NA;NA
2018-2019;L0.2_Pant5_CN_modif_20260519;REMONDET SUD;365;0;179;8328;9072;195445;0.05;5.5;0;NA;0;NA;NA;NA
2019-2020;L0.2_Pant5_CN_modif_20260519;REMONDET SUD;366;209;33;8761;-17812;314213;0.05;6;0;NA;0;NA;NA;NA
2020-2021;L0.2_Pant5_CN_modif_20260519;REMONDET SUD;365;145;32;31473;113867;752580;0.18;14.2;0;NA;0;NA;NA;NA
2021-2022;L0.2_Pant5_CN_modif_20260519;REMONDET SUD;365;202;14;10138;-45355;404907;0.06;7.4;0;NA;0;NA;NA;NA
2022-2023;L0.2_Pant5_CN_modif_20260519;REMONDET SUD;365;28;293;6847;19978;281334;0.04;4.7;0;NA;0;NA;NA;NA
2023-2024;L0.2_Pant5_CN_modif_20260519;REMONDET SUD;366;195;90;64744;70106;858538;0.38;27.5;0;NA;0;NA;NA;NA
2024-2025;L0.2_Pant5_CN_modif_20260519;REMONDET SUD;365;189;15;15311;42887;794120;0.09;8.4;0;NA;0;NA;NA;NA
2010-2011;L0.2_Pant5_CN_modif_20260519;RIOUX;365;91;263;20164;18346;60961;0.39;5.1;0;NA;0;NA;NA;NA
2011-2012;L0.2_Pant5_CN_modif_20260519;RIOUX;366;0;122;18564;18455;13392;0.36;4.2;0;NA;0;NA;NA;NA
2012-2013;L0.2_Pant5_CN_modif_20260519;RIOUX;365;33;51;33700;34833;72075;0.66;6.3;0;NA;0;NA;NA;NA
2013-2014;L0.2_Pant5_CN_modif_20260519;RIOUX;365;28;264;32582;13970;71370;0.63;6.2;0;NA;0;NA;NA;NA
2014-2015;L0.2_Pant5_CN_modif_20260519;RIOUX;365;0;204;55723;-4468;51255;1.08;14.5;0;NA;0;NA;NA;NA
2015-2016;L0.2_Pant5_CN_modif_20260519;RIOUX;366;85;46;41539;26326;31889;0.81;8.4;0;NA;0;NA;NA;NA
2016-2017;L0.2_Pant5_CN_modif_20260519;RIOUX;365;54;263;12942;11789;57871;0.25;3.7;0;NA;0;NA;NA;NA
2017-2018;L0.2_Pant5_CN_modif_20260519;RIOUX;365;0;124;22304;4782;13212;0.43;5.4;0;NA;0;NA;NA;NA
2018-2019;L0.2_Pant5_CN_modif_20260519;RIOUX;365;0;267;17448;4581;38739;0.34;4.5;0;NA;0;NA;NA;NA
2019-2020;L0.2_Pant5_CN_modif_20260519;RIOUX;366;0;315;25361;-3987;19809;0.49;6.8;0;NA;0;NA;NA;NA
2020-2021;L0.2_Pant5_CN_modif_20260519;RIOUX;365;156;36;82031;37576;77497;1.6;14.5;0;NA;0;NA;NA;NA
2021-2022;L0.2_Pant5_CN_modif_20260519;RIOUX;365;97;127;27043;5891;76610;0.53;7.7;0;NA;0;NA;NA;NA
2022-2023;L0.2_Pant5_CN_modif_20260519;RIOUX;365;0;262;10654;10218;19204;0.21;2.8;0;NA;0;NA;NA;NA
2023-2024;L0.2_Pant5_CN_modif_20260519;RIOUX;366;45;285;104964;31176;137808;2.04;17.5;0;NA;0;NA;NA;NA
2024-2025;L0.2_Pant5_CN_modif_20260519;RIOUX;365;0;149;43182;-3215;22757;0.84;9.3;0;NA;0;NA;NA;NA
2010-2011;L0.2_Pant5_CN_modif_20260519;ROUE RONZUEL;365;71;183;17244;16547;51343;0.42;7.8;0;NA;0;NA;NA;NA
2011-2012;L0.2_Pant5_CN_modif_20260519;ROUE RONZUEL;366;23;98;16915;19817;10694;0.41;6.8;0;NA;0;NA;NA;NA
2012-2013;L0.2_Pant5_CN_modif_20260519;ROUE RONZUEL;365;52;283;36879;11940;79984;0.89;12.3;0;NA;0;NA;NA;NA
2013-2014;L0.2_Pant5_CN_modif_20260519;ROUE RONZUEL;365;42;115;28716;19704;13005;0.69;9.8;0;NA;0;NA;NA;NA
2014-2015;L0.2_Pant5_CN_modif_20260519;ROUE RONZUEL;365;49;116;35128;9432;79974;0.85;16.4;0;NA;0;NA;NA;NA
2015-2016;L0.2_Pant5_CN_modif_20260519;ROUE RONZUEL;366;96;65;34498;27756;36836;0.83;12.6;0;NA;0;NA;NA;NA
2016-2017;L0.2_Pant5_CN_modif_20260519;ROUE RONZUEL;365;11;268;12603;13014;47885;0.3;6.5;0;NA;0;NA;NA;NA
2017-2018;L0.2_Pant5_CN_modif_20260519;ROUE RONZUEL;365;0;365;25027;1735;29912;0.6;10.9;0;NA;0;NA;NA;NA
2018-2019;L0.2_Pant5_CN_modif_20260519;ROUE RONZUEL;365;0;154;15955;1257;7385;0.38;7.3;0;NA;0;NA;NA;NA
2019-2020;L0.2_Pant5_CN_modif_20260519;ROUE RONZUEL;366;0;99;18737;5905;32649;0.45;9;0;NA;0;NA;NA;NA
2020-2021;L0.2_Pant5_CN_modif_20260519;ROUE RONZUEL;365;135;50;59286;39963;67573;1.43;18.8;0;NA;0;NA;NA;NA
2021-2022;L0.2_Pant5_CN_modif_20260519;ROUE RONZUEL;365;57;95;22165;-7;55652;0.53;11.4;0;NA;0;NA;NA;NA
2022-2023;L0.2_Pant5_CN_modif_20260519;ROUE RONZUEL;365;0;353;10988;9634;20622;0.26;5.2;0;NA;0;NA;NA;NA
2023-2024;L0.2_Pant5_CN_modif_20260519;ROUE RONZUEL;366;112;91;86069;18418;79802;2.07;25.7;0;NA;0;NA;NA;NA
2024-2025;L0.2_Pant5_CN_modif_20260519;ROUE RONZUEL;365;61;27;32172;13803;53225;0.78;12.5;154;15273;6;19.3;24;4.8
2010-2011;L0.2_Pant5_CN_modif_20260519;SALE;365;112;107;10677;21325;1101523;0.11;4.7;0;NA;0;NA;NA;NA
2011-2012;L0.2_Pant5_CN_modif_20260519;SALE;366;98;230;14185;25138;700819;0.14;5.6;0;NA;0;NA;NA;NA
2012-2013;L0.2_Pant5_CN_modif_20260519;SALE;365;129;158;24298;14902;1762382;0.24;7.9;0;NA;0;NA;NA;NA
2013-2014;L0.2_Pant5_CN_modif_20260519;SALE;365;311;5;15859;63290;1311537;0.16;5.3;0;NA;0;NA;NA;NA
2014-2015;L0.2_Pant5_CN_modif_20260519;SALE;365;260;1;27175;-2600;1921313;0.27;12.3;0;NA;0;NA;NA;NA
2015-2016;L0.2_Pant5_CN_modif_20260519;SALE;366;224;28;23025;47213;1018322;0.23;8.2;0;NA;0;NA;NA;NA
2016-2017;L0.2_Pant5_CN_modif_20260519;SALE;365;105;229;7799;20943;1080493;0.08;3.9;0;NA;0;NA;NA;NA
2017-2018;L0.2_Pant5_CN_modif_20260519;SALE;365;122;142;14944;-15169;527131;0.15;6.3;0;NA;0;NA;NA;NA
2018-2019;L0.2_Pant5_CN_modif_20260519;SALE;365;198;58;8281;-5157;429136;0.08;3.7;0;NA;0;NA;NA;NA
2019-2020;L0.2_Pant5_CN_modif_20260519;SALE;366;183;47;12775;-10193;644624;0.13;6;0;NA;0;NA;NA;NA
2020-2021;L0.2_Pant5_CN_modif_20260519;SALE;365;222;16;45947;66269;1615197;0.46;14.2;0;NA;0;NA;NA;NA
2021-2022;L0.2_Pant5_CN_modif_20260519;SALE;365;136;139;14798;-25735;1245513;0.15;7.4;0;NA;0;NA;NA;NA
2022-2023;L0.2_Pant5_CN_modif_20260519;SALE;365;80;110;5763;6018;598821;0.06;2.7;0;NA;0;NA;NA;NA
2023-2024;L0.2_Pant5_CN_modif_20260519;SALE;366;242;7;56235;74074;2122212;0.56;16.3;0;NA;0;NA;NA;NA
2024-2025;L0.2_Pant5_CN_modif_20260519;SALE;365;213;13;22328;25533;1574768;0.22;8.4;0;NA;0;NA;NA;NA
2010-2011;L0.2_Pant5_CN_modif_20260519;TRIPOUX;365;221;79;64506;18470;370477;1.11;8;0;NA;0;NA;NA;NA
2011-2012;L0.2_Pant5_CN_modif_20260519;TRIPOUX;366;151;116;65839;21189;153310;1.13;7.3;0;NA;0;NA;NA;NA
2012-2013;L0.2_Pant5_CN_modif_20260519;TRIPOUX;365;1;256;119774;-5641;483863;2.05;11;0;NA;0;NA;NA;NA
2013-2014;L0.2_Pant5_CN_modif_20260519;TRIPOUX;365;265;19;98963;38885;456813;1.7;9.3;0;NA;0;NA;NA;NA
2014-2015;L0.2_Pant5_CN_modif_20260519;TRIPOUX;365;243;117;131134;30608;508866;2.25;16.8;0;NA;0;NA;NA;NA
2015-2016;L0.2_Pant5_CN_modif_20260519;TRIPOUX;366;308;18;128916;29693;300504;2.21;12.9;0;NA;0;NA;NA;NA
2016-2017;L0.2_Pant5_CN_modif_20260519;TRIPOUX;365;201;116;47050;12977;292277;0.81;6.7;0;NA;0;NA;NA;NA
2017-2018;L0.2_Pant5_CN_modif_20260519;TRIPOUX;365;0;294;77173;-18979;182579;1.32;9.2;0;NA;0;NA;NA;NA
2018-2019;L0.2_Pant5_CN_modif_20260519;TRIPOUX;365;175;92;55551;14882;169757;0.95;7;0;NA;0;NA;NA;NA
2019-2020;L0.2_Pant5_CN_modif_20260519;TRIPOUX;366;232;117;70038;18231;208786;1.2;9.2;0;NA;0;NA;NA;NA
2020-2021;L0.2_Pant5_CN_modif_20260519;TRIPOUX;365;315;29;219636;41305;582627;3.77;19.1;0;NA;0;NA;NA;NA
2021-2022;L0.2_Pant5_CN_modif_20260519;TRIPOUX;365;243;85;82158;1537;420970;1.41;11.6;0;NA;0;NA;NA;NA
2022-2023;L0.2_Pant5_CN_modif_20260519;TRIPOUX;365;157;138;36093;20861;137976;0.62;4.7;0;NA;0;NA;NA;NA
2023-2024;L0.2_Pant5_CN_modif_20260519;TRIPOUX;366;0;359;292724;-4268;878539;5.02;23.9;0;NA;0;NA;NA;NA
2024-2025;L0.2_Pant5_CN_modif_20260519;TRIPOUX;365;218;33;119810;16851;305443;2.05;12.7;0;NA;0;NA;NA;NA
2010-2011;L0.2_Pant5_CN_modif_20260519;VIEUX;365;80;36;18862;8414;179410;0.43;8.5;0;NA;0;NA;NA;NA
2011-2012;L0.2_Pant5_CN_modif_20260519;VIEUX;366;25;307;22640;451;253654;0.52;9.2;0;NA;0;NA;NA;NA
2012-2013;L0.2_Pant5_CN_modif_20260519;VIEUX;365;277;69;33239;24640;256118;0.76;11.1;0;NA;0;NA;NA;NA
2013-2014;L0.2_Pant5_CN_modif_20260519;VIEUX;365;49;307;34439;6179;189913;0.79;11.8;0;NA;0;NA;NA;NA
2014-2015;L0.2_Pant5_CN_modif_20260519;VIEUX;365;226;64;39888;-3305;325370;0.91;18.6;0;NA;0;NA;NA;NA
2015-2016;L0.2_Pant5_CN_modif_20260519;VIEUX;366;135;68;36217;21466;219808;0.83;13.2;0;NA;0;NA;NA;NA
2016-2017;L0.2_Pant5_CN_modif_20260519;VIEUX;365;25;306;16072;2805;204736;0.37;8.3;0;NA;0;NA;NA;NA
2017-2018;L0.2_Pant5_CN_modif_20260519;VIEUX;365;164;100;20017;6066;166556;0.46;8.7;0;NA;0;NA;NA;NA
2018-2019;L0.2_Pant5_CN_modif_20260519;VIEUX;365;0;310;19342;-2986;44634;0.44;8.9;0;NA;0;NA;NA;NA
2019-2020;L0.2_Pant5_CN_modif_20260519;VIEUX;366;0;126;22054;-7511;84111;0.5;10.6;0;NA;0;NA;NA;NA
2020-2021;L0.2_Pant5_CN_modif_20260519;VIEUX;365;138;73;61193;32014;170136;1.4;19.4;0;NA;0;NA;NA;NA
2021-2022;L0.2_Pant5_CN_modif_20260519;VIEUX;365;55;306;26733;6636;318422;0.61;13.7;0;NA;0;NA;NA;NA
2022-2023;L0.2_Pant5_CN_modif_20260519;VIEUX;365;208;69;10372;-455;203221;0.24;5;0;NA;0;NA;NA;NA
2023-2024;L0.2_Pant5_CN_modif_20260519;VIEUX;366;35;307;84201;11446;207409;1.92;25.2;0;NA;0;NA;NA;NA
2024-2025;L0.2_Pant5_CN_modif_20260519;VIEUX;365;237;66;37001;295;368301;0.84;14.3;0;NA;0;NA;NA;NA
2010-2011;L0.2_Pant5_CN_modif_20260519;VIEUX BURLAT;365;37;277;6015;6097;47864;0.26;9.7;0;NA;0;NA;NA;NA
2011-2012;L0.2_Pant5_CN_modif_20260519;VIEUX BURLAT;366;0;120;5194;7445;3324;0.23;7.5;0;NA;0;NA;NA;NA
2012-2013;L0.2_Pant5_CN_modif_20260519;VIEUX BURLAT;365;252;29;8930;15473;43465;0.39;10.7;0;NA;0;NA;NA;NA
2013-2014;L0.2_Pant5_CN_modif_20260519;VIEUX BURLAT;365;300;29;7761;14545;39535;0.34;9.5;0;NA;0;NA;NA;NA
2014-2015;L0.2_Pant5_CN_modif_20260519;VIEUX BURLAT;365;262;29;10122;-619;51112;0.44;17;0;NA;0;NA;NA;NA
2015-2016;L0.2_Pant5_CN_modif_20260519;VIEUX BURLAT;366;0;279;12975;4530;46005;0.57;17;0;NA;0;NA;NA;NA
2016-2017;L0.2_Pant5_CN_modif_20260519;VIEUX BURLAT;365;0;365;5020;273;8887;0.22;9.4;0;NA;0;NA;NA;NA
2017-2018;L0.2_Pant5_CN_modif_20260519;VIEUX BURLAT;365;107;117;5541;2044;5457;0.24;8.7;0;NA;0;NA;NA;NA
2018-2019;L0.2_Pant5_CN_modif_20260519;VIEUX BURLAT;365;0;30;4498;-1254;16237;0.2;7.4;0;NA;0;NA;NA;NA
2019-2020;L0.2_Pant5_CN_modif_20260519;VIEUX BURLAT;366;124;30;5422;-2407;20195;0.24;9.4;0;NA;0;NA;NA;NA
2020-2021;L0.2_Pant5_CN_modif_20260519;VIEUX BURLAT;365;55;277;22322;4315;51228;0.98;25.5;0;NA;0;NA;NA;NA
2021-2022;L0.2_Pant5_CN_modif_20260519;VIEUX BURLAT;365;143;97;7991;-9935;24104;0.35;14.8;0;NA;0;NA;NA;NA
2022-2023;L0.2_Pant5_CN_modif_20260519;VIEUX BURLAT;365;0;278;3566;3222;24032;0.16;6.1;0;NA;0;NA;NA;NA
2023-2024;L0.2_Pant5_CN_modif_20260519;VIEUX BURLAT;366;215;91;26327;7219;53913;1.15;28.2;0;NA;0;NA;NA;NA
2024-2025;L0.2_Pant5_CN_modif_20260519;VIEUX BURLAT;365;242;29;9369;5758;43266;0.41;13;0;NA;0;NA;NA;NA
